// GENERATED by tools/fonts/make_fonts.py: do not edit by hand.
// Bitmaps rendered for the Brass display theme from:
//   Cinzel, Copyright 2020 The Cinzel Project Authors
//   (https://github.com/NDISCOVER/Cinzel)
//   Oswald, Copyright 2016 The Oswald Project Authors
//   (https://github.com/googlefonts/OswaldFont)
// both licensed under the SIL Open Font License 1.1 (tools/fonts/OFL.txt).

#pragma once

#include <stddef.h>
#include <stdint.h>

namespace BrassFonts {

// Title: Cinzel-700, 22 px, 95 glyphs (hero titles).
alignas(4) const uint8_t TitleVlw[] = {
  0x00, 0x00, 0x00, 0x5F, 0x00, 0x00, 0x00, 0x0B, 0x00, 0x00, 0x00, 0x16, 0x00, 0x00, 0x00, 0x00,
  0x00, 0x00, 0x00, 0x16, 0x00, 0x00, 0x00, 0x09, 0x00, 0x00, 0x00, 0x20, 0x00, 0x00, 0x00, 0x00,
  0x00, 0x00, 0x00, 0x00, 0x00, 0x00, 0x00, 0x06, 0x00, 0x00, 0x00, 0x00, 0x00, 0x00, 0x00, 0x00,
  0x00, 0x00, 0x00, 0x00, 0x00, 0x00, 0x00, 0x21, 0x00, 0x00, 0x00, 0x10, 0x00, 0x00, 0x00, 0x04,
  0x00, 0x00, 0x00, 0x06, 0x00, 0x00, 0x00, 0x10, 0x00, 0x00, 0x00, 0x01, 0x00, 0x00, 0x00, 0x00,
  0x00, 0x00, 0x00, 0x22, 0x00, 0x00, 0x00, 0x06, 0x00, 0x00, 0x00, 0x08, 0x00, 0x00, 0x00, 0x08,
  0x00, 0x00, 0x00, 0x11, 0x00, 0x00, 0x00, 0x00, 0x00, 0x00, 0x00, 0x00, 0x00, 0x00, 0x00, 0x23,
  0x00, 0x00, 0x00, 0x10, 0x00, 0x00, 0x00, 0x0C, 0x00, 0x00, 0x00, 0x0D, 0x00, 0x00, 0x00, 0x10,
  0x00, 0x00, 0x00, 0x00, 0x00, 0x00, 0x00, 0x00, 0x00, 0x00, 0x00, 0x24, 0x00, 0x00, 0x00, 0x16,
  0x00, 0x00, 0x00, 0x0C, 0x00, 0x00, 0x00, 0x0C, 0x00, 0x00, 0x00, 0x13, 0x00, 0x00, 0x00, 0x00,
  0x00, 0x00, 0x00, 0x00, 0x00, 0x00, 0x00, 0x25, 0x00, 0x00, 0x00, 0x11, 0x00, 0x00, 0x00, 0x10,
  0x00, 0x00, 0x00, 0x10, 0x00, 0x00, 0x00, 0x10, 0x00, 0x00, 0x00, 0x00, 0x00, 0x00, 0x00, 0x00,
  0x00, 0x00, 0x00, 0x26, 0x00, 0x00, 0x00, 0x10, 0x00, 0x00, 0x00, 0x13, 0x00, 0x00, 0x00, 0x12,
  0x00, 0x00, 0x00, 0x10, 0x00, 0x00, 0x00, 0x00, 0x00, 0x00, 0x00, 0x00, 0x00, 0x00, 0x00, 0x27,
  0x00, 0x00, 0x00, 0x06, 0x00, 0x00, 0x00, 0x04, 0x00, 0x00, 0x00, 0x04, 0x00, 0x00, 0x00, 0x11,
  0x00, 0x00, 0x00, 0x00, 0x00, 0x00, 0x00, 0x00, 0x00, 0x00, 0x00, 0x28, 0x00, 0x00, 0x00, 0x14,
  0x00, 0x00, 0x00, 0x08, 0x00, 0x00, 0x00, 0x09, 0x00, 0x00, 0x00, 0x11, 0x00, 0x00, 0x00, 0x01,
  0x00, 0x00, 0x00, 0x00, 0x00, 0x00, 0x00, 0x29, 0x00, 0x00, 0x00, 0x14, 0x00, 0x00, 0x00, 0x08,
  0x00, 0x00, 0x00, 0x09, 0x00, 0x00, 0x00, 0x11, 0x00, 0x00, 0x00, 0x00, 0x00, 0x00, 0x00, 0x00,
  0x00, 0x00, 0x00, 0x2A, 0x00, 0x00, 0x00, 0x08, 0x00, 0x00, 0x00, 0x08, 0x00, 0x00, 0x00, 0x09,
  0x00, 0x00, 0x00, 0x12, 0x00, 0x00, 0x00, 0x00, 0x00, 0x00, 0x00, 0x00, 0x00, 0x00, 0x00, 0x2B,
  0x00, 0x00, 0x00, 0x0B, 0x00, 0x00, 0x00, 0x0A, 0x00, 0x00, 0x00, 0x0B, 0x00, 0x00, 0x00, 0x0D,
  0x00, 0x00, 0x00, 0x00, 0x00, 0x00, 0x00, 0x00, 0x00, 0x00, 0x00, 0x2C, 0x00, 0x00, 0x00, 0x06,
  0x00, 0x00, 0x00, 0x05, 0x00, 0x00, 0x00, 0x05, 0x00, 0x00, 0x00, 0x03, 0x00, 0x00, 0x00, 0x00,
  0x00, 0x00, 0x00, 0x00, 0x00, 0x00, 0x00, 0x2D, 0x00, 0x00, 0x00, 0x02, 0x00, 0x00, 0x00, 0x08,
  0x00, 0x00, 0x00, 0x08, 0x00, 0x00, 0x00, 0x08, 0x00, 0x00, 0x00, 0x00, 0x00, 0x00, 0x00, 0x00,
  0x00, 0x00, 0x00, 0x2E, 0x00, 0x00, 0x00, 0x04, 0x00, 0x00, 0x00, 0x05, 0x00, 0x00, 0x00, 0x05,
  0x00, 0x00, 0x00, 0x04, 0x00, 0x00, 0x00, 0x00, 0x00, 0x00, 0x00, 0x00, 0x00, 0x00, 0x00, 0x2F,
  0x00, 0x00, 0x00, 0x12, 0x00, 0x00, 0x00, 0x0A, 0x00, 0x00, 0x00, 0x09, 0x00, 0x00, 0x00, 0x11,
  0x00, 0x00, 0x00, 0x00, 0x00, 0x00, 0x00, 0x00, 0x00, 0x00, 0x00, 0x30, 0x00, 0x00, 0x00, 0x10,
  0x00, 0x00, 0x00, 0x0D, 0x00, 0x00, 0x00, 0x0E, 0x00, 0x00, 0x00, 0x10, 0x00, 0x00, 0x00, 0x01,
  0x00, 0x00, 0x00, 0x00, 0x00, 0x00, 0x00, 0x31, 0x00, 0x00, 0x00, 0x10, 0x00, 0x00, 0x00, 0x08,
  0x00, 0x00, 0x00, 0x09, 0x00, 0x00, 0x00, 0x10, 0x00, 0x00, 0x00, 0x00, 0x00, 0x00, 0x00, 0x00,
  0x00, 0x00, 0x00, 0x32, 0x00, 0x00, 0x00, 0x10, 0x00, 0x00, 0x00, 0x0D, 0x00, 0x00, 0x00, 0x0E,
  0x00, 0x00, 0x00, 0x10, 0x00, 0x00, 0x00, 0x00, 0x00, 0x00, 0x00, 0x00, 0x00, 0x00, 0x00, 0x33,
  0x00, 0x00, 0x00, 0x12, 0x00, 0x00, 0x00, 0x0C, 0x00, 0x00, 0x00, 0x0C, 0x00, 0x00, 0x00, 0x10,
  0x00, 0x00, 0x00, 0x00, 0x00, 0x00, 0x00, 0x00, 0x00, 0x00, 0x00, 0x34, 0x00, 0x00, 0x00, 0x11,
  0x00, 0x00, 0x00, 0x0D, 0x00, 0x00, 0x00, 0x0E, 0x00, 0x00, 0x00, 0x11, 0x00, 0x00, 0x00, 0x00,
  0x00, 0x00, 0x00, 0x00, 0x00, 0x00, 0x00, 0x35, 0x00, 0x00, 0x00, 0x12, 0x00, 0x00, 0x00, 0x0B,
  0x00, 0x00, 0x00, 0x0C, 0x00, 0x00, 0x00, 0x11, 0x00, 0x00, 0x00, 0x00, 0x00, 0x00, 0x00, 0x00,
  0x00, 0x00, 0x00, 0x36, 0x00, 0x00, 0x00, 0x11, 0x00, 0x00, 0x00, 0x0C, 0x00, 0x00, 0x00, 0x0E,
  0x00, 0x00, 0x00, 0x11, 0x00, 0x00, 0x00, 0x01, 0x00, 0x00, 0x00, 0x00, 0x00, 0x00, 0x00, 0x37,
  0x00, 0x00, 0x00, 0x10, 0x00, 0x00, 0x00, 0x0C, 0x00, 0x00, 0x00, 0x0C, 0x00, 0x00, 0x00, 0x10,
  0x00, 0x00, 0x00, 0x00, 0x00, 0x00, 0x00, 0x00, 0x00, 0x00, 0x00, 0x38, 0x00, 0x00, 0x00, 0x10,
  0x00, 0x00, 0x00, 0x0D, 0x00, 0x00, 0x00, 0x0D, 0x00, 0x00, 0x00, 0x10, 0x00, 0x00, 0x00, 0x00,
  0x00, 0x00, 0x00, 0x00, 0x00, 0x00, 0x00, 0x39, 0x00, 0x00, 0x00, 0x12, 0x00, 0x00, 0x00, 0x0C,
  0x00, 0x00, 0x00, 0x0E, 0x00, 0x00, 0x00, 0x10, 0x00, 0x00, 0x00, 0x01, 0x00, 0x00, 0x00, 0x00,
  0x00, 0x00, 0x00, 0x3A, 0x00, 0x00, 0x00, 0x0C, 0x00, 0x00, 0x00, 0x05, 0x00, 0x00, 0x00, 0x05,
  0x00, 0x00, 0x00, 0x0C, 0x00, 0x00, 0x00, 0x00, 0x00, 0x00, 0x00, 0x00, 0x00, 0x00, 0x00, 0x3B,
  0x00, 0x00, 0x00, 0x10, 0x00, 0x00, 0x00, 0x05, 0x00, 0x00, 0x00, 0x05, 0x00, 0x00, 0x00, 0x0D,
  0x00, 0x00, 0x00, 0x00, 0x00, 0x00, 0x00, 0x00, 0x00, 0x00, 0x00, 0x3C, 0x00, 0x00, 0x00, 0x0A,
  0x00, 0x00, 0x00, 0x0A, 0x00, 0x00, 0x00, 0x0B, 0x00, 0x00, 0x00, 0x0C, 0x00, 0x00, 0x00, 0x00,
  0x00, 0x00, 0x00, 0x00, 0x00, 0x00, 0x00, 0x3D, 0x00, 0x00, 0x00, 0x07, 0x00, 0x00, 0x00, 0x0A,
  0x00, 0x00, 0x00, 0x0B, 0x00, 0x00, 0x00, 0x0A, 0x00, 0x00, 0x00, 0x00, 0x00, 0x00, 0x00, 0x00,
  0x00, 0x00, 0x00, 0x3E, 0x00, 0x00, 0x00, 0x0A, 0x00, 0x00, 0x00, 0x0A, 0x00, 0x00, 0x00, 0x0B,
  0x00, 0x00, 0x00, 0x0C, 0x00, 0x00, 0x00, 0x00, 0x00, 0x00, 0x00, 0x00, 0x00, 0x00, 0x00, 0x3F,
  0x00, 0x00, 0x00, 0x10, 0x00, 0x00, 0x00, 0x0A, 0x00, 0x00, 0x00, 0x0A, 0x00, 0x00, 0x00, 0x10,
  0x00, 0x00, 0x00, 0x00, 0x00, 0x00, 0x00, 0x00, 0x00, 0x00, 0x00, 0x40, 0x00, 0x00, 0x00, 0x14,
  0x00, 0x00, 0x00, 0x16, 0x00, 0x00, 0x00, 0x16, 0x00, 0x00, 0x00, 0x11, 0x00, 0x00, 0x00, 0x00,
  0x00, 0x00, 0x00, 0x00, 0x00, 0x00, 0x00, 0x41, 0x00, 0x00, 0x00, 0x11, 0x00, 0x00, 0x00, 0x12,
  0x00, 0x00, 0x00, 0x10, 0x00, 0x00, 0x00, 0x11, 0xFF, 0xFF, 0xFF, 0xFF, 0x00, 0x00, 0x00, 0x00,
  0x00, 0x00, 0x00, 0x42, 0x00, 0x00, 0x00, 0x10, 0x00, 0x00, 0x00, 0x0F, 0x00, 0x00, 0x00, 0x0F,
  0x00, 0x00, 0x00, 0x10, 0x00, 0x00, 0x00, 0x00, 0x00, 0x00, 0x00, 0x00, 0x00, 0x00, 0x00, 0x43,
  0x00, 0x00, 0x00, 0x10, 0x00, 0x00, 0x00, 0x11, 0x00, 0x00, 0x00, 0x11, 0x00, 0x00, 0x00, 0x10,
  0x00, 0x00, 0x00, 0x00, 0x00, 0x00, 0x00, 0x00, 0x00, 0x00, 0x00, 0x44, 0x00, 0x00, 0x00, 0x10,
  0x00, 0x00, 0x00, 0x12, 0x00, 0x00, 0x00, 0x12, 0x00, 0x00, 0x00, 0x10, 0x00, 0x00, 0x00, 0x00,
  0x00, 0x00, 0x00, 0x00, 0x00, 0x00, 0x00, 0x45, 0x00, 0x00, 0x00, 0x11, 0x00, 0x00, 0x00, 0x0E,
  0x00, 0x00, 0x00, 0x0E, 0x00, 0x00, 0x00, 0x11, 0x00, 0x00, 0x00, 0x00, 0x00, 0x00, 0x00, 0x00,
  0x00, 0x00, 0x00, 0x46, 0x00, 0x00, 0x00, 0x11, 0x00, 0x00, 0x00, 0x0C, 0x00, 0x00, 0x00, 0x0D,
  0x00, 0x00, 0x00, 0x11, 0x00, 0x00, 0x00, 0x00, 0x00, 0x00, 0x00, 0x00, 0x00, 0x00, 0x00, 0x47,
  0x00, 0x00, 0x00, 0x10, 0x00, 0x00, 0x00, 0x13, 0x00, 0x00, 0x00, 0x12, 0x00, 0x00, 0x00, 0x10,
  0x00, 0x00, 0x00, 0x00, 0x00, 0x00, 0x00, 0x00, 0x00, 0x00, 0x00, 0x48, 0x00, 0x00, 0x00, 0x10,
  0x00, 0x00, 0x00, 0x13, 0x00, 0x00, 0x00, 0x13, 0x00, 0x00, 0x00, 0x10, 0x00, 0x00, 0x00, 0x00,
  0x00, 0x00, 0x00, 0x00, 0x00, 0x00, 0x00, 0x49, 0x00, 0x00, 0x00, 0x10, 0x00, 0x00, 0x00, 0x08,
  0x00, 0x00, 0x00, 0x09, 0x00, 0x00, 0x00, 0x10, 0x00, 0x00, 0x00, 0x00, 0x00, 0x00, 0x00, 0x00,
  0x00, 0x00, 0x00, 0x4A, 0x00, 0x00, 0x00, 0x15, 0x00, 0x00, 0x00, 0x08, 0x00, 0x00, 0x00, 0x08,
  0x00, 0x00, 0x00, 0x10, 0x00, 0x00, 0x00, 0x00, 0x00, 0x00, 0x00, 0x00, 0x00, 0x00, 0x00, 0x4B,
  0x00, 0x00, 0x00, 0x10, 0x00, 0x00, 0x00, 0x12, 0x00, 0x00, 0x00, 0x11, 0x00, 0x00, 0x00, 0x10,
  0x00, 0x00, 0x00, 0x00, 0x00, 0x00, 0x00, 0x00, 0x00, 0x00, 0x00, 0x4C, 0x00, 0x00, 0x00, 0x10,
  0x00, 0x00, 0x00, 0x0E, 0x00, 0x00, 0x00, 0x0E, 0x00, 0x00, 0x00, 0x10, 0x00, 0x00, 0x00, 0x00,
  0x00, 0x00, 0x00, 0x00, 0x00, 0x00, 0x00, 0x4D, 0x00, 0x00, 0x00, 0x11, 0x00, 0x00, 0x00, 0x17,
  0x00, 0x00, 0x00, 0x15, 0x00, 0x00, 0x00, 0x11, 0xFF, 0xFF, 0xFF, 0xFF, 0x00, 0x00, 0x00, 0x00,
  0x00, 0x00, 0x00, 0x4E, 0x00, 0x00, 0x00, 0x11, 0x00, 0x00, 0x00, 0x13, 0x00, 0x00, 0x00, 0x13,
  0x00, 0x00, 0x00, 0x11, 0x00, 0x00, 0x00, 0x00, 0x00, 0x00, 0x00, 0x00, 0x00, 0x00, 0x00, 0x4F,
  0x00, 0x00, 0x00, 0x10, 0x00, 0x00, 0x00, 0x12, 0x00, 0x00, 0x00, 0x13, 0x00, 0x00, 0x00, 0x10,
  0x00, 0x00, 0x00, 0x01, 0x00, 0x00, 0x00, 0x00, 0x00, 0x00, 0x00, 0x50, 0x00, 0x00, 0x00, 0x10,
  0x00, 0x00, 0x00, 0x0E, 0x00, 0x00, 0x00, 0x0E, 0x00, 0x00, 0x00, 0x10, 0x00, 0x00, 0x00, 0x00,
  0x00, 0x00, 0x00, 0x00, 0x00, 0x00, 0x00, 0x51, 0x00, 0x00, 0x00, 0x17, 0x00, 0x00, 0x00, 0x1D,
  0x00, 0x00, 0x00, 0x13, 0x00, 0x00, 0x00, 0x10, 0x00, 0x00, 0x00, 0x01, 0x00, 0x00, 0x00, 0x00,
  0x00, 0x00, 0x00, 0x52, 0x00, 0x00, 0x00, 0x10, 0x00, 0x00, 0x00, 0x12, 0x00, 0x00, 0x00, 0x10,
  0x00, 0x00, 0x00, 0x10, 0x00, 0x00, 0x00, 0x00, 0x00, 0x00, 0x00, 0x00, 0x00, 0x00, 0x00, 0x53,
  0x00, 0x00, 0x00, 0x10, 0x00, 0x00, 0x00, 0x0B, 0x00, 0x00, 0x00, 0x0D, 0x00, 0x00, 0x00, 0x10,
  0x00, 0x00, 0x00, 0x01, 0x00, 0x00, 0x00, 0x00, 0x00, 0x00, 0x00, 0x54, 0x00, 0x00, 0x00, 0x11,
  0x00, 0x00, 0x00, 0x0F, 0x00, 0x00, 0x00, 0x0F, 0x00, 0x00, 0x00, 0x11, 0x00, 0x00, 0x00, 0x00,
  0x00, 0x00, 0x00, 0x00, 0x00, 0x00, 0x00, 0x55, 0x00, 0x00, 0x00, 0x10, 0x00, 0x00, 0x00, 0x12,
  0x00, 0x00, 0x00, 0x12, 0x00, 0x00, 0x00, 0x10, 0x00, 0x00, 0x00, 0x00, 0x00, 0x00, 0x00, 0x00,
  0x00, 0x00, 0x00, 0x56, 0x00, 0x00, 0x00, 0x11, 0x00, 0x00, 0x00, 0x12, 0x00, 0x00, 0x00, 0x10,
  0x00, 0x00, 0x00, 0x10, 0xFF, 0xFF, 0xFF, 0xFF, 0x00, 0x00, 0x00, 0x00, 0x00, 0x00, 0x00, 0x57,
  0x00, 0x00, 0x00, 0x11, 0x00, 0x00, 0x00, 0x17, 0x00, 0x00, 0x00, 0x15, 0x00, 0x00, 0x00, 0x11,
  0xFF, 0xFF, 0xFF, 0xFF, 0x00, 0x00, 0x00, 0x00, 0x00, 0x00, 0x00, 0x58, 0x00, 0x00, 0x00, 0x10,
  0x00, 0x00, 0x00, 0x12, 0x00, 0x00, 0x00, 0x10, 0x00, 0x00, 0x00, 0x10, 0xFF, 0xFF, 0xFF, 0xFF,
  0x00, 0x00, 0x00, 0x00, 0x00, 0x00, 0x00, 0x59, 0x00, 0x00, 0x00, 0x10, 0x00, 0x00, 0x00, 0x12,
  0x00, 0x00, 0x00, 0x0F, 0x00, 0x00, 0x00, 0x10, 0xFF, 0xFF, 0xFF, 0xFF, 0x00, 0x00, 0x00, 0x00,
  0x00, 0x00, 0x00, 0x5A, 0x00, 0x00, 0x00, 0x11, 0x00, 0x00, 0x00, 0x0E, 0x00, 0x00, 0x00, 0x0F,
  0x00, 0x00, 0x00, 0x11, 0x00, 0x00, 0x00, 0x00, 0x00, 0x00, 0x00, 0x00, 0x00, 0x00, 0x00, 0x5B,
  0x00, 0x00, 0x00, 0x13, 0x00, 0x00, 0x00, 0x07, 0x00, 0x00, 0x00, 0x09, 0x00, 0x00, 0x00, 0x11,
  0x00, 0x00, 0x00, 0x02, 0x00, 0x00, 0x00, 0x00, 0x00, 0x00, 0x00, 0x5C, 0x00, 0x00, 0x00, 0x12,
  0x00, 0x00, 0x00, 0x0A, 0x00, 0x00, 0x00, 0x09, 0x00, 0x00, 0x00, 0x11, 0x00, 0x00, 0x00, 0x00,
  0x00, 0x00, 0x00, 0x00, 0x00, 0x00, 0x00, 0x5D, 0x00, 0x00, 0x00, 0x13, 0x00, 0x00, 0x00, 0x07,
  0x00, 0x00, 0x00, 0x09, 0x00, 0x00, 0x00, 0x11, 0x00, 0x00, 0x00, 0x00, 0x00, 0x00, 0x00, 0x00,
  0x00, 0x00, 0x00, 0x5E, 0x00, 0x00, 0x00, 0x05, 0x00, 0x00, 0x00, 0x0C, 0x00, 0x00, 0x00, 0x0C,
  0x00, 0x00, 0x00, 0x09, 0x00, 0x00, 0x00, 0x00, 0x00, 0x00, 0x00, 0x00, 0x00, 0x00, 0x00, 0x5F,
  0x00, 0x00, 0x00, 0x01, 0x00, 0x00, 0x00, 0x0B, 0x00, 0x00, 0x00, 0x0B, 0xFF, 0xFF, 0xFF, 0xFF,
  0x00, 0x00, 0x00, 0x00, 0x00, 0x00, 0x00, 0x00, 0x00, 0x00, 0x00, 0x60, 0x00, 0x00, 0x00, 0x04,
  0x00, 0x00, 0x00, 0x05, 0x00, 0x00, 0x00, 0x0C, 0x00, 0x00, 0x00, 0x15, 0x00, 0x00, 0x00, 0x01,
  0x00, 0x00, 0x00, 0x00, 0x00, 0x00, 0x00, 0x61, 0x00, 0x00, 0x00, 0x0F, 0x00, 0x00, 0x00, 0x10,
  0x00, 0x00, 0x00, 0x0E, 0x00, 0x00, 0x00, 0x0F, 0xFF, 0xFF, 0xFF, 0xFF, 0x00, 0x00, 0x00, 0x00,
  0x00, 0x00, 0x00, 0x62, 0x00, 0x00, 0x00, 0x0E, 0x00, 0x00, 0x00, 0x0D, 0x00, 0x00, 0x00, 0x0D,
  0x00, 0x00, 0x00, 0x0E, 0x00, 0x00, 0x00, 0x00, 0x00, 0x00, 0x00, 0x00, 0x00, 0x00, 0x00, 0x63,
  0x00, 0x00, 0x00, 0x0E, 0x00, 0x00, 0x00, 0x0F, 0x00, 0x00, 0x00, 0x0F, 0x00, 0x00, 0x00, 0x0E,
  0x00, 0x00, 0x00, 0x00, 0x00, 0x00, 0x00, 0x00, 0x00, 0x00, 0x00, 0x64, 0x00, 0x00, 0x00, 0x0E,
  0x00, 0x00, 0x00, 0x10, 0x00, 0x00, 0x00, 0x10, 0x00, 0x00, 0x00, 0x0E, 0x00, 0x00, 0x00, 0x00,
  0x00, 0x00, 0x00, 0x00, 0x00, 0x00, 0x00, 0x65, 0x00, 0x00, 0x00, 0x0F, 0x00, 0x00, 0x00, 0x0C,
  0x00, 0x00, 0x00, 0x0C, 0x00, 0x00, 0x00, 0x0F, 0x00, 0x00, 0x00, 0x00, 0x00, 0x00, 0x00, 0x00,
  0x00, 0x00, 0x00, 0x66, 0x00, 0x00, 0x00, 0x0F, 0x00, 0x00, 0x00, 0x0B, 0x00, 0x00, 0x00, 0x0C,
  0x00, 0x00, 0x00, 0x0F, 0x00, 0x00, 0x00, 0x00, 0x00, 0x00, 0x00, 0x00, 0x00, 0x00, 0x00, 0x67,
  0x00, 0x00, 0x00, 0x0E, 0x00, 0x00, 0x00, 0x10, 0x00, 0x00, 0x00, 0x10, 0x00, 0x00, 0x00, 0x0E,
  0x00, 0x00, 0x00, 0x00, 0x00, 0x00, 0x00, 0x00, 0x00, 0x00, 0x00, 0x68, 0x00, 0x00, 0x00, 0x0E,
  0x00, 0x00, 0x00, 0x10, 0x00, 0x00, 0x00, 0x11, 0x00, 0x00, 0x00, 0x0E, 0x00, 0x00, 0x00, 0x00,
  0x00, 0x00, 0x00, 0x00, 0x00, 0x00, 0x00, 0x69, 0x00, 0x00, 0x00, 0x0E, 0x00, 0x00, 0x00, 0x07,
  0x00, 0x00, 0x00, 0x08, 0x00, 0x00, 0x00, 0x0E, 0x00, 0x00, 0x00, 0x00, 0x00, 0x00, 0x00, 0x00,
  0x00, 0x00, 0x00, 0x6A, 0x00, 0x00, 0x00, 0x12, 0x00, 0x00, 0x00, 0x08, 0x00, 0x00, 0x00, 0x08,
  0x00, 0x00, 0x00, 0x0E, 0xFF, 0xFF, 0xFF, 0xFF, 0x00, 0x00, 0x00, 0x00, 0x00, 0x00, 0x00, 0x6B,
  0x00, 0x00, 0x00, 0x0E, 0x00, 0x00, 0x00, 0x10, 0x00, 0x00, 0x00, 0x0F, 0x00, 0x00, 0x00, 0x0E,
  0x00, 0x00, 0x00, 0x00, 0x00, 0x00, 0x00, 0x00, 0x00, 0x00, 0x00, 0x6C, 0x00, 0x00, 0x00, 0x0E,
  0x00, 0x00, 0x00, 0x0C, 0x00, 0x00, 0x00, 0x0C, 0x00, 0x00, 0x00, 0x0E, 0x00, 0x00, 0x00, 0x00,
  0x00, 0x00, 0x00, 0x00, 0x00, 0x00, 0x00, 0x6D, 0x00, 0x00, 0x00, 0x0F, 0x00, 0x00, 0x00, 0x15,
  0x00, 0x00, 0x00, 0x13, 0x00, 0x00, 0x00, 0x0F, 0xFF, 0xFF, 0xFF, 0xFF, 0x00, 0x00, 0x00, 0x00,
  0x00, 0x00, 0x00, 0x6E, 0x00, 0x00, 0x00, 0x0F, 0x00, 0x00, 0x00, 0x11, 0x00, 0x00, 0x00, 0x11,
  0x00, 0x00, 0x00, 0x0F, 0x00, 0x00, 0x00, 0x00, 0x00, 0x00, 0x00, 0x00, 0x00, 0x00, 0x00, 0x6F,
  0x00, 0x00, 0x00, 0x0E, 0x00, 0x00, 0x00, 0x11, 0x00, 0x00, 0x00, 0x11, 0x00, 0x00, 0x00, 0x0E,
  0x00, 0x00, 0x00, 0x00, 0x00, 0x00, 0x00, 0x00, 0x00, 0x00, 0x00, 0x70, 0x00, 0x00, 0x00, 0x0E,
  0x00, 0x00, 0x00, 0x0D, 0x00, 0x00, 0x00, 0x0D, 0x00, 0x00, 0x00, 0x0E, 0x00, 0x00, 0x00, 0x00,
  0x00, 0x00, 0x00, 0x00, 0x00, 0x00, 0x00, 0x71, 0x00, 0x00, 0x00, 0x14, 0x00, 0x00, 0x00, 0x1A,
  0x00, 0x00, 0x00, 0x11, 0x00, 0x00, 0x00, 0x0E, 0x00, 0x00, 0x00, 0x00, 0x00, 0x00, 0x00, 0x00,
  0x00, 0x00, 0x00, 0x72, 0x00, 0x00, 0x00, 0x0E, 0x00, 0x00, 0x00, 0x10, 0x00, 0x00, 0x00, 0x0E,
  0x00, 0x00, 0x00, 0x0E, 0x00, 0x00, 0x00, 0x00, 0x00, 0x00, 0x00, 0x00, 0x00, 0x00, 0x00, 0x73,
  0x00, 0x00, 0x00, 0x0E, 0x00, 0x00, 0x00, 0x0B, 0x00, 0x00, 0x00, 0x0B, 0x00, 0x00, 0x00, 0x0E,
  0x00, 0x00, 0x00, 0x00, 0x00, 0x00, 0x00, 0x00, 0x00, 0x00, 0x00, 0x74, 0x00, 0x00, 0x00, 0x0F,
  0x00, 0x00, 0x00, 0x0D, 0x00, 0x00, 0x00, 0x0D, 0x00, 0x00, 0x00, 0x0F, 0x00, 0x00, 0x00, 0x00,
  0x00, 0x00, 0x00, 0x00, 0x00, 0x00, 0x00, 0x75, 0x00, 0x00, 0x00, 0x0E, 0x00, 0x00, 0x00, 0x10,
  0x00, 0x00, 0x00, 0x10, 0x00, 0x00, 0x00, 0x0E, 0x00, 0x00, 0x00, 0x00, 0x00, 0x00, 0x00, 0x00,
  0x00, 0x00, 0x00, 0x76, 0x00, 0x00, 0x00, 0x0E, 0x00, 0x00, 0x00, 0x10, 0x00, 0x00, 0x00, 0x0E,
  0x00, 0x00, 0x00, 0x0E, 0xFF, 0xFF, 0xFF, 0xFF, 0x00, 0x00, 0x00, 0x00, 0x00, 0x00, 0x00, 0x77,
  0x00, 0x00, 0x00, 0x0F, 0x00, 0x00, 0x00, 0x15, 0x00, 0x00, 0x00, 0x13, 0x00, 0x00, 0x00, 0x0F,
  0xFF, 0xFF, 0xFF, 0xFF, 0x00, 0x00, 0x00, 0x00, 0x00, 0x00, 0x00, 0x78, 0x00, 0x00, 0x00, 0x0E,
  0x00, 0x00, 0x00, 0x10, 0x00, 0x00, 0x00, 0x0E, 0x00, 0x00, 0x00, 0x0E, 0xFF, 0xFF, 0xFF, 0xFF,
  0x00, 0x00, 0x00, 0x00, 0x00, 0x00, 0x00, 0x79, 0x00, 0x00, 0x00, 0x0E, 0x00, 0x00, 0x00, 0x10,
  0x00, 0x00, 0x00, 0x0E, 0x00, 0x00, 0x00, 0x0E, 0xFF, 0xFF, 0xFF, 0xFF, 0x00, 0x00, 0x00, 0x00,
  0x00, 0x00, 0x00, 0x7A, 0x00, 0x00, 0x00, 0x0F, 0x00, 0x00, 0x00, 0x0E, 0x00, 0x00, 0x00, 0x0D,
  0x00, 0x00, 0x00, 0x0F, 0x00, 0x00, 0x00, 0x00, 0x00, 0x00, 0x00, 0x00, 0x00, 0x00, 0x00, 0x7B,
  0x00, 0x00, 0x00, 0x13, 0x00, 0x00, 0x00, 0x07, 0x00, 0x00, 0x00, 0x08, 0x00, 0x00, 0x00, 0x10,
  0x00, 0x00, 0x00, 0x01, 0x00, 0x00, 0x00, 0x00, 0x00, 0x00, 0x00, 0x7C, 0x00, 0x00, 0x00, 0x14,
  0x00, 0x00, 0x00, 0x02, 0x00, 0x00, 0x00, 0x06, 0x00, 0x00, 0x00, 0x10, 0x00, 0x00, 0x00, 0x02,
  0x00, 0x00, 0x00, 0x00, 0x00, 0x00, 0x00, 0x7D, 0x00, 0x00, 0x00, 0x13, 0x00, 0x00, 0x00, 0x07,
  0x00, 0x00, 0x00, 0x08, 0x00, 0x00, 0x00, 0x10, 0x00, 0x00, 0x00, 0x00, 0x00, 0x00, 0x00, 0x00,
  0x00, 0x00, 0x00, 0x7E, 0x00, 0x00, 0x00, 0x05, 0x00, 0x00, 0x00, 0x0B, 0x00, 0x00, 0x00, 0x0B,
  0x00, 0x00, 0x00, 0x09, 0x00, 0x00, 0x00, 0x00, 0x00, 0x00, 0x00, 0x00, 0xB2, 0xFF, 0xFF, 0xA0,
  0xA4, 0xFF, 0xFF, 0x92, 0x96, 0xFF, 0xFF, 0x83, 0x88, 0xFF, 0xFF, 0x75, 0x7A, 0xFF, 0xFF, 0x66,
  0x6C, 0xFF, 0xFF, 0x58, 0x5E, 0xFF, 0xFF, 0x4A, 0x45, 0xFF, 0xFF, 0x2F, 0x13, 0xFF, 0xF7, 0x04,
  0x00, 0xE1, 0xC7, 0x00, 0x00, 0xAE, 0x92, 0x00, 0x00, 0x0D, 0x0B, 0x00, 0x00, 0x34, 0x29, 0x00,
  0x61, 0xFF, 0xFD, 0x42, 0x9B, 0xFF, 0xFF, 0x7A, 0x34, 0xE4, 0xD6, 0x1E, 0x00, 0x04, 0x24, 0x2F,
  0x00, 0x14, 0x37, 0x0C, 0x00, 0x9D, 0xFF, 0xA9, 0x2B, 0xFF, 0xFF, 0x1A, 0x00, 0x95, 0xFF, 0x72,
  0x22, 0xFF, 0xE2, 0x00, 0x00, 0xAD, 0xF9, 0x20, 0x3C, 0xFF, 0x8A, 0x00, 0x00, 0xE0, 0x80, 0x00,
  0x70, 0xE3, 0x0F, 0x00, 0x0B, 0x60, 0x00, 0x00, 0x50, 0x1B, 0x00, 0x00, 0x00, 0x00, 0x00, 0x00,
  0x6E, 0xAD, 0x00, 0x00, 0x08, 0xFD, 0x12, 0x00, 0x00, 0x00, 0x00, 0x00, 0x99, 0x82, 0x00, 0x00,
  0x31, 0xE6, 0x00, 0x00, 0x00, 0x00, 0x00, 0x00, 0xC4, 0x57, 0x00, 0x00, 0x5C, 0xBB, 0x00, 0x00,
  0x00, 0x00, 0x00, 0x00, 0xEF, 0x2C, 0x00, 0x00, 0x88, 0x90, 0x00, 0x00, 0x00, 0x00, 0x00, 0x1B,
  0xFB, 0x05, 0x00, 0x00, 0xB3, 0x64, 0x00, 0x00, 0x00, 0x90, 0xF4, 0xFF, 0xFF, 0xF4, 0xF4, 0xF4,
  0xFF, 0xFF, 0xF4, 0xB7, 0x00, 0x15, 0x24, 0x95, 0xCE, 0x24, 0x24, 0x2F, 0xFF, 0x33, 0x24, 0x1B,
  0x00, 0x00, 0x00, 0x9D, 0x7F, 0x00, 0x00, 0x35, 0xE3, 0x00, 0x00, 0x00, 0x00, 0x00, 0x00, 0xC8,
  0x53, 0x00, 0x00, 0x60, 0xB7, 0x00, 0x00, 0x00, 0x00, 0x00, 0x00, 0xF2, 0x28, 0x00, 0x00, 0x8B,
  0x8C, 0x00, 0x00, 0x00, 0x89, 0xF4, 0xFF, 0xFF, 0xF8, 0xF4, 0xF4, 0xFF, 0xFF, 0xF4, 0xBE, 0x00,
  0x14, 0x24, 0x6E, 0xF6, 0x24, 0x24, 0x24, 0xFF, 0x5A, 0x24, 0x1C, 0x00, 0x00, 0x00, 0x75, 0xA6,
  0x00, 0x00, 0x0D, 0xFD, 0x0C, 0x00, 0x00, 0x00, 0x00, 0x00, 0xA0, 0x7B, 0x00, 0x00, 0x38, 0xDF,
  0x00, 0x00, 0x00, 0x00, 0x00, 0x00, 0xCB, 0x50, 0x00, 0x00, 0x63, 0xB4, 0x00, 0x00, 0x00, 0x00,
  0x00, 0x01, 0xF4, 0x25, 0x00, 0x00, 0x8E, 0x89, 0x00, 0x00, 0x00, 0x00, 0x00, 0x00, 0x00, 0x00,
  0x00, 0x00, 0x32, 0x41, 0x00, 0x00, 0x00, 0x00, 0x00, 0x00, 0x00, 0x00, 0x00, 0x00, 0x73, 0x74,
  0x00, 0x00, 0x00, 0x00, 0x00, 0x00, 0x00, 0x00, 0x00, 0x00, 0x86, 0x62, 0x00, 0x00, 0x00, 0x00,
  0x00, 0x00, 0x04, 0x71, 0xD1, 0xF6, 0xFF, 0xFF, 0xFF, 0xFF, 0x57, 0x00, 0x00, 0x02, 0xB3, 0xFF,
  0xBF, 0x23, 0xAB, 0x45, 0x5E, 0xF3, 0x31, 0x00, 0x00, 0x58, 0xFF, 0xEF, 0x09, 0x00, 0xBE, 0x2A,
  0x00, 0x6D, 0x1B, 0x00, 0x00, 0xA1, 0xFF, 0xE7, 0x03, 0x00, 0xD1, 0x17, 0x00, 0x1A, 0x05, 0x00,
  0x00, 0xAE, 0xFF, 0xFF, 0xA0, 0x07, 0xE3, 0x05, 0x00, 0x00, 0x00, 0x00, 0x00, 0x7E, 0xFF, 0xFF,
  0xFF, 0xD1, 0xFF, 0x00, 0x00, 0x00, 0x00, 0x00, 0x00, 0x17, 0xE8, 0xFF, 0xFF, 0xFF, 0xFF, 0x8A,
  0x09, 0x00, 0x00, 0x00, 0x00, 0x00, 0x28, 0xD0, 0xFF, 0xFF, 0xFF, 0xFF, 0xDA, 0x3E, 0x00, 0x00,
  0x00, 0x00, 0x00, 0x05, 0x80, 0xFF, 0xFF, 0xFF, 0xFF, 0xFD, 0x6B, 0x00, 0x00, 0x00, 0x00, 0x00,
  0x00, 0x6F, 0xFF, 0xFF, 0xFF, 0xFF, 0xFC, 0x26, 0x00, 0x04, 0x00, 0x00, 0x00, 0x54, 0x98, 0x78,
  0xFA, 0xFF, 0xFF, 0x73, 0x00, 0x76, 0x00, 0x00, 0x00, 0x67, 0x81, 0x00, 0x62, 0xFF, 0xFF, 0x80,
  0x00, 0xE2, 0x10, 0x00, 0x00, 0x7A, 0x6E, 0x00, 0x0A, 0xFF, 0xFF, 0x5C, 0x06, 0xFF, 0x92, 0x00,
  0x00, 0x8D, 0x5C, 0x00, 0x39, 0xFF, 0xEB, 0x0E, 0x00, 0xDA, 0xFF, 0xA4, 0x2F, 0xA3, 0x4D, 0x44,
  0xDE, 0xF3, 0x43, 0x00, 0x00, 0x10, 0x77, 0xC2, 0xEB, 0xFF, 0xFF, 0xD3, 0x8C, 0x1C, 0x00, 0x00,
  0x00, 0x00, 0x00, 0x00, 0x00, 0xC5, 0x24, 0x00, 0x00, 0x00, 0x00, 0x00, 0x00, 0x00, 0x00, 0x00,
  0x00, 0xD3, 0x11, 0x00, 0x00, 0x00, 0x00, 0x00, 0x00, 0x00, 0x00, 0x00, 0x00, 0x00, 0x00, 0x00,
  0x00, 0x00, 0x00, 0x00, 0x00, 0x00, 0x3F, 0xC0, 0xD9, 0xFF, 0xFF, 0x3C, 0x00, 0x00, 0x42, 0xBA,
  0x3B, 0x00, 0x00, 0x00, 0x00, 0x3E, 0xFC, 0xD0, 0x07, 0x6B, 0xFF, 0xEC, 0xA0, 0xB7, 0x8B, 0xE0,
  0x07, 0x00, 0x00, 0x00, 0x00, 0xDB, 0xFF, 0x60, 0x00, 0x42, 0xFF, 0xC7, 0x00, 0x00, 0x83, 0x6B,
  0x00, 0x00, 0x00, 0x00, 0x2E, 0xFF, 0xFF, 0x20, 0x00, 0x4E, 0xFF, 0xCE, 0x00, 0x13, 0xD5, 0x06,
  0x00, 0x00, 0x00, 0x00, 0x56, 0xFF, 0xF9, 0x00, 0x00, 0x75, 0xFF, 0xA6, 0x00, 0x88, 0x68, 0x00,
  0x00, 0x00, 0x00, 0x00, 0x49, 0xFF, 0xEE, 0x00, 0x00, 0xB8, 0xFF, 0x52, 0x15, 0xD6, 0x06, 0x00,
  0x00, 0x00, 0x00, 0x00, 0x0C, 0xE9, 0xFE, 0x20, 0x3D, 0xFD, 0xA7, 0x00, 0x8D, 0x66, 0x00, 0x00,
  0x00, 0x00, 0x00, 0x00, 0x00, 0x2C, 0xB0, 0xCB, 0xBE, 0x6D, 0x03, 0x18, 0xD5, 0x05, 0x00, 0x00,
  0x00, 0x00, 0x00, 0x00, 0x00, 0x00, 0x00, 0x00, 0x00, 0x00, 0x00, 0x92, 0x63, 0x01, 0x63, 0xBD,
  0xC9, 0xAF, 0x2A, 0x00, 0x00, 0x00, 0x00, 0x00, 0x00, 0x00, 0x1B, 0xD6, 0x04, 0x95, 0xFF, 0x66,
  0x10, 0xF4, 0xE3, 0x05, 0x00, 0x00, 0x00, 0x00, 0x00, 0x00, 0x96, 0x61, 0x40, 0xFF, 0xE1, 0x02,
  0x00, 0xD0, 0xFF, 0x49, 0x00, 0x00, 0x00, 0x00, 0x00, 0x1E, 0xD5, 0x04, 0x97, 0xFF, 0x9F, 0x00,
  0x00, 0xD8, 0xFF, 0x58, 0x00, 0x00, 0x00, 0x00, 0x00, 0x9B, 0x5E, 0x00, 0xC8, 0xFF, 0x75, 0x00,
  0x04, 0xF5, 0xFF, 0x3E, 0x00, 0x00, 0x00, 0x00, 0x22, 0xD5, 0x03, 0x00, 0xC3, 0xFF, 0x63, 0x00,
  0x3A, 0xFF, 0xEE, 0x05, 0x00, 0x00, 0x00, 0x00, 0xA0, 0x5C, 0x00, 0x00, 0x7C, 0xFF, 0x85, 0x00,
  0xB2, 0xFF, 0x55, 0x00, 0x00, 0x00, 0x00, 0x25, 0xD4, 0x03, 0x00, 0x00, 0x06, 0x96, 0xE7, 0xCD,
  0xC8, 0x4F, 0x00, 0x00, 0x00, 0x00, 0x00, 0x36, 0x46, 0x00, 0x00, 0x00, 0x00, 0x00, 0x00, 0x00,
  0x00, 0x00, 0x00, 0x00, 0x00, 0x00, 0x00, 0x00, 0x13, 0x76, 0xCA, 0xEA, 0xF4, 0xDA, 0x9D, 0x3F,
  0x00, 0x00, 0x00, 0x00, 0x00, 0x00, 0x00, 0x00, 0x00, 0x00, 0x32, 0xEB, 0xFF, 0xF5, 0x57, 0x08,
  0x18, 0xA2, 0xFF, 0x5E, 0x00, 0x00, 0x00, 0x00, 0x00, 0x00, 0x00, 0x00, 0x00, 0xD2, 0xFF, 0xFF,
  0x81, 0x00, 0x00, 0x00, 0x03, 0xDD, 0x4A, 0x00, 0x00, 0x00, 0x00, 0x00, 0x00, 0x00, 0x00, 0x16,
  0xFF, 0xFF, 0xFF, 0x4F, 0x00, 0x00, 0x00, 0x00, 0x8A, 0x0B, 0x00, 0x00, 0x00, 0x00, 0x00, 0x00,
  0x00, 0x00, 0x14, 0xFF, 0xFF, 0xFF, 0x73, 0x00, 0x00, 0x00, 0x00, 0x25, 0x00, 0x00, 0x00, 0x00,
  0x00, 0x00, 0x00, 0x00, 0x00, 0x00, 0xE1, 0xFF, 0xFF, 0xE0, 0x0A, 0x00, 0x00, 0x00, 0x00, 0x00,
  0x00, 0x00, 0x00, 0x00, 0x00, 0x00, 0x00, 0x00, 0x00, 0xA7, 0xFF, 0xFF, 0xFF, 0xAA, 0x02, 0x00,
  0x00, 0x16, 0x65, 0x98, 0x98, 0x87, 0x23, 0x00, 0x00, 0x00, 0x0C, 0xA4, 0xFF, 0xFF, 0xFF, 0xFF,
  0xFF, 0x9F, 0x03, 0x00, 0x00, 0x06, 0xDC, 0xFF, 0xA0, 0x00, 0x00, 0x00, 0x00, 0xA9, 0xFF, 0xFF,
  0x79, 0xE4, 0xFF, 0xFF, 0xFF, 0xAC, 0x06, 0x00, 0x00, 0x87, 0xFF, 0x88, 0x00, 0x00, 0x00, 0x34,
  0xFF, 0xFF, 0xFF, 0x21, 0x22, 0xDF, 0xFF, 0xFF, 0xFF, 0xBE, 0x0F, 0x00, 0x68, 0xFF, 0x77, 0x00,
  0x00, 0x00, 0x60, 0xFF, 0xFF, 0xFF, 0x17, 0x00, 0x1C, 0xD8, 0xFF, 0xFF, 0xFF, 0xD3, 0x1D, 0x74,
  0xFF, 0x59, 0x00, 0x00, 0x00, 0x55, 0xFF, 0xFF, 0xFF, 0x3C, 0x00, 0x00, 0x14, 0xC4, 0xFF, 0xFF,
  0xFF, 0xE7, 0xDD, 0xFC, 0x19, 0x00, 0x00, 0x00, 0x18, 0xFB, 0xFF, 0xFF, 0x9A, 0x00, 0x00, 0x00,
  0x07, 0xA3, 0xFF, 0xFF, 0xFF, 0xFF, 0xFA, 0x00, 0x00, 0x00, 0x00, 0x00, 0x80, 0xFF, 0xFF, 0xFD,
  0x4C, 0x00, 0x00, 0x00, 0x00, 0x76, 0xFD, 0xFF, 0xFF, 0xFF, 0x6F, 0x00, 0x00, 0x00, 0x00, 0x00,
  0x70, 0xEE, 0xFF, 0xFB, 0x89, 0x1E, 0x00, 0x00, 0x24, 0xF1, 0xFF, 0xFF, 0xFF, 0xFF, 0xA0, 0x0C,
  0x00, 0x00, 0x00, 0x00, 0x11, 0x6C, 0xAD, 0xDD, 0xF1, 0xE7, 0xD7, 0xBF, 0x73, 0x19, 0x70, 0xBF,
  0xEA, 0xFC, 0xDE, 0x47, 0x00, 0x07, 0x28, 0x29, 0x00, 0xBE, 0xFF, 0x8A, 0x00, 0xB9, 0xFF, 0x50,
  0x00, 0xD1, 0xE9, 0x0C, 0x0A, 0xF9, 0x5C, 0x00, 0x1F, 0x4E, 0x00, 0x00, 0x00, 0x00, 0x00, 0x00,
  0x00, 0x16, 0x70, 0x3B, 0x00, 0x00, 0x00, 0x01, 0x77, 0xF5, 0x6A, 0x00, 0x00, 0x00, 0x00, 0x9C,
  0xFF, 0xB1, 0x00, 0x00, 0x00, 0x00, 0x69, 0xFF, 0xFF, 0x33, 0x00, 0x00, 0x00, 0x0E, 0xED, 0xFF,
  0xDD, 0x00, 0x00, 0x00, 0x00, 0x64, 0xFF, 0xFF, 0x9B, 0x00, 0x00, 0x00, 0x00, 0xAF, 0xFF, 0xFF,
  0x72, 0x00, 0x00, 0x00, 0x00, 0xDF, 0xFF, 0xFF, 0x55, 0x00, 0x00, 0x00, 0x00, 0xF7, 0xFF, 0xFF,
  0x4B, 0x00, 0x00, 0x00, 0x01, 0xFE, 0xFF, 0xFF, 0x47, 0x00, 0x00, 0x00, 0x00, 0xF1, 0xFF, 0xFF,
  0x54, 0x00, 0x00, 0x00, 0x00, 0xCF, 0xFF, 0xFF, 0x63, 0x00, 0x00, 0x00, 0x00, 0x98, 0xFF, 0xFF,
  0x86, 0x00, 0x00, 0x00, 0x00, 0x45, 0xFF, 0xFF, 0xAF, 0x00, 0x00, 0x00, 0x00, 0x02, 0xD6, 0xFF,
  0xED, 0x02, 0x00, 0x00, 0x00, 0x00, 0x4E, 0xFF, 0xFF, 0x3E, 0x00, 0x00, 0x00, 0x00, 0x00, 0x95,
  0xFF, 0xAB, 0x00, 0x00, 0x00, 0x00, 0x00, 0x02, 0x9A, 0xFD, 0x3B, 0x00, 0x00, 0x00, 0x00, 0x00,
  0x00, 0x55, 0xBF, 0x23, 0x00, 0x00, 0x00, 0x00, 0x00, 0x00, 0x02, 0x1C, 0x16, 0x78, 0x33, 0x00,
  0x00, 0x00, 0x00, 0x00, 0x00, 0x27, 0xEF, 0xAC, 0x11, 0x00, 0x00, 0x00, 0x00, 0x00, 0x5D, 0xFF,
  0xD9, 0x13, 0x00, 0x00, 0x00, 0x00, 0x03, 0xDC, 0xFF, 0xB9, 0x00, 0x00, 0x00, 0x00, 0x00, 0x8A,
  0xFF, 0xFF, 0x4D, 0x00, 0x00, 0x00, 0x00, 0x47, 0xFF, 0xFF, 0xB4, 0x00, 0x00, 0x00, 0x00, 0x1D,
  0xFF, 0xFF, 0xF9, 0x06, 0x00, 0x00, 0x00, 0x01, 0xFE, 0xFF, 0xFF, 0x31, 0x00, 0x00, 0x00, 0x00,
  0xF7, 0xFF, 0xFF, 0x49, 0x00, 0x00, 0x00, 0x00, 0xF3, 0xFF, 0xFF, 0x53, 0x00, 0x00, 0x00, 0x02,
  0xFE, 0xFF, 0xFF, 0x44, 0x00, 0x00, 0x00, 0x11, 0xFF, 0xFF, 0xFF, 0x20, 0x00, 0x00, 0x00, 0x35,
  0xFF, 0xFF, 0xE8, 0x00, 0x00, 0x00, 0x00, 0x5F, 0xFF, 0xFF, 0x95, 0x00, 0x00, 0x00, 0x00, 0xA0,
  0xFF, 0xFD, 0x2C, 0x00, 0x00, 0x00, 0x04, 0xE7, 0xFF, 0x9E, 0x00, 0x00, 0x00, 0x00, 0x58, 0xFF,
  0xD8, 0x0D, 0x00, 0x00, 0x00, 0x0A, 0xDB, 0xD3, 0x19, 0x00, 0x00, 0x00, 0x05, 0x9F, 0x88, 0x08,
  0x00, 0x00, 0x00, 0x00, 0x0F, 0x0E, 0x00, 0x00, 0x00, 0x00, 0x00, 0x00, 0x00, 0x00, 0x00, 0x51,
  0x90, 0x19, 0x00, 0x00, 0x00, 0x00, 0x00, 0x97, 0xFF, 0x29, 0x00, 0x00, 0x07, 0xB3, 0x5C, 0x6E,
  0xFA, 0x22, 0x97, 0x6E, 0x30, 0xFF, 0xFF, 0xBF, 0xCA, 0xEE, 0xFF, 0xC1, 0x03, 0x2B, 0x5D, 0xC0,
  0xDD, 0x91, 0x45, 0x16, 0x00, 0x04, 0xB1, 0xFD, 0x96, 0xFA, 0x4D, 0x00, 0x00, 0x45, 0xFF, 0xA6,
  0x1D, 0xF8, 0xD5, 0x01, 0x00, 0x00, 0x4C, 0x22, 0x00, 0x4D, 0x1D, 0x00, 0x00, 0x00, 0x00, 0x00,
  0x17, 0x3E, 0x00, 0x00, 0x00, 0x00, 0x00, 0x00, 0x00, 0x00, 0x58, 0xEC, 0x00, 0x00, 0x00, 0x00,
  0x00, 0x00, 0x00, 0x00, 0x58, 0xEC, 0x00, 0x00, 0x00, 0x00, 0x00, 0x00, 0x00, 0x00, 0x58, 0xEC,
  0x00, 0x00, 0x00, 0x00, 0x02, 0x10, 0x10, 0x10, 0x68, 0xFC, 0x10, 0x10, 0x10, 0x0B, 0x20, 0xFF,
  0xFF, 0xFF, 0xFF, 0xFF, 0xFF, 0xFF, 0xFF, 0xB8, 0x07, 0x3C, 0x3C, 0x3C, 0x94, 0xFF, 0x3C, 0x3C,
  0x3C, 0x2B, 0x00, 0x00, 0x00, 0x00, 0x58, 0xEC, 0x00, 0x00, 0x00, 0x00, 0x00, 0x00, 0x00, 0x00,
  0x58, 0xEC, 0x00, 0x00, 0x00, 0x00, 0x00, 0x00, 0x00, 0x00, 0x58, 0xEC, 0x00, 0x00, 0x00, 0x00,
  0x00, 0x00, 0x00, 0x00, 0x14, 0x37, 0x00, 0x00, 0x00, 0x00, 0x00, 0x9C, 0xF2, 0x78, 0x00, 0x00,
  0xF9, 0xFF, 0xFC, 0x12, 0x00, 0xB1, 0xFF, 0xFF, 0x31, 0x00, 0x30, 0xFF, 0xF7, 0x0C, 0x00, 0x3C,
  0xFF, 0x78, 0x00, 0x01, 0x88, 0x50, 0x00, 0x00, 0x19, 0x88, 0x88, 0x88, 0x88, 0x88, 0x88, 0x4A,
  0x39, 0xFF, 0xFF, 0xFF, 0xFF, 0xFF, 0xFF, 0x95, 0x00, 0x0F, 0x43, 0x09, 0x00, 0x04, 0xD9, 0xFF,
  0xC3, 0x00, 0x17, 0xFF, 0xFF, 0xFB, 0x03, 0x00, 0x99, 0xF3, 0x80, 0x00, 0x00, 0x00, 0x00, 0x00,
  0x00, 0x00, 0x00, 0x01, 0x3A, 0x00, 0x00, 0x00, 0x00, 0x00, 0x00, 0x00, 0x00, 0x54, 0xEF, 0x0D,
  0x00, 0x00, 0x00, 0x00, 0x00, 0x00, 0x00, 0xD0, 0x81, 0x00, 0x00, 0x00, 0x00, 0x00, 0x00, 0x00,
  0x4E, 0xF2, 0x11, 0x00, 0x00, 0x00, 0x00, 0x00, 0x00, 0x00, 0xCA, 0x86, 0x00, 0x00, 0x00, 0x00,
  0x00, 0x00, 0x00, 0x49, 0xF4, 0x14, 0x00, 0x00, 0x00, 0x00, 0x00, 0x00, 0x00, 0xC6, 0x8B, 0x00,
  0x00, 0x00, 0x00, 0x00, 0x00, 0x00, 0x43, 0xF6, 0x17, 0x00, 0x00, 0x00, 0x00, 0x00, 0x00, 0x00,
  0xC1, 0x90, 0x00, 0x00, 0x00, 0x00, 0x00, 0x00, 0x00, 0x3E, 0xF8, 0x1B, 0x00, 0x00, 0x00, 0x00,
  0x00, 0x00, 0x00, 0xBB, 0x96, 0x00, 0x00, 0x00, 0x00, 0x00, 0x00, 0x00, 0x38, 0xFA, 0x1E, 0x00,
  0x00, 0x00, 0x00, 0x00, 0x00, 0x00, 0xB6, 0x9B, 0x00, 0x00, 0x00, 0x00, 0x00, 0x00, 0x00, 0x33,
  0xFB, 0x22, 0x00, 0x00, 0x00, 0x00, 0x00, 0x00, 0x00, 0xB0, 0xA0, 0x00, 0x00, 0x00, 0x00, 0x00,
  0x00, 0x00, 0x2E, 0xFB, 0x26, 0x00, 0x00, 0x00, 0x00, 0x00, 0x00, 0x00, 0x9A, 0xA5, 0x00, 0x00,
  0x00, 0x00, 0x00, 0x00, 0x00, 0x00, 0x08, 0x15, 0x00, 0x00, 0x00, 0x00, 0x00, 0x00, 0x00, 0x00,
  0x00, 0x00, 0x00, 0x4E, 0xBC, 0xE7, 0xF2, 0xD1, 0x7E, 0x0F, 0x00, 0x00, 0x00, 0x00, 0x03, 0xA1,
  0xFF, 0xD9, 0x27, 0x0B, 0x99, 0xFF, 0xE0, 0x21, 0x00, 0x00, 0x00, 0x85, 0xFF, 0xFF, 0x41, 0x00,
  0x00, 0x05, 0xE0, 0xFF, 0xDA, 0x06, 0x00, 0x1D, 0xF7, 0xFF, 0xE4, 0x00, 0x00, 0x00, 0x00, 0x8A,
  0xFF, 0xFF, 0x71, 0x00, 0x74, 0xFF, 0xFF, 0xAD, 0x00, 0x00, 0x00, 0x00, 0x52, 0xFF, 0xFF, 0xD1,
  0x00, 0xBA, 0xFF, 0xFF, 0x8B, 0x00, 0x00, 0x00, 0x00, 0x30, 0xFF, 0xFF, 0xFF, 0x19, 0xDD, 0xFF,
  0xFF, 0x76, 0x00, 0x00, 0x00, 0x00, 0x1C, 0xFF, 0xFF, 0xFF, 0x3B, 0xF2, 0xFF, 0xFF, 0x6F, 0x00,
  0x00, 0x00, 0x00, 0x14, 0xFF, 0xFF, 0xFF, 0x51, 0xF2, 0xFF, 0xFF, 0x6E, 0x00, 0x00, 0x00, 0x00,
  0x14, 0xFF, 0xFF, 0xFF, 0x51, 0xDD, 0xFF, 0xFF, 0x76, 0x00, 0x00, 0x00, 0x00, 0x1C, 0xFF, 0xFF,
  0xFF, 0x3C, 0xBB, 0xFF, 0xFF, 0x8B, 0x00, 0x00, 0x00, 0x00, 0x30, 0xFF, 0xFF, 0xFF, 0x1A, 0x76,
  0xFF, 0xFF, 0xAD, 0x00, 0x00, 0x00, 0x00, 0x52, 0xFF, 0xFF, 0xD2, 0x00, 0x20, 0xF9, 0xFF, 0xE3,
  0x00, 0x00, 0x00, 0x00, 0x89, 0xFF, 0xFF, 0x75, 0x00, 0x00, 0x88, 0xFF, 0xFF, 0x3F, 0x00, 0x00,
  0x04, 0xDF, 0xFF, 0xDD, 0x07, 0x00, 0x00, 0x03, 0xA5, 0xFF, 0xD7, 0x22, 0x08, 0x95, 0xFF, 0xE2,
  0x24, 0x00, 0x00, 0x00, 0x00, 0x01, 0x52, 0xBD, 0xE8, 0xF0, 0xD2, 0x81, 0x11, 0x00, 0x00, 0x00,
  0x00, 0x00, 0x00, 0x0A, 0x53, 0xCF, 0x0B, 0x00, 0x04, 0x4F, 0xBB, 0xF8, 0xFF, 0xFF, 0x0B, 0x00,
  0x00, 0x00, 0x58, 0xFF, 0xFF, 0xFF, 0x0B, 0x00, 0x00, 0x00, 0x3C, 0xFF, 0xFF, 0xFF, 0x0B, 0x00,
  0x00, 0x00, 0x3B, 0xFF, 0xFF, 0xFF, 0x0B, 0x00, 0x00, 0x00, 0x3B, 0xFF, 0xFF, 0xFF, 0x0B, 0x00,
  0x00, 0x00, 0x3B, 0xFF, 0xFF, 0xFF, 0x0B, 0x00, 0x00, 0x00, 0x3B, 0xFF, 0xFF, 0xFF, 0x0B, 0x00,
  0x00, 0x00, 0x3B, 0xFF, 0xFF, 0xFF, 0x0B, 0x00, 0x00, 0x00, 0x3B, 0xFF, 0xFF, 0xFF, 0x0B, 0x00,
  0x00, 0x00, 0x3B, 0xFF, 0xFF, 0xFF, 0x0B, 0x00, 0x00, 0x00, 0x3B, 0xFF, 0xFF, 0xFF, 0x0B, 0x00,
  0x00, 0x00, 0x3B, 0xFF, 0xFF, 0xFF, 0x0B, 0x00, 0x00, 0x00, 0x3B, 0xFF, 0xFF, 0xFF, 0x0B, 0x00,
  0x00, 0x00, 0x40, 0xFF, 0xFF, 0xFF, 0x10, 0x00, 0x00, 0x3B, 0xB6, 0xFF, 0xFF, 0xFF, 0x95, 0x2C,
  0x00, 0x00, 0x37, 0x8E, 0xCF, 0xEC, 0xF6, 0xDD, 0x9D, 0x33, 0x00, 0x00, 0x00, 0x00, 0x9C, 0xFF,
  0xA2, 0x19, 0x06, 0x40, 0xDD, 0xFF, 0xFE, 0x79, 0x00, 0x00, 0x00, 0xB5, 0xDD, 0x03, 0x00, 0x00,
  0x00, 0x33, 0xFE, 0xFF, 0xFF, 0x43, 0x00, 0x00, 0x66, 0x80, 0x00, 0x00, 0x00, 0x00, 0x00, 0xDC,
  0xFF, 0xFF, 0xA5, 0x00, 0x00, 0x18, 0x5E, 0x00, 0x00, 0x00, 0x00, 0x00, 0xC4, 0xFF, 0xFF, 0xC3,
  0x00, 0x00, 0x00, 0x04, 0x00, 0x00, 0x00, 0x00, 0x00, 0xE2, 0xFF, 0xFF, 0xAB, 0x00, 0x00, 0x00,
  0x00, 0x00, 0x00, 0x00, 0x00, 0x2E, 0xFF, 0xFF, 0xFF, 0x5C, 0x00, 0x00, 0x00, 0x00, 0x00, 0x00,
  0x00, 0x00, 0x9E, 0xFF, 0xFF, 0xD7, 0x04, 0x00, 0x00, 0x00, 0x00, 0x00, 0x00, 0x00, 0x2F, 0xFC,
  0xFF, 0xF6, 0x32, 0x00, 0x00, 0x00, 0x00, 0x00, 0x00, 0x00, 0x07, 0xCF, 0xFF, 0xFA, 0x49, 0x00,
  0x00, 0x00, 0x00, 0x00, 0x00, 0x00, 0x00, 0x93, 0xFF, 0xF7, 0x52, 0x00, 0x00, 0x00, 0x05, 0x00,
  0x00, 0x00, 0x00, 0x55, 0xFF, 0xEB, 0x3A, 0x00, 0x00, 0x00, 0x01, 0x67, 0x00, 0x00, 0x00, 0x34,
  0xF6, 0xCD, 0x1F, 0x00, 0x00, 0x00, 0x19, 0xA3, 0x63, 0x00, 0x00, 0x1C, 0xE6, 0xFF, 0xF7, 0xF4,
  0xF4, 0xF4, 0xF5, 0xFF, 0xFF, 0x22, 0x00, 0x10, 0xD3, 0xFF, 0xFF, 0xFF, 0xFF, 0xFF, 0xFF, 0xFF,
  0xFF, 0xE1, 0x00, 0x00, 0xC0, 0xFF, 0xFF, 0xFF, 0xFF, 0xFF, 0xFF, 0xFF, 0xFF, 0xFF, 0xA0, 0x00,
  0x00, 0x03, 0x5D, 0xB7, 0xE8, 0xFA, 0xED, 0xC2, 0x6A, 0x05, 0x00, 0x00, 0x03, 0xC7, 0xEA, 0x40,
  0x03, 0x20, 0xAF, 0xFF, 0xFF, 0xBF, 0x06, 0x00, 0x00, 0xD9, 0x72, 0x00, 0x00, 0x00, 0x09, 0xEC,
  0xFF, 0xFF, 0x67, 0x00, 0x00, 0x93, 0x29, 0x00, 0x00, 0x00, 0x00, 0xBE, 0xFF, 0xFF, 0xA3, 0x00,
  0x00, 0x4D, 0x14, 0x00, 0x00, 0x00, 0x00, 0xCF, 0xFF, 0xFF, 0x9B, 0x00, 0x00, 0x00, 0x00, 0x00,
  0x00, 0x00, 0x37, 0xFF, 0xFF, 0xFF, 0x44, 0x00, 0x00, 0x00, 0x00, 0x00, 0x00, 0x3E, 0xE5, 0xFF,
  0xFF, 0x83, 0x00, 0x00, 0x00, 0x00, 0x00, 0x33, 0x9B, 0xFA, 0xFF, 0xF1, 0x87, 0x05, 0x00, 0x00,
  0x00, 0x00, 0x00, 0x00, 0x00, 0x15, 0xA6, 0xFF, 0xFF, 0xCF, 0x19, 0x00, 0x00, 0x00, 0x00, 0x00,
  0x00, 0x00, 0x02, 0xC6, 0xFF, 0xFF, 0xB6, 0x00, 0x00, 0x00, 0x00, 0x00, 0x00, 0x00, 0x00, 0x67,
  0xFF, 0xFF, 0xFE, 0x17, 0x00, 0x00, 0x00, 0x00, 0x00, 0x00, 0x00, 0x50, 0xFF, 0xFF, 0xFF, 0x34,
  0x00, 0x00, 0x00, 0x00, 0x00, 0x00, 0x00, 0x6E, 0xFF, 0xFF, 0xFF, 0x22, 0x00, 0x00, 0x00, 0x00,
  0x00, 0x00, 0x00, 0xC8, 0xFF, 0xFF, 0xDD, 0x01, 0x00, 0x00, 0x00, 0x00, 0x00, 0x00, 0x70, 0xFF,
  0xFF, 0xFF, 0x5A, 0x00, 0x00, 0x00, 0x00, 0x00, 0x09, 0x89, 0xFF, 0xFF, 0xFF, 0x7E, 0x00, 0x00,
  0x00, 0x3C, 0x59, 0x94, 0xEC, 0xFF, 0xFF, 0xC4, 0x41, 0x00, 0x00, 0x00, 0x00, 0x1C, 0x58, 0x73,
  0x72, 0x56, 0x1E, 0x00, 0x00, 0x00, 0x00, 0x00, 0x00, 0x00, 0x00, 0x00, 0x00, 0x00, 0x00, 0x00,
  0x00, 0x05, 0x15, 0x00, 0x00, 0x00, 0x00, 0x00, 0x00, 0x00, 0x00, 0x00, 0x00, 0x01, 0xE1, 0xBC,
  0x00, 0x00, 0x00, 0x00, 0x00, 0x00, 0x00, 0x00, 0x00, 0x00, 0xAC, 0xFF, 0x79, 0x00, 0x00, 0x00,
  0x00, 0x00, 0x00, 0x00, 0x00, 0x00, 0x7E, 0xFF, 0xFF, 0x6C, 0x00, 0x00, 0x00, 0x00, 0x00, 0x00,
  0x00, 0x00, 0x57, 0xFF, 0xFF, 0xFF, 0x6C, 0x00, 0x00, 0x00, 0x00, 0x00, 0x00, 0x00, 0x42, 0xED,
  0xFF, 0xFF, 0xFF, 0x6C, 0x00, 0x00, 0x00, 0x00, 0x00, 0x00, 0x2F, 0xEC, 0x46, 0xE0, 0xFF, 0xFF,
  0x6C, 0x00, 0x00, 0x00, 0x00, 0x00, 0x1F, 0xE4, 0x5C, 0x00, 0xE0, 0xFF, 0xFF, 0x6C, 0x00, 0x00,
  0x00, 0x00, 0x13, 0xD7, 0x74, 0x00, 0x00, 0xE0, 0xFF, 0xFF, 0x6C, 0x00, 0x00, 0x00, 0x09, 0xC6,
  0x8D, 0x00, 0x00, 0x00, 0xE0, 0xFF, 0xFF, 0x6C, 0x00, 0x4A, 0x03, 0xB2, 0xFF, 0xF4, 0xF4, 0xF4,
  0xF4, 0xFF, 0xFF, 0xFF, 0xFF, 0xF8, 0xAE, 0x95, 0xFF, 0xFF, 0xFF, 0xFF, 0xFF, 0xFF, 0xFF, 0xFF,
  0xFF, 0xFF, 0xFF, 0x74, 0x00, 0x00, 0x00, 0x00, 0x00, 0x00, 0x00, 0xE0, 0xFF, 0xFF, 0x6C, 0x00,
  0x00, 0x00, 0x00, 0x00, 0x00, 0x00, 0x00, 0x00, 0xE0, 0xFF, 0xFF, 0x6C, 0x00, 0x00, 0x00, 0x00,
  0x00, 0x00, 0x00, 0x00, 0x00, 0xE0, 0xFF, 0xFF, 0x6C, 0x00, 0x00, 0x00, 0x00, 0x00, 0x00, 0x00,
  0x00, 0x00, 0xFF, 0xFF, 0xFF, 0xA1, 0x00, 0x00, 0x00, 0x00, 0x00, 0x00, 0x00, 0x13, 0x71, 0xFF,
  0xFF, 0xFF, 0xFF, 0x3D, 0x00, 0x00, 0x00, 0x00, 0x00, 0x00, 0x00, 0x00, 0x00, 0x01, 0x35, 0x68,
  0x00, 0x00, 0x0E, 0x93, 0xA8, 0xBD, 0xD2, 0xE7, 0xFB, 0xFF, 0x44, 0x00, 0x00, 0x48, 0xFF, 0xFF,
  0xFF, 0xFF, 0xFF, 0xFF, 0xFC, 0x0D, 0x00, 0x00, 0x83, 0xFF, 0xFF, 0xFF, 0xFE, 0xEF, 0xDC, 0xA9,
  0x00, 0x00, 0x00, 0xBD, 0x9C, 0x27, 0x14, 0x03, 0x00, 0x00, 0x00, 0x00, 0x00, 0x03, 0xF3, 0x48,
  0x00, 0x00, 0x00, 0x00, 0x00, 0x00, 0x00, 0x00, 0x31, 0xFF, 0x63, 0x80, 0x89, 0x79, 0x3F, 0x01,
  0x00, 0x00, 0x00, 0x6B, 0xFF, 0xFF, 0xFF, 0xFF, 0xFF, 0xFF, 0xCF, 0x26, 0x00, 0x00, 0xA5, 0xFF,
  0xEF, 0xEE, 0xFF, 0xFF, 0xFF, 0xFF, 0xE8, 0x13, 0x00, 0x47, 0x1B, 0x00, 0x00, 0x2C, 0xC4, 0xFF,
  0xFF, 0xFF, 0x85, 0x00, 0x00, 0x00, 0x00, 0x00, 0x00, 0x13, 0xF0, 0xFF, 0xFF, 0xCB, 0x00, 0x00,
  0x00, 0x00, 0x00, 0x00, 0x00, 0xC2, 0xFF, 0xFF, 0xDE, 0x00, 0x00, 0x00, 0x00, 0x00, 0x00, 0x00,
  0xC6, 0xFF, 0xFF, 0xC4, 0x00, 0x00, 0x00, 0x00, 0x00, 0x00, 0x14, 0xF7, 0xFF, 0xFF, 0x89, 0x00,
  0x00, 0x00, 0x00, 0x00, 0x00, 0x9E, 0xFF, 0xFF, 0xF5, 0x1E, 0x00, 0x00, 0x00, 0x00, 0x0A, 0x95,
  0xFF, 0xFF, 0xFC, 0x55, 0x00, 0x00, 0x00, 0x14, 0x66, 0xE2, 0xFF, 0xFF, 0xDD, 0x42, 0x00, 0x00,
  0x20, 0xA5, 0xF3, 0xF6, 0xD9, 0xA6, 0x56, 0x05, 0x00, 0x00, 0x00, 0x00, 0x00, 0x00, 0x00, 0x00,
  0x36, 0x85, 0xC6, 0xA8, 0x53, 0x00, 0x00, 0x00, 0x00, 0x00, 0x23, 0xB7, 0xFF, 0xE5, 0x51, 0x00,
  0x00, 0x00, 0x00, 0x00, 0x00, 0x37, 0xEB, 0xFF, 0xDC, 0x1E, 0x00, 0x00, 0x00, 0x00, 0x00, 0x00,
  0x16, 0xE7, 0xFF, 0xFA, 0x30, 0x00, 0x00, 0x00, 0x00, 0x00, 0x00, 0x00, 0xA4, 0xFF, 0xFF, 0x9F,
  0x00, 0x00, 0x00, 0x00, 0x00, 0x00, 0x00, 0x1C, 0xFB, 0xFF, 0xFF, 0x43, 0x00, 0x00, 0x00, 0x00,
  0x00, 0x00, 0x00, 0x6E, 0xFF, 0xFF, 0xFD, 0x0B, 0x00, 0x01, 0x1F, 0x14, 0x00, 0x00, 0x00, 0xAA,
  0xFF, 0xFF, 0xE5, 0x00, 0x62, 0xE6, 0xFF, 0xFF, 0xC1, 0x26, 0x00, 0xCD, 0xFF, 0xFF, 0xCE, 0x35,
  0x61, 0x3C, 0xAB, 0xFF, 0xFF, 0xE4, 0x0F, 0xE0, 0xFF, 0xFF, 0xC5, 0x00, 0x00, 0x00, 0x05, 0xE6,
  0xFF, 0xFF, 0x79, 0xDD, 0xFF, 0xFF, 0xC2, 0x00, 0x00, 0x00, 0x00, 0xA7, 0xFF, 0xFF, 0xBC, 0xCA,
  0xFF, 0xFF, 0xCA, 0x00, 0x00, 0x00, 0x00, 0x91, 0xFF, 0xFF, 0xD1, 0x9F, 0xFF, 0xFF, 0xDE, 0x00,
  0x00, 0x00, 0x00, 0x9D, 0xFF, 0xFF, 0xBE, 0x51, 0xFF, 0xFF, 0xFA, 0x09, 0x00, 0x00, 0x00, 0xB8,
  0xFF, 0xFF, 0x81, 0x03, 0xCC, 0xFF, 0xFF, 0x50, 0x00, 0x00, 0x0C, 0xF1, 0xFF, 0xF1, 0x1D, 0x00,
  0x25, 0xDB, 0xFF, 0xDD, 0x3E, 0x2A, 0xB0, 0xFF, 0xF4, 0x4D, 0x00, 0x00, 0x00, 0x0F, 0x78, 0xCC,
  0xEE, 0xF6, 0xDB, 0x96, 0x27, 0x00, 0x00, 0x16, 0xFF, 0xFF, 0xFF, 0xFF, 0xFF, 0xFF, 0xFF, 0xFF,
  0xFF, 0xFF, 0x54, 0x3A, 0xFF, 0xFF, 0xFF, 0xFF, 0xFF, 0xFF, 0xFF, 0xFF, 0xFF, 0xEA, 0x06, 0x5F,
  0xFD, 0xE9, 0xE7, 0xE7, 0xE7, 0xE7, 0xE7, 0xE9, 0xFF, 0x8B, 0x00, 0x70, 0x21, 0x00, 0x00, 0x00,
  0x00, 0x00, 0x00, 0x49, 0xFF, 0x27, 0x00, 0x12, 0x00, 0x00, 0x00, 0x00, 0x00, 0x00, 0x00, 0xAF,
  0xC1, 0x00, 0x00, 0x00, 0x00, 0x00, 0x00, 0x00, 0x00, 0x00, 0x1A, 0xFB, 0x5C, 0x00, 0x00, 0x00,
  0x00, 0x00, 0x00, 0x00, 0x00, 0x00, 0x7E, 0xEF, 0x08, 0x00, 0x00, 0x00, 0x00, 0x00, 0x00, 0x00,
  0x00, 0x06, 0xE7, 0x95, 0x00, 0x00, 0x00, 0x00, 0x00, 0x00, 0x00, 0x00, 0x00, 0x62, 0xFF, 0x3B,
  0x00, 0x00, 0x00, 0x00, 0x00, 0x00, 0x00, 0x00, 0x01, 0xD7, 0xE3, 0x01, 0x00, 0x00, 0x00, 0x00,
  0x00, 0x00, 0x00, 0x00, 0x50, 0xFF, 0x8E, 0x00, 0x00, 0x00, 0x00, 0x00, 0x00, 0x00, 0x00, 0x00,
  0xC9, 0xFF, 0x39, 0x00, 0x00, 0x00, 0x00, 0x00, 0x00, 0x00, 0x00, 0x43, 0xFF, 0xE6, 0x01, 0x00,
  0x00, 0x00, 0x00, 0x00, 0x00, 0x00, 0x00, 0xC0, 0xFF, 0x98, 0x00, 0x00, 0x00, 0x00, 0x00, 0x00,
  0x00, 0x00, 0x3D, 0xFF, 0xFF, 0x4C, 0x00, 0x00, 0x00, 0x00, 0x00, 0x00, 0x00, 0x00, 0xBC, 0xFF,
  0xFA, 0x0A, 0x00, 0x00, 0x00, 0x00, 0x00, 0x00, 0x00, 0x00, 0x27, 0xA0, 0xE3, 0xF9, 0xEA, 0xB2,
  0x47, 0x00, 0x00, 0x00, 0x00, 0x00, 0x40, 0xF7, 0xFD, 0x57, 0x09, 0x4B, 0xF7, 0xFF, 0x84, 0x00,
  0x00, 0x00, 0x03, 0xDF, 0xFF, 0xB6, 0x00, 0x00, 0x00, 0x98, 0xFF, 0xFE, 0x2C, 0x00, 0x00, 0x2C,
  0xFF, 0xFF, 0xA3, 0x00, 0x00, 0x00, 0x73, 0xFF, 0xFF, 0x64, 0x00, 0x00, 0x3B, 0xFF, 0xFF, 0xE9,
  0x12, 0x00, 0x00, 0x88, 0xFF, 0xFF, 0x4E, 0x00, 0x00, 0x14, 0xFC, 0xFF, 0xFF, 0xD1, 0x27, 0x00,
  0xD8, 0xFF, 0xCB, 0x04, 0x00, 0x00, 0x00, 0x91, 0xFF, 0xFF, 0xFF, 0xF9, 0xFF, 0xFF, 0x93, 0x0F,
  0x00, 0x00, 0x00, 0x00, 0x07, 0xBE, 0xFF, 0xFF, 0xFF, 0xFF, 0xF6, 0x79, 0x05, 0x00, 0x00, 0x00,
  0x00, 0x08, 0x7A, 0xFF, 0xFF, 0xFF, 0xFF, 0xFF, 0xFF, 0xD3, 0x1F, 0x00, 0x00, 0x1B, 0xD8, 0xFF,
  0x58, 0x1E, 0xA2, 0xFD, 0xFF, 0xFF, 0xFF, 0xD1, 0x02, 0x00, 0xBE, 0xFF, 0xEC, 0x02, 0x00, 0x00,
  0x37, 0xDB, 0xFF, 0xFF, 0xFF, 0x41, 0x15, 0xFF, 0xFF, 0xCC, 0x00, 0x00, 0x00, 0x00, 0x1F, 0xF4,
  0xFF, 0xFF, 0x5F, 0x18, 0xFF, 0xFF, 0xDB, 0x00, 0x00, 0x00, 0x00, 0x00, 0xBF, 0xFF, 0xFF, 0x42,
  0x00, 0xDA, 0xFF, 0xFC, 0x25, 0x00, 0x00, 0x00, 0x04, 0xE1, 0xFF, 0xDD, 0x04, 0x00, 0x3C, 0xEF,
  0xFF, 0xCD, 0x2D, 0x01, 0x1D, 0xA8, 0xFF, 0xE7, 0x2E, 0x00, 0x00, 0x00, 0x17, 0x77, 0xC9, 0xE9,
  0xF6, 0xEA, 0xC2, 0x78, 0x0D, 0x00, 0x00, 0x00, 0x00, 0x32, 0xA0, 0xDE, 0xF7, 0xEE, 0xC4, 0x6C,
  0x06, 0x00, 0x00, 0x00, 0x68, 0xFB, 0xFF, 0x96, 0x26, 0x4B, 0xEB, 0xFF, 0xC9, 0x12, 0x00, 0x37,
  0xFC, 0xFF, 0xD6, 0x02, 0x00, 0x00, 0x6F, 0xFF, 0xFF, 0xAC, 0x00, 0xA6, 0xFF, 0xFF, 0x93, 0x00,
  0x00, 0x00, 0x27, 0xFF, 0xFF, 0xFF, 0x2B, 0xE1, 0xFF, 0xFF, 0x78, 0x00, 0x00, 0x00, 0x05, 0xFE,
  0xFF, 0xFF, 0x78, 0xF6, 0xFF, 0xFF, 0x6D, 0x00, 0x00, 0x00, 0x00, 0xEF, 0xFF, 0xFF, 0xA7, 0xE3,
  0xFF, 0xFF, 0x85, 0x00, 0x00, 0x00, 0x00, 0xE7, 0xFF, 0xFF, 0xBA, 0xA4, 0xFF, 0xFF, 0xC7, 0x00,
  0x00, 0x00, 0x00, 0xE9, 0xFF, 0xFF, 0xBC, 0x2B, 0xF6, 0xFF, 0xFF, 0x89, 0x31, 0x62, 0x1D, 0xF1,
  0xFF, 0xFF, 0xA9, 0x00, 0x3D, 0xD4, 0xFF, 0xFF, 0xDE, 0x4E, 0x08, 0xFF, 0xFF, 0xFF, 0x88, 0x00,
  0x00, 0x00, 0x1B, 0x1E, 0x00, 0x00, 0x2A, 0xFF, 0xFF, 0xFF, 0x4C, 0x00, 0x00, 0x00, 0x00, 0x00,
  0x00, 0x00, 0x63, 0xFF, 0xFF, 0xEF, 0x0B, 0x00, 0x00, 0x00, 0x00, 0x00, 0x00, 0x00, 0xBF, 0xFF,
  0xFF, 0x88, 0x00, 0x00, 0x00, 0x00, 0x00, 0x00, 0x00, 0x44, 0xFF, 0xFF, 0xDC, 0x0C, 0x00, 0x00,
  0x00, 0x00, 0x00, 0x00, 0x24, 0xE4, 0xFF, 0xE8, 0x2F, 0x00, 0x00, 0x00, 0x00, 0x00, 0x00, 0x4D,
  0xE7, 0xFF, 0xBF, 0x20, 0x00, 0x00, 0x00, 0x00, 0x03, 0x55, 0xB6, 0xD9, 0x98, 0x42, 0x00, 0x00,
  0x00, 0x00, 0x00, 0x00, 0x02, 0x0D, 0x00, 0x00, 0x00, 0x00, 0x00, 0x00, 0x00, 0x00, 0x00, 0x00,
  0x99, 0xF3, 0x80, 0x00, 0x17, 0xFF, 0xFF, 0xFC, 0x03, 0x04, 0xD9, 0xFF, 0xC3, 0x00, 0x00, 0x0F,
  0x43, 0x09, 0x00, 0x00, 0x00, 0x00, 0x00, 0x00, 0x00, 0x00, 0x00, 0x00, 0x00, 0x00, 0x00, 0x00,
  0x00, 0x00, 0x00, 0x00, 0x00, 0x00, 0x00, 0x00, 0x0F, 0x43, 0x09, 0x00, 0x04, 0xD9, 0xFF, 0xC3,
  0x00, 0x17, 0xFF, 0xFF, 0xFB, 0x03, 0x00, 0x99, 0xF3, 0x80, 0x00, 0x00, 0x0F, 0x43, 0x09, 0x00,
  0x04, 0xD9, 0xFF, 0xC3, 0x00, 0x17, 0xFF, 0xFF, 0xFC, 0x03, 0x00, 0x99, 0xF3, 0x80, 0x00, 0x00,
  0x00, 0x00, 0x00, 0x00, 0x00, 0x00, 0x00, 0x00, 0x00, 0x00, 0x00, 0x00, 0x00, 0x00, 0x00, 0x00,
  0x00, 0x00, 0x00, 0x00, 0x00, 0x00, 0x00, 0x00, 0x00, 0x00, 0x00, 0x00, 0x00, 0x00, 0x9C, 0xF2,
  0x78, 0x00, 0x00, 0xF9, 0xFF, 0xFC, 0x12, 0x00, 0xB1, 0xFF, 0xFF, 0x31, 0x00, 0x30, 0xFF, 0xF7,
  0x0C, 0x00, 0x3C, 0xFF, 0x78, 0x00, 0x01, 0x88, 0x50, 0x00, 0x00, 0x00, 0x00, 0x00, 0x00, 0x00,
  0x00, 0x00, 0x05, 0x63, 0x94, 0x00, 0x00, 0x00, 0x00, 0x00, 0x07, 0x69, 0xE1, 0xF3, 0x6E, 0x00,
  0x00, 0x00, 0x0A, 0x70, 0xE5, 0xF2, 0x85, 0x13, 0x00, 0x00, 0x0C, 0x76, 0xE9, 0xF1, 0x83, 0x12,
  0x00, 0x00, 0x00, 0x16, 0xFF, 0xFF, 0x81, 0x10, 0x00, 0x00, 0x00, 0x00, 0x00, 0x12, 0xFD, 0xFF,
  0xA5, 0x29, 0x00, 0x00, 0x00, 0x00, 0x00, 0x00, 0x01, 0x54, 0xD0, 0xFD, 0xA7, 0x2A, 0x00, 0x00,
  0x00, 0x00, 0x00, 0x00, 0x01, 0x4E, 0xCB, 0xFD, 0xA9, 0x2C, 0x00, 0x00, 0x00, 0x00, 0x00, 0x00,
  0x00, 0x49, 0xC6, 0xFE, 0x88, 0x00, 0x00, 0x00, 0x00, 0x00, 0x00, 0x00, 0x00, 0x43, 0x7D, 0x02,
  0x10, 0x10, 0x10, 0x10, 0x10, 0x10, 0x10, 0x10, 0x0B, 0x20, 0xFF, 0xFF, 0xFF, 0xFF, 0xFF, 0xFF,
  0xFF, 0xFF, 0xB8, 0x08, 0x40, 0x40, 0x40, 0x40, 0x40, 0x40, 0x40, 0x40, 0x2E, 0x00, 0x00, 0x00,
  0x00, 0x00, 0x00, 0x00, 0x00, 0x00, 0x00, 0x02, 0x10, 0x10, 0x10, 0x10, 0x10, 0x10, 0x10, 0x10,
  0x0B, 0x20, 0xFF, 0xFF, 0xFF, 0xFF, 0xFF, 0xFF, 0xFF, 0xFF, 0xB8, 0x07, 0x3C, 0x3C, 0x3C, 0x3C,
  0x3C, 0x3C, 0x3C, 0x3C, 0x2B, 0x1E, 0xAD, 0x31, 0x00, 0x00, 0x00, 0x00, 0x00, 0x00, 0x00, 0x0E,
  0xBB, 0xFF, 0xB3, 0x37, 0x00, 0x00, 0x00, 0x00, 0x00, 0x00, 0x00, 0x39, 0xB8, 0xFF, 0xBA, 0x3D,
  0x00, 0x00, 0x00, 0x00, 0x00, 0x00, 0x00, 0x37, 0xB5, 0xFF, 0xC0, 0x43, 0x00, 0x00, 0x00, 0x00,
  0x00, 0x00, 0x00, 0x34, 0xB5, 0xFF, 0xA3, 0x00, 0x00, 0x00, 0x00, 0x00, 0x02, 0x58, 0xD5, 0xFF,
  0x89, 0x00, 0x00, 0x00, 0x03, 0x5B, 0xD7, 0xFB, 0x9E, 0x24, 0x00, 0x00, 0x03, 0x5D, 0xD9, 0xF9,
  0x99, 0x20, 0x00, 0x00, 0x00, 0x12, 0xDB, 0xF7, 0x93, 0x1C, 0x00, 0x00, 0x00, 0x00, 0x00, 0x1A,
  0x8E, 0x19, 0x00, 0x00, 0x00, 0x00, 0x00, 0x00, 0x00, 0x00, 0x44, 0xB2, 0xE7, 0xFA, 0xEB, 0xB8,
  0x4F, 0x00, 0x00, 0x70, 0xED, 0x48, 0x06, 0x38, 0xE5, 0xFF, 0xFF, 0x7F, 0x00, 0xA8, 0x77, 0x00,
  0x00, 0x00, 0x6B, 0xFF, 0xFF, 0xFC, 0x19, 0x57, 0x3A, 0x00, 0x00, 0x00, 0x3B, 0xFF, 0xFF, 0xFF,
  0x4A, 0x0A, 0x0D, 0x00, 0x00, 0x00, 0x51, 0xFF, 0xFF, 0xFF, 0x35, 0x00, 0x00, 0x00, 0x00, 0x00,
  0xA2, 0xFF, 0xFF, 0xD7, 0x04, 0x00, 0x00, 0x00, 0x00, 0x4F, 0xFE, 0xFF, 0xF3, 0x33, 0x00, 0x00,
  0x00, 0x00, 0x24, 0xF3, 0xFF, 0xF1, 0x3B, 0x00, 0x00, 0x00, 0x00, 0x00, 0x8B, 0xFF, 0xF3, 0x39,
  0x00, 0x00, 0x00, 0x00, 0x00, 0x00, 0x93, 0xFF, 0x58, 0x00, 0x00, 0x00, 0x00, 0x00, 0x00, 0x00,
  0x25, 0xE8, 0x08, 0x00, 0x00, 0x00, 0x00, 0x00, 0x00, 0x00, 0x00, 0x15, 0x0E, 0x00, 0x00, 0x00,
  0x00, 0x00, 0x00, 0x00, 0x08, 0x42, 0x10, 0x00, 0x00, 0x00, 0x00, 0x00, 0x00, 0x00, 0xBF, 0xFF,
  0xDA, 0x05, 0x00, 0x00, 0x00, 0x00, 0x00, 0x01, 0xF9, 0xFF, 0xFF, 0x1A, 0x00, 0x00, 0x00, 0x00,
  0x00, 0x00, 0x7C, 0xF3, 0x9A, 0x00, 0x00, 0x00, 0x00, 0x00, 0x00, 0x00, 0x00, 0x00, 0x00, 0x00,
  0x00, 0x00, 0x05, 0x23, 0x3C, 0x38, 0x26, 0x03, 0x00, 0x00, 0x00, 0x00, 0x00, 0x00, 0x00, 0x00,
  0x00, 0x00, 0x00, 0x00, 0x00, 0x07, 0x60, 0xB8, 0xF5, 0xE9, 0xC2, 0xB8, 0xD2, 0xEF, 0xB4, 0x4F,
  0x00, 0x00, 0x00, 0x00, 0x00, 0x00, 0x00, 0x00, 0x00, 0x00, 0x56, 0xE7, 0xFF, 0xA7, 0x33, 0x00,
  0x00, 0x00, 0x00, 0x19, 0x8C, 0xFD, 0xC2, 0x18, 0x00, 0x00, 0x00, 0x00, 0x00, 0x00, 0x03, 0x9D,
  0xFF, 0xF0, 0x4A, 0x00, 0x00, 0x00, 0x00, 0x00, 0x00, 0x00, 0x00, 0x5B, 0xFF, 0xDA, 0x1B, 0x00,
  0x00, 0x00, 0x00, 0x00, 0xA8, 0xFF, 0xF1, 0x33, 0x00, 0x00, 0x00, 0x00, 0x00, 0x4E, 0x00, 0x00,
  0x00, 0x00, 0xA1, 0xFF, 0xB2, 0x00, 0x00, 0x00, 0x00, 0x72, 0xFF, 0xFF, 0x56, 0x00, 0x00, 0x00,
  0x00, 0x00, 0x4C, 0xFF, 0x00, 0x00, 0x00, 0x00, 0x2C, 0xFF, 0xFF, 0x3F, 0x00, 0x00, 0x18, 0xF6,
  0xFF, 0xB0, 0x00, 0x00, 0x00, 0x00, 0x00, 0x15, 0xFF, 0xFF, 0x08, 0x00, 0x00, 0x00, 0x00, 0xE7,
  0xFF, 0x91, 0x00, 0x00, 0x8B, 0xFF, 0xFF, 0x2C, 0x00, 0x00, 0x00, 0x00, 0x00, 0xB1, 0xFF, 0xFF,
  0x2E, 0x00, 0x00, 0x00, 0x00, 0xBC, 0xFF, 0xCF, 0x00, 0x00, 0xE1, 0xFF, 0xC8, 0x00, 0x00, 0x00,
  0x00, 0x00, 0x67, 0x9D, 0xDE, 0xFF, 0x56, 0x00, 0x00, 0x00, 0x00, 0xB8, 0xFF, 0xDF, 0x00, 0x1B,
  0xFF, 0xFF, 0x71, 0x00, 0x00, 0x00, 0x00, 0x26, 0xD8, 0x0E, 0xC3, 0xFF, 0x7F, 0x00, 0x00, 0x00,
  0x00, 0xBF, 0xFF, 0xE5, 0x00, 0x32, 0xFF, 0xFF, 0x2F, 0x00, 0x00, 0x00, 0x05, 0xC9, 0x45, 0x00,
  0xA8, 0xFF, 0xA7, 0x00, 0x00, 0x00, 0x00, 0xE3, 0xFF, 0xC5, 0x00, 0x20, 0xFF, 0xFF, 0x0C, 0x00,
  0x00, 0x00, 0xB5, 0xFF, 0xB0, 0xB0, 0xFF, 0xFF, 0xCF, 0x00, 0x00, 0x00, 0x12, 0xFE, 0xFF, 0x99,
  0x00, 0x00, 0xDF, 0xFF, 0x13, 0x00, 0x00, 0x4E, 0xCB, 0x06, 0x00, 0x00, 0x72, 0xFF, 0xF6, 0x01,
  0x00, 0x00, 0x60, 0xFF, 0xFF, 0x49, 0x00, 0x00, 0x59, 0xFF, 0x78, 0x03, 0x5D, 0xDD, 0x1C, 0x00,
  0x00, 0x00, 0x58, 0xFF, 0xFF, 0x21, 0x00, 0x00, 0xC0, 0xFF, 0xE3, 0x05, 0x00, 0x00, 0x00, 0x57,
  0xCD, 0xE7, 0xB0, 0x1D, 0x00, 0x00, 0x00, 0x04, 0xAC, 0xFF, 0xFF, 0x9F, 0x01, 0x46, 0xFF, 0xFF,
  0x61, 0x00, 0x00, 0x00, 0x00, 0x00, 0x00, 0x00, 0x00, 0x00, 0x00, 0x00, 0x00, 0x03, 0x00, 0x00,
  0x00, 0x00, 0x0F, 0xDE, 0xFF, 0xBB, 0x02, 0x00, 0x00, 0x00, 0x00, 0x00, 0x00, 0x00, 0x00, 0x00,
  0x00, 0x00, 0x00, 0x00, 0x00, 0x00, 0x00, 0x0B, 0xBC, 0xFF, 0xDA, 0x12, 0x00, 0x00, 0x00, 0x00,
  0x00, 0x00, 0x00, 0x00, 0x00, 0x00, 0x00, 0x00, 0x00, 0x00, 0x00, 0x00, 0x26, 0xCD, 0xFF, 0xC3,
  0x14, 0x00, 0x00, 0x00, 0x00, 0x00, 0x00, 0x00, 0x00, 0x21, 0x3E, 0x1F, 0x00, 0x00, 0x00, 0x05,
  0x42, 0x9B, 0xFB, 0xE6, 0x6A, 0x05, 0x00, 0x00, 0x00, 0x00, 0x00, 0x00, 0x00, 0x00, 0x00, 0x00,
  0x00, 0x2D, 0x62, 0x81, 0xA8, 0xB9, 0xAA, 0x87, 0x42, 0x06, 0x00, 0x00, 0x00, 0x00, 0x00, 0x00,
  0x00, 0x00, 0x00, 0x00, 0x00, 0x00, 0x00, 0x00, 0x00, 0x09, 0x00, 0x00, 0x00, 0x00, 0x00, 0x00,
  0x00, 0x00, 0x00, 0x00, 0x00, 0x00, 0x00, 0x00, 0x00, 0x00, 0x00, 0xC7, 0x25, 0x00, 0x00, 0x00,
  0x00, 0x00, 0x00, 0x00, 0x00, 0x00, 0x00, 0x00, 0x00, 0x00, 0x00, 0x00, 0x01, 0xFF, 0x94, 0x00,
  0x00, 0x00, 0x00, 0x00, 0x00, 0x00, 0x00, 0x00, 0x00, 0x00, 0x00, 0x00, 0x00, 0x00, 0x5F, 0xFF,
  0xF4, 0x11, 0x00, 0x00, 0x00, 0x00, 0x00, 0x00, 0x00, 0x00, 0x00, 0x00, 0x00, 0x00, 0x00, 0x00,
  0xFF, 0xFF, 0xFF, 0x76, 0x00, 0x00, 0x00, 0x00, 0x00, 0x00, 0x00, 0x00, 0x00, 0x00, 0x00, 0x00,
  0x00, 0x2C, 0xFF, 0xFF, 0xFF, 0xE3, 0x04, 0x00, 0x00, 0x00, 0x00, 0x00, 0x00, 0x00, 0x00, 0x00,
  0x00, 0x00, 0x00, 0x9C, 0xD0, 0xF5, 0xFF, 0xFF, 0x58, 0x00, 0x00, 0x00, 0x00, 0x00, 0x00, 0x00,
  0x00, 0x00, 0x00, 0x00, 0x14, 0xF7, 0x58, 0xA2, 0xFF, 0xFF, 0xC9, 0x00, 0x00, 0x00, 0x00, 0x00,
  0x00, 0x00, 0x00, 0x00, 0x00, 0x00, 0x7B, 0xE8, 0x05, 0x3F, 0xFF, 0xFF, 0xFF, 0x3A, 0x00, 0x00,
  0x00, 0x00, 0x00, 0x00, 0x00, 0x00, 0x00, 0x05, 0xE5, 0x84, 0x00, 0x01, 0xDC, 0xFF, 0xFF, 0xAB,
  0x00, 0x00, 0x00, 0x00, 0x00, 0x00, 0x00, 0x00, 0x00, 0x5B, 0xFC, 0x1E, 0x00, 0x00, 0x7B, 0xFF,
  0xFF, 0xFC, 0x20, 0x00, 0x00, 0x00, 0x00, 0x00, 0x00, 0x00, 0x00, 0xCA, 0xB1, 0x00, 0x00, 0x00,
  0x1B, 0xFD, 0xFF, 0xFF, 0x8D, 0x00, 0x00, 0x00, 0x00, 0x00, 0x00, 0x00, 0x3A, 0xFF, 0xFF, 0xF0,
  0xF0, 0xF0, 0xF0, 0xFF, 0xFF, 0xFF, 0xF1, 0x0D, 0x00, 0x00, 0x00, 0x00, 0x00, 0x00, 0xAA, 0xDC,
  0x01, 0x00, 0x00, 0x00, 0x00, 0x54, 0xFF, 0xFF, 0xFF, 0x6F, 0x00, 0x00, 0x00, 0x00, 0x00, 0x1D,
  0xFB, 0x74, 0x00, 0x00, 0x00, 0x00, 0x00, 0x06, 0xEB, 0xFF, 0xFF, 0xDD, 0x02, 0x00, 0x00, 0x00,
  0x00, 0xE0, 0xFF, 0x14, 0x00, 0x00, 0x00, 0x00, 0x00, 0x00, 0xD7, 0xFF, 0xFF, 0xFF, 0x8D, 0x00,
  0x00, 0x12, 0x6F, 0xFF, 0xFF, 0x48, 0x02, 0x00, 0x00, 0x00, 0x00, 0x13, 0xE1, 0xFF, 0xFF, 0xFF,
  0xFF, 0x49, 0x0A, 0x04, 0x4D, 0xF2, 0xFF, 0xFF, 0xFF, 0xFD, 0xFB, 0xEA, 0xBD, 0x6E, 0x0A, 0x00,
  0x00, 0x00, 0x00, 0x00, 0x78, 0xFF, 0xFF, 0xEC, 0x01, 0x23, 0xB0, 0xFF, 0xFF, 0xD1, 0x14, 0x00,
  0x00, 0x00, 0x00, 0x60, 0xFF, 0xFF, 0xEC, 0x00, 0x00, 0x0B, 0xEF, 0xFF, 0xFF, 0x91, 0x00, 0x00,
  0x00, 0x00, 0x60, 0xFF, 0xFF, 0xEC, 0x00, 0x00, 0x00, 0xB8, 0xFF, 0xFF, 0xCE, 0x00, 0x00, 0x00,
  0x00, 0x60, 0xFF, 0xFF, 0xEC, 0x00, 0x00, 0x00, 0xB3, 0xFF, 0xFF, 0xD1, 0x00, 0x00, 0x00, 0x00,
  0x60, 0xFF, 0xFF, 0xEC, 0x00, 0x00, 0x00, 0xDC, 0xFF, 0xFF, 0x8E, 0x00, 0x00, 0x00, 0x00, 0x60,
  0xFF, 0xFF, 0xEC, 0x00, 0x00, 0x6A, 0xFF, 0xFF, 0xCD, 0x10, 0x00, 0x00, 0x00, 0x00, 0x60, 0xFF,
  0xFF, 0xEC, 0x14, 0x7B, 0xF4, 0xFF, 0xD9, 0x50, 0x01, 0x00, 0x00, 0x00, 0x00, 0x60, 0xFF, 0xFF,
  0xEC, 0x00, 0x00, 0x18, 0xBC, 0xFF, 0xFF, 0xB9, 0x09, 0x00, 0x00, 0x00, 0x60, 0xFF, 0xFF, 0xEC,
  0x00, 0x00, 0x00, 0x18, 0xFA, 0xFF, 0xFF, 0x8B, 0x00, 0x00, 0x00, 0x60, 0xFF, 0xFF, 0xEC, 0x00,
  0x00, 0x00, 0x00, 0xC8, 0xFF, 0xFF, 0xED, 0x00, 0x00, 0x00, 0x60, 0xFF, 0xFF, 0xEC, 0x00, 0x00,
  0x00, 0x00, 0xBB, 0xFF, 0xFF, 0xFF, 0x0B, 0x00, 0x00, 0x60, 0xFF, 0xFF, 0xEC, 0x00, 0x00, 0x00,
  0x00, 0xDB, 0xFF, 0xFF, 0xF1, 0x00, 0x00, 0x00, 0x60, 0xFF, 0xFF, 0xEC, 0x00, 0x00, 0x00, 0x3F,
  0xFF, 0xFF, 0xFF, 0x94, 0x00, 0x00, 0x00, 0x78, 0xFF, 0xFF, 0xEE, 0x08, 0x16, 0x5D, 0xEA, 0xFF,
  0xFF, 0xBC, 0x0C, 0x00, 0x04, 0x50, 0xF2, 0xFF, 0xFF, 0xFF, 0xFF, 0xFF, 0xF5, 0xDF, 0xA9, 0x51,
  0x01, 0x00, 0x00, 0x00, 0x00, 0x00, 0x00, 0x00, 0x24, 0x78, 0xC1, 0xDC, 0xF4, 0xF6, 0xE8, 0xC0,
  0x84, 0x2E, 0x00, 0x00, 0x00, 0x00, 0x00, 0x0D, 0x98, 0xFE, 0xFF, 0xB1, 0x3F, 0x0F, 0x06, 0x26,
  0x7E, 0xEE, 0xFF, 0x66, 0x00, 0x00, 0x00, 0x10, 0xD8, 0xFF, 0xFF, 0x77, 0x00, 0x00, 0x00, 0x00,
  0x00, 0x00, 0x1F, 0xE4, 0x78, 0x00, 0x00, 0x01, 0xBA, 0xFF, 0xFF, 0xB0, 0x00, 0x00, 0x00, 0x00,
  0x00, 0x00, 0x00, 0x00, 0x4D, 0x79, 0x00, 0x00, 0x50, 0xFF, 0xFF, 0xFF, 0x2D, 0x00, 0x00, 0x00,
  0x00, 0x00, 0x00, 0x00, 0x00, 0x00, 0x5A, 0x00, 0x00, 0xAC, 0xFF, 0xFF, 0xE0, 0x00, 0x00, 0x00,
  0x00, 0x00, 0x00, 0x00, 0x00, 0x00, 0x00, 0x00, 0x00, 0x00, 0xE4, 0xFF, 0xFF, 0xB2, 0x00, 0x00,
  0x00, 0x00, 0x00, 0x00, 0x00, 0x00, 0x00, 0x00, 0x00, 0x00, 0x00, 0xFC, 0xFF, 0xFF, 0x9D, 0x00,
  0x00, 0x00, 0x00, 0x00, 0x00, 0x00, 0x00, 0x00, 0x00, 0x00, 0x00, 0x00, 0xFC, 0xFF, 0xFF, 0x9E,
  0x00, 0x00, 0x00, 0x00, 0x00, 0x00, 0x00, 0x00, 0x00, 0x00, 0x00, 0x00, 0x00, 0xE4, 0xFF, 0xFF,
  0xB3, 0x00, 0x00, 0x00, 0x00, 0x00, 0x00, 0x00, 0x00, 0x00, 0x00, 0x45, 0x00, 0x00, 0xAE, 0xFF,
  0xFF, 0xE1, 0x00, 0x00, 0x00, 0x00, 0x00, 0x00, 0x00, 0x00, 0x00, 0x00, 0x8E, 0x00, 0x00, 0x53,
  0xFF, 0xFF, 0xFF, 0x2C, 0x00, 0x00, 0x00, 0x00, 0x00, 0x00, 0x00, 0x00, 0x02, 0xE0, 0x02, 0x00,
  0x01, 0xBD, 0xFF, 0xFF, 0xAA, 0x00, 0x00, 0x00, 0x00, 0x00, 0x00, 0x00, 0x00, 0x51, 0xFF, 0x0D,
  0x00, 0x00, 0x11, 0xD7, 0xFF, 0xFF, 0x68, 0x00, 0x00, 0x00, 0x00, 0x00, 0x00, 0x1B, 0xE7, 0xBC,
  0x02, 0x00, 0x00, 0x00, 0x0E, 0x98, 0xFE, 0xFE, 0x9F, 0x31, 0x08, 0x05, 0x22, 0x6F, 0xEC, 0xB4,
  0x0D, 0x00, 0x00, 0x00, 0x00, 0x00, 0x00, 0x24, 0x79, 0xC1, 0xDE, 0xF4, 0xF5, 0xDE, 0xA5, 0x47,
  0x00, 0x00, 0x00, 0x03, 0x4C, 0xEE, 0xFF, 0xFF, 0xFF, 0xF4, 0xF4, 0xF6, 0xF0, 0xD6, 0xAE, 0x58,
  0x0A, 0x00, 0x00, 0x00, 0x00, 0x00, 0x00, 0x75, 0xFF, 0xFF, 0xEC, 0x00, 0x00, 0x00, 0x14, 0x5D,
  0xE0, 0xFF, 0xE3, 0x43, 0x00, 0x00, 0x00, 0x00, 0x00, 0x60, 0xFF, 0xFF, 0xEC, 0x00, 0x00, 0x00,
  0x00, 0x00, 0x1A, 0xDC, 0xFF, 0xFE, 0x59, 0x00, 0x00, 0x00, 0x00, 0x60, 0xFF, 0xFF, 0xEC, 0x00,
  0x00, 0x00, 0x00, 0x00, 0x00, 0x46, 0xFF, 0xFF, 0xF4, 0x29, 0x00, 0x00, 0x00, 0x60, 0xFF, 0xFF,
  0xEC, 0x00, 0x00, 0x00, 0x00, 0x00, 0x00, 0x00, 0xD0, 0xFF, 0xFF, 0xAB, 0x00, 0x00, 0x00, 0x60,
  0xFF, 0xFF, 0xEC, 0x00, 0x00, 0x00, 0x00, 0x00, 0x00, 0x00, 0x88, 0xFF, 0xFF, 0xF8, 0x0B, 0x00,
  0x00, 0x60, 0xFF, 0xFF, 0xEC, 0x00, 0x00, 0x00, 0x00, 0x00, 0x00, 0x00, 0x5E, 0xFF, 0xFF, 0xFF,
  0x38, 0x00, 0x00, 0x60, 0xFF, 0xFF, 0xEC, 0x00, 0x00, 0x00, 0x00, 0x00, 0x00, 0x00, 0x49, 0xFF,
  0xFF, 0xFF, 0x50, 0x00, 0x00, 0x60, 0xFF, 0xFF, 0xEC, 0x00, 0x00, 0x00, 0x00, 0x00, 0x00, 0x00,
  0x4A, 0xFF, 0xFF, 0xFF, 0x50, 0x00, 0x00, 0x60, 0xFF, 0xFF, 0xEC, 0x00, 0x00, 0x00, 0x00, 0x00,
  0x00, 0x00, 0x5E, 0xFF, 0xFF, 0xFF, 0x38, 0x00, 0x00, 0x60, 0xFF, 0xFF, 0xEC, 0x00, 0x00, 0x00,
  0x00, 0x00, 0x00, 0x00, 0x89, 0xFF, 0xFF, 0xF8, 0x0B, 0x00, 0x00, 0x60, 0xFF, 0xFF, 0xEC, 0x00,
  0x00, 0x00, 0x00, 0x00, 0x00, 0x00, 0xD0, 0xFF, 0xFF, 0xAB, 0x00, 0x00, 0x00, 0x60, 0xFF, 0xFF,
  0xEC, 0x00, 0x00, 0x00, 0x00, 0x00, 0x00, 0x46, 0xFF, 0xFF, 0xF4, 0x29, 0x00, 0x00, 0x00, 0x60,
  0xFF, 0xFF, 0xEC, 0x00, 0x00, 0x00, 0x00, 0x00, 0x19, 0xDC, 0xFF, 0xFE, 0x59, 0x00, 0x00, 0x00,
  0x00, 0x78, 0xFF, 0xFF, 0xEC, 0x00, 0x00, 0x00, 0x13, 0x5D, 0xE0, 0xFF, 0xE3, 0x43, 0x00, 0x00,
  0x00, 0x04, 0x50, 0xF2, 0xFF, 0xFF, 0xFF, 0xF4, 0xF4, 0xF6, 0xF1, 0xD7, 0xAF, 0x59, 0x0A, 0x00,
  0x00, 0x00, 0x00, 0x00, 0x00, 0x00, 0x00, 0x00, 0x00, 0x00, 0x00, 0x00, 0x03, 0x18, 0x46, 0x00,
  0x00, 0x04, 0x4D, 0xF2, 0xFF, 0xFF, 0xFF, 0xFC, 0xFC, 0xFC, 0xFF, 0xFF, 0xFF, 0x00, 0x00, 0x00,
  0x00, 0x7A, 0xFF, 0xFF, 0xEC, 0x00, 0x00, 0x00, 0x01, 0x3B, 0xE3, 0x00, 0x00, 0x00, 0x00, 0x60,
  0xFF, 0xFF, 0xEC, 0x00, 0x00, 0x00, 0x00, 0x00, 0x67, 0x00, 0x00, 0x00, 0x00, 0x60, 0xFF, 0xFF,
  0xEC, 0x00, 0x00, 0x00, 0x00, 0x00, 0x2D, 0x00, 0x00, 0x00, 0x00, 0x60, 0xFF, 0xFF, 0xEC, 0x00,
  0x00, 0x00, 0x00, 0x00, 0x00, 0x00, 0x00, 0x00, 0x00, 0x60, 0xFF, 0xFF, 0xEC, 0x00, 0x00, 0x00,
  0x00, 0x0E, 0x00, 0x00, 0x00, 0x00, 0x00, 0x60, 0xFF, 0xFF, 0xEC, 0x00, 0x00, 0x00, 0x00, 0x57,
  0x00, 0x00, 0x00, 0x00, 0x00, 0x60, 0xFF, 0xFF, 0xEC, 0x00, 0x00, 0x02, 0x3A, 0xC1, 0x00, 0x00,
  0x00, 0x00, 0x00, 0x60, 0xFF, 0xFF, 0xFF, 0xD0, 0xD0, 0xD0, 0xEF, 0xE0, 0x00, 0x00, 0x00, 0x00,
  0x00, 0x60, 0xFF, 0xFF, 0xEC, 0x00, 0x00, 0x00, 0x11, 0xB3, 0x00, 0x00, 0x00, 0x00, 0x00, 0x60,
  0xFF, 0xFF, 0xEC, 0x00, 0x00, 0x00, 0x00, 0x46, 0x00, 0x00, 0x00, 0x00, 0x00, 0x60, 0xFF, 0xFF,
  0xEC, 0x00, 0x00, 0x00, 0x00, 0x00, 0x00, 0x02, 0x1C, 0x00, 0x00, 0x60, 0xFF, 0xFF, 0xEC, 0x00,
  0x00, 0x00, 0x00, 0x00, 0x00, 0x4E, 0x1B, 0x00, 0x00, 0x60, 0xFF, 0xFF, 0xEC, 0x00, 0x00, 0x00,
  0x00, 0x00, 0x16, 0xBF, 0x00, 0x00, 0x00, 0x78, 0xFF, 0xFF, 0xEC, 0x00, 0x00, 0x00, 0x0E, 0x55,
  0xDD, 0xA7, 0x00, 0x04, 0x50, 0xF2, 0xFF, 0xFF, 0xFF, 0xFC, 0xFC, 0xFF, 0xFF, 0xFF, 0xFF, 0x7B,
  0x00, 0x00, 0x00, 0x00, 0x00, 0x00, 0x00, 0x00, 0x00, 0x00, 0x03, 0x18, 0x46, 0x04, 0x4D, 0xF2,
  0xFF, 0xFF, 0xFF, 0xFC, 0xFC, 0xFC, 0xFF, 0xFF, 0xFF, 0x00, 0x00, 0x7A, 0xFF, 0xFF, 0xEC, 0x00,
  0x00, 0x00, 0x00, 0x2F, 0xDA, 0x00, 0x00, 0x60, 0xFF, 0xFF, 0xEC, 0x00, 0x00, 0x00, 0x00, 0x00,
  0x5F, 0x00, 0x00, 0x60, 0xFF, 0xFF, 0xEC, 0x00, 0x00, 0x00, 0x00, 0x00, 0x23, 0x00, 0x00, 0x60,
  0xFF, 0xFF, 0xEC, 0x00, 0x00, 0x00, 0x00, 0x00, 0x00, 0x00, 0x00, 0x60, 0xFF, 0xFF, 0xEC, 0x00,
  0x00, 0x00, 0x00, 0x0E, 0x00, 0x00, 0x00, 0x60, 0xFF, 0xFF, 0xEC, 0x00, 0x00, 0x00, 0x00, 0x57,
  0x00, 0x00, 0x00, 0x60, 0xFF, 0xFF, 0xEC, 0x00, 0x00, 0x02, 0x3A, 0xC1, 0x00, 0x00, 0x00, 0x60,
  0xFF, 0xFF, 0xFF, 0xD0, 0xD0, 0xD0, 0xEF, 0xE0, 0x00, 0x00, 0x00, 0x60, 0xFF, 0xFF, 0xEC, 0x00,
  0x00, 0x00, 0x11, 0xB3, 0x00, 0x00, 0x00, 0x60, 0xFF, 0xFF, 0xEC, 0x00, 0x00, 0x00, 0x00, 0x46,
  0x00, 0x00, 0x00, 0x60, 0xFF, 0xFF, 0xEC, 0x00, 0x00, 0x00, 0x00, 0x00, 0x00, 0x00, 0x00, 0x60,
  0xFF, 0xFF, 0xEC, 0x00, 0x00, 0x00, 0x00, 0x00, 0x00, 0x00, 0x00, 0x60, 0xFF, 0xFF, 0xEC, 0x00,
  0x00, 0x00, 0x00, 0x00, 0x00, 0x00, 0x00, 0x78, 0xFF, 0xFF, 0xFD, 0x01, 0x00, 0x00, 0x00, 0x00,
  0x00, 0x04, 0x50, 0xF2, 0xFF, 0xFF, 0xFF, 0x93, 0x27, 0x00, 0x00, 0x00, 0x00, 0x00, 0x00, 0x00,
  0x00, 0x00, 0x36, 0x91, 0xCD, 0xE7, 0xF9, 0xE9, 0xD8, 0xAD, 0x78, 0x30, 0x00, 0x00, 0x00, 0x00,
  0x00, 0x00, 0x00, 0x18, 0xB5, 0xFF, 0xFE, 0xA0, 0x36, 0x0C, 0x03, 0x25, 0x78, 0xED, 0xFF, 0x73,
  0x00, 0x00, 0x00, 0x00, 0x00, 0x1C, 0xE7, 0xFF, 0xFE, 0x61, 0x00, 0x00, 0x00, 0x00, 0x00, 0x00,
  0x23, 0xE4, 0x86, 0x00, 0x00, 0x00, 0x00, 0x04, 0xC9, 0xFF, 0xFF, 0xA3, 0x00, 0x00, 0x00, 0x00,
  0x00, 0x00, 0x00, 0x00, 0x49, 0x88, 0x00, 0x00, 0x00, 0x00, 0x5B, 0xFF, 0xFF, 0xFF, 0x28, 0x00,
  0x00, 0x00, 0x00, 0x00, 0x00, 0x00, 0x00, 0x00, 0x61, 0x00, 0x00, 0x00, 0x00, 0xB2, 0xFF, 0xFF,
  0xE1, 0x00, 0x00, 0x00, 0x00, 0x00, 0x00, 0x00, 0x00, 0x00, 0x00, 0x01, 0x00, 0x00, 0x00, 0x00,
  0xE6, 0xFF, 0xFF, 0xB3, 0x00, 0x00, 0x00, 0x00, 0x00, 0x00, 0x00, 0x00, 0x00, 0x00, 0x00, 0x00,
  0x00, 0x00, 0x00, 0xFC, 0xFF, 0xFF, 0x9F, 0x00, 0x00, 0x00, 0x00, 0x00, 0x00, 0x00, 0x00, 0x00,
  0x00, 0x00, 0x00, 0x00, 0x00, 0x00, 0xFC, 0xFF, 0xFF, 0x9B, 0x00, 0x00, 0x00, 0x00, 0x00, 0x00,
  0x07, 0x47, 0x98, 0x9C, 0x9C, 0x93, 0x42, 0x02, 0x00, 0xE5, 0xFF, 0xFF, 0xAD, 0x00, 0x00, 0x00,
  0x00, 0x00, 0x00, 0x00, 0x00, 0xB5, 0xFF, 0xFF, 0xA3, 0x00, 0x00, 0x00, 0xAF, 0xFF, 0xFF, 0xD3,
  0x00, 0x00, 0x00, 0x00, 0x00, 0x00, 0x00, 0x00, 0xAD, 0xFF, 0xFF, 0x9C, 0x00, 0x00, 0x00, 0x56,
  0xFF, 0xFF, 0xFE, 0x17, 0x00, 0x00, 0x00, 0x00, 0x00, 0x00, 0x00, 0xAE, 0xFF, 0xFF, 0x9C, 0x00,
  0x00, 0x00, 0x02, 0xC4, 0xFF, 0xFF, 0x84, 0x00, 0x00, 0x00, 0x00, 0x00, 0x00, 0x00, 0xB0, 0xFF,
  0xFF, 0x9C, 0x00, 0x00, 0x00, 0x00, 0x19, 0xE5, 0xFF, 0xF5, 0x39, 0x00, 0x00, 0x00, 0x00, 0x00,
  0x1B, 0xEE, 0xFF, 0xF7, 0x48, 0x00, 0x00, 0x00, 0x00, 0x00, 0x18, 0xB9, 0xFF, 0xF2, 0x78, 0x1B,
  0x01, 0x18, 0x64, 0xE5, 0xFF, 0xC3, 0x2D, 0x00, 0x00, 0x00, 0x00, 0x00, 0x00, 0x00, 0x01, 0x3D,
  0x98, 0xD1, 0xEB, 0xF7, 0xEE, 0xCB, 0x91, 0x39, 0x00, 0x00, 0x00, 0x00, 0x00, 0x04, 0x4E, 0xF4,
  0xFF, 0xFF, 0xFF, 0x94, 0x24, 0x00, 0x00, 0x00, 0x27, 0x9F, 0xFF, 0xFF, 0xFF, 0xEC, 0x49, 0x02,
  0x00, 0x00, 0x7D, 0xFF, 0xFF, 0xFF, 0x02, 0x00, 0x00, 0x00, 0x00, 0x00, 0x07, 0xFF, 0xFF, 0xFF,
  0x6F, 0x00, 0x00, 0x00, 0x00, 0x60, 0xFF, 0xFF, 0xEC, 0x00, 0x00, 0x00, 0x00, 0x00, 0x00, 0x00,
  0xF4, 0xFF, 0xFF, 0x58, 0x00, 0x00, 0x00, 0x00, 0x60, 0xFF, 0xFF, 0xEC, 0x00, 0x00, 0x00, 0x00,
  0x00, 0x00, 0x00, 0xF4, 0xFF, 0xFF, 0x58, 0x00, 0x00, 0x00, 0x00, 0x60, 0xFF, 0xFF, 0xEC, 0x00,
  0x00, 0x00, 0x00, 0x00, 0x00, 0x00, 0xF4, 0xFF, 0xFF, 0x58, 0x00, 0x00, 0x00, 0x00, 0x60, 0xFF,
  0xFF, 0xEC, 0x00, 0x00, 0x00, 0x00, 0x00, 0x00, 0x00, 0xF4, 0xFF, 0xFF, 0x58, 0x00, 0x00, 0x00,
  0x00, 0x60, 0xFF, 0xFF, 0xEC, 0x00, 0x00, 0x00, 0x00, 0x00, 0x00, 0x00, 0xF4, 0xFF, 0xFF, 0x58,
  0x00, 0x00, 0x00, 0x00, 0x60, 0xFF, 0xFF, 0xEC, 0x00, 0x00, 0x00, 0x00, 0x00, 0x00, 0x00, 0xF4,
  0xFF, 0xFF, 0x58, 0x00, 0x00, 0x00, 0x00, 0x60, 0xFF, 0xFF, 0xFF, 0xF8, 0xF8, 0xF8, 0xF8, 0xF8,
  0xF8, 0xF8, 0xFF, 0xFF, 0xFF, 0x58, 0x00, 0x00, 0x00, 0x00, 0x60, 0xFF, 0xFF, 0xEC, 0x00, 0x00,
  0x00, 0x00, 0x00, 0x00, 0x00, 0xF4, 0xFF, 0xFF, 0x58, 0x00, 0x00, 0x00, 0x00, 0x60, 0xFF, 0xFF,
  0xEC, 0x00, 0x00, 0x00, 0x00, 0x00, 0x00, 0x00, 0xF4, 0xFF, 0xFF, 0x58, 0x00, 0x00, 0x00, 0x00,
  0x60, 0xFF, 0xFF, 0xEC, 0x00, 0x00, 0x00, 0x00, 0x00, 0x00, 0x00, 0xF4, 0xFF, 0xFF, 0x58, 0x00,
  0x00, 0x00, 0x00, 0x60, 0xFF, 0xFF, 0xEC, 0x00, 0x00, 0x00, 0x00, 0x00, 0x00, 0x00, 0xF4, 0xFF,
  0xFF, 0x58, 0x00, 0x00, 0x00, 0x00, 0x60, 0xFF, 0xFF, 0xEC, 0x00, 0x00, 0x00, 0x00, 0x00, 0x00,
  0x00, 0xF4, 0xFF, 0xFF, 0x58, 0x00, 0x00, 0x00, 0x00, 0x78, 0xFF, 0xFF, 0xFD, 0x01, 0x00, 0x00,
  0x00, 0x00, 0x00, 0x05, 0xFF, 0xFF, 0xFF, 0x6B, 0x00, 0x00, 0x04, 0x50, 0xF2, 0xFF, 0xFF, 0xFF,
  0x92, 0x27, 0x00, 0x00, 0x00, 0x29, 0x9D, 0xFF, 0xFF, 0xFF, 0xE9, 0x4C, 0x02, 0x04, 0x4C, 0xF0,
  0xFF, 0xFF, 0xFF, 0x94, 0x24, 0x00, 0x00, 0x77, 0xFF, 0xFF, 0xFF, 0x02, 0x00, 0x00, 0x00, 0x60,
  0xFF, 0xFF, 0xEC, 0x00, 0x00, 0x00, 0x00, 0x60, 0xFF, 0xFF, 0xEC, 0x00, 0x00, 0x00, 0x00, 0x60,
  0xFF, 0xFF, 0xEC, 0x00, 0x00, 0x00, 0x00, 0x60, 0xFF, 0xFF, 0xEC, 0x00, 0x00, 0x00, 0x00, 0x60,
  0xFF, 0xFF, 0xEC, 0x00, 0x00, 0x00, 0x00, 0x60, 0xFF, 0xFF, 0xEC, 0x00, 0x00, 0x00, 0x00, 0x60,
  0xFF, 0xFF, 0xEC, 0x00, 0x00, 0x00, 0x00, 0x60, 0xFF, 0xFF, 0xEC, 0x00, 0x00, 0x00, 0x00, 0x60,
  0xFF, 0xFF, 0xEC, 0x00, 0x00, 0x00, 0x00, 0x60, 0xFF, 0xFF, 0xEC, 0x00, 0x00, 0x00, 0x00, 0x60,
  0xFF, 0xFF, 0xEC, 0x00, 0x00, 0x00, 0x00, 0x60, 0xFF, 0xFF, 0xEC, 0x00, 0x00, 0x00, 0x00, 0x78,
  0xFF, 0xFF, 0xFF, 0x03, 0x00, 0x04, 0x50, 0xF2, 0xFF, 0xFF, 0xFF, 0x98, 0x27, 0x00, 0x47, 0xE8,
  0xFF, 0xFF, 0xFF, 0x9F, 0x29, 0x00, 0x00, 0x67, 0xFF, 0xFF, 0xFF, 0x09, 0x00, 0x00, 0x00, 0x50,
  0xFF, 0xFF, 0xFC, 0x00, 0x00, 0x00, 0x00, 0x50, 0xFF, 0xFF, 0xFC, 0x00, 0x00, 0x00, 0x00, 0x50,
  0xFF, 0xFF, 0xFC, 0x00, 0x00, 0x00, 0x00, 0x50, 0xFF, 0xFF, 0xFC, 0x00, 0x00, 0x00, 0x00, 0x50,
  0xFF, 0xFF, 0xFC, 0x00, 0x00, 0x00, 0x00, 0x50, 0xFF, 0xFF, 0xFC, 0x00, 0x00, 0x00, 0x00, 0x50,
  0xFF, 0xFF, 0xFC, 0x00, 0x00, 0x00, 0x00, 0x50, 0xFF, 0xFF, 0xFC, 0x00, 0x00, 0x00, 0x00, 0x50,
  0xFF, 0xFF, 0xFC, 0x00, 0x00, 0x00, 0x00, 0x50, 0xFF, 0xFF, 0xFC, 0x00, 0x00, 0x00, 0x00, 0x50,
  0xFF, 0xFF, 0xFC, 0x00, 0x00, 0x00, 0x00, 0x50, 0xFF, 0xFF, 0xFC, 0x00, 0x00, 0x00, 0x00, 0x50,
  0xFF, 0xFF, 0xFC, 0x00, 0x00, 0x00, 0x00, 0x54, 0xFF, 0xFF, 0xF5, 0x00, 0x00, 0x00, 0x00, 0x6D,
  0xFF, 0xFF, 0xD5, 0x00, 0x00, 0x00, 0x00, 0xA7, 0xFF, 0xFF, 0x80, 0x00, 0x00, 0x00, 0x18, 0xF5,
  0xFF, 0xD9, 0x0C, 0x00, 0x00, 0x08, 0xBA, 0xFF, 0xC2, 0x1C, 0x00, 0x00, 0x00, 0x65, 0x7F, 0x3F,
  0x00, 0x00, 0x00, 0x00, 0x00, 0x04, 0x46, 0xE9, 0xFF, 0xFF, 0xFF, 0x91, 0x22, 0x00, 0x00, 0x00,
  0x46, 0xFF, 0xFF, 0xD7, 0x45, 0x07, 0x00, 0x00, 0x00, 0x70, 0xFF, 0xFF, 0xFF, 0x02, 0x00, 0x00,
  0x00, 0x00, 0x6D, 0xFF, 0x82, 0x00, 0x00, 0x00, 0x00, 0x00, 0x00, 0x60, 0xFF, 0xFF, 0xEC, 0x00,
  0x00, 0x00, 0x00, 0x2B, 0xF6, 0x99, 0x00, 0x00, 0x00, 0x00, 0x00, 0x00, 0x00, 0x60, 0xFF, 0xFF,
  0xEC, 0x00, 0x00, 0x00, 0x08, 0xD2, 0xC5, 0x06, 0x00, 0x00, 0x00, 0x00, 0x00, 0x00, 0x00, 0x60,
  0xFF, 0xFF, 0xEC, 0x00, 0x00, 0x00, 0x94, 0xE4, 0x18, 0x00, 0x00, 0x00, 0x00, 0x00, 0x00, 0x00,
  0x00, 0x60, 0xFF, 0xFF, 0xEC, 0x00, 0x00, 0x4D, 0xF7, 0x36, 0x00, 0x00, 0x00, 0x00, 0x00, 0x00,
  0x00, 0x00, 0x00, 0x60, 0xFF, 0xFF, 0xEC, 0x00, 0x19, 0xFF, 0xAE, 0x00, 0x00, 0x00, 0x00, 0x00,
  0x00, 0x00, 0x00, 0x00, 0x00, 0x60, 0xFF, 0xFF, 0xEC, 0x01, 0xFF, 0xFF, 0xEB, 0x18, 0x00, 0x00,
  0x00, 0x00, 0x00, 0x00, 0x00, 0x00, 0x00, 0x60, 0xFF, 0xFF, 0xEC, 0x40, 0xFF, 0xFF, 0xFF, 0xB5,
  0x00, 0x00, 0x00, 0x00, 0x00, 0x00, 0x00, 0x00, 0x00, 0x60, 0xFF, 0xFF, 0xEC, 0x00, 0xB0, 0xFF,
  0xFF, 0xFF, 0x6A, 0x00, 0x00, 0x00, 0x00, 0x00, 0x00, 0x00, 0x00, 0x60, 0xFF, 0xFF, 0xEC, 0x00,
  0x15, 0xE8, 0xFF, 0xFF, 0xF5, 0x27, 0x00, 0x00, 0x00, 0x00, 0x00, 0x00, 0x00, 0x60, 0xFF, 0xFF,
  0xEC, 0x00, 0x00, 0x4B, 0xFF, 0xFF, 0xFF, 0xCB, 0x05, 0x00, 0x00, 0x00, 0x00, 0x00, 0x00, 0x60,
  0xFF, 0xFF, 0xEC, 0x00, 0x00, 0x00, 0x99, 0xFF, 0xFF, 0xFF, 0x84, 0x00, 0x00, 0x00, 0x00, 0x00,
  0x00, 0x60, 0xFF, 0xFF, 0xEC, 0x00, 0x00, 0x00, 0x0A, 0xD8, 0xFF, 0xFF, 0xFC, 0x3A, 0x00, 0x00,
  0x00, 0x00, 0x00, 0x77, 0xFF, 0xFF, 0xFF, 0x02, 0x00, 0x00, 0x00, 0x2C, 0xED, 0xFF, 0xFF, 0xDE,
  0x13, 0x00, 0x00, 0x04, 0x4C, 0xF0, 0xFF, 0xFF, 0xFF, 0x94, 0x24, 0x00, 0x00, 0x00, 0x1C, 0x8E,
  0xDF, 0xFC, 0xD4, 0x54, 0x05, 0x04, 0x4C, 0xF0, 0xFF, 0xFF, 0xFF, 0x94, 0x24, 0x00, 0x00, 0x00,
  0x00, 0x00, 0x00, 0x00, 0x00, 0x77, 0xFF, 0xFF, 0xFF, 0x02, 0x00, 0x00, 0x00, 0x00, 0x00, 0x00,
  0x00, 0x00, 0x00, 0x60, 0xFF, 0xFF, 0xEC, 0x00, 0x00, 0x00, 0x00, 0x00, 0x00, 0x00, 0x00, 0x00,
  0x00, 0x60, 0xFF, 0xFF, 0xEC, 0x00, 0x00, 0x00, 0x00, 0x00, 0x00, 0x00, 0x00, 0x00, 0x00, 0x60,
  0xFF, 0xFF, 0xEC, 0x00, 0x00, 0x00, 0x00, 0x00, 0x00, 0x00, 0x00, 0x00, 0x00, 0x60, 0xFF, 0xFF,
  0xEC, 0x00, 0x00, 0x00, 0x00, 0x00, 0x00, 0x00, 0x00, 0x00, 0x00, 0x60, 0xFF, 0xFF, 0xEC, 0x00,
  0x00, 0x00, 0x00, 0x00, 0x00, 0x00, 0x00, 0x00, 0x00, 0x60, 0xFF, 0xFF, 0xEC, 0x00, 0x00, 0x00,
  0x00, 0x00, 0x00, 0x00, 0x00, 0x00, 0x00, 0x60, 0xFF, 0xFF, 0xEC, 0x00, 0x00, 0x00, 0x00, 0x00,
  0x00, 0x00, 0x00, 0x00, 0x00, 0x60, 0xFF, 0xFF, 0xEC, 0x00, 0x00, 0x00, 0x00, 0x00, 0x00, 0x00,
  0x00, 0x00, 0x00, 0x60, 0xFF, 0xFF, 0xEC, 0x00, 0x00, 0x00, 0x00, 0x00, 0x00, 0x00, 0x00, 0x00,
  0x00, 0x60, 0xFF, 0xFF, 0xEC, 0x00, 0x00, 0x00, 0x00, 0x00, 0x00, 0x07, 0x28, 0x00, 0x00, 0x60,
  0xFF, 0xFF, 0xEC, 0x00, 0x00, 0x00, 0x00, 0x00, 0x00, 0x61, 0x12, 0x00, 0x00, 0x60, 0xFF, 0xFF,
  0xEC, 0x00, 0x00, 0x00, 0x00, 0x00, 0x1D, 0xC2, 0x00, 0x00, 0x00, 0x78, 0xFF, 0xFF, 0xEC, 0x00,
  0x00, 0x00, 0x0F, 0x58, 0xE3, 0xA2, 0x00, 0x04, 0x50, 0xF2, 0xFF, 0xFF, 0xFF, 0xFC, 0xFC, 0xFF,
  0xFF, 0xFF, 0xFF, 0x7A, 0x00, 0x00, 0x00, 0x00, 0x00, 0x28, 0x0B, 0x00, 0x00, 0x00, 0x00, 0x00,
  0x00, 0x00, 0x00, 0x00, 0x00, 0x00, 0x11, 0x1E, 0x00, 0x00, 0x00, 0x00, 0x00, 0x00, 0x00, 0x00,
  0xC0, 0x8B, 0x00, 0x00, 0x00, 0x00, 0x00, 0x00, 0x00, 0x00, 0x00, 0x00, 0x00, 0xA2, 0xA4, 0x00,
  0x00, 0x00, 0x00, 0x00, 0x00, 0x00, 0x00, 0xFF, 0xFF, 0x23, 0x00, 0x00, 0x00, 0x00, 0x00, 0x00,
  0x00, 0x00, 0x00, 0x23, 0xFF, 0xDA, 0x00, 0x00, 0x00, 0x00, 0x00, 0x00, 0x00, 0x00, 0xFF, 0xFF,
  0xB2, 0x00, 0x00, 0x00, 0x00, 0x00, 0x00, 0x00, 0x00, 0x00, 0xAF, 0xFF, 0xB7, 0x00, 0x00, 0x00,
  0x00, 0x00, 0x00, 0x00, 0x00, 0xFF, 0xFF, 0xFF, 0x48, 0x00, 0x00, 0x00, 0x00, 0x00, 0x00, 0x00,
  0x3D, 0xFF, 0xFF, 0xD0, 0x00, 0x00, 0x00, 0x00, 0x00, 0x00, 0x00, 0x02, 0xFF, 0xFF, 0xFF, 0xD9,
  0x05, 0x00, 0x00, 0x00, 0x00, 0x00, 0x01, 0xCB, 0xFF, 0xFF, 0xF2, 0x00, 0x00, 0x00, 0x00, 0x00,
  0x00, 0x00, 0x1C, 0xFF, 0xFF, 0xFF, 0xFF, 0x75, 0x00, 0x00, 0x00, 0x00, 0x00, 0x5D, 0xFF, 0xFF,
  0xFF, 0xFF, 0x13, 0x00, 0x00, 0x00, 0x00, 0x00, 0x00, 0x3D, 0xFF, 0xD1, 0xFF, 0xFF, 0xF2, 0x19,
  0x00, 0x00, 0x00, 0x09, 0xE2, 0xCA, 0xFF, 0xFF, 0xFF, 0x35, 0x00, 0x00, 0x00, 0x00, 0x00, 0x00,
  0x5E, 0xFA, 0x2C, 0xFC, 0xFF, 0xFF, 0xA2, 0x00, 0x00, 0x00, 0x7C, 0xFB, 0x29, 0xFC, 0xFF, 0xFF,
  0x56, 0x00, 0x00, 0x00, 0x00, 0x00, 0x00, 0x7F, 0xE0, 0x00, 0x94, 0xFF, 0xFF, 0xFE, 0x3A, 0x00,
  0x18, 0xF3, 0x92, 0x00, 0xE4, 0xFF, 0xFF, 0x78, 0x00, 0x00, 0x00, 0x00, 0x00, 0x00, 0x9F, 0xC5,
  0x00, 0x13, 0xEE, 0xFF, 0xFF, 0xCC, 0x02, 0x9B, 0xF0, 0x13, 0x00, 0xC9, 0xFF, 0xFF, 0x99, 0x00,
  0x00, 0x00, 0x00, 0x00, 0x00, 0xC0, 0xA9, 0x00, 0x00, 0x6F, 0xFF, 0xFF, 0xFF, 0x92, 0xFD, 0x75,
  0x00, 0x00, 0xAE, 0xFF, 0xFF, 0xBB, 0x00, 0x00, 0x00, 0x00, 0x00, 0x00, 0xE1, 0x8E, 0x00, 0x00,
  0x04, 0xD7, 0xFF, 0xFF, 0xFF, 0xDF, 0x07, 0x00, 0x00, 0x92, 0xFF, 0xFF, 0xDC, 0x00, 0x00, 0x00,
  0x00, 0x00, 0x04, 0xFC, 0x73, 0x00, 0x00, 0x00, 0x4A, 0xFF, 0xFF, 0xFF, 0x58, 0x00, 0x00, 0x00,
  0x77, 0xFF, 0xFF, 0xFA, 0x03, 0x00, 0x00, 0x00, 0x00, 0x22, 0xFF, 0x57, 0x00, 0x00, 0x00, 0x00,
  0xBB, 0xFF, 0xFF, 0x01, 0x00, 0x00, 0x00, 0x5C, 0xFF, 0xFF, 0xFF, 0x1F, 0x00, 0x00, 0x00, 0x00,
  0x7D, 0xFF, 0x4A, 0x00, 0x00, 0x00, 0x00, 0x2F, 0xFF, 0x72, 0x00, 0x00, 0x00, 0x00, 0x4E, 0xFF,
  0xFF, 0xFF, 0x7C, 0x00, 0x00, 0x0C, 0x4F, 0xFF, 0xFF, 0xAE, 0x18, 0x00, 0x00, 0x00, 0x00, 0xE9,
  0x09, 0x00, 0x00, 0x00, 0x18, 0xAF, 0xFF, 0xFF, 0xFF, 0xFF, 0x4F, 0x0B, 0x00, 0x00, 0x30, 0x00,
  0x00, 0x00, 0x00, 0x00, 0x00, 0x00, 0x00, 0x00, 0x00, 0x00, 0x00, 0x00, 0x00, 0x00, 0x00, 0x00,
  0x00, 0xFF, 0x98, 0x00, 0x00, 0x00, 0x00, 0x00, 0x00, 0x00, 0x10, 0x52, 0xF6, 0xFF, 0xFF, 0xFF,
  0x5D, 0x15, 0x00, 0x00, 0xFF, 0xFF, 0x9C, 0x00, 0x00, 0x00, 0x00, 0x00, 0x00, 0x00, 0x00, 0x94,
  0xFF, 0xFF, 0xB0, 0x00, 0x00, 0x00, 0x00, 0xB4, 0xFF, 0xFF, 0x9F, 0x00, 0x00, 0x00, 0x00, 0x00,
  0x00, 0x00, 0x84, 0xFF, 0xFF, 0x9C, 0x00, 0x00, 0x00, 0x00, 0x94, 0xFF, 0xFF, 0xFF, 0x8D, 0x00,
  0x00, 0x00, 0x00, 0x00, 0x00, 0x84, 0xFF, 0xFF, 0x9C, 0x00, 0x00, 0x00, 0x00, 0x94, 0xFF, 0xFF,
  0xFF, 0xFF, 0x90, 0x00, 0x00, 0x00, 0x00, 0x00, 0x84, 0xFF, 0xFF, 0x9C, 0x00, 0x00, 0x00, 0x00,
  0x94, 0xFF, 0xFF, 0xA7, 0xDA, 0xFF, 0x92, 0x00, 0x00, 0x00, 0x00, 0x84, 0xFF, 0xFF, 0x9C, 0x00,
  0x00, 0x00, 0x00, 0x94, 0xFF, 0xFF, 0x8C, 0x1A, 0xD8, 0xFF, 0x95, 0x01, 0x00, 0x00, 0x84, 0xFF,
  0xFF, 0x9C, 0x00, 0x00, 0x00, 0x00, 0x94, 0xFF, 0xFF, 0x8D, 0x00, 0x18, 0xD6, 0xFF, 0x97, 0x01,
  0x00, 0x84, 0xFF, 0xFF, 0x9C, 0x00, 0x00, 0x00, 0x00, 0x94, 0xFF, 0xFF, 0x8D, 0x00, 0x00, 0x17,
  0xD5, 0xFF, 0x99, 0x01, 0x84, 0xFF, 0xFF, 0x9C, 0x00, 0x00, 0x00, 0x00, 0x94, 0xFF, 0xFF, 0x8D,
  0x00, 0x00, 0x00, 0x15, 0xD3, 0xFF, 0x9B, 0x85, 0xFF, 0xFF, 0x9C, 0x00, 0x00, 0x00, 0x00, 0x94,
  0xFF, 0xFF, 0x8E, 0x00, 0x00, 0x00, 0x00, 0x14, 0xD1, 0xFF, 0xFF, 0xFF, 0xFF, 0x9C, 0x00, 0x00,
  0x00, 0x00, 0x94, 0xFF, 0xFF, 0x8E, 0x00, 0x00, 0x00, 0x00, 0x00, 0x13, 0xCF, 0xFF, 0xFF, 0xFF,
  0x9C, 0x00, 0x00, 0x00, 0x00, 0x94, 0xFF, 0xFF, 0x8E, 0x00, 0x00, 0x00, 0x00, 0x00, 0x00, 0x12,
  0xFF, 0xFF, 0xFF, 0x9E, 0x00, 0x00, 0x00, 0x00, 0x94, 0xFF, 0xFF, 0x8F, 0x00, 0x00, 0x00, 0x00,
  0x00, 0x00, 0x00, 0x14, 0xFF, 0xFF, 0xFF, 0x00, 0x00, 0x00, 0x00, 0xA8, 0xFF, 0xFF, 0xA2, 0x00,
  0x00, 0x00, 0x00, 0x00, 0x00, 0x00, 0x00, 0x16, 0xFF, 0xFF, 0x00, 0x00, 0x14, 0x5C, 0xFF, 0xFF,
  0xFF, 0xFF, 0x5A, 0x13, 0x00, 0x00, 0x00, 0x00, 0x00, 0x00, 0x00, 0x18, 0xF1, 0x00, 0x00, 0x00,
  0x00, 0x00, 0x00, 0x25, 0x7D, 0xC5, 0xE0, 0xF6, 0xEB, 0xD2, 0xA3, 0x4B, 0x05, 0x00, 0x00, 0x00,
  0x00, 0x00, 0x00, 0x0B, 0x96, 0xFF, 0xFE, 0x97, 0x2A, 0x05, 0x16, 0x5C, 0xDF, 0xFF, 0xD9, 0x38,
  0x00, 0x00, 0x00, 0x00, 0x0B, 0xD0, 0xFF, 0xFF, 0x67, 0x00, 0x00, 0x00, 0x00, 0x00, 0x18, 0xDB,
  0xFF, 0xFC, 0x53, 0x00, 0x00, 0x00, 0xAA, 0xFF, 0xFF, 0xB4, 0x00, 0x00, 0x00, 0x00, 0x00, 0x00,
  0x00, 0x44, 0xFF, 0xFF, 0xF4, 0x2B, 0x00, 0x3B, 0xFF, 0xFF, 0xFF, 0x3E, 0x00, 0x00, 0x00, 0x00,
  0x00, 0x00, 0x00, 0x00, 0xCE, 0xFF, 0xFF, 0xB2, 0x00, 0x96, 0xFF, 0xFF, 0xF3, 0x05, 0x00, 0x00,
  0x00, 0x00, 0x00, 0x00, 0x00, 0x00, 0x86, 0xFF, 0xFF, 0xFB, 0x12, 0xCD, 0xFF, 0xFF, 0xCC, 0x00,
  0x00, 0x00, 0x00, 0x00, 0x00, 0x00, 0x00, 0x00, 0x5A, 0xFF, 0xFF, 0xFF, 0x44, 0xE5, 0xFF, 0xFF,
  0xB9, 0x00, 0x00, 0x00, 0x00, 0x00, 0x00, 0x00, 0x00, 0x00, 0x46, 0xFF, 0xFF, 0xFF, 0x5C, 0xE6,
  0xFF, 0xFF, 0xB9, 0x00, 0x00, 0x00, 0x00, 0x00, 0x00, 0x00, 0x00, 0x00, 0x46, 0xFF, 0xFF, 0xFF,
  0x5C, 0xCE, 0xFF, 0xFF, 0xCC, 0x00, 0x00, 0x00, 0x00, 0x00, 0x00, 0x00, 0x00, 0x00, 0x5A, 0xFF,
  0xFF, 0xFF, 0x43, 0x99, 0xFF, 0xFF, 0xF2, 0x04, 0x00, 0x00, 0x00, 0x00, 0x00, 0x00, 0x00, 0x00,
  0x85, 0xFF, 0xFF, 0xFB, 0x11, 0x40, 0xFF, 0xFF, 0xFF, 0x3D, 0x00, 0x00, 0x00, 0x00, 0x00, 0x00,
  0x00, 0x00, 0xCC, 0xFF, 0xFF, 0xB2, 0x00, 0x00, 0xAF, 0xFF, 0xFF, 0xB2, 0x00, 0x00, 0x00, 0x00,
  0x00, 0x00, 0x00, 0x41, 0xFF, 0xFF, 0xF4, 0x2B, 0x00, 0x00, 0x0D, 0xD2, 0xFF, 0xFF, 0x63, 0x00,
  0x00, 0x00, 0x00, 0x00, 0x16, 0xD9, 0xFF, 0xFD, 0x54, 0x00, 0x00, 0x00, 0x00, 0x0C, 0x9B, 0xFF,
  0xFD, 0x93, 0x26, 0x03, 0x11, 0x57, 0xDD, 0xFF, 0xDB, 0x3A, 0x00, 0x00, 0x00, 0x00, 0x00, 0x00,
  0x00, 0x28, 0x81, 0xC6, 0xE1, 0xF4, 0xEC, 0xD3, 0xA5, 0x4F, 0x07, 0x00, 0x00, 0x00, 0x00, 0x00,
  0x47, 0xE6, 0xFF, 0xFF, 0xFF, 0xF4, 0xF9, 0xFB, 0xE6, 0xB6, 0x55, 0x00, 0x00, 0x00, 0x00, 0x65,
  0xFF, 0xFF, 0xFC, 0x00, 0x02, 0x30, 0xD0, 0xFF, 0xFF, 0x9C, 0x00, 0x00, 0x00, 0x50, 0xFF, 0xFF,
  0xFC, 0x00, 0x00, 0x00, 0x25, 0xFB, 0xFF, 0xFF, 0x4E, 0x00, 0x00, 0x50, 0xFF, 0xFF, 0xFC, 0x00,
  0x00, 0x00, 0x00, 0xD3, 0xFF, 0xFF, 0xA7, 0x00, 0x00, 0x50, 0xFF, 0xFF, 0xFC, 0x00, 0x00, 0x00,
  0x00, 0xBA, 0xFF, 0xFF, 0xC5, 0x00, 0x00, 0x50, 0xFF, 0xFF, 0xFC, 0x00, 0x00, 0x00, 0x00, 0xDD,
  0xFF, 0xFF, 0xB2, 0x00, 0x00, 0x50, 0xFF, 0xFF, 0xFC, 0x00, 0x00, 0x00, 0x3F, 0xFF, 0xFF, 0xFF,
  0x66, 0x00, 0x00, 0x50, 0xFF, 0xFF, 0xFC, 0x00, 0x00, 0x43, 0xE5, 0xFF, 0xFF, 0xC9, 0x05, 0x00,
  0x00, 0x50, 0xFF, 0xFF, 0xFC, 0x14, 0xB6, 0xFF, 0xFF, 0xFB, 0xA2, 0x10, 0x00, 0x00, 0x00, 0x50,
  0xFF, 0xFF, 0xFC, 0x00, 0x00, 0x20, 0x34, 0x11, 0x00, 0x00, 0x00, 0x00, 0x00, 0x50, 0xFF, 0xFF,
  0xFC, 0x00, 0x00, 0x00, 0x00, 0x00, 0x00, 0x00, 0x00, 0x00, 0x00, 0x50, 0xFF, 0xFF, 0xFC, 0x00,
  0x00, 0x00, 0x00, 0x00, 0x00, 0x00, 0x00, 0x00, 0x00, 0x50, 0xFF, 0xFF, 0xFC, 0x00, 0x00, 0x00,
  0x00, 0x00, 0x00, 0x00, 0x00, 0x00, 0x00, 0x50, 0xFF, 0xFF, 0xFC, 0x00, 0x00, 0x00, 0x00, 0x00,
  0x00, 0x00, 0x00, 0x00, 0x00, 0x68, 0xFF, 0xFF, 0xFF, 0x0A, 0x00, 0x00, 0x00, 0x00, 0x00, 0x00,
  0x00, 0x00, 0x4B, 0xEA, 0xFF, 0xFF, 0xFF, 0xA3, 0x2C, 0x00, 0x00, 0x00, 0x00, 0x00, 0x00, 0x00,
  0x00, 0x00, 0x00, 0x26, 0x7F, 0xC5, 0xE1, 0xF6, 0xEB, 0xD1, 0xA2, 0x49, 0x04, 0x00, 0x00, 0x00,
  0x00, 0x00, 0x00, 0x00, 0x00, 0x00, 0x00, 0x00, 0x00, 0x00, 0x00, 0x00, 0x00, 0x00, 0x0C, 0x98,
  0xFF, 0xFD, 0x95, 0x29, 0x05, 0x17, 0x60, 0xE3, 0xFF, 0xD5, 0x34, 0x00, 0x00, 0x00, 0x00, 0x00,
  0x00, 0x00, 0x00, 0x00, 0x00, 0x00, 0x00, 0x00, 0x00, 0x00, 0x0D, 0xD2, 0xFF, 0xFF, 0x60, 0x00,
  0x00, 0x00, 0x00, 0x00, 0x1C, 0xDF, 0xFF, 0xFB, 0x4B, 0x00, 0x00, 0x00, 0x00, 0x00, 0x00, 0x00,
  0x00, 0x00, 0x00, 0x00, 0x00, 0x00, 0x00, 0xAE, 0xFF, 0xFF, 0xAE, 0x00, 0x00, 0x00, 0x00, 0x00,
  0x00, 0x00, 0x4A, 0xFF, 0xFF, 0xF0, 0x24, 0x00, 0x00, 0x00, 0x00, 0x00, 0x00, 0x00, 0x00, 0x00,
  0x00, 0x00, 0x00, 0x40, 0xFF, 0xFF, 0xFF, 0x38, 0x00, 0x00, 0x00, 0x00, 0x00, 0x00, 0x00, 0x00,
  0xD5, 0xFF, 0xFF, 0xA6, 0x00, 0x00, 0x00, 0x00, 0x00, 0x00, 0x00, 0x00, 0x00, 0x00, 0x00, 0x00,
  0x9A, 0xFF, 0xFF, 0xEF, 0x03, 0x00, 0x00, 0x00, 0x00, 0x00, 0x00, 0x00, 0x00, 0x8F, 0xFF, 0xFF,
  0xF7, 0x0A, 0x00, 0x00, 0x00, 0x00, 0x00, 0x00, 0x00, 0x00, 0x00, 0x00, 0x00, 0xD1, 0xFF, 0xFF,
  0xC5, 0x00, 0x00, 0x00, 0x00, 0x00, 0x00, 0x00, 0x00, 0x00, 0x62, 0xFF, 0xFF, 0xFF, 0x38, 0x00,
  0x00, 0x00, 0x00, 0x00, 0x00, 0x00, 0x00, 0x00, 0x00, 0x00, 0xE9, 0xFF, 0xFF, 0xB2, 0x00, 0x00,
  0x00, 0x00, 0x00, 0x00, 0x00, 0x00, 0x00, 0x4F, 0xFF, 0xFF, 0xFF, 0x50, 0x00, 0x00, 0x00, 0x00,
  0x00, 0x00, 0x00, 0x00, 0x00, 0x00, 0x00, 0xEA, 0xFF, 0xFF, 0xB0, 0x00, 0x00, 0x00, 0x00, 0x00,
  0x00, 0x00, 0x00, 0x00, 0x4D, 0xFF, 0xFF, 0xFF, 0x50, 0x00, 0x00, 0x00, 0x00, 0x00, 0x00, 0x00,
  0x00, 0x00, 0x00, 0x00, 0xD2, 0xFF, 0xFF, 0xC3, 0x00, 0x00, 0x00, 0x00, 0x00, 0x00, 0x00, 0x00,
  0x00, 0x60, 0xFF, 0xFF, 0xFF, 0x37, 0x00, 0x00, 0x00, 0x00, 0x00, 0x00, 0x00, 0x00, 0x00, 0x00,
  0x00, 0x9D, 0xFF, 0xFF, 0xE9, 0x01, 0x00, 0x00, 0x00, 0x00, 0x00, 0x00, 0x00, 0x00, 0x87, 0xFF,
  0xFF, 0xF7, 0x0A, 0x00, 0x00, 0x00, 0x00, 0x00, 0x00, 0x00, 0x00, 0x00, 0x00, 0x00, 0x44, 0xFF,
  0xFF, 0xFF, 0x2E, 0x00, 0x00, 0x00, 0x00, 0x00, 0x00, 0x00, 0x00, 0xCB, 0xFF, 0xFF, 0xA6, 0x00,
  0x00, 0x00, 0x00, 0x00, 0x00, 0x00, 0x00, 0x00, 0x00, 0x00, 0x00, 0x00, 0xB2, 0xFF, 0xFF, 0x9F,
  0x00, 0x00, 0x00, 0x00, 0x00, 0x00, 0x00, 0x3A, 0xFF, 0xFF, 0xF0, 0x24, 0x00, 0x00, 0x00, 0x00,
  0x00, 0x00, 0x00, 0x00, 0x00, 0x00, 0x00, 0x00, 0x00, 0x0E, 0xD5, 0xFF, 0xFD, 0x4B, 0x00, 0x00,
  0x00, 0x00, 0x00, 0x0F, 0xD0, 0xFF, 0xFB, 0x4B, 0x00, 0x00, 0x00, 0x00, 0x00, 0x00, 0x00, 0x00,
  0x00, 0x00, 0x00, 0x00, 0x00, 0x00, 0x00, 0x0D, 0x9D, 0xFF, 0xF7, 0x77, 0x0D, 0x00, 0x02, 0x41,
  0xCF, 0xFF, 0xD6, 0x34, 0x00, 0x00, 0x00, 0x00, 0x00, 0x00, 0x00, 0x00, 0x00, 0x00, 0x00, 0x00,
  0x00, 0x00, 0x00, 0x00, 0x00, 0x00, 0x2A, 0x82, 0xC7, 0xE1, 0xFF, 0xFF, 0xFF, 0xFF, 0x8D, 0x0B,
  0x00, 0x00, 0x00, 0x00, 0x00, 0x00, 0x00, 0x00, 0x00, 0x00, 0x00, 0x00, 0x00, 0x00, 0x00, 0x00,
  0x00, 0x00, 0x00, 0x00, 0x00, 0x00, 0x00, 0x07, 0x36, 0x8E, 0xF6, 0xFF, 0xF2, 0xA8, 0x4D, 0x05,
  0x00, 0x00, 0x00, 0x00, 0x00, 0x00, 0x00, 0x00, 0x00, 0x00, 0x00, 0x00, 0x00, 0x00, 0x00, 0x00,
  0x00, 0x00, 0x00, 0x00, 0x00, 0x00, 0x00, 0x1C, 0xA2, 0xFF, 0xFF, 0xFF, 0xEA, 0x8C, 0x28, 0x00,
  0x00, 0x00, 0x00, 0x00, 0x00, 0x00, 0x00, 0x03, 0x57, 0x00, 0x00, 0x00, 0x00, 0x00, 0x00, 0x00,
  0x00, 0x00, 0x00, 0x00, 0x00, 0x00, 0x47, 0xE2, 0xFF, 0xFF, 0xFF, 0xFF, 0xCC, 0x80, 0x44, 0x1E,
  0x08, 0x06, 0x21, 0x63, 0xD2, 0x9A, 0x00, 0x00, 0x00, 0x00, 0x00, 0x00, 0x00, 0x00, 0x00, 0x00,
  0x00, 0x00, 0x00, 0x00, 0x0D, 0x8D, 0xFA, 0xFF, 0xFF, 0xFF, 0xFF, 0xFF, 0xFF, 0xFF, 0xFF, 0xFF,
  0xFF, 0xF4, 0x26, 0x00, 0x00, 0x00, 0x00, 0x00, 0x00, 0x00, 0x00, 0x00, 0x00, 0x00, 0x00, 0x00,
  0x00, 0x00, 0x00, 0x28, 0xAD, 0xFD, 0xFF, 0xFF, 0xFF, 0xFF, 0xFF, 0xFF, 0xFF, 0xED, 0x45, 0x00,
  0x00, 0x00, 0x00, 0x00, 0x00, 0x00, 0x00, 0x00, 0x00, 0x00, 0x00, 0x00, 0x00, 0x00, 0x00, 0x00,
  0x00, 0x00, 0x23, 0x80, 0xC6, 0xF0, 0xFF, 0xF9, 0xD1, 0x83, 0x15, 0x00, 0x00, 0x00, 0x00, 0x00,
  0x00, 0x00, 0x00, 0x00, 0x00, 0x00, 0x00, 0x00, 0x00, 0x00, 0x00, 0x00, 0x00, 0x00, 0x00, 0x00,
  0x00, 0x00, 0x00, 0x04, 0x00, 0x00, 0x00, 0x00, 0x00, 0x00, 0x00, 0x47, 0xE8, 0xFF, 0xFF, 0xFF,
  0xFF, 0xFF, 0xFC, 0xE1, 0xBB, 0x63, 0x03, 0x00, 0x00, 0x00, 0x00, 0x00, 0x00, 0x00, 0x67, 0xFF,
  0xFF, 0xFC, 0x04, 0x07, 0x36, 0xD0, 0xFF, 0xFF, 0xB6, 0x03, 0x00, 0x00, 0x00, 0x00, 0x00, 0x00,
  0x50, 0xFF, 0xFF, 0xFC, 0x00, 0x00, 0x00, 0x27, 0xFD, 0xFF, 0xFF, 0x64, 0x00, 0x00, 0x00, 0x00,
  0x00, 0x00, 0x50, 0xFF, 0xFF, 0xFC, 0x00, 0x00, 0x00, 0x00, 0xDD, 0xFF, 0xFF, 0xAE, 0x00, 0x00,
  0x00, 0x00, 0x00, 0x00, 0x50, 0xFF, 0xFF, 0xFC, 0x00, 0x00, 0x00, 0x00, 0xC3, 0xFF, 0xFF, 0xBC,
  0x00, 0x00, 0x00, 0x00, 0x00, 0x00, 0x50, 0xFF, 0xFF, 0xFC, 0x00, 0x00, 0x00, 0x00, 0xE6, 0xFF,
  0xFF, 0x95, 0x00, 0x00, 0x00, 0x00, 0x00, 0x00, 0x50, 0xFF, 0xFF, 0xFC, 0x00, 0x00, 0x00, 0x42,
  0xFF, 0xFF, 0xFF, 0x36, 0x00, 0x00, 0x00, 0x00, 0x00, 0x00, 0x50, 0xFF, 0xFF, 0xFC, 0x04, 0x1A,
  0x57, 0xE8, 0xFF, 0xFF, 0x7F, 0x00, 0x00, 0x00, 0x00, 0x00, 0x00, 0x00, 0x50, 0xFF, 0xFF, 0xFC,
  0x10, 0xA1, 0xFF, 0xFF, 0xC0, 0x3B, 0x00, 0x00, 0x00, 0x00, 0x00, 0x00, 0x00, 0x00, 0x50, 0xFF,
  0xFF, 0xFC, 0x00, 0x05, 0xE1, 0xFF, 0xFE, 0x70, 0x00, 0x00, 0x00, 0x00, 0x00, 0x00, 0x00, 0x00,
  0x50, 0xFF, 0xFF, 0xFC, 0x00, 0x00, 0x7A, 0xFF, 0xFF, 0xFD, 0x46, 0x00, 0x00, 0x00, 0x00, 0x00,
  0x00, 0x00, 0x50, 0xFF, 0xFF, 0xFC, 0x00, 0x00, 0x12, 0xF4, 0xFF, 0xFF, 0xE0, 0x0B, 0x00, 0x00,
  0x00, 0x00, 0x00, 0x00, 0x50, 0xFF, 0xFF, 0xFC, 0x00, 0x00, 0x00, 0x8E, 0xFF, 0xFF, 0xFF, 0x92,
  0x00, 0x00, 0x00, 0x00, 0x00, 0x00, 0x50, 0xFF, 0xFF, 0xFC, 0x00, 0x00, 0x00, 0x17, 0xEF, 0xFF,
  0xFF, 0xFE, 0x41, 0x00, 0x00, 0x00, 0x00, 0x00, 0x68, 0xFF, 0xFF, 0xFF, 0x08, 0x00, 0x00, 0x00,
  0x49, 0xF7, 0xFF, 0xFF, 0xE6, 0x1C, 0x00, 0x00, 0x00, 0x4B, 0xEA, 0xFF, 0xFF, 0xFF, 0xA1, 0x2B,
  0x00, 0x00, 0x00, 0x28, 0x9B, 0xD3, 0xEE, 0xE4, 0x68, 0x18, 0x00, 0x00, 0x5E, 0xC6, 0xF1, 0xF7,
  0xFF, 0xFF, 0xFF, 0x89, 0x00, 0x00, 0x91, 0xFF, 0xD0, 0x35, 0x01, 0x05, 0x4B, 0xE4, 0x59, 0x00,
  0x2F, 0xFF, 0xFF, 0x26, 0x00, 0x00, 0x00, 0x00, 0x47, 0x43, 0x00, 0x79, 0xFF, 0xFF, 0x14, 0x00,
  0x00, 0x00, 0x00, 0x08, 0x16, 0x00, 0x86, 0xFF, 0xFF, 0xBC, 0x11, 0x00, 0x00, 0x00, 0x00, 0x00,
  0x00, 0x56, 0xFF, 0xFF, 0xFF, 0xE1, 0x48, 0x00, 0x00, 0x00, 0x00, 0x00, 0x07, 0xCF, 0xFF, 0xFF,
  0xFF, 0xFF, 0xA3, 0x13, 0x00, 0x00, 0x00, 0x00, 0x17, 0xB9, 0xFF, 0xFF, 0xFF, 0xFF, 0xEA, 0x57,
  0x00, 0x00, 0x00, 0x00, 0x00, 0x66, 0xF1, 0xFF, 0xFF, 0xFF, 0xFF, 0x93, 0x00, 0x00, 0x00, 0x00,
  0x00, 0x1D, 0xB7, 0xFF, 0xFF, 0xFF, 0xFF, 0x4E, 0x04, 0x00, 0x00, 0x00, 0x00, 0x00, 0x5F, 0xF0,
  0xFF, 0xFF, 0x9E, 0x73, 0x03, 0x00, 0x00, 0x00, 0x00, 0x00, 0x39, 0xFE, 0xFF, 0xAC, 0xC0, 0x35,
  0x00, 0x00, 0x00, 0x00, 0x00, 0x00, 0xE3, 0xFF, 0x86, 0xDF, 0xBC, 0x03, 0x00, 0x00, 0x00, 0x00,
  0x1A, 0xFC, 0xFA, 0x27, 0xB4, 0xFF, 0xBF, 0x3D, 0x06, 0x05, 0x37, 0xCC, 0xFA, 0x60, 0x00, 0x08,
  0x68, 0xB5, 0xE3, 0xF6, 0xF3, 0xD9, 0x99, 0x2A, 0x00, 0x00, 0x44, 0x2D, 0x09, 0x00, 0x00, 0x00,
  0x00, 0x00, 0x00, 0x00, 0x00, 0x00, 0x10, 0x3D, 0x2A, 0xCD, 0xFF, 0xFF, 0xE0, 0xE0, 0xFF, 0xFF,
  0xFF, 0xFF, 0xE0, 0xE0, 0xE0, 0xFF, 0xFF, 0x75, 0xAB, 0x53, 0x02, 0x00, 0x00, 0x4C, 0xFF, 0xFF,
  0xFF, 0x00, 0x00, 0x00, 0x02, 0x89, 0x64, 0x5A, 0x00, 0x00, 0x00, 0x00, 0x4C, 0xFF, 0xFF, 0xFF,
  0x00, 0x00, 0x00, 0x00, 0x03, 0x55, 0x1D, 0x00, 0x00, 0x00, 0x00, 0x4C, 0xFF, 0xFF, 0xFF, 0x00,
  0x00, 0x00, 0x00, 0x00, 0x1D, 0x00, 0x00, 0x00, 0x00, 0x00, 0x4C, 0xFF, 0xFF, 0xFF, 0x00, 0x00,
  0x00, 0x00, 0x00, 0x00, 0x00, 0x00, 0x00, 0x00, 0x00, 0x4C, 0xFF, 0xFF, 0xFF, 0x00, 0x00, 0x00,
  0x00, 0x00, 0x00, 0x00, 0x00, 0x00, 0x00, 0x00, 0x4C, 0xFF, 0xFF, 0xFF, 0x00, 0x00, 0x00, 0x00,
  0x00, 0x00, 0x00, 0x00, 0x00, 0x00, 0x00, 0x4C, 0xFF, 0xFF, 0xFF, 0x00, 0x00, 0x00, 0x00, 0x00,
  0x00, 0x00, 0x00, 0x00, 0x00, 0x00, 0x4C, 0xFF, 0xFF, 0xFF, 0x00, 0x00, 0x00, 0x00, 0x00, 0x00,
  0x00, 0x00, 0x00, 0x00, 0x00, 0x4C, 0xFF, 0xFF, 0xFF, 0x00, 0x00, 0x00, 0x00, 0x00, 0x00, 0x00,
  0x00, 0x00, 0x00, 0x00, 0x4C, 0xFF, 0xFF, 0xFF, 0x00, 0x00, 0x00, 0x00, 0x00, 0x00, 0x00, 0x00,
  0x00, 0x00, 0x00, 0x4C, 0xFF, 0xFF, 0xFF, 0x00, 0x00, 0x00, 0x00, 0x00, 0x00, 0x00, 0x00, 0x00,
  0x00, 0x00, 0x4C, 0xFF, 0xFF, 0xFF, 0x00, 0x00, 0x00, 0x00, 0x00, 0x00, 0x00, 0x00, 0x00, 0x00,
  0x00, 0x4C, 0xFF, 0xFF, 0xFF, 0x00, 0x00, 0x00, 0x00, 0x00, 0x00, 0x00, 0x00, 0x00, 0x00, 0x00,
  0x64, 0xFF, 0xFF, 0xFF, 0x0D, 0x00, 0x00, 0x00, 0x00, 0x00, 0x00, 0x00, 0x00, 0x00, 0x4A, 0xE7,
  0xFF, 0xFF, 0xFF, 0xA6, 0x2D, 0x00, 0x00, 0x00, 0x00, 0x08, 0x4E, 0xFA, 0xFF, 0xFF, 0xF9, 0x50,
  0x09, 0x00, 0x00, 0x00, 0x00, 0x0D, 0x55, 0xFF, 0xFF, 0x69, 0x15, 0x00, 0x00, 0xAC, 0xFF, 0xFF,
  0xAF, 0x00, 0x00, 0x00, 0x00, 0x00, 0x00, 0x00, 0x00, 0xC0, 0xE3, 0x00, 0x00, 0x00, 0x00, 0xA4,
  0xFF, 0xFF, 0xA8, 0x00, 0x00, 0x00, 0x00, 0x00, 0x00, 0x00, 0x00, 0xB8, 0xDC, 0x00, 0x00, 0x00,
  0x00, 0xA4, 0xFF, 0xFF, 0xA8, 0x00, 0x00, 0x00, 0x00, 0x00, 0x00, 0x00, 0x00, 0xB8, 0xDC, 0x00,
  0x00, 0x00, 0x00, 0xA4, 0xFF, 0xFF, 0xA8, 0x00, 0x00, 0x00, 0x00, 0x00, 0x00, 0x00, 0x00, 0xB8,
  0xDC, 0x00, 0x00, 0x00, 0x00, 0xA4, 0xFF, 0xFF, 0xA8, 0x00, 0x00, 0x00, 0x00, 0x00, 0x00, 0x00,
  0x00, 0xB8, 0xDC, 0x00, 0x00, 0x00, 0x00, 0xA4, 0xFF, 0xFF, 0xA8, 0x00, 0x00, 0x00, 0x00, 0x00,
  0x00, 0x00, 0x00, 0xB8, 0xDC, 0x00, 0x00, 0x00, 0x00, 0xA4, 0xFF, 0xFF, 0xA8, 0x00, 0x00, 0x00,
  0x00, 0x00, 0x00, 0x00, 0x00, 0xB8, 0xDC, 0x00, 0x00, 0x00, 0x00, 0xA4, 0xFF, 0xFF, 0xA8, 0x00,
  0x00, 0x00, 0x00, 0x00, 0x00, 0x00, 0x00, 0xB8, 0xDC, 0x00, 0x00, 0x00, 0x00, 0xA4, 0xFF, 0xFF,
  0xA8, 0x00, 0x00, 0x00, 0x00, 0x00, 0x00, 0x00, 0x00, 0xB8, 0xDC, 0x00, 0x00, 0x00, 0x00, 0x96,
  0xFF, 0xFF, 0xB6, 0x00, 0x00, 0x00, 0x00, 0x00, 0x00, 0x00, 0x00, 0xC1, 0xCD, 0x00, 0x00, 0x00,
  0x00, 0x76, 0xFF, 0xFF, 0xD7, 0x00, 0x00, 0x00, 0x00, 0x00, 0x00, 0x00, 0x00, 0xDF, 0xAE, 0x00,
  0x00, 0x00, 0x00, 0x24, 0xFE, 0xFF, 0xFF, 0x27, 0x00, 0x00, 0x00, 0x00, 0x00, 0x00, 0x2D, 0xFF,
  0x5E, 0x00, 0x00, 0x00, 0x00, 0x00, 0x98, 0xFF, 0xFF, 0xB8, 0x04, 0x00, 0x00, 0x00, 0x00, 0x05,
  0xBF, 0xD2, 0x08, 0x00, 0x00, 0x00, 0x00, 0x00, 0x05, 0x9B, 0xFE, 0xFF, 0xBB, 0x39, 0x07, 0x09,
  0x41, 0xC5, 0xD5, 0x23, 0x00, 0x00, 0x00, 0x00, 0x00, 0x00, 0x00, 0x00, 0x37, 0x90, 0xD1, 0xEB,
  0xF8, 0xE6, 0xC1, 0x6D, 0x09, 0x00, 0x00, 0x00, 0x00, 0x12, 0x77, 0xFF, 0xFF, 0xFF, 0xFF, 0x91,
  0x0A, 0x00, 0x00, 0x00, 0x00, 0x01, 0x42, 0xFF, 0xFF, 0x79, 0x13, 0x00, 0x00, 0xDF, 0xFF, 0xFF,
  0xFF, 0x83, 0x00, 0x00, 0x00, 0x00, 0x00, 0x00, 0x0F, 0xFF, 0xE4, 0x00, 0x00, 0x00, 0x00, 0x19,
  0xF9, 0xFF, 0xFF, 0xBC, 0x00, 0x00, 0x00, 0x00, 0x00, 0x00, 0x6E, 0xFA, 0x1B, 0x00, 0x00, 0x00,
  0x00, 0x00, 0xA0, 0xFF, 0xFF, 0xFE, 0x22, 0x00, 0x00, 0x00, 0x00, 0x01, 0xD8, 0xA4, 0x00, 0x00,
  0x00, 0x00, 0x00, 0x00, 0x2E, 0xFF, 0xFF, 0xFF, 0x86, 0x00, 0x00, 0x00, 0x00, 0x46, 0xFF, 0x32,
  0x00, 0x00, 0x00, 0x00, 0x00, 0x00, 0x00, 0xBC, 0xFF, 0xFF, 0xE7, 0x04, 0x00, 0x00, 0x00, 0xB2,
  0xC0, 0x00, 0x00, 0x00, 0x00, 0x00, 0x00, 0x00, 0x00, 0x4A, 0xFF, 0xFF, 0xFF, 0x50, 0x00, 0x00,
  0x20, 0xFD, 0x4E, 0x00, 0x00, 0x00, 0x00, 0x00, 0x00, 0x00, 0x00, 0x01, 0xD6, 0xFF, 0xFF, 0xB5,
  0x00, 0x00, 0x8A, 0xDA, 0x02, 0x00, 0x00, 0x00, 0x00, 0x00, 0x00, 0x00, 0x00, 0x00, 0x65, 0xFF,
  0xFF, 0xFD, 0x1E, 0x08, 0xEC, 0x6A, 0x00, 0x00, 0x00, 0x00, 0x00, 0x00, 0x00, 0x00, 0x00, 0x00,
  0x08, 0xEA, 0xFF, 0xFF, 0x80, 0x62, 0xED, 0x0A, 0x00, 0x00, 0x00, 0x00, 0x00, 0x00, 0x00, 0x00,
  0x00, 0x00, 0x00, 0x81, 0xFF, 0xFF, 0xE2, 0xD0, 0x86, 0x00, 0x00, 0x00, 0x00, 0x00, 0x00, 0x00,
  0x00, 0x00, 0x00, 0x00, 0x00, 0x16, 0xF7, 0xFF, 0xFF, 0xFF, 0x1A, 0x00, 0x00, 0x00, 0x00, 0x00,
  0x00, 0x00, 0x00, 0x00, 0x00, 0x00, 0x00, 0x00, 0x9C, 0xFF, 0xFF, 0xE5, 0x00, 0x00, 0x00, 0x00,
  0x00, 0x00, 0x00, 0x00, 0x00, 0x00, 0x00, 0x00, 0x00, 0x00, 0x2A, 0xFE, 0xFF, 0x37, 0x00, 0x00,
  0x00, 0x00, 0x00, 0x00, 0x00, 0x00, 0x00, 0x00, 0x00, 0x00, 0x00, 0x00, 0x00, 0xB7, 0xFF, 0x00,
  0x00, 0x00, 0x00, 0x00, 0x00, 0x00, 0x00, 0x00, 0x00, 0x00, 0x00, 0x00, 0x00, 0x00, 0x00, 0x45,
  0xAE, 0x00, 0x00, 0x00, 0x00, 0x00, 0x00, 0x00, 0x00, 0x00, 0x00, 0x00, 0x00, 0x00, 0x00, 0x00,
  0x00, 0x00, 0x08, 0x00, 0x00, 0x00, 0x00, 0x00, 0x00, 0x00, 0x00, 0x00, 0x00, 0x00, 0x00, 0x00,
  0x00, 0x00, 0x00, 0x00, 0x00, 0x00, 0x00, 0x19, 0x00, 0x00, 0x00, 0x00, 0x00, 0x00, 0x00, 0x00,
  0x00, 0x00, 0x19, 0x89, 0xFF, 0xFF, 0xFF, 0xFF, 0x32, 0x00, 0x00, 0x00, 0x00, 0x00, 0xFF, 0x42,
  0x00, 0x00, 0x00, 0x00, 0x14, 0xFF, 0xFF, 0xCE, 0x27, 0x00, 0x00, 0xFF, 0xFF, 0xFF, 0xFF, 0x03,
  0x00, 0x00, 0x00, 0x00, 0x10, 0xFF, 0xC8, 0x00, 0x00, 0x00, 0x00, 0x00, 0xE2, 0xFF, 0x04, 0x00,
  0x00, 0x00, 0x49, 0xFF, 0xFF, 0xFF, 0x45, 0x00, 0x00, 0x00, 0x00, 0xA1, 0xFF, 0xFF, 0x26, 0x00,
  0x00, 0x00, 0x00, 0xDE, 0x8F, 0x00, 0x00, 0x00, 0x00, 0x03, 0xE8, 0xFF, 0xFF, 0x9D, 0x00, 0x00,
  0x00, 0x01, 0xFF, 0xFF, 0xFF, 0x95, 0x00, 0x00, 0x00, 0x26, 0xFF, 0x41, 0x00, 0x00, 0x00, 0x00,
  0x00, 0x90, 0xFF, 0xFF, 0xEF, 0x06, 0x00, 0x00, 0x48, 0xFF, 0xFF, 0xFF, 0xF4, 0x11, 0x00, 0x00,
  0x6E, 0xEE, 0x04, 0x00, 0x00, 0x00, 0x00, 0x00, 0x34, 0xFF, 0xFF, 0xFF, 0x4F, 0x00, 0x00, 0xB3,
  0xDD, 0xF8, 0xFF, 0xFF, 0x77, 0x00, 0x00, 0xB5, 0xA4, 0x00, 0x00, 0x00, 0x00, 0x00, 0x00, 0x00,
  0xD6, 0xFF, 0xFF, 0xA7, 0x00, 0x20, 0xFD, 0x59, 0x9E, 0xFF, 0xFF, 0xE3, 0x04, 0x07, 0xF5, 0x56,
  0x00, 0x00, 0x00, 0x00, 0x00, 0x00, 0x00, 0x7B, 0xFF, 0xFF, 0xF5, 0x0B, 0x8A, 0xE6, 0x05, 0x2C,
  0xFF, 0xFF, 0xFF, 0x59, 0x44, 0xF9, 0x0E, 0x00, 0x00, 0x00, 0x00, 0x00, 0x00, 0x00, 0x1F, 0xFE,
  0xFF, 0xFF, 0x60, 0xEC, 0x7E, 0x00, 0x00, 0xBB, 0xFF, 0xFF, 0xCA, 0x8B, 0xB9, 0x00, 0x00, 0x00,
  0x00, 0x00, 0x00, 0x00, 0x00, 0x00, 0xC2, 0xFF, 0xFF, 0xFF, 0xF9, 0x17, 0x00, 0x00, 0x4A, 0xFF,
  0xFF, 0xFF, 0xFF, 0x6A, 0x00, 0x00, 0x00, 0x00, 0x00, 0x00, 0x00, 0x00, 0x00, 0x65, 0xFF, 0xFF,
  0xFF, 0xA3, 0x00, 0x00, 0x00, 0x01, 0xD7, 0xFF, 0xFF, 0xFF, 0x1D, 0x00, 0x00, 0x00, 0x00, 0x00,
  0x00, 0x00, 0x00, 0x00, 0x10, 0xF8, 0xFF, 0xFF, 0x36, 0x00, 0x00, 0x00, 0x00, 0x67, 0xFF, 0xFF,
  0xFF, 0x00, 0x00, 0x00, 0x00, 0x00, 0x00, 0x00, 0x00, 0x00, 0x00, 0x00, 0xAC, 0xFF, 0xFF, 0x00,
  0x00, 0x00, 0x00, 0x00, 0x09, 0xEC, 0xFF, 0xC2, 0x00, 0x00, 0x00, 0x00, 0x00, 0x00, 0x00, 0x00,
  0x00, 0x00, 0x00, 0x50, 0xFF, 0x86, 0x00, 0x00, 0x00, 0x00, 0x00, 0x00, 0x84, 0xFF, 0x44, 0x00,
  0x00, 0x00, 0x00, 0x00, 0x00, 0x00, 0x00, 0x00, 0x00, 0x00, 0x06, 0xFF, 0x0F, 0x00, 0x00, 0x00,
  0x00, 0x00, 0x00, 0x18, 0xFF, 0x01, 0x00, 0x00, 0x00, 0x00, 0x00, 0x00, 0x00, 0x00, 0x00, 0x00,
  0x00, 0x00, 0xAD, 0x00, 0x00, 0x00, 0x00, 0x00, 0x00, 0x00, 0x00, 0xB4, 0x00, 0x00, 0x00, 0x00,
  0x00, 0x00, 0x11, 0x52, 0xFF, 0xFF, 0xFF, 0xFF, 0xFF, 0x75, 0x09, 0x00, 0x00, 0x1C, 0xB0, 0xFF,
  0xFF, 0xBF, 0x3C, 0x00, 0x00, 0x00, 0x17, 0xFF, 0xFF, 0xFF, 0xFF, 0x27, 0x00, 0x00, 0x00, 0x00,
  0x95, 0xFF, 0xE6, 0x00, 0x00, 0x00, 0x00, 0x00, 0x00, 0x35, 0xFD, 0xFF, 0xFF, 0xA9, 0x00, 0x00,
  0x00, 0x10, 0xE8, 0xCD, 0x03, 0x00, 0x00, 0x00, 0x00, 0x00, 0x00, 0x00, 0x95, 0xFF, 0xFF, 0xFF,
  0x48, 0x00, 0x00, 0x97, 0xFB, 0x2F, 0x00, 0x00, 0x00, 0x00, 0x00, 0x00, 0x00, 0x00, 0x0F, 0xE6,
  0xFF, 0xFF, 0xDE, 0x09, 0x36, 0xFD, 0x85, 0x00, 0x00, 0x00, 0x00, 0x00, 0x00, 0x00, 0x00, 0x00,
  0x00, 0x57, 0xFF, 0xFF, 0xFF, 0x8A, 0xCD, 0xD7, 0x07, 0x00, 0x00, 0x00, 0x00, 0x00, 0x00, 0x00,
  0x00, 0x00, 0x00, 0x00, 0xB8, 0xFF, 0xFF, 0xFF, 0xFF, 0x3B, 0x00, 0x00, 0x00, 0x00, 0x00, 0x00,
  0x00, 0x00, 0x00, 0x00, 0x00, 0x00, 0x22, 0xFF, 0xFF, 0xFF, 0xFF, 0x01, 0x00, 0x00, 0x00, 0x00,
  0x00, 0x00, 0x00, 0x00, 0x00, 0x00, 0x00, 0x00, 0x0F, 0xFF, 0xFF, 0xFF, 0xFF, 0x65, 0x00, 0x00,
  0x00, 0x00, 0x00, 0x00, 0x00, 0x00, 0x00, 0x00, 0x00, 0x00, 0xA2, 0xF7, 0xF2, 0xFF, 0xFF, 0xEE,
  0x16, 0x00, 0x00, 0x00, 0x00, 0x00, 0x00, 0x00, 0x00, 0x00, 0x00, 0x51, 0xFF, 0x64, 0x3E, 0xFE,
  0xFF, 0xFF, 0xA3, 0x00, 0x00, 0x00, 0x00, 0x00, 0x00, 0x00, 0x00, 0x00, 0x16, 0xEA, 0xBA, 0x00,
  0x00, 0x9F, 0xFF, 0xFF, 0xFF, 0x43, 0x00, 0x00, 0x00, 0x00, 0x00, 0x00, 0x00, 0x00, 0xAF, 0xF3,
  0x1F, 0x00, 0x00, 0x14, 0xEC, 0xFF, 0xFF, 0xDA, 0x07, 0x00, 0x00, 0x00, 0x00, 0x00, 0x00, 0x5E,
  0xFF, 0x69, 0x00, 0x00, 0x00, 0x00, 0x61, 0xFF, 0xFF, 0xFF, 0x81, 0x00, 0x00, 0x00, 0x00, 0x00,
  0x47, 0xFF, 0xFF, 0x01, 0x00, 0x00, 0x00, 0x00, 0x01, 0xFF, 0xFF, 0xFF, 0xFF, 0x61, 0x00, 0x00,
  0x1E, 0x62, 0xFF, 0xFF, 0xFF, 0x45, 0x00, 0x00, 0x00, 0x00, 0x3F, 0xFF, 0xFF, 0xFF, 0xFF, 0xFF,
  0x6C, 0x24, 0x26, 0x70, 0xFF, 0xFF, 0xFF, 0xFF, 0xCB, 0x22, 0x00, 0x00, 0x00, 0x04, 0x64, 0xFF,
  0xFF, 0xFC, 0x45, 0x08, 0x00, 0x00, 0x74, 0xFF, 0xFF, 0xFF, 0xC7, 0x00, 0x00, 0x00, 0x00, 0x00,
  0x0F, 0xFF, 0xFF, 0x02, 0x00, 0x00, 0x00, 0x00, 0x00, 0x9F, 0xFF, 0xFF, 0xF0, 0x12, 0x00, 0x00,
  0x00, 0x00, 0x88, 0xF3, 0x1B, 0x00, 0x00, 0x00, 0x00, 0x00, 0x00, 0x18, 0xF1, 0xFF, 0xFF, 0x8A,
  0x00, 0x00, 0x00, 0x1D, 0xF7, 0x75, 0x00, 0x00, 0x00, 0x00, 0x00, 0x00, 0x00, 0x00, 0x74, 0xFF,
  0xFF, 0xF6, 0x1A, 0x00, 0x00, 0xA1, 0xD5, 0x05, 0x00, 0x00, 0x00, 0x00, 0x00, 0x00, 0x00, 0x00,
  0x05, 0xD9, 0xFF, 0xFF, 0x99, 0x00, 0x2F, 0xFD, 0x41, 0x00, 0x00, 0x00, 0x00, 0x00, 0x00, 0x00,
  0x00, 0x00, 0x00, 0x4A, 0xFF, 0xFF, 0xFB, 0x24, 0xBA, 0xA7, 0x00, 0x00, 0x00, 0x00, 0x00, 0x00,
  0x00, 0x00, 0x00, 0x00, 0x00, 0x00, 0xB5, 0xFF, 0xFF, 0xEF, 0xF2, 0x1A, 0x00, 0x00, 0x00, 0x00,
  0x00, 0x00, 0x00, 0x00, 0x00, 0x00, 0x00, 0x00, 0x25, 0xFF, 0xFF, 0xFF, 0x9A, 0x00, 0x00, 0x00,
  0x00, 0x00, 0x00, 0x00, 0x00, 0x00, 0x00, 0x00, 0x00, 0x00, 0x00, 0xFF, 0xFF, 0xFF, 0x52, 0x00,
  0x00, 0x00, 0x00, 0x00, 0x00, 0x00, 0x00, 0x00, 0x00, 0x00, 0x00, 0x00, 0x00, 0xFF, 0xFF, 0xFF,
  0x50, 0x00, 0x00, 0x00, 0x00, 0x00, 0x00, 0x00, 0x00, 0x00, 0x00, 0x00, 0x00, 0x00, 0x00, 0xFF,
  0xFF, 0xFF, 0x50, 0x00, 0x00, 0x00, 0x00, 0x00, 0x00, 0x00, 0x00, 0x00, 0x00, 0x00, 0x00, 0x00,
  0x00, 0xFF, 0xFF, 0xFF, 0x50, 0x00, 0x00, 0x00, 0x00, 0x00, 0x00, 0x00, 0x00, 0x00, 0x00, 0x00,
  0x00, 0x00, 0x00, 0xFF, 0xFF, 0xFF, 0x50, 0x00, 0x00, 0x00, 0x00, 0x00, 0x00, 0x00, 0x00, 0x00,
  0x00, 0x00, 0x00, 0x00, 0x0C, 0xFF, 0xFF, 0xFF, 0x68, 0x00, 0x00, 0x00, 0x00, 0x00, 0x00, 0x00,
  0x00, 0x00, 0x00, 0x00, 0x00, 0x2D, 0xA6, 0xFF, 0xFF, 0xFF, 0xEA, 0x49, 0x00, 0x00, 0x00, 0x00,
  0x00, 0x00, 0x00, 0x37, 0x22, 0x07, 0x00, 0x00, 0x00, 0x00, 0x00, 0x00, 0x00, 0x06, 0x1F, 0x13,
  0x00, 0xE9, 0xFF, 0xFF, 0xF8, 0xF8, 0xF8, 0xF8, 0xF8, 0xFF, 0xFF, 0xFF, 0xED, 0x10, 0x00, 0xB1,
  0x5E, 0x07, 0x00, 0x00, 0x00, 0x00, 0x3E, 0xFF, 0xFF, 0xFF, 0x74, 0x00, 0x00, 0x5F, 0x00, 0x00,
  0x00, 0x00, 0x00, 0x00, 0xC8, 0xFF, 0xFF, 0xE2, 0x08, 0x00, 0x00, 0x23, 0x00, 0x00, 0x00, 0x00,
  0x00, 0x54, 0xFF, 0xFF, 0xFF, 0x60, 0x00, 0x00, 0x00, 0x00, 0x00, 0x00, 0x00, 0x00, 0x05, 0xDA,
  0xFF, 0xFF, 0xD3, 0x02, 0x00, 0x00, 0x00, 0x00, 0x00, 0x00, 0x00, 0x00, 0x6B, 0xFF, 0xFF, 0xFF,
  0x4C, 0x00, 0x00, 0x00, 0x00, 0x00, 0x00, 0x00, 0x00, 0x0C, 0xE9, 0xFF, 0xFF, 0xC2, 0x00, 0x00,
  0x00, 0x00, 0x00, 0x00, 0x00, 0x00, 0x00, 0x81, 0xFF, 0xFF, 0xFF, 0x38, 0x00, 0x00, 0x00, 0x00,
  0x00, 0x00, 0x00, 0x00, 0x18, 0xF4, 0xFF, 0xFF, 0xAE, 0x00, 0x00, 0x00, 0x00, 0x00, 0x00, 0x00,
  0x00, 0x00, 0x98, 0xFF, 0xFF, 0xFC, 0x28, 0x00, 0x00, 0x00, 0x00, 0x00, 0x00, 0x00, 0x00, 0x27,
  0xFB, 0xFF, 0xFF, 0x9A, 0x00, 0x00, 0x00, 0x00, 0x00, 0x00, 0x00, 0x00, 0x00, 0xAE, 0xFF, 0xFF,
  0xF6, 0x1A, 0x00, 0x00, 0x00, 0x00, 0x00, 0x2B, 0x00, 0x00, 0x39, 0xFF, 0xFF, 0xFF, 0x86, 0x00,
  0x00, 0x00, 0x00, 0x00, 0x00, 0x76, 0x00, 0x00, 0xC4, 0xFF, 0xFF, 0xED, 0x0F, 0x00, 0x00, 0x00,
  0x00, 0x00, 0x58, 0x90, 0x00, 0x50, 0xFF, 0xFF, 0xFF, 0x72, 0x00, 0x00, 0x00, 0x00, 0x17, 0x78,
  0xF8, 0x65, 0x00, 0xD7, 0xFF, 0xFF, 0xFF, 0xFB, 0xF4, 0xF4, 0xF4, 0xFF, 0xFF, 0xFF, 0xFF, 0x3D,
  0x2E, 0x80, 0x80, 0x80, 0x80, 0x75, 0x10, 0x5C, 0xFF, 0xFF, 0xF9, 0x63, 0x0D, 0x00, 0x5C, 0xFF,
  0xFF, 0xF0, 0x00, 0x00, 0x00, 0x5C, 0xFF, 0xFF, 0xF0, 0x00, 0x00, 0x00, 0x5C, 0xFF, 0xFF, 0xF0,
  0x00, 0x00, 0x00, 0x5C, 0xFF, 0xFF, 0xF0, 0x00, 0x00, 0x00, 0x5C, 0xFF, 0xFF, 0xF0, 0x00, 0x00,
  0x00, 0x5C, 0xFF, 0xFF, 0xF0, 0x00, 0x00, 0x00, 0x5C, 0xFF, 0xFF, 0xF0, 0x00, 0x00, 0x00, 0x5C,
  0xFF, 0xFF, 0xF0, 0x00, 0x00, 0x00, 0x5C, 0xFF, 0xFF, 0xF0, 0x00, 0x00, 0x00, 0x5C, 0xFF, 0xFF,
  0xF0, 0x00, 0x00, 0x00, 0x5C, 0xFF, 0xFF, 0xF0, 0x00, 0x00, 0x00, 0x5C, 0xFF, 0xFF, 0xF0, 0x00,
  0x00, 0x00, 0x5C, 0xFF, 0xFF, 0xF0, 0x00, 0x00, 0x00, 0x5C, 0xFF, 0xFF, 0xF0, 0x00, 0x00, 0x00,
  0x5C, 0xFF, 0xFF, 0xF0, 0x00, 0x00, 0x00, 0x5C, 0xFF, 0xFF, 0xF1, 0x01, 0x00, 0x00, 0x5C, 0xFF,
  0xFF, 0xFF, 0xE1, 0x85, 0x15, 0x18, 0x22, 0x00, 0x00, 0x00, 0x00, 0x00, 0x00, 0x00, 0x00, 0x95,
  0xB3, 0x00, 0x00, 0x00, 0x00, 0x00, 0x00, 0x00, 0x00, 0x1F, 0xFA, 0x32, 0x00, 0x00, 0x00, 0x00,
  0x00, 0x00, 0x00, 0x00, 0x9D, 0xAF, 0x00, 0x00, 0x00, 0x00, 0x00, 0x00, 0x00, 0x00, 0x23, 0xFB,
  0x2E, 0x00, 0x00, 0x00, 0x00, 0x00, 0x00, 0x00, 0x00, 0xA3, 0xAA, 0x00, 0x00, 0x00, 0x00, 0x00,
  0x00, 0x00, 0x00, 0x28, 0xFB, 0x2A, 0x00, 0x00, 0x00, 0x00, 0x00, 0x00, 0x00, 0x00, 0xA8, 0xA6,
  0x00, 0x00, 0x00, 0x00, 0x00, 0x00, 0x00, 0x00, 0x2C, 0xFB, 0x27, 0x00, 0x00, 0x00, 0x00, 0x00,
  0x00, 0x00, 0x00, 0xAE, 0xA2, 0x00, 0x00, 0x00, 0x00, 0x00, 0x00, 0x00, 0x00, 0x31, 0xFB, 0x23,
  0x00, 0x00, 0x00, 0x00, 0x00, 0x00, 0x00, 0x00, 0xB4, 0x9D, 0x00, 0x00, 0x00, 0x00, 0x00, 0x00,
  0x00, 0x00, 0x36, 0xFA, 0x20, 0x00, 0x00, 0x00, 0x00, 0x00, 0x00, 0x00, 0x00, 0xB9, 0x99, 0x00,
  0x00, 0x00, 0x00, 0x00, 0x00, 0x00, 0x00, 0x3C, 0xF9, 0x1C, 0x00, 0x00, 0x00, 0x00, 0x00, 0x00,
  0x00, 0x00, 0xBF, 0x94, 0x00, 0x00, 0x00, 0x00, 0x00, 0x00, 0x00, 0x00, 0x42, 0xF3, 0x0D, 0x00,
  0x00, 0x00, 0x00, 0x00, 0x00, 0x00, 0x00, 0x1E, 0x00, 0x02, 0x6B, 0x80, 0x80, 0x80, 0x80, 0x44,
  0x00, 0x05, 0x51, 0xE5, 0xFF, 0xFF, 0x88, 0x00, 0x00, 0x00, 0xC4, 0xFF, 0xFF, 0x88, 0x00, 0x00,
  0x00, 0xC4, 0xFF, 0xFF, 0x88, 0x00, 0x00, 0x00, 0xC4, 0xFF, 0xFF, 0x88, 0x00, 0x00, 0x00, 0xC4,
  0xFF, 0xFF, 0x88, 0x00, 0x00, 0x00, 0xC4, 0xFF, 0xFF, 0x88, 0x00, 0x00, 0x00, 0xC4, 0xFF, 0xFF,
  0x88, 0x00, 0x00, 0x00, 0xC4, 0xFF, 0xFF, 0x88, 0x00, 0x00, 0x00, 0xC4, 0xFF, 0xFF, 0x88, 0x00,
  0x00, 0x00, 0xC4, 0xFF, 0xFF, 0x88, 0x00, 0x00, 0x00, 0xC4, 0xFF, 0xFF, 0x88, 0x00, 0x00, 0x00,
  0xC4, 0xFF, 0xFF, 0x88, 0x00, 0x00, 0x00, 0xC4, 0xFF, 0xFF, 0x88, 0x00, 0x00, 0x00, 0xC4, 0xFF,
  0xFF, 0x88, 0x00, 0x00, 0x00, 0xC4, 0xFF, 0xFF, 0x88, 0x00, 0x00, 0x00, 0xC4, 0xFF, 0xFF, 0x88,
  0x00, 0x00, 0x00, 0xC7, 0xFF, 0xFF, 0x88, 0x08, 0x75, 0xD3, 0xFF, 0xFF, 0xFF, 0x88, 0x00, 0x00,
  0x00, 0x00, 0x01, 0x6C, 0x7B, 0x0C, 0x00, 0x00, 0x00, 0x00, 0x00, 0x00, 0x00, 0x02, 0xA0, 0xF1,
  0xDF, 0xC5, 0x0E, 0x00, 0x00, 0x00, 0x00, 0x00, 0x03, 0xA6, 0xED, 0x34, 0x1A, 0xD6, 0xC8, 0x0F,
  0x00, 0x00, 0x00, 0x05, 0xAB, 0xE8, 0x2D, 0x00, 0x00, 0x14, 0xCE, 0xCB, 0x11, 0x00, 0x06, 0xB1,
  0xE3, 0x26, 0x00, 0x00, 0x00, 0x00, 0x10, 0xC6, 0xCE, 0x13, 0xF4, 0xF4, 0xF4, 0xF4, 0xF4, 0xF4,
  0xF4, 0xF4, 0xF4, 0xF4, 0xF4, 0x06, 0x9D, 0x49, 0x00, 0x00, 0x6D, 0xFF, 0xF7, 0x3C, 0x00, 0x19,
  0xA2, 0xFD, 0xEE, 0x21, 0x00, 0x00, 0x25, 0x90, 0xA0, 0x00, 0x00, 0x00, 0x00, 0x00, 0x00, 0x00,
  0x0D, 0x01, 0x00, 0x00, 0x00, 0x00, 0x00, 0x00, 0x00, 0x00, 0x00, 0x00, 0x00, 0x00, 0x00, 0x00,
  0x7B, 0x2E, 0x00, 0x00, 0x00, 0x00, 0x00, 0x00, 0x00, 0x00, 0x00, 0x00, 0x00, 0x00, 0x00, 0x00,
  0xFF, 0xA9, 0x00, 0x00, 0x00, 0x00, 0x00, 0x00, 0x00, 0x00, 0x00, 0x00, 0x00, 0x00, 0x00, 0x32,
  0xFF, 0xFF, 0x1D, 0x00, 0x00, 0x00, 0x00, 0x00, 0x00, 0x00, 0x00, 0x00, 0x00, 0x00, 0x00, 0xAD,
  0xFF, 0xFF, 0x90, 0x00, 0x00, 0x00, 0x00, 0x00, 0x00, 0x00, 0x00, 0x00, 0x00, 0x00, 0x1B, 0xFF,
  0xFF, 0xFF, 0xF5, 0x14, 0x00, 0x00, 0x00, 0x00, 0x00, 0x00, 0x00, 0x00, 0x00, 0x00, 0x88, 0xCF,
  0xD0, 0xFF, 0xFF, 0x82, 0x00, 0x00, 0x00, 0x00, 0x00, 0x00, 0x00, 0x00, 0x00, 0x0C, 0xEF, 0x65,
  0x63, 0xFF, 0xFF, 0xEE, 0x0D, 0x00, 0x00, 0x00, 0x00, 0x00, 0x00, 0x00, 0x00, 0x6E, 0xEF, 0x0A,
  0x09, 0xED, 0xFF, 0xFF, 0x74, 0x00, 0x00, 0x00, 0x00, 0x00, 0x00, 0x00, 0x03, 0xDD, 0x90, 0x00,
  0x00, 0x89, 0xFF, 0xFF, 0xE6, 0x07, 0x00, 0x00, 0x00, 0x00, 0x00, 0x00, 0x54, 0xFE, 0x27, 0x00,
  0x00, 0x1F, 0xFC, 0xFF, 0xFF, 0x66, 0x00, 0x00, 0x00, 0x00, 0x00, 0x00, 0xC6, 0xFF, 0xE0, 0xE0,
  0xE0, 0xE0, 0xFF, 0xFF, 0xFF, 0xDC, 0x03, 0x00, 0x00, 0x00, 0x00, 0x39, 0xFF, 0x51, 0x00, 0x00,
  0x00, 0x00, 0x41, 0xFF, 0xFF, 0xFF, 0x58, 0x00, 0x00, 0x00, 0x00, 0xFE, 0xFF, 0x03, 0x00, 0x00,
  0x00, 0x00, 0x00, 0xFF, 0xFF, 0xFF, 0xFF, 0x04, 0x00, 0x16, 0x97, 0xFF, 0xFF, 0x29, 0x00, 0x00,
  0x00, 0x00, 0x1D, 0xFF, 0xFF, 0xFF, 0xFF, 0xE7, 0x22, 0x0C, 0x60, 0xFF, 0xFF, 0xFF, 0xFF, 0xF6,
  0xEF, 0xD4, 0x91, 0x1A, 0x00, 0x00, 0x00, 0x00, 0xD2, 0xFF, 0xFF, 0x58, 0x03, 0x73, 0xFF, 0xFF,
  0xE8, 0x1B, 0x00, 0x00, 0x00, 0xC8, 0xFF, 0xFF, 0x58, 0x00, 0x00, 0xD0, 0xFF, 0xFF, 0x81, 0x00,
  0x00, 0x00, 0xC8, 0xFF, 0xFF, 0x58, 0x00, 0x00, 0xAA, 0xFF, 0xFF, 0xA0, 0x00, 0x00, 0x00, 0xC8,
  0xFF, 0xFF, 0x58, 0x00, 0x00, 0xBF, 0xFF, 0xFF, 0x7C, 0x00, 0x00, 0x00, 0xC8, 0xFF, 0xFF, 0x58,
  0x00, 0x30, 0xFA, 0xFF, 0xDA, 0x12, 0x00, 0x00, 0x00, 0xC8, 0xFF, 0xFF, 0x58, 0x59, 0xDD, 0xFF,
  0xE6, 0x5E, 0x01, 0x00, 0x00, 0x00, 0xC8, 0xFF, 0xFF, 0x58, 0x00, 0x0A, 0xB0, 0xFF, 0xFF, 0xAC,
  0x02, 0x00, 0x00, 0xC8, 0xFF, 0xFF, 0x58, 0x00, 0x00, 0x1E, 0xFF, 0xFF, 0xFF, 0x5C, 0x00, 0x00,
  0xC8, 0xFF, 0xFF, 0x58, 0x00, 0x00, 0x00, 0xED, 0xFF, 0xFF, 0xA1, 0x00, 0x00, 0xC8, 0xFF, 0xFF,
  0x58, 0x00, 0x00, 0x00, 0xF0, 0xFF, 0xFF, 0xA1, 0x00, 0x00, 0xC8, 0xFF, 0xFF, 0x58, 0x00, 0x00,
  0x34, 0xFF, 0xFF, 0xFF, 0x62, 0x00, 0x00, 0xD2, 0xFF, 0xFF, 0x58, 0x00, 0x2C, 0xD4, 0xFF, 0xFF,
  0xB5, 0x03, 0x0C, 0x60, 0xFF, 0xFF, 0xFF, 0xFF, 0xEF, 0xF7, 0xDF, 0xB2, 0x52, 0x03, 0x00, 0x00,
  0x00, 0x00, 0x00, 0x29, 0x80, 0xC8, 0xE3, 0xEB, 0xEC, 0xDC, 0xAE, 0x66, 0x0E, 0x00, 0x00, 0x00,
  0x09, 0x8E, 0xFD, 0xFE, 0x8B, 0x1B, 0x00, 0x01, 0x2A, 0xA1, 0xFF, 0x9F, 0x00, 0x00, 0x01, 0xAD,
  0xFF, 0xFF, 0x68, 0x00, 0x00, 0x00, 0x00, 0x00, 0x00, 0x84, 0xA1, 0x00, 0x00, 0x67, 0xFF, 0xFF,
  0xC8, 0x00, 0x00, 0x00, 0x00, 0x00, 0x00, 0x00, 0x07, 0x89, 0x00, 0x00, 0xD3, 0xFF, 0xFF, 0x6D,
  0x00, 0x00, 0x00, 0x00, 0x00, 0x00, 0x00, 0x00, 0x29, 0x00, 0x14, 0xFF, 0xFF, 0xFF, 0x36, 0x00,
  0x00, 0x00, 0x00, 0x00, 0x00, 0x00, 0x00, 0x00, 0x00, 0x31, 0xFF, 0xFF, 0xFF, 0x21, 0x00, 0x00,
  0x00, 0x00, 0x00, 0x00, 0x00, 0x00, 0x00, 0x00, 0x31, 0xFF, 0xFF, 0xFF, 0x22, 0x00, 0x00, 0x00,
  0x00, 0x00, 0x00, 0x00, 0x00, 0x00, 0x00, 0x14, 0xFF, 0xFF, 0xFF, 0x38, 0x00, 0x00, 0x00, 0x00,
  0x00, 0x00, 0x00, 0x00, 0x52, 0x00, 0x00, 0xD3, 0xFF, 0xFF, 0x71, 0x00, 0x00, 0x00, 0x00, 0x00,
  0x00, 0x00, 0x00, 0x8C, 0x0D, 0x00, 0x67, 0xFF, 0xFF, 0xCD, 0x01, 0x00, 0x00, 0x00, 0x00, 0x00,
  0x00, 0x03, 0xE3, 0x1F, 0x00, 0x01, 0xAE, 0xFF, 0xFF, 0x70, 0x00, 0x00, 0x00, 0x00, 0x00, 0x00,
  0x7C, 0xF7, 0x1A, 0x00, 0x00, 0x09, 0x91, 0xFD, 0xFE, 0x8F, 0x20, 0x00, 0x03, 0x2E, 0x99, 0xF3,
  0x50, 0x00, 0x00, 0x00, 0x00, 0x00, 0x2B, 0x83, 0xC9, 0xE5, 0xF2, 0xF1, 0xD1, 0x8C, 0x1E, 0x00,
  0x00, 0x10, 0x67, 0xFF, 0xFF, 0xFF, 0xFF, 0xE4, 0xE4, 0xEB, 0xDF, 0xBA, 0x68, 0x10, 0x00, 0x00,
  0x00, 0x00, 0x00, 0xC9, 0xFF, 0xFF, 0x68, 0x00, 0x00, 0x00, 0x38, 0xCC, 0xFF, 0xE6, 0x49, 0x00,
  0x00, 0x00, 0x00, 0xC0, 0xFF, 0xFF, 0x68, 0x00, 0x00, 0x00, 0x00, 0x0E, 0xD7, 0xFF, 0xFA, 0x3C,
  0x00, 0x00, 0x00, 0xC0, 0xFF, 0xFF, 0x68, 0x00, 0x00, 0x00, 0x00, 0x00, 0x4F, 0xFF, 0xFF, 0xE0,
  0x03, 0x00, 0x00, 0xC0, 0xFF, 0xFF, 0x68, 0x00, 0x00, 0x00, 0x00, 0x00, 0x04, 0xF1, 0xFF, 0xFF,
  0x4B, 0x00, 0x00, 0xC0, 0xFF, 0xFF, 0x68, 0x00, 0x00, 0x00, 0x00, 0x00, 0x00, 0xC4, 0xFF, 0xFF,
  0x89, 0x00, 0x00, 0xC0, 0xFF, 0xFF, 0x68, 0x00, 0x00, 0x00, 0x00, 0x00, 0x00, 0xAF, 0xFF, 0xFF,
  0xA5, 0x00, 0x00, 0xC0, 0xFF, 0xFF, 0x68, 0x00, 0x00, 0x00, 0x00, 0x00, 0x00, 0xB0, 0xFF, 0xFF,
  0xA5, 0x00, 0x00, 0xC0, 0xFF, 0xFF, 0x68, 0x00, 0x00, 0x00, 0x00, 0x00, 0x00, 0xC4, 0xFF, 0xFF,
  0x88, 0x00, 0x00, 0xC0, 0xFF, 0xFF, 0x68, 0x00, 0x00, 0x00, 0x00, 0x00, 0x04, 0xF1, 0xFF, 0xFF,
  0x4A, 0x00, 0x00, 0xC0, 0xFF, 0xFF, 0x68, 0x00, 0x00, 0x00, 0x00, 0x00, 0x4F, 0xFF, 0xFF, 0xE0,
  0x03, 0x00, 0x00, 0xC0, 0xFF, 0xFF, 0x68, 0x00, 0x00, 0x00, 0x00, 0x0E, 0xD7, 0xFF, 0xFA, 0x3C,
  0x00, 0x00, 0x00, 0xCD, 0xFF, 0xFF, 0x68, 0x00, 0x00, 0x00, 0x3B, 0xCD, 0xFF, 0xE6, 0x48, 0x00,
  0x00, 0x10, 0x66, 0xFF, 0xFF, 0xFF, 0xFF, 0xE8, 0xE8, 0xEE, 0xE0, 0xBA, 0x69, 0x10, 0x00, 0x00,
  0x00, 0x00, 0x00, 0x00, 0x00, 0x00, 0x00, 0x00, 0x00, 0x03, 0x18, 0x31, 0x00, 0x0F, 0x65, 0xFF,
  0xFF, 0xFF, 0xFC, 0xE8, 0xE8, 0xEB, 0xFF, 0xD7, 0x00, 0x00, 0x00, 0xD4, 0xFF, 0xFF, 0x64, 0x00,
  0x00, 0x04, 0x45, 0xB7, 0x00, 0x00, 0x00, 0xC8, 0xFF, 0xFF, 0x64, 0x00, 0x00, 0x00, 0x00, 0x55,
  0x00, 0x00, 0x00, 0xC8, 0xFF, 0xFF, 0x64, 0x00, 0x00, 0x00, 0x00, 0x15, 0x00, 0x00, 0x00, 0xC8,
  0xFF, 0xFF, 0x64, 0x00, 0x00, 0x00, 0x0D, 0x00, 0x00, 0x00, 0x00, 0xC8, 0xFF, 0xFF, 0x64, 0x00,
  0x00, 0x00, 0x53, 0x00, 0x00, 0x00, 0x00, 0xC8, 0xFF, 0xFF, 0x64, 0x00, 0x00, 0x2A, 0xB4, 0x00,
  0x00, 0x00, 0x00, 0xC8, 0xFF, 0xFF, 0xFC, 0xE8, 0xE9, 0xFF, 0xCC, 0x00, 0x00, 0x00, 0x00, 0xC8,
  0xFF, 0xFF, 0x64, 0x00, 0x00, 0x29, 0xA5, 0x00, 0x00, 0x00, 0x00, 0xC8, 0xFF, 0xFF, 0x64, 0x00,
  0x00, 0x00, 0x38, 0x00, 0x02, 0x00, 0x00, 0xC8, 0xFF, 0xFF, 0x64, 0x00, 0x00, 0x00, 0x00, 0x00,
  0x5B, 0x00, 0x00, 0xC8, 0xFF, 0xFF, 0x64, 0x00, 0x00, 0x00, 0x00, 0x19, 0x92, 0x00, 0x00, 0xD3,
  0xFF, 0xFF, 0x64, 0x00, 0x00, 0x00, 0x3F, 0xD9, 0x6B, 0x0F, 0x65, 0xFF, 0xFF, 0xFF, 0xFC, 0xE8,
  0xFF, 0xFF, 0xFF, 0xFF, 0x36, 0x00, 0x00, 0x00, 0x00, 0x00, 0x00, 0x00, 0x00, 0x01, 0x12, 0x31,
  0x0F, 0x67, 0xFF, 0xFF, 0xFF, 0xFC, 0xE8, 0xE8, 0xF0, 0xFF, 0xFA, 0x00, 0x00, 0xD7, 0xFF, 0xFF,
  0x64, 0x00, 0x00, 0x00, 0x2E, 0xC0, 0x00, 0x00, 0xC8, 0xFF, 0xFF, 0x64, 0x00, 0x00, 0x00, 0x00,
  0x5F, 0x00, 0x00, 0xC8, 0xFF, 0xFF, 0x64, 0x00, 0x00, 0x00, 0x00, 0x25, 0x00, 0x00, 0xC8, 0xFF,
  0xFF, 0x64, 0x00, 0x00, 0x00, 0x07, 0x00, 0x00, 0x00, 0xC8, 0xFF, 0xFF, 0x64, 0x00, 0x00, 0x00,
  0x4B, 0x00, 0x00, 0x00, 0xC8, 0xFF, 0xFF, 0x64, 0x00, 0x00, 0x26, 0xB1, 0x00, 0x00, 0x00, 0xC8,
  0xFF, 0xFF, 0xFC, 0xE8, 0xE9, 0xFF, 0xD0, 0x00, 0x00, 0x00, 0xC8, 0xFF, 0xFF, 0x64, 0x00, 0x00,
  0x2A, 0xAC, 0x00, 0x00, 0x00, 0xC8, 0xFF, 0xFF, 0x64, 0x00, 0x00, 0x00, 0x43, 0x00, 0x00, 0x00,
  0xC8, 0xFF, 0xFF, 0x64, 0x00, 0x00, 0x00, 0x00, 0x00, 0x00, 0x00, 0xC8, 0xFF, 0xFF, 0x64, 0x00,
  0x00, 0x00, 0x00, 0x00, 0x00, 0x00, 0xD1, 0xFF, 0xFF, 0x6C, 0x00, 0x00, 0x00, 0x00, 0x00, 0x0F,
  0x62, 0xFF, 0xFF, 0xFF, 0xE4, 0x3D, 0x00, 0x00, 0x00, 0x00, 0x00, 0x00, 0x00, 0x00, 0x40, 0x9B,
  0xD6, 0xEF, 0xE9, 0xDD, 0xCE, 0x9D, 0x5F, 0x0C, 0x00, 0x00, 0x00, 0x00, 0x11, 0xAA, 0xFF, 0xFC,
  0x81, 0x16, 0x00, 0x00, 0x2A, 0xA6, 0xFF, 0x97, 0x00, 0x00, 0x00, 0x04, 0xBF, 0xFF, 0xFF, 0x5F,
  0x00, 0x00, 0x00, 0x00, 0x00, 0x00, 0x97, 0x98, 0x00, 0x00, 0x00, 0x72, 0xFF, 0xFF, 0xC5, 0x00,
  0x00, 0x00, 0x00, 0x00, 0x00, 0x00, 0x0C, 0x89, 0x00, 0x00, 0x00, 0xD8, 0xFF, 0xFF, 0x6D, 0x00,
  0x00, 0x00, 0x00, 0x00, 0x00, 0x00, 0x00, 0x2F, 0x00, 0x00, 0x17, 0xFF, 0xFF, 0xFF, 0x37, 0x00,
  0x00, 0x00, 0x00, 0x00, 0x00, 0x00, 0x00, 0x00, 0x00, 0x00, 0x32, 0xFF, 0xFF, 0xFF, 0x23, 0x00,
  0x00, 0x00, 0x00, 0x00, 0x00, 0x00, 0x00, 0x00, 0x00, 0x00, 0x32, 0xFF, 0xFF, 0xFF, 0x1F, 0x00,
  0x00, 0x00, 0x00, 0x00, 0x37, 0x8E, 0x9C, 0x9C, 0x92, 0x3B, 0x16, 0xFF, 0xFF, 0xFF, 0x31, 0x00,
  0x00, 0x00, 0x00, 0x00, 0x00, 0x8E, 0xFF, 0xFF, 0xA5, 0x00, 0x00, 0xD7, 0xFF, 0xFF, 0x61, 0x00,
  0x00, 0x00, 0x00, 0x00, 0x00, 0x8B, 0xFF, 0xFF, 0x9C, 0x00, 0x00, 0x71, 0xFF, 0xFF, 0xB0, 0x00,
  0x00, 0x00, 0x00, 0x00, 0x00, 0x8E, 0xFF, 0xFF, 0x9C, 0x00, 0x00, 0x04, 0xC1, 0xFF, 0xFE, 0x3D,
  0x00, 0x00, 0x00, 0x00, 0x01, 0xC3, 0xFF, 0xFF, 0x6D, 0x00, 0x00, 0x00, 0x11, 0xAE, 0xFF, 0xEE,
  0x5C, 0x05, 0x00, 0x20, 0xAB, 0xFF, 0xE9, 0x5E, 0x00, 0x00, 0x00, 0x00, 0x00, 0x00, 0x44, 0xA1,
  0xD9, 0xEF, 0xE8, 0xE2, 0xB0, 0x62, 0x0B, 0x00, 0x00, 0x00, 0x0F, 0x6C, 0xFF, 0xFF, 0xFF, 0xD9,
  0x39, 0x00, 0x00, 0x10, 0x73, 0xFF, 0xFF, 0xFF, 0xD2, 0x36, 0x00, 0x00, 0xDB, 0xFF, 0xFF, 0x6A,
  0x00, 0x00, 0x00, 0x00, 0x00, 0xE3, 0xFF, 0xFF, 0x5F, 0x00, 0x00, 0x00, 0xCC, 0xFF, 0xFF, 0x60,
  0x00, 0x00, 0x00, 0x00, 0x00, 0xD4, 0xFF, 0xFF, 0x54, 0x00, 0x00, 0x00, 0xCC, 0xFF, 0xFF, 0x60,
  0x00, 0x00, 0x00, 0x00, 0x00, 0xD4, 0xFF, 0xFF, 0x54, 0x00, 0x00, 0x00, 0xCC, 0xFF, 0xFF, 0x60,
  0x00, 0x00, 0x00, 0x00, 0x00, 0xD4, 0xFF, 0xFF, 0x54, 0x00, 0x00, 0x00, 0xCC, 0xFF, 0xFF, 0x60,
  0x00, 0x00, 0x00, 0x00, 0x00, 0xD4, 0xFF, 0xFF, 0x54, 0x00, 0x00, 0x00, 0xCC, 0xFF, 0xFF, 0x60,
  0x00, 0x00, 0x00, 0x00, 0x00, 0xD4, 0xFF, 0xFF, 0x54, 0x00, 0x00, 0x00, 0xCC, 0xFF, 0xFF, 0xFF,
  0xE8, 0xE8, 0xE8, 0xE8, 0xE8, 0xFF, 0xFF, 0xFF, 0x54, 0x00, 0x00, 0x00, 0xCC, 0xFF, 0xFF, 0x60,
  0x00, 0x00, 0x00, 0x00, 0x00, 0xD4, 0xFF, 0xFF, 0x54, 0x00, 0x00, 0x00, 0xCC, 0xFF, 0xFF, 0x60,
  0x00, 0x00, 0x00, 0x00, 0x00, 0xD4, 0xFF, 0xFF, 0x54, 0x00, 0x00, 0x00, 0xCC, 0xFF, 0xFF, 0x60,
  0x00, 0x00, 0x00, 0x00, 0x00, 0xD4, 0xFF, 0xFF, 0x54, 0x00, 0x00, 0x00, 0xCC, 0xFF, 0xFF, 0x60,
  0x00, 0x00, 0x00, 0x00, 0x00, 0xD4, 0xFF, 0xFF, 0x54, 0x00, 0x00, 0x00, 0xD7, 0xFF, 0xFF, 0x68,
  0x00, 0x00, 0x00, 0x00, 0x00, 0xDF, 0xFF, 0xFF, 0x5F, 0x00, 0x0F, 0x68, 0xFF, 0xFF, 0xFF, 0xD7,
  0x39, 0x00, 0x00, 0x10, 0x6F, 0xFF, 0xFF, 0xFF, 0xD8, 0x35, 0x0F, 0x61, 0xFF, 0xFF, 0xFF, 0xE8,
  0x4A, 0x00, 0x00, 0xC6, 0xFF, 0xFF, 0x7E, 0x00, 0x00, 0x00, 0xB8, 0xFF, 0xFF, 0x74, 0x00, 0x00,
  0x00, 0xB8, 0xFF, 0xFF, 0x74, 0x00, 0x00, 0x00, 0xB8, 0xFF, 0xFF, 0x74, 0x00, 0x00, 0x00, 0xB8,
  0xFF, 0xFF, 0x74, 0x00, 0x00, 0x00, 0xB8, 0xFF, 0xFF, 0x74, 0x00, 0x00, 0x00, 0xB8, 0xFF, 0xFF,
  0x74, 0x00, 0x00, 0x00, 0xB8, 0xFF, 0xFF, 0x74, 0x00, 0x00, 0x00, 0xB8, 0xFF, 0xFF, 0x74, 0x00,
  0x00, 0x00, 0xB8, 0xFF, 0xFF, 0x74, 0x00, 0x00, 0x00, 0xB8, 0xFF, 0xFF, 0x74, 0x00, 0x00, 0x00,
  0xC5, 0xFF, 0xFF, 0x80, 0x00, 0x0F, 0x60, 0xFF, 0xFF, 0xFF, 0xEA, 0x4C, 0x00, 0x13, 0x6E, 0xFF,
  0xFF, 0xFF, 0xE4, 0x44, 0x00, 0x00, 0x00, 0xDA, 0xFF, 0xFF, 0x71, 0x00, 0x00, 0x00, 0x00, 0xCC,
  0xFF, 0xFF, 0x64, 0x00, 0x00, 0x00, 0x00, 0xCC, 0xFF, 0xFF, 0x64, 0x00, 0x00, 0x00, 0x00, 0xCC,
  0xFF, 0xFF, 0x64, 0x00, 0x00, 0x00, 0x00, 0xCC, 0xFF, 0xFF, 0x64, 0x00, 0x00, 0x00, 0x00, 0xCC,
  0xFF, 0xFF, 0x64, 0x00, 0x00, 0x00, 0x00, 0xCC, 0xFF, 0xFF, 0x64, 0x00, 0x00, 0x00, 0x00, 0xCC,
  0xFF, 0xFF, 0x64, 0x00, 0x00, 0x00, 0x00, 0xCC, 0xFF, 0xFF, 0x64, 0x00, 0x00, 0x00, 0x00, 0xCC,
  0xFF, 0xFF, 0x64, 0x00, 0x00, 0x00, 0x00, 0xCC, 0xFF, 0xFF, 0x64, 0x00, 0x00, 0x00, 0x00, 0xCC,
  0xFF, 0xFF, 0x64, 0x00, 0x00, 0x00, 0x00, 0xDD, 0xFF, 0xFF, 0x55, 0x00, 0x00, 0x00, 0x03, 0xF9,
  0xFF, 0xFE, 0x1F, 0x00, 0x00, 0x00, 0x45, 0xFF, 0xFF, 0xA2, 0x00, 0x00, 0x00, 0x0C, 0xCF, 0xFF,
  0xB3, 0x0A, 0x00, 0x00, 0x03, 0x88, 0x99, 0x4A, 0x00, 0x00, 0x00, 0x00, 0x0E, 0x67, 0xFF, 0xFF,
  0xFF, 0xE2, 0x3E, 0x00, 0x00, 0x03, 0xAD, 0xFF, 0xFF, 0x6B, 0x1D, 0x00, 0x00, 0x00, 0xCA, 0xFF,
  0xFF, 0x74, 0x00, 0x00, 0x00, 0x03, 0xD4, 0xFF, 0x1B, 0x00, 0x00, 0x00, 0x00, 0x00, 0xC0, 0xFF,
  0xFF, 0x68, 0x00, 0x00, 0x00, 0x7B, 0xF3, 0x29, 0x00, 0x00, 0x00, 0x00, 0x00, 0x00, 0xC0, 0xFF,
  0xFF, 0x68, 0x00, 0x00, 0x32, 0xF9, 0x55, 0x00, 0x00, 0x00, 0x00, 0x00, 0x00, 0x00, 0xC0, 0xFF,
  0xFF, 0x68, 0x00, 0x09, 0xD6, 0x8C, 0x00, 0x00, 0x00, 0x00, 0x00, 0x00, 0x00, 0x00, 0xC0, 0xFF,
  0xFF, 0x68, 0x00, 0x98, 0xFF, 0x04, 0x00, 0x00, 0x00, 0x00, 0x00, 0x00, 0x00, 0x00, 0xC0, 0xFF,
  0xFF, 0x68, 0x4D, 0xFF, 0xFF, 0x2F, 0x00, 0x00, 0x00, 0x00, 0x00, 0x00, 0x00, 0x00, 0xC0, 0xFF,
  0xFF, 0x68, 0xFF, 0xFF, 0xFF, 0xD3, 0x07, 0x00, 0x00, 0x00, 0x00, 0x00, 0x00, 0x00, 0xC0, 0xFF,
  0xFF, 0x68, 0x60, 0xFF, 0xFF, 0xFF, 0x8B, 0x00, 0x00, 0x00, 0x00, 0x00, 0x00, 0x00, 0xC0, 0xFF,
  0xFF, 0x68, 0x00, 0xB0, 0xFF, 0xFF, 0xFD, 0x3F, 0x00, 0x00, 0x00, 0x00, 0x00, 0x00, 0xC0, 0xFF,
  0xFF, 0x68, 0x00, 0x15, 0xE9, 0xFF, 0xFF, 0xE0, 0x0E, 0x00, 0x00, 0x00, 0x00, 0x00, 0xC0, 0xFF,
  0xFF, 0x68, 0x00, 0x00, 0x4F, 0xFF, 0xFF, 0xFF, 0x9F, 0x00, 0x00, 0x00, 0x00, 0x00, 0xC8, 0xFF,
  0xFF, 0x73, 0x00, 0x00, 0x00, 0x8E, 0xFF, 0xFF, 0xFF, 0x53, 0x00, 0x00, 0x09, 0x5A, 0xFF, 0xFF,
  0xFF, 0xDD, 0x34, 0x00, 0x00, 0x00, 0x5A, 0xC4, 0xF4, 0xF3, 0x64, 0x0F, 0x0F, 0x68, 0xFF, 0xFF,
  0xFF, 0xDC, 0x3D, 0x00, 0x00, 0x00, 0x00, 0x00, 0x00, 0x00, 0xD3, 0xFF, 0xFF, 0x6E, 0x00, 0x00,
  0x00, 0x00, 0x00, 0x00, 0x00, 0x00, 0xC8, 0xFF, 0xFF, 0x64, 0x00, 0x00, 0x00, 0x00, 0x00, 0x00,
  0x00, 0x00, 0xC8, 0xFF, 0xFF, 0x64, 0x00, 0x00, 0x00, 0x00, 0x00, 0x00, 0x00, 0x00, 0xC8, 0xFF,
  0xFF, 0x64, 0x00, 0x00, 0x00, 0x00, 0x00, 0x00, 0x00, 0x00, 0xC8, 0xFF, 0xFF, 0x64, 0x00, 0x00,
  0x00, 0x00, 0x00, 0x00, 0x00, 0x00, 0xC8, 0xFF, 0xFF, 0x64, 0x00, 0x00, 0x00, 0x00, 0x00, 0x00,
  0x00, 0x00, 0xC8, 0xFF, 0xFF, 0x64, 0x00, 0x00, 0x00, 0x00, 0x00, 0x00, 0x00, 0x00, 0xC8, 0xFF,
  0xFF, 0x64, 0x00, 0x00, 0x00, 0x00, 0x00, 0x00, 0x00, 0x00, 0xC8, 0xFF, 0xFF, 0x64, 0x00, 0x00,
  0x00, 0x00, 0x00, 0x11, 0x00, 0x00, 0xC8, 0xFF, 0xFF, 0x64, 0x00, 0x00, 0x00, 0x00, 0x00, 0x59,
  0x00, 0x00, 0xC8, 0xFF, 0xFF, 0x64, 0x00, 0x00, 0x00, 0x00, 0x23, 0x90, 0x00, 0x00, 0xD4, 0xFF,
  0xFF, 0x64, 0x00, 0x00, 0x00, 0x43, 0xDF, 0x68, 0x0F, 0x67, 0xFF, 0xFF, 0xFF, 0xFC, 0xE8, 0xFF,
  0xFF, 0xFF, 0xFF, 0x35, 0x00, 0x00, 0x00, 0x00, 0x12, 0x00, 0x00, 0x00, 0x00, 0x00, 0x00, 0x00,
  0x00, 0x00, 0x00, 0x00, 0x10, 0x00, 0x00, 0x00, 0x00, 0x00, 0x00, 0x00, 0x00, 0xFF, 0x1C, 0x00,
  0x00, 0x00, 0x00, 0x00, 0x00, 0x00, 0x00, 0x00, 0x1A, 0xFD, 0x00, 0x00, 0x00, 0x00, 0x00, 0x00,
  0x00, 0x00, 0xFF, 0xBA, 0x00, 0x00, 0x00, 0x00, 0x00, 0x00, 0x00, 0x00, 0x00, 0xC5, 0xFF, 0x00,
  0x00, 0x00, 0x00, 0x00, 0x00, 0x00, 0x0E, 0xFF, 0xFF, 0x58, 0x00, 0x00, 0x00, 0x00, 0x00, 0x00,
  0x00, 0x42, 0xFF, 0xFF, 0x0C, 0x00, 0x00, 0x00, 0x00, 0x00, 0x00, 0x31, 0xFF, 0xFF, 0xEA, 0x13,
  0x00, 0x00, 0x00, 0x00, 0x00, 0x05, 0xDB, 0xFF, 0xFF, 0x2F, 0x00, 0x00, 0x00, 0x00, 0x00, 0x00,
  0x5C, 0xFF, 0xFF, 0xFF, 0xA2, 0x00, 0x00, 0x00, 0x00, 0x00, 0x78, 0xFF, 0xFF, 0xFF, 0x53, 0x00,
  0x00, 0x00, 0x00, 0x00, 0x00, 0x76, 0xFF, 0xFF, 0xFF, 0xFF, 0x47, 0x00, 0x00, 0x00, 0x1E, 0xF5,
  0xFF, 0xFF, 0xFF, 0x76, 0x00, 0x00, 0x00, 0x00, 0x00, 0x00, 0x99, 0xC5, 0xEA, 0xFF, 0xFF, 0xE0,
  0x0B, 0x00, 0x00, 0xAE, 0xDE, 0xB9, 0xFF, 0xFF, 0x99, 0x00, 0x00, 0x00, 0x00, 0x00, 0x00, 0xBC,
  0x93, 0x5B, 0xFF, 0xFF, 0xFF, 0x91, 0x00, 0x48, 0xFF, 0x4B, 0x8F, 0xFF, 0xFF, 0xBD, 0x00, 0x00,
  0x00, 0x00, 0x00, 0x00, 0xDE, 0x75, 0x00, 0xB8, 0xFF, 0xFF, 0xFD, 0x40, 0xDB, 0xB0, 0x00, 0x6E,
  0xFF, 0xFF, 0xE0, 0x00, 0x00, 0x00, 0x00, 0x00, 0x04, 0xFC, 0x57, 0x00, 0x20, 0xF4, 0xFF, 0xFF,
  0xFF, 0xF5, 0x1F, 0x00, 0x4D, 0xFF, 0xFF, 0xFD, 0x06, 0x00, 0x00, 0x00, 0x00, 0x23, 0xFF, 0x39,
  0x00, 0x00, 0x72, 0xFF, 0xFF, 0xFF, 0x79, 0x00, 0x00, 0x2C, 0xFF, 0xFF, 0xFF, 0x27, 0x00, 0x00,
  0x00, 0x00, 0x46, 0xFF, 0x1B, 0x00, 0x00, 0x03, 0xCC, 0xFF, 0xFF, 0x06, 0x00, 0x00, 0x0B, 0xFF,
  0xFF, 0xFF, 0x4B, 0x00, 0x00, 0x00, 0x00, 0xA4, 0xFF, 0x02, 0x00, 0x00, 0x00, 0x33, 0xFF, 0x91,
  0x00, 0x00, 0x00, 0x00, 0xF0, 0xFF, 0xFF, 0xAA, 0x00, 0x00, 0x0A, 0x52, 0xFF, 0xFF, 0x56, 0x00,
  0x00, 0x00, 0x00, 0xE5, 0x14, 0x00, 0x00, 0x00, 0x47, 0xFF, 0xFF, 0xFF, 0xFF, 0x53, 0x0B, 0x00,
  0x00, 0x0D, 0x00, 0x00, 0x00, 0x00, 0x00, 0x00, 0x00, 0x00, 0x00, 0x00, 0x00, 0x00, 0x00, 0x00,
  0x00, 0x21, 0xFF, 0x18, 0x00, 0x00, 0x00, 0x00, 0x00, 0x00, 0x1D, 0x7A, 0xFF, 0xFF, 0xFF, 0xAD,
  0x2C, 0x00, 0x04, 0xFF, 0xFF, 0x23, 0x00, 0x00, 0x00, 0x00, 0x00, 0x00, 0x00, 0xF1, 0xFF, 0xFF,
  0x25, 0x00, 0x00, 0x00, 0xFF, 0xFF, 0xFF, 0x30, 0x00, 0x00, 0x00, 0x00, 0x00, 0x00, 0xE8, 0xFF,
  0xFF, 0x1C, 0x00, 0x00, 0x00, 0xF8, 0xFF, 0xFF, 0xF7, 0x3F, 0x00, 0x00, 0x00, 0x00, 0x00, 0xE8,
  0xFF, 0xFF, 0x1C, 0x00, 0x00, 0x00, 0xF8, 0xFF, 0xFF, 0xFE, 0xF8, 0x51, 0x00, 0x00, 0x00, 0x00,
  0xE8, 0xFF, 0xFF, 0x1C, 0x00, 0x00, 0x00, 0xF8, 0xFF, 0xFF, 0x42, 0xEE, 0xFC, 0x64, 0x00, 0x00,
  0x00, 0xE8, 0xFF, 0xFF, 0x1C, 0x00, 0x00, 0x00, 0xF8, 0xFF, 0xFF, 0x08, 0x2C, 0xE5, 0xFF, 0x7B,
  0x00, 0x00, 0xE8, 0xFF, 0xFF, 0x1C, 0x00, 0x00, 0x00, 0xF8, 0xFF, 0xFF, 0x08, 0x00, 0x1F, 0xD9,
  0xFF, 0x90, 0x01, 0xE8, 0xFF, 0xFF, 0x1C, 0x00, 0x00, 0x00, 0xF8, 0xFF, 0xFF, 0x08, 0x00, 0x00,
  0x15, 0xCB, 0xFF, 0xA5, 0xED, 0xFF, 0xFF, 0x1C, 0x00, 0x00, 0x00, 0xF8, 0xFF, 0xFF, 0x08, 0x00,
  0x00, 0x00, 0x0C, 0xBC, 0xFF, 0xFF, 0xFF, 0xFF, 0x1C, 0x00, 0x00, 0x00, 0xF8, 0xFF, 0xFF, 0x08,
  0x00, 0x00, 0x00, 0x00, 0x06, 0xAA, 0xFF, 0xFF, 0xFF, 0x1C, 0x00, 0x00, 0x00, 0xF8, 0xFF, 0xFF,
  0x08, 0x00, 0x00, 0x00, 0x00, 0x00, 0x02, 0xC0, 0xFF, 0xFF, 0x1D, 0x00, 0x00, 0x01, 0xFF, 0xFF,
  0xFF, 0x10, 0x00, 0x00, 0x00, 0x00, 0x00, 0x00, 0x00, 0xBD, 0xFF, 0x2A, 0x00, 0x20, 0x83, 0xFF,
  0xFF, 0xFF, 0x9A, 0x26, 0x00, 0x00, 0x00, 0x00, 0x00, 0x00, 0x00, 0xBC, 0x52, 0x00, 0x00, 0x00,
  0x00, 0x00, 0x23, 0x88, 0xC9, 0xEB, 0xE9, 0xEC, 0xCD, 0x8F, 0x2B, 0x00, 0x00, 0x00, 0x00, 0x00,
  0x00, 0x04, 0x89, 0xFD, 0xFD, 0x81, 0x10, 0x00, 0x0C, 0x73, 0xF9, 0xFF, 0x99, 0x09, 0x00, 0x00,
  0x00, 0x01, 0xA4, 0xFF, 0xFF, 0x6E, 0x00, 0x00, 0x00, 0x00, 0x00, 0x55, 0xFF, 0xFF, 0xB8, 0x04,
  0x00, 0x00, 0x5A, 0xFF, 0xFF, 0xD4, 0x02, 0x00, 0x00, 0x00, 0x00, 0x00, 0x00, 0xBE, 0xFF, 0xFF,
  0x71, 0x00, 0x00, 0xCF, 0xFF, 0xFF, 0x7C, 0x00, 0x00, 0x00, 0x00, 0x00, 0x00, 0x00, 0x65, 0xFF,
  0xFF, 0xE5, 0x01, 0x14, 0xFF, 0xFF, 0xFF, 0x43, 0x00, 0x00, 0x00, 0x00, 0x00, 0x00, 0x00, 0x2C,
  0xFF, 0xFF, 0xFF, 0x2E, 0x30, 0xFF, 0xFF, 0xFF, 0x2E, 0x00, 0x00, 0x00, 0x00, 0x00, 0x00, 0x00,
  0x17, 0xFF, 0xFF, 0xFF, 0x4B, 0x31, 0xFF, 0xFF, 0xFF, 0x2D, 0x00, 0x00, 0x00, 0x00, 0x00, 0x00,
  0x00, 0x15, 0xFF, 0xFF, 0xFF, 0x4C, 0x15, 0xFF, 0xFF, 0xFF, 0x42, 0x00, 0x00, 0x00, 0x00, 0x00,
  0x00, 0x00, 0x2B, 0xFF, 0xFF, 0xFF, 0x2F, 0x00, 0xD0, 0xFF, 0xFF, 0x79, 0x00, 0x00, 0x00, 0x00,
  0x00, 0x00, 0x00, 0x62, 0xFF, 0xFF, 0xE7, 0x01, 0x00, 0x5C, 0xFF, 0xFF, 0xD1, 0x01, 0x00, 0x00,
  0x00, 0x00, 0x00, 0x00, 0xBB, 0xFF, 0xFF, 0x73, 0x00, 0x00, 0x01, 0xA7, 0xFF, 0xFF, 0x6D, 0x00,
  0x00, 0x00, 0x00, 0x00, 0x53, 0xFF, 0xFF, 0xBA, 0x05, 0x00, 0x00, 0x00, 0x05, 0x8C, 0xFD, 0xFD,
  0x81, 0x10, 0x00, 0x0C, 0x72, 0xF9, 0xFF, 0x9C, 0x0A, 0x00, 0x00, 0x00, 0x00, 0x00, 0x00, 0x24,
  0x89, 0xCA, 0xEC, 0xE9, 0xED, 0xCE, 0x8F, 0x2C, 0x00, 0x00, 0x00, 0x00, 0x0F, 0x64, 0xFF, 0xFF,
  0xFF, 0xFF, 0xEC, 0xFA, 0xE5, 0xAD, 0x42, 0x00, 0x00, 0x00, 0x00, 0xD3, 0xFF, 0xFF, 0x64, 0x00,
  0x29, 0xD5, 0xFF, 0xFF, 0x6F, 0x00, 0x00, 0x00, 0xC8, 0xFF, 0xFF, 0x64, 0x00, 0x00, 0x3E, 0xFF,
  0xFF, 0xF8, 0x17, 0x00, 0x00, 0xC8, 0xFF, 0xFF, 0x64, 0x00, 0x00, 0x07, 0xFF, 0xFF, 0xFF, 0x53,
  0x00, 0x00, 0xC8, 0xFF, 0xFF, 0x64, 0x00, 0x00, 0x0A, 0xFF, 0xFF, 0xFF, 0x56, 0x00, 0x00, 0xC8,
  0xFF, 0xFF, 0x64, 0x00, 0x00, 0x4D, 0xFF, 0xFF, 0xFF, 0x25, 0x00, 0x00, 0xC8, 0xFF, 0xFF, 0x64,
  0x00, 0x21, 0xDE, 0xFF, 0xFF, 0xAB, 0x00, 0x00, 0x00, 0xC8, 0xFF, 0xFF, 0x64, 0x7B, 0xFA, 0xFF,
  0xFE, 0xAA, 0x0D, 0x00, 0x00, 0x00, 0xC8, 0xFF, 0xFF, 0x64, 0x00, 0x2C, 0x4A, 0x21, 0x00, 0x00,
  0x00, 0x00, 0x00, 0xC8, 0xFF, 0xFF, 0x64, 0x00, 0x00, 0x00, 0x00, 0x00, 0x00, 0x00, 0x00, 0x00,
  0xC8, 0xFF, 0xFF, 0x64, 0x00, 0x00, 0x00, 0x00, 0x00, 0x00, 0x00, 0x00, 0x00, 0xC8, 0xFF, 0xFF,
  0x64, 0x00, 0x00, 0x00, 0x00, 0x00, 0x00, 0x00, 0x00, 0x00, 0xD5, 0xFF, 0xFF, 0x70, 0x00, 0x00,
  0x00, 0x00, 0x00, 0x00, 0x00, 0x0E, 0x67, 0xFF, 0xFF, 0xFF, 0xED, 0x3B, 0x00, 0x00, 0x00, 0x00,
  0x00, 0x00, 0x00, 0x00, 0x00, 0x00, 0x2E, 0x92, 0xD1, 0xED, 0xE9, 0xE9, 0xC0, 0x7A, 0x15, 0x00,
  0x00, 0x00, 0x00, 0x00, 0x00, 0x00, 0x00, 0x00, 0x00, 0x00, 0x00, 0x00, 0x00, 0x00, 0x08, 0x97,
  0xFF, 0xFA, 0x71, 0x0A, 0x00, 0x1B, 0xA1, 0xFF, 0xF4, 0x62, 0x00, 0x00, 0x00, 0x00, 0x00, 0x00,
  0x00, 0x00, 0x00, 0x00, 0x00, 0x00, 0x00, 0x02, 0xAF, 0xFF, 0xFF, 0x5F, 0x00, 0x00, 0x00, 0x00,
  0x00, 0xA5, 0xFF, 0xFF, 0x68, 0x00, 0x00, 0x00, 0x00, 0x00, 0x00, 0x00, 0x00, 0x00, 0x00, 0x00,
  0x00, 0x60, 0xFF, 0xFF, 0xCC, 0x00, 0x00, 0x00, 0x00, 0x00, 0x00, 0x1B, 0xF9, 0xFF, 0xF7, 0x1D,
  0x00, 0x00, 0x00, 0x00, 0x00, 0x00, 0x00, 0x00, 0x00, 0x00, 0x00, 0xD2, 0xFF, 0xFF, 0x77, 0x00,
  0x00, 0x00, 0x00, 0x00, 0x00, 0x00, 0xC0, 0xFF, 0xFF, 0x86, 0x00, 0x00, 0x00, 0x00, 0x00, 0x00,
  0x00, 0x00, 0x00, 0x00, 0x15, 0xFF, 0xFF, 0xFF, 0x41, 0x00, 0x00, 0x00, 0x00, 0x00, 0x00, 0x00,
  0x8A, 0xFF, 0xFF, 0xCB, 0x00, 0x00, 0x00, 0x00, 0x00, 0x00, 0x00, 0x00, 0x00, 0x00, 0x31, 0xFF,
  0xFF, 0xFF, 0x2D, 0x00, 0x00, 0x00, 0x00, 0x00, 0x00, 0x00, 0x76, 0xFF, 0xFF, 0xE7, 0x00, 0x00,
  0x00, 0x00, 0x00, 0x00, 0x00, 0x00, 0x00, 0x00, 0x31, 0xFF, 0xFF, 0xFF, 0x2C, 0x00, 0x00, 0x00,
  0x00, 0x00, 0x00, 0x00, 0x75, 0xFF, 0xFF, 0xE8, 0x00, 0x00, 0x00, 0x00, 0x00, 0x00, 0x00, 0x00,
  0x00, 0x00, 0x16, 0xFF, 0xFF, 0xFF, 0x40, 0x00, 0x00, 0x00, 0x00, 0x00, 0x00, 0x00, 0x89, 0xFF,
  0xFF, 0xCC, 0x00, 0x00, 0x00, 0x00, 0x00, 0x00, 0x00, 0x00, 0x00, 0x00, 0x00, 0xD3, 0xFF, 0xFF,
  0x75, 0x00, 0x00, 0x00, 0x00, 0x00, 0x00, 0x00, 0xBE, 0xFF, 0xFF, 0x87, 0x00, 0x00, 0x00, 0x00,
  0x00, 0x00, 0x00, 0x00, 0x00, 0x00, 0x00, 0x62, 0xFF, 0xFF, 0xC9, 0x00, 0x00, 0x00, 0x00, 0x00,
  0x00, 0x19, 0xF8, 0xFF, 0xF8, 0x1F, 0x00, 0x00, 0x00, 0x00, 0x00, 0x00, 0x00, 0x00, 0x00, 0x00,
  0x00, 0x02, 0xB1, 0xFF, 0xFF, 0x5D, 0x00, 0x00, 0x00, 0x00, 0x00, 0xA4, 0xFF, 0xFF, 0x6B, 0x00,
  0x00, 0x00, 0x00, 0x00, 0x00, 0x00, 0x00, 0x00, 0x00, 0x00, 0x00, 0x00, 0x09, 0x9A, 0xFF, 0xF9,
  0x70, 0x09, 0x00, 0x1B, 0xA1, 0xFF, 0xF5, 0x65, 0x00, 0x00, 0x00, 0x00, 0x00, 0x00, 0x00, 0x00,
  0x00, 0x00, 0x00, 0x00, 0x00, 0x00, 0x00, 0x00, 0x2F, 0x93, 0xD1, 0xFF, 0xFF, 0xFF, 0xFF, 0xCA,
  0x26, 0x00, 0x00, 0x00, 0x00, 0x00, 0x00, 0x00, 0x00, 0x00, 0x00, 0x00, 0x00, 0x00, 0x00, 0x00,
  0x00, 0x00, 0x00, 0x00, 0x00, 0x00, 0x08, 0x45, 0xC0, 0xFF, 0xFD, 0xC1, 0x68, 0x10, 0x00, 0x00,
  0x00, 0x00, 0x00, 0x00, 0x00, 0x00, 0x00, 0x00, 0x00, 0x00, 0x00, 0x00, 0x00, 0x00, 0x00, 0x00,
  0x00, 0x00, 0x00, 0x5B, 0xED, 0xFF, 0xFF, 0xF6, 0xA3, 0x45, 0x03, 0x00, 0x00, 0x00, 0x00, 0x00,
  0x3D, 0x66, 0x00, 0x00, 0x00, 0x00, 0x00, 0x00, 0x00, 0x00, 0x00, 0x00, 0x00, 0x00, 0x1B, 0xBB,
  0xFF, 0xFF, 0xFF, 0xFF, 0xF1, 0xBC, 0x9F, 0x87, 0x91, 0xCC, 0xFF, 0x49, 0x00, 0x00, 0x00, 0x00,
  0x00, 0x00, 0x00, 0x00, 0x00, 0x00, 0x00, 0x00, 0x00, 0x00, 0x5C, 0xE8, 0xFF, 0xFF, 0xFF, 0xFF,
  0xFF, 0xFF, 0xFF, 0xFF, 0xB2, 0x01, 0x00, 0x00, 0x00, 0x00, 0x00, 0x00, 0x00, 0x00, 0x00, 0x00,
  0x00, 0x00, 0x00, 0x00, 0x00, 0x0B, 0x70, 0xD8, 0xFF, 0xFF, 0xFF, 0xFF, 0xF7, 0x8E, 0x06, 0x00,
  0x00, 0x00, 0x00, 0x00, 0x00, 0x00, 0x00, 0x00, 0x00, 0x00, 0x00, 0x00, 0x00, 0x00, 0x00, 0x00,
  0x00, 0x00, 0x21, 0x4C, 0x5A, 0x44, 0x0D, 0x00, 0x00, 0x00, 0x05, 0x56, 0xFF, 0xFF, 0xFF, 0xFF,
  0xF5, 0xFE, 0xE5, 0xB9, 0x53, 0x01, 0x00, 0x00, 0x00, 0x00, 0x00, 0x00, 0xB7, 0xFF, 0xFF, 0x84,
  0x00, 0x21, 0xC1, 0xFF, 0xFF, 0x9B, 0x00, 0x00, 0x00, 0x00, 0x00, 0x00, 0xAC, 0xFF, 0xFF, 0x84,
  0x00, 0x00, 0x23, 0xFF, 0xFF, 0xFF, 0x32, 0x00, 0x00, 0x00, 0x00, 0x00, 0xAC, 0xFF, 0xFF, 0x84,
  0x00, 0x00, 0x00, 0xE9, 0xFF, 0xFF, 0x6A, 0x00, 0x00, 0x00, 0x00, 0x00, 0xAC, 0xFF, 0xFF, 0x84,
  0x00, 0x00, 0x00, 0xE7, 0xFF, 0xFF, 0x6D, 0x00, 0x00, 0x00, 0x00, 0x00, 0xAC, 0xFF, 0xFF, 0x84,
  0x00, 0x00, 0x1D, 0xFF, 0xFF, 0xFF, 0x37, 0x00, 0x00, 0x00, 0x00, 0x00, 0xAC, 0xFF, 0xFF, 0x84,
  0x00, 0x00, 0x92, 0xFF, 0xFF, 0xBC, 0x00, 0x00, 0x00, 0x00, 0x00, 0x00, 0xAC, 0xFF, 0xFF, 0x84,
  0x48, 0xC5, 0xFF, 0xF5, 0xA1, 0x11, 0x00, 0x00, 0x00, 0x00, 0x00, 0x00, 0xAC, 0xFF, 0xFF, 0x84,
  0x00, 0xB3, 0xFF, 0xE8, 0x4E, 0x00, 0x00, 0x00, 0x00, 0x00, 0x00, 0x00, 0xAC, 0xFF, 0xFF, 0x84,
  0x00, 0x43, 0xFF, 0xFF, 0xFB, 0x47, 0x00, 0x00, 0x00, 0x00, 0x00, 0x00, 0xAC, 0xFF, 0xFF, 0x84,
  0x00, 0x00, 0xCB, 0xFF, 0xFF, 0xE1, 0x0B, 0x00, 0x00, 0x00, 0x00, 0x00, 0xAC, 0xFF, 0xFF, 0x84,
  0x00, 0x00, 0x40, 0xFF, 0xFF, 0xFF, 0x94, 0x00, 0x00, 0x00, 0x00, 0x00, 0xB5, 0xFF, 0xFF, 0x8E,
  0x00, 0x00, 0x00, 0x8C, 0xFF, 0xFF, 0xFF, 0x52, 0x00, 0x00, 0x05, 0x55, 0xFF, 0xFF, 0xFF, 0xFB,
  0x4A, 0x00, 0x00, 0x00, 0x69, 0xCC, 0xF3, 0xF4, 0x74, 0x1B, 0x00, 0x00, 0x21, 0xA7, 0xEC, 0xF5,
  0xFA, 0xFF, 0xFF, 0x4E, 0x00, 0x00, 0x16, 0xE6, 0xFA, 0x56, 0x01, 0x00, 0x32, 0xDB, 0x27, 0x00,
  0x00, 0x81, 0xFF, 0xBC, 0x00, 0x00, 0x00, 0x00, 0x55, 0x0F, 0x00, 0x00, 0xB3, 0xFF, 0xE7, 0x18,
  0x00, 0x00, 0x00, 0x06, 0x00, 0x00, 0x00, 0xA8, 0xFF, 0xFF, 0xE8, 0x58, 0x00, 0x00, 0x00, 0x00,
  0x00, 0x00, 0x4E, 0xFF, 0xFF, 0xFF, 0xFF, 0xB7, 0x20, 0x00, 0x00, 0x00, 0x00, 0x00, 0x7C, 0xFC,
  0xFF, 0xFF, 0xFF, 0xF5, 0x74, 0x02, 0x00, 0x00, 0x00, 0x00, 0x36, 0xD3, 0xFF, 0xFF, 0xFF, 0xFF,
  0xA1, 0x00, 0x00, 0x00, 0x00, 0x00, 0x05, 0x7E, 0xF9, 0xFF, 0xFF, 0xFF, 0x2D, 0x00, 0x33, 0x00,
  0x00, 0x00, 0x00, 0x29, 0xD1, 0xFF, 0xFF, 0x5B, 0x00, 0xB7, 0x04, 0x00, 0x00, 0x00, 0x00, 0x22,
  0xFF, 0xFF, 0x48, 0x00, 0xF4, 0x62, 0x00, 0x00, 0x00, 0x00, 0x14, 0xFF, 0xEB, 0x0B, 0x00, 0xDC,
  0xF8, 0x6D, 0x0B, 0x00, 0x15, 0xAE, 0xFA, 0x4D, 0x00, 0x00, 0x21, 0x8F, 0xD3, 0xEE, 0xE9, 0xE0,
  0xA0, 0x2A, 0x00, 0x00, 0x3D, 0x1A, 0x02, 0x00, 0x00, 0x00, 0x00, 0x00, 0x00, 0x00, 0x01, 0x12,
  0x43, 0xE5, 0xFF, 0xE3, 0xD4, 0xD4, 0xFF, 0xFF, 0xFF, 0xFF, 0xD4, 0xD6, 0xFF, 0xFF, 0xAF, 0x24,
  0x00, 0x00, 0x00, 0xFF, 0xFF, 0xFF, 0x30, 0x00, 0x00, 0x0B, 0xBC, 0x54, 0x00, 0x00, 0x00, 0x00,
  0xFF, 0xFF, 0xFF, 0x30, 0x00, 0x00, 0x00, 0x51, 0x0F, 0x00, 0x00, 0x00, 0x00, 0xFF, 0xFF, 0xFF,
  0x30, 0x00, 0x00, 0x00, 0x0F, 0x00, 0x00, 0x00, 0x00, 0x00, 0xFF, 0xFF, 0xFF, 0x30, 0x00, 0x00,
  0x00, 0x00, 0x00, 0x00, 0x00, 0x00, 0x00, 0xFF, 0xFF, 0xFF, 0x30, 0x00, 0x00, 0x00, 0x00, 0x00,
  0x00, 0x00, 0x00, 0x00, 0xFF, 0xFF, 0xFF, 0x30, 0x00, 0x00, 0x00, 0x00, 0x00, 0x00, 0x00, 0x00,
  0x00, 0xFF, 0xFF, 0xFF, 0x30, 0x00, 0x00, 0x00, 0x00, 0x00, 0x00, 0x00, 0x00, 0x00, 0xFF, 0xFF,
  0xFF, 0x30, 0x00, 0x00, 0x00, 0x00, 0x00, 0x00, 0x00, 0x00, 0x00, 0xFF, 0xFF, 0xFF, 0x30, 0x00,
  0x00, 0x00, 0x00, 0x00, 0x00, 0x00, 0x00, 0x00, 0xFF, 0xFF, 0xFF, 0x30, 0x00, 0x00, 0x00, 0x00,
  0x00, 0x00, 0x00, 0x00, 0x00, 0xFF, 0xFF, 0xFF, 0x30, 0x00, 0x00, 0x00, 0x00, 0x00, 0x00, 0x00,
  0x00, 0x05, 0xFF, 0xFF, 0xFF, 0x3D, 0x00, 0x00, 0x00, 0x00, 0x00, 0x00, 0x00, 0x1B, 0x8E, 0xFF,
  0xFF, 0xFF, 0xBE, 0x2A, 0x00, 0x00, 0x00, 0x15, 0x8E, 0xFF, 0xFF, 0xFF, 0x86, 0x13, 0x00, 0x00,
  0x00, 0x00, 0x46, 0xF7, 0xFC, 0x4A, 0x02, 0x00, 0x1B, 0xFF, 0xFF, 0xFF, 0x17, 0x00, 0x00, 0x00,
  0x00, 0x00, 0x00, 0xB7, 0xC3, 0x00, 0x00, 0x00, 0x18, 0xFF, 0xFF, 0xFF, 0x14, 0x00, 0x00, 0x00,
  0x00, 0x00, 0x00, 0xB4, 0xC0, 0x00, 0x00, 0x00, 0x18, 0xFF, 0xFF, 0xFF, 0x14, 0x00, 0x00, 0x00,
  0x00, 0x00, 0x00, 0xB4, 0xC0, 0x00, 0x00, 0x00, 0x18, 0xFF, 0xFF, 0xFF, 0x14, 0x00, 0x00, 0x00,
  0x00, 0x00, 0x00, 0xB4, 0xC0, 0x00, 0x00, 0x00, 0x18, 0xFF, 0xFF, 0xFF, 0x14, 0x00, 0x00, 0x00,
  0x00, 0x00, 0x00, 0xB4, 0xC0, 0x00, 0x00, 0x00, 0x18, 0xFF, 0xFF, 0xFF, 0x14, 0x00, 0x00, 0x00,
  0x00, 0x00, 0x00, 0xB4, 0xC0, 0x00, 0x00, 0x00, 0x18, 0xFF, 0xFF, 0xFF, 0x14, 0x00, 0x00, 0x00,
  0x00, 0x00, 0x00, 0xB4, 0xC0, 0x00, 0x00, 0x00, 0x17, 0xFF, 0xFF, 0xFF, 0x16, 0x00, 0x00, 0x00,
  0x00, 0x00, 0x00, 0xB4, 0xBF, 0x00, 0x00, 0x00, 0x08, 0xFF, 0xFF, 0xFF, 0x30, 0x00, 0x00, 0x00,
  0x00, 0x00, 0x00, 0xCC, 0xB0, 0x00, 0x00, 0x00, 0x00, 0xD3, 0xFF, 0xFF, 0x5D, 0x00, 0x00, 0x00,
  0x00, 0x00, 0x05, 0xF1, 0x7F, 0x00, 0x00, 0x00, 0x00, 0x63, 0xFF, 0xFF, 0xCF, 0x01, 0x00, 0x00,
  0x00, 0x00, 0x6E, 0xF9, 0x1F, 0x00, 0x00, 0x00, 0x00, 0x00, 0x92, 0xFF, 0xFF, 0xA4, 0x18, 0x00,
  0x08, 0x63, 0xF2, 0x5D, 0x00, 0x00, 0x00, 0x00, 0x00, 0x00, 0x00, 0x40, 0xA4, 0xDC, 0xF4, 0xE8,
  0xDE, 0xA5, 0x33, 0x00, 0x00, 0x00, 0x00, 0x12, 0xA1, 0xFF, 0xFF, 0xFF, 0xFF, 0x2B, 0x00, 0x00,
  0x00, 0x00, 0x20, 0xFF, 0xFF, 0x9E, 0x13, 0x00, 0x00, 0xFF, 0xFF, 0xFF, 0xFF, 0x09, 0x00, 0x00,
  0x00, 0x00, 0x01, 0xFF, 0xFF, 0x00, 0x00, 0x00, 0x00, 0x3C, 0xFF, 0xFF, 0xFF, 0x61, 0x00, 0x00,
  0x00, 0x00, 0x4A, 0xFF, 0x3D, 0x00, 0x00, 0x00, 0x00, 0x00, 0xC5, 0xFF, 0xFF, 0xCA, 0x00, 0x00,
  0x00, 0x00, 0xB6, 0xC9, 0x00, 0x00, 0x00, 0x00, 0x00, 0x00, 0x4F, 0xFF, 0xFF, 0xFF, 0x33, 0x00,
  0x00, 0x23, 0xFE, 0x55, 0x00, 0x00, 0x00, 0x00, 0x00, 0x00, 0x01, 0xD6, 0xFF, 0xFF, 0x9C, 0x00,
  0x00, 0x8E, 0xDE, 0x03, 0x00, 0x00, 0x00, 0x00, 0x00, 0x00, 0x00, 0x62, 0xFF, 0xFF, 0xF5, 0x0F,
  0x0A, 0xEF, 0x6D, 0x00, 0x00, 0x00, 0x00, 0x00, 0x00, 0x00, 0x00, 0x06, 0xE4, 0xFF, 0xFF, 0x6E,
  0x66, 0xEE, 0x0B, 0x00, 0x00, 0x00, 0x00, 0x00, 0x00, 0x00, 0x00, 0x00, 0x75, 0xFF, 0xFF, 0xD6,
  0xD2, 0x85, 0x00, 0x00, 0x00, 0x00, 0x00, 0x00, 0x00, 0x00, 0x00, 0x00, 0x0E, 0xF0, 0xFF, 0xFF,
  0xFF, 0x18, 0x00, 0x00, 0x00, 0x00, 0x00, 0x00, 0x00, 0x00, 0x00, 0x00, 0x00, 0x87, 0xFF, 0xFF,
  0xBF, 0x00, 0x00, 0x00, 0x00, 0x00, 0x00, 0x00, 0x00, 0x00, 0x00, 0x00, 0x00, 0x18, 0xF8, 0xFF,
  0x2B, 0x00, 0x00, 0x00, 0x00, 0x00, 0x00, 0x00, 0x00, 0x00, 0x00, 0x00, 0x00, 0x00, 0x9A, 0xFF,
  0x00, 0x00, 0x00, 0x00, 0x00, 0x00, 0x00, 0x00, 0x00, 0x00, 0x00, 0x00, 0x00, 0x00, 0x26, 0x8E,
  0x00, 0x00, 0x00, 0x00, 0x00, 0x00, 0x00, 0x00, 0x00, 0x00, 0x00, 0x00, 0x00, 0x00, 0x00, 0x00,
  0x00, 0x00, 0x26, 0x00, 0x00, 0x00, 0x00, 0x00, 0x00, 0x00, 0x00, 0x00, 0x0E, 0x5F, 0xFF, 0xFF,
  0xFF, 0xFF, 0x18, 0x00, 0x00, 0x00, 0x00, 0xFF, 0x29, 0x00, 0x00, 0x00, 0x10, 0xFF, 0xFF, 0x75,
  0x12, 0x00, 0x00, 0xD1, 0xFF, 0xFF, 0xFF, 0x00, 0x00, 0x00, 0x00, 0x41, 0xFF, 0xAD, 0x00, 0x00,
  0x00, 0x00, 0xE8, 0xF8, 0x00, 0x00, 0x00, 0x00, 0x35, 0xFF, 0xFF, 0xFF, 0x32, 0x00, 0x00, 0x00,
  0xED, 0xFF, 0xFB, 0x1F, 0x00, 0x00, 0x05, 0xF2, 0x61, 0x00, 0x00, 0x00, 0x00, 0x00, 0xD5, 0xFF,
  0xFF, 0x8E, 0x00, 0x00, 0x1F, 0xFF, 0xFF, 0xFF, 0x95, 0x00, 0x00, 0x40, 0xFD, 0x15, 0x00, 0x00,
  0x00, 0x00, 0x00, 0x78, 0xFF, 0xFF, 0xE7, 0x03, 0x00, 0x8B, 0xFF, 0xFF, 0xFF, 0xF7, 0x17, 0x00,
  0x88, 0xC2, 0x00, 0x00, 0x00, 0x00, 0x00, 0x00, 0x1C, 0xFD, 0xFF, 0xFF, 0x47, 0x0B, 0xEE, 0x8B,
  0xF2, 0xFF, 0xFF, 0x89, 0x00, 0xCF, 0x73, 0x00, 0x00, 0x00, 0x00, 0x00, 0x00, 0x00, 0xBC, 0xFF,
  0xFF, 0xA3, 0x69, 0xF5, 0x13, 0x8B, 0xFF, 0xFF, 0xF2, 0x28, 0xFE, 0x24, 0x00, 0x00, 0x00, 0x00,
  0x00, 0x00, 0x00, 0x5D, 0xFF, 0xFF, 0xF5, 0xE2, 0x97, 0x00, 0x19, 0xF8, 0xFF, 0xFF, 0xDB, 0xD5,
  0x00, 0x00, 0x00, 0x00, 0x00, 0x00, 0x00, 0x00, 0x0B, 0xF3, 0xFF, 0xFF, 0xFF, 0x27, 0x00, 0x00,
  0x9B, 0xFF, 0xFF, 0xFF, 0x86, 0x00, 0x00, 0x00, 0x00, 0x00, 0x00, 0x00, 0x00, 0x00, 0xA1, 0xFF,
  0xFF, 0xBA, 0x00, 0x00, 0x00, 0x25, 0xFD, 0xFF, 0xFF, 0x36, 0x00, 0x00, 0x00, 0x00, 0x00, 0x00,
  0x00, 0x00, 0x00, 0x42, 0xFF, 0xFF, 0x42, 0x00, 0x00, 0x00, 0x00, 0xAA, 0xFF, 0xFF, 0x01, 0x00,
  0x00, 0x00, 0x00, 0x00, 0x00, 0x00, 0x00, 0x00, 0x01, 0xFF, 0xFF, 0x00, 0x00, 0x00, 0x00, 0x00,
  0x32, 0xFF, 0xFF, 0x00, 0x00, 0x00, 0x00, 0x00, 0x00, 0x00, 0x00, 0x00, 0x00, 0x00, 0xD9, 0xD1,
  0x00, 0x00, 0x00, 0x00, 0x00, 0x00, 0xFF, 0x9E, 0x00, 0x00, 0x00, 0x00, 0x00, 0x00, 0x00, 0x00,
  0x00, 0x00, 0x00, 0x3E, 0x68, 0x00, 0x00, 0x00, 0x00, 0x00, 0x00, 0x69, 0x4C, 0x00, 0x00, 0x00,
  0x00, 0x00, 0x08, 0x47, 0xFF, 0xFF, 0xFF, 0xFF, 0xFB, 0x23, 0x00, 0x00, 0x1F, 0xE5, 0xFF, 0xFF,
  0x4D, 0x0E, 0x00, 0x00, 0x13, 0xFF, 0xFF, 0xFF, 0xF9, 0x00, 0x00, 0x00, 0x00, 0xE6, 0xFF, 0x22,
  0x00, 0x00, 0x00, 0x00, 0x00, 0x48, 0xFF, 0xFF, 0xFF, 0x5D, 0x00, 0x00, 0x50, 0xFF, 0x4C, 0x00,
  0x00, 0x00, 0x00, 0x00, 0x00, 0x00, 0xAD, 0xFF, 0xFF, 0xE8, 0x0F, 0x0A, 0xE1, 0xA7, 0x00, 0x00,
  0x00, 0x00, 0x00, 0x00, 0x00, 0x00, 0x1D, 0xF4, 0xFF, 0xFF, 0x94, 0x89, 0xED, 0x16, 0x00, 0x00,
  0x00, 0x00, 0x00, 0x00, 0x00, 0x00, 0x00, 0x77, 0xFF, 0xFF, 0xFF, 0xFF, 0x5E, 0x00, 0x00, 0x00,
  0x00, 0x00, 0x00, 0x00, 0x00, 0x00, 0x00, 0x05, 0xD8, 0xFF, 0xFF, 0xFF, 0x02, 0x00, 0x00, 0x00,
  0x00, 0x00, 0x00, 0x00, 0x00, 0x00, 0x00, 0x00, 0xC1, 0xFF, 0xFF, 0xFF, 0x67, 0x00, 0x00, 0x00,
  0x00, 0x00, 0x00, 0x00, 0x00, 0x00, 0x00, 0x39, 0xFC, 0xFA, 0xFF, 0xFF, 0xED, 0x15, 0x00, 0x00,
  0x00, 0x00, 0x00, 0x00, 0x00, 0x00, 0x0D, 0xDD, 0xA4, 0x18, 0xF1, 0xFF, 0xFF, 0x9F, 0x00, 0x00,
  0x00, 0x00, 0x00, 0x00, 0x00, 0x00, 0xA2, 0xE3, 0x10, 0x00, 0x6F, 0xFF, 0xFF, 0xFE, 0x3B, 0x00,
  0x00, 0x00, 0x00, 0x00, 0x00, 0x58, 0xFE, 0x45, 0x00, 0x00, 0x03, 0xD0, 0xFF, 0xFF, 0xD2, 0x04,
  0x00, 0x00, 0x00, 0x00, 0x42, 0xFF, 0xBD, 0x00, 0x00, 0x00, 0x00, 0x44, 0xFF, 0xFF, 0xFF, 0xB4,
  0x00, 0x00, 0x18, 0x5F, 0xFF, 0xFF, 0xB3, 0x18, 0x00, 0x00, 0x04, 0x68, 0xFF, 0xFF, 0xFF, 0xFF,
  0xA0, 0x2D, 0x29, 0x8E, 0xFF, 0xFF, 0xFF, 0xFF, 0x5A, 0x00, 0x00, 0x00, 0x00, 0x59, 0xFF, 0xFF,
  0x97, 0x2B, 0x00, 0x00, 0xA8, 0xFF, 0xFF, 0xFF, 0x25, 0x00, 0x00, 0x00, 0x00, 0x26, 0xFF, 0xAD,
  0x00, 0x00, 0x00, 0x00, 0x02, 0xCD, 0xFF, 0xFF, 0xA6, 0x00, 0x00, 0x00, 0x00, 0xA8, 0xCF, 0x03,
  0x00, 0x00, 0x00, 0x00, 0x00, 0x38, 0xFE, 0xFF, 0xFE, 0x31, 0x00, 0x00, 0x34, 0xFD, 0x39, 0x00,
  0x00, 0x00, 0x00, 0x00, 0x00, 0x00, 0x9F, 0xFF, 0xFF, 0xB8, 0x00, 0x00, 0xBE, 0x9E, 0x00, 0x00,
  0x00, 0x00, 0x00, 0x00, 0x00, 0x00, 0x16, 0xF0, 0xFF, 0xFF, 0x41, 0x4A, 0xEE, 0x15, 0x00, 0x00,
  0x00, 0x00, 0x00, 0x00, 0x00, 0x00, 0x00, 0x6F, 0xFF, 0xFF, 0xCC, 0xD3, 0x69, 0x00, 0x00, 0x00,
  0x00, 0x00, 0x00, 0x00, 0x00, 0x00, 0x00, 0x04, 0xEF, 0xFF, 0xFF, 0xFF, 0x02, 0x00, 0x00, 0x00,
  0x00, 0x00, 0x00, 0x00, 0x00, 0x00, 0x00, 0x00, 0xA0, 0xFF, 0xFF, 0xAC, 0x00, 0x00, 0x00, 0x00,
  0x00, 0x00, 0x00, 0x00, 0x00, 0x00, 0x00, 0x00, 0x98, 0xFF, 0xFF, 0x94, 0x00, 0x00, 0x00, 0x00,
  0x00, 0x00, 0x00, 0x00, 0x00, 0x00, 0x00, 0x00, 0x98, 0xFF, 0xFF, 0x94, 0x00, 0x00, 0x00, 0x00,
  0x00, 0x00, 0x00, 0x00, 0x00, 0x00, 0x00, 0x00, 0x98, 0xFF, 0xFF, 0x94, 0x00, 0x00, 0x00, 0x00,
  0x00, 0x00, 0x00, 0x00, 0x00, 0x00, 0x00, 0x00, 0xA6, 0xFF, 0xFF, 0x9F, 0x00, 0x00, 0x00, 0x00,
  0x00, 0x00, 0x00, 0x00, 0x00, 0x00, 0x04, 0x53, 0xFF, 0xFF, 0xFF, 0xF8, 0x53, 0x04, 0x00, 0x00,
  0x00, 0x00, 0x00, 0x30, 0x10, 0x01, 0x00, 0x00, 0x00, 0x00, 0x00, 0x00, 0x00, 0x0E, 0x09, 0x00,
  0x00, 0xFF, 0xFF, 0xF5, 0xF0, 0xF0, 0xF0, 0xF0, 0xFF, 0xFF, 0xFF, 0xE2, 0x08, 0x00, 0x00, 0xC3,
  0x1E, 0x00, 0x00, 0x00, 0x00, 0x4E, 0xFF, 0xFF, 0xFF, 0x5F, 0x00, 0x00, 0x00, 0x52, 0x00, 0x00,
  0x00, 0x00, 0x04, 0xD8, 0xFF, 0xFF, 0xD1, 0x02, 0x00, 0x00, 0x00, 0x13, 0x00, 0x00, 0x00, 0x00,
  0x6E, 0xFF, 0xFF, 0xFF, 0x48, 0x00, 0x00, 0x00, 0x00, 0x00, 0x00, 0x00, 0x00, 0x10, 0xEC, 0xFF,
  0xFF, 0xBC, 0x00, 0x00, 0x00, 0x00, 0x00, 0x00, 0x00, 0x00, 0x00, 0x8E, 0xFF, 0xFF, 0xFE, 0x32,
  0x00, 0x00, 0x00, 0x00, 0x00, 0x00, 0x00, 0x00, 0x24, 0xF9, 0xFF, 0xFF, 0xA4, 0x00, 0x00, 0x00,
  0x00, 0x00, 0x00, 0x00, 0x00, 0x00, 0xAE, 0xFF, 0xFF, 0xF8, 0x1F, 0x00, 0x00, 0x00, 0x00, 0x00,
  0x00, 0x00, 0x00, 0x3E, 0xFF, 0xFF, 0xFF, 0x8D, 0x00, 0x00, 0x00, 0x00, 0x00, 0x00, 0x00, 0x00,
  0x01, 0xCC, 0xFF, 0xFF, 0xEF, 0x12, 0x00, 0x00, 0x00, 0x00, 0x10, 0x00, 0x00, 0x00, 0x5F, 0xFF,
  0xFF, 0xFF, 0x75, 0x00, 0x00, 0x00, 0x00, 0x00, 0x58, 0x00, 0x00, 0x0A, 0xE4, 0xFF, 0xFF, 0xE1,
  0x08, 0x00, 0x00, 0x00, 0x00, 0x1B, 0x91, 0x00, 0x00, 0x7F, 0xFF, 0xFF, 0xFF, 0x5D, 0x00, 0x00,
  0x00, 0x01, 0x40, 0xD9, 0x69, 0x00, 0x17, 0xF4, 0xFF, 0xFF, 0xFF, 0xE5, 0xE4, 0xE4, 0xFF, 0xFF,
  0xFF, 0xFF, 0x30, 0x00, 0x00, 0x00, 0x00, 0x2C, 0x9E, 0xB8, 0x3C, 0x00, 0x00, 0x4B, 0xF6, 0xFF,
  0x26, 0x00, 0x00, 0x0C, 0xEC, 0xFF, 0xE0, 0x00, 0x00, 0x00, 0x56, 0xFF, 0xFF, 0xCF, 0x00, 0x00,
  0x00, 0x7D, 0xFF, 0xFF, 0xC5, 0x00, 0x00, 0x00, 0x7B, 0xFF, 0xFF, 0xBD, 0x00, 0x00, 0x00, 0x61,
  0xFF, 0xFF, 0xAA, 0x00, 0x00, 0x00, 0x35, 0xFF, 0xFF, 0x7A, 0x00, 0x00, 0x00, 0x13, 0xFF, 0xE4,
  0x18, 0x00, 0x00, 0x08, 0x9A, 0xE2, 0x27, 0x00, 0x00, 0x00, 0x00, 0x1F, 0xFF, 0xDD, 0x11, 0x00,
  0x00, 0x00, 0x37, 0xFF, 0xFF, 0x76, 0x00, 0x00, 0x00, 0x60, 0xFF, 0xFF, 0xAA, 0x00, 0x00, 0x00,
  0x7A, 0xFF, 0xFF, 0xBE, 0x00, 0x00, 0x00, 0x7F, 0xFF, 0xFF, 0xC2, 0x00, 0x00, 0x00, 0x5F, 0xFF,
  0xFF, 0xC0, 0x00, 0x00, 0x00, 0x16, 0xF6, 0xFF, 0xCE, 0x00, 0x00, 0x00, 0x00, 0x6A, 0xFE, 0xF4,
  0x12, 0x00, 0x00, 0x00, 0x00, 0x47, 0xB7, 0x9F, 0x20, 0xCC, 0x74, 0xCC, 0x74, 0xCC, 0x74, 0xCC,
  0x74, 0xCC, 0x74, 0xCC, 0x74, 0xCC, 0x74, 0xCC, 0x74, 0xCC, 0x74, 0xCC, 0x74, 0xCC, 0x74, 0xCC,
  0x74, 0xCC, 0x74, 0xCC, 0x74, 0xCC, 0x74, 0xCC, 0x74, 0xCC, 0x74, 0xCC, 0x74, 0xCC, 0x74, 0xCC,
  0x74, 0x18, 0x8D, 0xC0, 0x5B, 0x00, 0x00, 0x00, 0x00, 0x00, 0xC9, 0xFF, 0x9D, 0x00, 0x00, 0x00,
  0x00, 0x85, 0xFF, 0xFF, 0x51, 0x00, 0x00, 0x00, 0x74, 0xFF, 0xFF, 0xB1, 0x00, 0x00, 0x00, 0x6A,
  0xFF, 0xFF, 0xD8, 0x00, 0x00, 0x00, 0x62, 0xFF, 0xFF, 0xD6, 0x00, 0x00, 0x00, 0x51, 0xFF, 0xFF,
  0xBD, 0x00, 0x00, 0x00, 0x22, 0xFF, 0xFF, 0x92, 0x00, 0x00, 0x00, 0x00, 0xA3, 0xFF, 0x75, 0x00,
  0x00, 0x00, 0x00, 0x05, 0xA8, 0xDA, 0x29, 0x00, 0x00, 0x00, 0x94, 0xFF, 0x84, 0x00, 0x00, 0x00,
  0x1B, 0xFE, 0xFF, 0x9A, 0x00, 0x00, 0x00, 0x4F, 0xFF, 0xFF, 0xC0, 0x00, 0x00, 0x00, 0x63, 0xFF,
  0xFF, 0xD6, 0x00, 0x00, 0x00, 0x67, 0xFF, 0xFF, 0xDB, 0x00, 0x00, 0x00, 0x65, 0xFF, 0xFF, 0xBA,
  0x00, 0x00, 0x00, 0x73, 0xFF, 0xFF, 0x68, 0x00, 0x00, 0x00, 0xA9, 0xFF, 0xC2, 0x04, 0x00, 0x05,
  0x68, 0xCE, 0x79, 0x07, 0x00, 0x00, 0x00, 0x00, 0x01, 0x03, 0x00, 0x00, 0x00, 0x00, 0x02, 0x0C,
  0x00, 0x00, 0x6E, 0xF0, 0xF8, 0x9F, 0x1B, 0x00, 0x00, 0x1A, 0xFF, 0x28, 0x26, 0xFE, 0x77, 0x53,
  0xC6, 0xF3, 0x71, 0x0F, 0x75, 0xFE, 0x1A, 0x4A, 0xF9, 0x00, 0x00, 0x01, 0x60, 0xE4, 0xFF, 0xF7,
  0x73, 0x00, 0x0A, 0x2C, 0x00, 0x00, 0x00, 0x00, 0x03, 0x24, 0x0C, 0x00, 0x00,
};
constexpr size_t TitleVlwSize = sizeof(TitleVlw);

// Label: Cinzel-700, 16 px, 95 glyphs (button labels, header badge).
alignas(4) const uint8_t LabelVlw[] = {
  0x00, 0x00, 0x00, 0x5F, 0x00, 0x00, 0x00, 0x0B, 0x00, 0x00, 0x00, 0x10, 0x00, 0x00, 0x00, 0x00,
  0x00, 0x00, 0x00, 0x10, 0x00, 0x00, 0x00, 0x06, 0x00, 0x00, 0x00, 0x20, 0x00, 0x00, 0x00, 0x00,
  0x00, 0x00, 0x00, 0x00, 0x00, 0x00, 0x00, 0x04, 0x00, 0x00, 0x00, 0x00, 0x00, 0x00, 0x00, 0x00,
  0x00, 0x00, 0x00, 0x00, 0x00, 0x00, 0x00, 0x21, 0x00, 0x00, 0x00, 0x0B, 0x00, 0x00, 0x00, 0x04,
  0x00, 0x00, 0x00, 0x04, 0x00, 0x00, 0x00, 0x0B, 0x00, 0x00, 0x00, 0x00, 0x00, 0x00, 0x00, 0x00,
  0x00, 0x00, 0x00, 0x22, 0x00, 0x00, 0x00, 0x04, 0x00, 0x00, 0x00, 0x06, 0x00, 0x00, 0x00, 0x06,
  0x00, 0x00, 0x00, 0x0C, 0x00, 0x00, 0x00, 0x00, 0x00, 0x00, 0x00, 0x00, 0x00, 0x00, 0x00, 0x23,
  0x00, 0x00, 0x00, 0x0B, 0x00, 0x00, 0x00, 0x09, 0x00, 0x00, 0x00, 0x09, 0x00, 0x00, 0x00, 0x0B,
  0x00, 0x00, 0x00, 0x00, 0x00, 0x00, 0x00, 0x00, 0x00, 0x00, 0x00, 0x24, 0x00, 0x00, 0x00, 0x0F,
  0x00, 0x00, 0x00, 0x09, 0x00, 0x00, 0x00, 0x09, 0x00, 0x00, 0x00, 0x0D, 0x00, 0x00, 0x00, 0x00,
  0x00, 0x00, 0x00, 0x00, 0x00, 0x00, 0x00, 0x25, 0x00, 0x00, 0x00, 0x0C, 0x00, 0x00, 0x00, 0x0C,
  0x00, 0x00, 0x00, 0x0C, 0x00, 0x00, 0x00, 0x0B, 0x00, 0x00, 0x00, 0x00, 0x00, 0x00, 0x00, 0x00,
  0x00, 0x00, 0x00, 0x26, 0x00, 0x00, 0x00, 0x0B, 0x00, 0x00, 0x00, 0x0E, 0x00, 0x00, 0x00, 0x0D,
  0x00, 0x00, 0x00, 0x0B, 0x00, 0x00, 0x00, 0x00, 0x00, 0x00, 0x00, 0x00, 0x00, 0x00, 0x00, 0x27,
  0x00, 0x00, 0x00, 0x04, 0x00, 0x00, 0x00, 0x03, 0x00, 0x00, 0x00, 0x03, 0x00, 0x00, 0x00, 0x0C,
  0x00, 0x00, 0x00, 0x00, 0x00, 0x00, 0x00, 0x00, 0x00, 0x00, 0x00, 0x28, 0x00, 0x00, 0x00, 0x0E,
  0x00, 0x00, 0x00, 0x06, 0x00, 0x00, 0x00, 0x07, 0x00, 0x00, 0x00, 0x0C, 0x00, 0x00, 0x00, 0x01,
  0x00, 0x00, 0x00, 0x00, 0x00, 0x00, 0x00, 0x29, 0x00, 0x00, 0x00, 0x0E, 0x00, 0x00, 0x00, 0x06,
  0x00, 0x00, 0x00, 0x07, 0x00, 0x00, 0x00, 0x0C, 0x00, 0x00, 0x00, 0x00, 0x00, 0x00, 0x00, 0x00,
  0x00, 0x00, 0x00, 0x2A, 0x00, 0x00, 0x00, 0x06, 0x00, 0x00, 0x00, 0x06, 0x00, 0x00, 0x00, 0x06,
  0x00, 0x00, 0x00, 0x0D, 0x00, 0x00, 0x00, 0x00, 0x00, 0x00, 0x00, 0x00, 0x00, 0x00, 0x00, 0x2B,
  0x00, 0x00, 0x00, 0x08, 0x00, 0x00, 0x00, 0x08, 0x00, 0x00, 0x00, 0x08, 0x00, 0x00, 0x00, 0x0A,
  0x00, 0x00, 0x00, 0x00, 0x00, 0x00, 0x00, 0x00, 0x00, 0x00, 0x00, 0x2C, 0x00, 0x00, 0x00, 0x05,
  0x00, 0x00, 0x00, 0x04, 0x00, 0x00, 0x00, 0x04, 0x00, 0x00, 0x00, 0x02, 0x00, 0x00, 0x00, 0x00,
  0x00, 0x00, 0x00, 0x00, 0x00, 0x00, 0x00, 0x2D, 0x00, 0x00, 0x00, 0x02, 0x00, 0x00, 0x00, 0x06,
  0x00, 0x00, 0x00, 0x06, 0x00, 0x00, 0x00, 0x05, 0x00, 0x00, 0x00, 0x00, 0x00, 0x00, 0x00, 0x00,
  0x00, 0x00, 0x00, 0x2E, 0x00, 0x00, 0x00, 0x03, 0x00, 0x00, 0x00, 0x03, 0x00, 0x00, 0x00, 0x04,
  0x00, 0x00, 0x00, 0x03, 0x00, 0x00, 0x00, 0x00, 0x00, 0x00, 0x00, 0x00, 0x00, 0x00, 0x00, 0x2F,
  0x00, 0x00, 0x00, 0x0D, 0x00, 0x00, 0x00, 0x07, 0x00, 0x00, 0x00, 0x07, 0x00, 0x00, 0x00, 0x0C,
  0x00, 0x00, 0x00, 0x00, 0x00, 0x00, 0x00, 0x00, 0x00, 0x00, 0x00, 0x30, 0x00, 0x00, 0x00, 0x0B,
  0x00, 0x00, 0x00, 0x0A, 0x00, 0x00, 0x00, 0x0A, 0x00, 0x00, 0x00, 0x0B, 0x00, 0x00, 0x00, 0x00,
  0x00, 0x00, 0x00, 0x00, 0x00, 0x00, 0x00, 0x31, 0x00, 0x00, 0x00, 0x0B, 0x00, 0x00, 0x00, 0x06,
  0x00, 0x00, 0x00, 0x06, 0x00, 0x00, 0x00, 0x0B, 0x00, 0x00, 0x00, 0x00, 0x00, 0x00, 0x00, 0x00,
  0x00, 0x00, 0x00, 0x32, 0x00, 0x00, 0x00, 0x0B, 0x00, 0x00, 0x00, 0x0A, 0x00, 0x00, 0x00, 0x0A,
  0x00, 0x00, 0x00, 0x0B, 0x00, 0x00, 0x00, 0x00, 0x00, 0x00, 0x00, 0x00, 0x00, 0x00, 0x00, 0x33,
  0x00, 0x00, 0x00, 0x0D, 0x00, 0x00, 0x00, 0x09, 0x00, 0x00, 0x00, 0x09, 0x00, 0x00, 0x00, 0x0B,
  0x00, 0x00, 0x00, 0x00, 0x00, 0x00, 0x00, 0x00, 0x00, 0x00, 0x00, 0x34, 0x00, 0x00, 0x00, 0x0C,
  0x00, 0x00, 0x00, 0x0A, 0x00, 0x00, 0x00, 0x0A, 0x00, 0x00, 0x00, 0x0C, 0x00, 0x00, 0x00, 0x00,
  0x00, 0x00, 0x00, 0x00, 0x00, 0x00, 0x00, 0x35, 0x00, 0x00, 0x00, 0x0D, 0x00, 0x00, 0x00, 0x08,
  0x00, 0x00, 0x00, 0x09, 0x00, 0x00, 0x00, 0x0C, 0x00, 0x00, 0x00, 0x00, 0x00, 0x00, 0x00, 0x00,
  0x00, 0x00, 0x00, 0x36, 0x00, 0x00, 0x00, 0x0B, 0x00, 0x00, 0x00, 0x0A, 0x00, 0x00, 0x00, 0x0A,
  0x00, 0x00, 0x00, 0x0B, 0x00, 0x00, 0x00, 0x00, 0x00, 0x00, 0x00, 0x00, 0x00, 0x00, 0x00, 0x37,
  0x00, 0x00, 0x00, 0x0B, 0x00, 0x00, 0x00, 0x09, 0x00, 0x00, 0x00, 0x09, 0x00, 0x00, 0x00, 0x0B,
  0x00, 0x00, 0x00, 0x00, 0x00, 0x00, 0x00, 0x00, 0x00, 0x00, 0x00, 0x38, 0x00, 0x00, 0x00, 0x0B,
  0x00, 0x00, 0x00, 0x0A, 0x00, 0x00, 0x00, 0x0A, 0x00, 0x00, 0x00, 0x0B, 0x00, 0x00, 0x00, 0x00,
  0x00, 0x00, 0x00, 0x00, 0x00, 0x00, 0x00, 0x39, 0x00, 0x00, 0x00, 0x0D, 0x00, 0x00, 0x00, 0x0A,
  0x00, 0x00, 0x00, 0x0A, 0x00, 0x00, 0x00, 0x0B, 0x00, 0x00, 0x00, 0x00, 0x00, 0x00, 0x00, 0x00,
  0x00, 0x00, 0x00, 0x3A, 0x00, 0x00, 0x00, 0x09, 0x00, 0x00, 0x00, 0x03, 0x00, 0x00, 0x00, 0x04,
  0x00, 0x00, 0x00, 0x09, 0x00, 0x00, 0x00, 0x00, 0x00, 0x00, 0x00, 0x00, 0x00, 0x00, 0x00, 0x3B,
  0x00, 0x00, 0x00, 0x0C, 0x00, 0x00, 0x00, 0x04, 0x00, 0x00, 0x00, 0x04, 0x00, 0x00, 0x00, 0x0A,
  0x00, 0x00, 0x00, 0x00, 0x00, 0x00, 0x00, 0x00, 0x00, 0x00, 0x00, 0x3C, 0x00, 0x00, 0x00, 0x08,
  0x00, 0x00, 0x00, 0x08, 0x00, 0x00, 0x00, 0x08, 0x00, 0x00, 0x00, 0x09, 0x00, 0x00, 0x00, 0x00,
  0x00, 0x00, 0x00, 0x00, 0x00, 0x00, 0x00, 0x3D, 0x00, 0x00, 0x00, 0x04, 0x00, 0x00, 0x00, 0x08,
  0x00, 0x00, 0x00, 0x08, 0x00, 0x00, 0x00, 0x07, 0x00, 0x00, 0x00, 0x00, 0x00, 0x00, 0x00, 0x00,
  0x00, 0x00, 0x00, 0x3E, 0x00, 0x00, 0x00, 0x08, 0x00, 0x00, 0x00, 0x08, 0x00, 0x00, 0x00, 0x08,
  0x00, 0x00, 0x00, 0x09, 0x00, 0x00, 0x00, 0x00, 0x00, 0x00, 0x00, 0x00, 0x00, 0x00, 0x00, 0x3F,
  0x00, 0x00, 0x00, 0x0B, 0x00, 0x00, 0x00, 0x07, 0x00, 0x00, 0x00, 0x07, 0x00, 0x00, 0x00, 0x0B,
  0x00, 0x00, 0x00, 0x00, 0x00, 0x00, 0x00, 0x00, 0x00, 0x00, 0x00, 0x40, 0x00, 0x00, 0x00, 0x0E,
  0x00, 0x00, 0x00, 0x10, 0x00, 0x00, 0x00, 0x10, 0x00, 0x00, 0x00, 0x0C, 0x00, 0x00, 0x00, 0x00,
  0x00, 0x00, 0x00, 0x00, 0x00, 0x00, 0x00, 0x41, 0x00, 0x00, 0x00, 0x0C, 0x00, 0x00, 0x00, 0x0D,
  0x00, 0x00, 0x00, 0x0B, 0x00, 0x00, 0x00, 0x0C, 0xFF, 0xFF, 0xFF, 0xFF, 0x00, 0x00, 0x00, 0x00,
  0x00, 0x00, 0x00, 0x42, 0x00, 0x00, 0x00, 0x0B, 0x00, 0x00, 0x00, 0x0B, 0x00, 0x00, 0x00, 0x0B,
  0x00, 0x00, 0x00, 0x0B, 0x00, 0x00, 0x00, 0x00, 0x00, 0x00, 0x00, 0x00, 0x00, 0x00, 0x00, 0x43,
  0x00, 0x00, 0x00, 0x0B, 0x00, 0x00, 0x00, 0x0C, 0x00, 0x00, 0x00, 0x0C, 0x00, 0x00, 0x00, 0x0B,
  0x00, 0x00, 0x00, 0x00, 0x00, 0x00, 0x00, 0x00, 0x00, 0x00, 0x00, 0x44, 0x00, 0x00, 0x00, 0x0B,
  0x00, 0x00, 0x00, 0x0D, 0x00, 0x00, 0x00, 0x0D, 0x00, 0x00, 0x00, 0x0B, 0x00, 0x00, 0x00, 0x00,
  0x00, 0x00, 0x00, 0x00, 0x00, 0x00, 0x00, 0x45, 0x00, 0x00, 0x00, 0x0C, 0x00, 0x00, 0x00, 0x0A,
  0x00, 0x00, 0x00, 0x0A, 0x00, 0x00, 0x00, 0x0C, 0x00, 0x00, 0x00, 0x00, 0x00, 0x00, 0x00, 0x00,
  0x00, 0x00, 0x00, 0x46, 0x00, 0x00, 0x00, 0x0C, 0x00, 0x00, 0x00, 0x09, 0x00, 0x00, 0x00, 0x0A,
  0x00, 0x00, 0x00, 0x0C, 0x00, 0x00, 0x00, 0x00, 0x00, 0x00, 0x00, 0x00, 0x00, 0x00, 0x00, 0x47,
  0x00, 0x00, 0x00, 0x0B, 0x00, 0x00, 0x00, 0x0E, 0x00, 0x00, 0x00, 0x0D, 0x00, 0x00, 0x00, 0x0B,
  0x00, 0x00, 0x00, 0x00, 0x00, 0x00, 0x00, 0x00, 0x00, 0x00, 0x00, 0x48, 0x00, 0x00, 0x00, 0x0B,
  0x00, 0x00, 0x00, 0x0E, 0x00, 0x00, 0x00, 0x0E, 0x00, 0x00, 0x00, 0x0B, 0x00, 0x00, 0x00, 0x00,
  0x00, 0x00, 0x00, 0x00, 0x00, 0x00, 0x00, 0x49, 0x00, 0x00, 0x00, 0x0B, 0x00, 0x00, 0x00, 0x06,
  0x00, 0x00, 0x00, 0x06, 0x00, 0x00, 0x00, 0x0B, 0x00, 0x00, 0x00, 0x00, 0x00, 0x00, 0x00, 0x00,
  0x00, 0x00, 0x00, 0x4A, 0x00, 0x00, 0x00, 0x0F, 0x00, 0x00, 0x00, 0x06, 0x00, 0x00, 0x00, 0x06,
  0x00, 0x00, 0x00, 0x0B, 0x00, 0x00, 0x00, 0x00, 0x00, 0x00, 0x00, 0x00, 0x00, 0x00, 0x00, 0x4B,
  0x00, 0x00, 0x00, 0x0B, 0x00, 0x00, 0x00, 0x0D, 0x00, 0x00, 0x00, 0x0C, 0x00, 0x00, 0x00, 0x0B,
  0x00, 0x00, 0x00, 0x00, 0x00, 0x00, 0x00, 0x00, 0x00, 0x00, 0x00, 0x4C, 0x00, 0x00, 0x00, 0x0B,
  0x00, 0x00, 0x00, 0x0A, 0x00, 0x00, 0x00, 0x0A, 0x00, 0x00, 0x00, 0x0B, 0x00, 0x00, 0x00, 0x00,
  0x00, 0x00, 0x00, 0x00, 0x00, 0x00, 0x00, 0x4D, 0x00, 0x00, 0x00, 0x0C, 0x00, 0x00, 0x00, 0x11,
  0x00, 0x00, 0x00, 0x0F, 0x00, 0x00, 0x00, 0x0C, 0xFF, 0xFF, 0xFF, 0xFF, 0x00, 0x00, 0x00, 0x00,
  0x00, 0x00, 0x00, 0x4E, 0x00, 0x00, 0x00, 0x0C, 0x00, 0x00, 0x00, 0x0E, 0x00, 0x00, 0x00, 0x0E,
  0x00, 0x00, 0x00, 0x0C, 0x00, 0x00, 0x00, 0x00, 0x00, 0x00, 0x00, 0x00, 0x00, 0x00, 0x00, 0x4F,
  0x00, 0x00, 0x00, 0x0B, 0x00, 0x00, 0x00, 0x0E, 0x00, 0x00, 0x00, 0x0E, 0x00, 0x00, 0x00, 0x0B,
  0x00, 0x00, 0x00, 0x00, 0x00, 0x00, 0x00, 0x00, 0x00, 0x00, 0x00, 0x50, 0x00, 0x00, 0x00, 0x0B,
  0x00, 0x00, 0x00, 0x0B, 0x00, 0x00, 0x00, 0x0B, 0x00, 0x00, 0x00, 0x0B, 0x00, 0x00, 0x00, 0x00,
  0x00, 0x00, 0x00, 0x00, 0x00, 0x00, 0x00, 0x51, 0x00, 0x00, 0x00, 0x10, 0x00, 0x00, 0x00, 0x16,
  0x00, 0x00, 0x00, 0x0E, 0x00, 0x00, 0x00, 0x0B, 0x00, 0x00, 0x00, 0x00, 0x00, 0x00, 0x00, 0x00,
  0x00, 0x00, 0x00, 0x52, 0x00, 0x00, 0x00, 0x0B, 0x00, 0x00, 0x00, 0x0D, 0x00, 0x00, 0x00, 0x0C,
  0x00, 0x00, 0x00, 0x0B, 0x00, 0x00, 0x00, 0x00, 0x00, 0x00, 0x00, 0x00, 0x00, 0x00, 0x00, 0x53,
  0x00, 0x00, 0x00, 0x0B, 0x00, 0x00, 0x00, 0x09, 0x00, 0x00, 0x00, 0x09, 0x00, 0x00, 0x00, 0x0B,
  0x00, 0x00, 0x00, 0x00, 0x00, 0x00, 0x00, 0x00, 0x00, 0x00, 0x00, 0x54, 0x00, 0x00, 0x00, 0x0C,
  0x00, 0x00, 0x00, 0x0B, 0x00, 0x00, 0x00, 0x0B, 0x00, 0x00, 0x00, 0x0C, 0x00, 0x00, 0x00, 0x00,
  0x00, 0x00, 0x00, 0x00, 0x00, 0x00, 0x00, 0x55, 0x00, 0x00, 0x00, 0x0B, 0x00, 0x00, 0x00, 0x0D,
  0x00, 0x00, 0x00, 0x0D, 0x00, 0x00, 0x00, 0x0B, 0x00, 0x00, 0x00, 0x00, 0x00, 0x00, 0x00, 0x00,
  0x00, 0x00, 0x00, 0x56, 0x00, 0x00, 0x00, 0x0C, 0x00, 0x00, 0x00, 0x0E, 0x00, 0x00, 0x00, 0x0C,
  0x00, 0x00, 0x00, 0x0B, 0xFF, 0xFF, 0xFF, 0xFF, 0x00, 0x00, 0x00, 0x00, 0x00, 0x00, 0x00, 0x57,
  0x00, 0x00, 0x00, 0x0C, 0x00, 0x00, 0x00, 0x11, 0x00, 0x00, 0x00, 0x10, 0x00, 0x00, 0x00, 0x0C,
  0xFF, 0xFF, 0xFF, 0xFF, 0x00, 0x00, 0x00, 0x00, 0x00, 0x00, 0x00, 0x58, 0x00, 0x00, 0x00, 0x0B,
  0x00, 0x00, 0x00, 0x0E, 0x00, 0x00, 0x00, 0x0C, 0x00, 0x00, 0x00, 0x0B, 0xFF, 0xFF, 0xFF, 0xFF,
  0x00, 0x00, 0x00, 0x00, 0x00, 0x00, 0x00, 0x59, 0x00, 0x00, 0x00, 0x0B, 0x00, 0x00, 0x00, 0x0D,
  0x00, 0x00, 0x00, 0x0B, 0x00, 0x00, 0x00, 0x0B, 0xFF, 0xFF, 0xFF, 0xFF, 0x00, 0x00, 0x00, 0x00,
  0x00, 0x00, 0x00, 0x5A, 0x00, 0x00, 0x00, 0x0C, 0x00, 0x00, 0x00, 0x0B, 0x00, 0x00, 0x00, 0x0B,
  0x00, 0x00, 0x00, 0x0C, 0x00, 0x00, 0x00, 0x00, 0x00, 0x00, 0x00, 0x00, 0x00, 0x00, 0x00, 0x5B,
  0x00, 0x00, 0x00, 0x0D, 0x00, 0x00, 0x00, 0x06, 0x00, 0x00, 0x00, 0x07, 0x00, 0x00, 0x00, 0x0B,
  0x00, 0x00, 0x00, 0x01, 0x00, 0x00, 0x00, 0x00, 0x00, 0x00, 0x00, 0x5C, 0x00, 0x00, 0x00, 0x0D,
  0x00, 0x00, 0x00, 0x07, 0x00, 0x00, 0x00, 0x07, 0x00, 0x00, 0x00, 0x0C, 0x00, 0x00, 0x00, 0x00,
  0x00, 0x00, 0x00, 0x00, 0x00, 0x00, 0x00, 0x5D, 0x00, 0x00, 0x00, 0x0D, 0x00, 0x00, 0x00, 0x05,
  0x00, 0x00, 0x00, 0x07, 0x00, 0x00, 0x00, 0x0B, 0x00, 0x00, 0x00, 0x00, 0x00, 0x00, 0x00, 0x00,
  0x00, 0x00, 0x00, 0x5E, 0x00, 0x00, 0x00, 0x04, 0x00, 0x00, 0x00, 0x09, 0x00, 0x00, 0x00, 0x09,
  0x00, 0x00, 0x00, 0x07, 0x00, 0x00, 0x00, 0x00, 0x00, 0x00, 0x00, 0x00, 0x00, 0x00, 0x00, 0x5F,
  0x00, 0x00, 0x00, 0x01, 0x00, 0x00, 0x00, 0x08, 0x00, 0x00, 0x00, 0x08, 0xFF, 0xFF, 0xFF, 0xFF,
  0x00, 0x00, 0x00, 0x00, 0x00, 0x00, 0x00, 0x00, 0x00, 0x00, 0x00, 0x60, 0x00, 0x00, 0x00, 0x03,
  0x00, 0x00, 0x00, 0x05, 0x00, 0x00, 0x00, 0x09, 0x00, 0x00, 0x00, 0x0F, 0x00, 0x00, 0x00, 0x00,
  0x00, 0x00, 0x00, 0x00, 0x00, 0x00, 0x00, 0x61, 0x00, 0x00, 0x00, 0x0B, 0x00, 0x00, 0x00, 0x0C,
  0x00, 0x00, 0x00, 0x0A, 0x00, 0x00, 0x00, 0x0B, 0xFF, 0xFF, 0xFF, 0xFF, 0x00, 0x00, 0x00, 0x00,
  0x00, 0x00, 0x00, 0x62, 0x00, 0x00, 0x00, 0x0A, 0x00, 0x00, 0x00, 0x0A, 0x00, 0x00, 0x00, 0x0A,
  0x00, 0x00, 0x00, 0x0A, 0x00, 0x00, 0x00, 0x00, 0x00, 0x00, 0x00, 0x00, 0x00, 0x00, 0x00, 0x63,
  0x00, 0x00, 0x00, 0x0A, 0x00, 0x00, 0x00, 0x0B, 0x00, 0x00, 0x00, 0x0B, 0x00, 0x00, 0x00, 0x0A,
  0x00, 0x00, 0x00, 0x00, 0x00, 0x00, 0x00, 0x00, 0x00, 0x00, 0x00, 0x64, 0x00, 0x00, 0x00, 0x0A,
  0x00, 0x00, 0x00, 0x0C, 0x00, 0x00, 0x00, 0x0C, 0x00, 0x00, 0x00, 0x0A, 0x00, 0x00, 0x00, 0x00,
  0x00, 0x00, 0x00, 0x00, 0x00, 0x00, 0x00, 0x65, 0x00, 0x00, 0x00, 0x0B, 0x00, 0x00, 0x00, 0x09,
  0x00, 0x00, 0x00, 0x09, 0x00, 0x00, 0x00, 0x0B, 0x00, 0x00, 0x00, 0x00, 0x00, 0x00, 0x00, 0x00,
  0x00, 0x00, 0x00, 0x66, 0x00, 0x00, 0x00, 0x0B, 0x00, 0x00, 0x00, 0x08, 0x00, 0x00, 0x00, 0x09,
  0x00, 0x00, 0x00, 0x0B, 0x00, 0x00, 0x00, 0x00, 0x00, 0x00, 0x00, 0x00, 0x00, 0x00, 0x00, 0x67,
  0x00, 0x00, 0x00, 0x0A, 0x00, 0x00, 0x00, 0x0C, 0x00, 0x00, 0x00, 0x0C, 0x00, 0x00, 0x00, 0x0A,
  0x00, 0x00, 0x00, 0x00, 0x00, 0x00, 0x00, 0x00, 0x00, 0x00, 0x00, 0x68, 0x00, 0x00, 0x00, 0x0A,
  0x00, 0x00, 0x00, 0x0C, 0x00, 0x00, 0x00, 0x0C, 0x00, 0x00, 0x00, 0x0A, 0x00, 0x00, 0x00, 0x00,
  0x00, 0x00, 0x00, 0x00, 0x00, 0x00, 0x00, 0x69, 0x00, 0x00, 0x00, 0x0A, 0x00, 0x00, 0x00, 0x06,
  0x00, 0x00, 0x00, 0x06, 0x00, 0x00, 0x00, 0x0A, 0x00, 0x00, 0x00, 0x00, 0x00, 0x00, 0x00, 0x00,
  0x00, 0x00, 0x00, 0x6A, 0x00, 0x00, 0x00, 0x0D, 0x00, 0x00, 0x00, 0x07, 0x00, 0x00, 0x00, 0x05,
  0x00, 0x00, 0x00, 0x0A, 0xFF, 0xFF, 0xFF, 0xFF, 0x00, 0x00, 0x00, 0x00, 0x00, 0x00, 0x00, 0x6B,
  0x00, 0x00, 0x00, 0x0A, 0x00, 0x00, 0x00, 0x0C, 0x00, 0x00, 0x00, 0x0B, 0x00, 0x00, 0x00, 0x0A,
  0x00, 0x00, 0x00, 0x00, 0x00, 0x00, 0x00, 0x00, 0x00, 0x00, 0x00, 0x6C, 0x00, 0x00, 0x00, 0x0A,
  0x00, 0x00, 0x00, 0x09, 0x00, 0x00, 0x00, 0x09, 0x00, 0x00, 0x00, 0x0A, 0x00, 0x00, 0x00, 0x00,
  0x00, 0x00, 0x00, 0x00, 0x00, 0x00, 0x00, 0x6D, 0x00, 0x00, 0x00, 0x0B, 0x00, 0x00, 0x00, 0x0F,
  0x00, 0x00, 0x00, 0x0E, 0x00, 0x00, 0x00, 0x0B, 0xFF, 0xFF, 0xFF, 0xFF, 0x00, 0x00, 0x00, 0x00,
  0x00, 0x00, 0x00, 0x6E, 0x00, 0x00, 0x00, 0x0B, 0x00, 0x00, 0x00, 0x0D, 0x00, 0x00, 0x00, 0x0C,
  0x00, 0x00, 0x00, 0x0B, 0x00, 0x00, 0x00, 0x00, 0x00, 0x00, 0x00, 0x00, 0x00, 0x00, 0x00, 0x6F,
  0x00, 0x00, 0x00, 0x0A, 0x00, 0x00, 0x00, 0x0C, 0x00, 0x00, 0x00, 0x0C, 0x00, 0x00, 0x00, 0x0A,
  0x00, 0x00, 0x00, 0x00, 0x00, 0x00, 0x00, 0x00, 0x00, 0x00, 0x00, 0x70, 0x00, 0x00, 0x00, 0x0A,
  0x00, 0x00, 0x00, 0x0A, 0x00, 0x00, 0x00, 0x09, 0x00, 0x00, 0x00, 0x0A, 0x00, 0x00, 0x00, 0x00,
  0x00, 0x00, 0x00, 0x00, 0x00, 0x00, 0x00, 0x71, 0x00, 0x00, 0x00, 0x0E, 0x00, 0x00, 0x00, 0x13,
  0x00, 0x00, 0x00, 0x0C, 0x00, 0x00, 0x00, 0x0A, 0x00, 0x00, 0x00, 0x00, 0x00, 0x00, 0x00, 0x00,
  0x00, 0x00, 0x00, 0x72, 0x00, 0x00, 0x00, 0x0A, 0x00, 0x00, 0x00, 0x0C, 0x00, 0x00, 0x00, 0x0B,
  0x00, 0x00, 0x00, 0x0A, 0x00, 0x00, 0x00, 0x00, 0x00, 0x00, 0x00, 0x00, 0x00, 0x00, 0x00, 0x73,
  0x00, 0x00, 0x00, 0x0A, 0x00, 0x00, 0x00, 0x08, 0x00, 0x00, 0x00, 0x08, 0x00, 0x00, 0x00, 0x0A,
  0x00, 0x00, 0x00, 0x00, 0x00, 0x00, 0x00, 0x00, 0x00, 0x00, 0x00, 0x74, 0x00, 0x00, 0x00, 0x0B,
  0x00, 0x00, 0x00, 0x0A, 0x00, 0x00, 0x00, 0x0A, 0x00, 0x00, 0x00, 0x0B, 0x00, 0x00, 0x00, 0x00,
  0x00, 0x00, 0x00, 0x00, 0x00, 0x00, 0x00, 0x75, 0x00, 0x00, 0x00, 0x0A, 0x00, 0x00, 0x00, 0x0B,
  0x00, 0x00, 0x00, 0x0B, 0x00, 0x00, 0x00, 0x0A, 0x00, 0x00, 0x00, 0x00, 0x00, 0x00, 0x00, 0x00,
  0x00, 0x00, 0x00, 0x76, 0x00, 0x00, 0x00, 0x0A, 0x00, 0x00, 0x00, 0x0C, 0x00, 0x00, 0x00, 0x0A,
  0x00, 0x00, 0x00, 0x0A, 0xFF, 0xFF, 0xFF, 0xFF, 0x00, 0x00, 0x00, 0x00, 0x00, 0x00, 0x00, 0x77,
  0x00, 0x00, 0x00, 0x0B, 0x00, 0x00, 0x00, 0x10, 0x00, 0x00, 0x00, 0x0E, 0x00, 0x00, 0x00, 0x0B,
  0xFF, 0xFF, 0xFF, 0xFF, 0x00, 0x00, 0x00, 0x00, 0x00, 0x00, 0x00, 0x78, 0x00, 0x00, 0x00, 0x0A,
  0x00, 0x00, 0x00, 0x0C, 0x00, 0x00, 0x00, 0x0A, 0x00, 0x00, 0x00, 0x0A, 0xFF, 0xFF, 0xFF, 0xFF,
  0x00, 0x00, 0x00, 0x00, 0x00, 0x00, 0x00, 0x79, 0x00, 0x00, 0x00, 0x0A, 0x00, 0x00, 0x00, 0x0C,
  0x00, 0x00, 0x00, 0x0A, 0x00, 0x00, 0x00, 0x0A, 0xFF, 0xFF, 0xFF, 0xFF, 0x00, 0x00, 0x00, 0x00,
  0x00, 0x00, 0x00, 0x7A, 0x00, 0x00, 0x00, 0x0B, 0x00, 0x00, 0x00, 0x0A, 0x00, 0x00, 0x00, 0x0A,
  0x00, 0x00, 0x00, 0x0B, 0x00, 0x00, 0x00, 0x00, 0x00, 0x00, 0x00, 0x00, 0x00, 0x00, 0x00, 0x7B,
  0x00, 0x00, 0x00, 0x0E, 0x00, 0x00, 0x00, 0x05, 0x00, 0x00, 0x00, 0x06, 0x00, 0x00, 0x00, 0x0B,
  0x00, 0x00, 0x00, 0x01, 0x00, 0x00, 0x00, 0x00, 0x00, 0x00, 0x00, 0x7C, 0x00, 0x00, 0x00, 0x0F,
  0x00, 0x00, 0x00, 0x02, 0x00, 0x00, 0x00, 0x04, 0x00, 0x00, 0x00, 0x0B, 0x00, 0x00, 0x00, 0x01,
  0x00, 0x00, 0x00, 0x00, 0x00, 0x00, 0x00, 0x7D, 0x00, 0x00, 0x00, 0x0E, 0x00, 0x00, 0x00, 0x05,
  0x00, 0x00, 0x00, 0x06, 0x00, 0x00, 0x00, 0x0B, 0x00, 0x00, 0x00, 0x00, 0x00, 0x00, 0x00, 0x00,
  0x00, 0x00, 0x00, 0x7E, 0x00, 0x00, 0x00, 0x03, 0x00, 0x00, 0x00, 0x08, 0x00, 0x00, 0x00, 0x08,
  0x00, 0x00, 0x00, 0x06, 0x00, 0x00, 0x00, 0x00, 0x00, 0x00, 0x00, 0x00, 0x0D, 0xFF, 0xFF, 0x5B,
  0x00, 0xFC, 0xFF, 0x4C, 0x00, 0xEE, 0xFF, 0x3D, 0x00, 0xDE, 0xFF, 0x2D, 0x00, 0xCE, 0xFF, 0x1E,
  0x00, 0xA9, 0xF4, 0x03, 0x00, 0x72, 0xBF, 0x00, 0x00, 0x28, 0x52, 0x00, 0x00, 0x27, 0x3D, 0x00,
  0x01, 0xEE, 0xFF, 0x32, 0x00, 0xBC, 0xE3, 0x1A, 0x00, 0x79, 0x66, 0x38, 0x8A, 0x1D, 0x00, 0xF9,
  0x8A, 0x79, 0xFC, 0x0F, 0x12, 0xFC, 0x2D, 0x92, 0xAD, 0x00, 0x3B, 0x5C, 0x00, 0x80, 0x17, 0x00,
  0x00, 0x00, 0x00, 0xB3, 0x18, 0x00, 0x7F, 0x4C, 0x00, 0x00, 0x00, 0x00, 0xCC, 0x00, 0x00, 0xAD,
  0x1F, 0x00, 0x00, 0x00, 0x0F, 0xBC, 0x00, 0x00, 0xCB, 0x00, 0x00, 0x00, 0xC1, 0xFF, 0xFF, 0xC8,
  0xD2, 0xFF, 0xC8, 0x6D, 0x00, 0x00, 0x6B, 0x61, 0x00, 0x37, 0x95, 0x00, 0x00, 0x00, 0x00, 0x98,
  0x33, 0x00, 0x64, 0x67, 0x00, 0x00, 0x00, 0x00, 0xC2, 0x09, 0x00, 0x92, 0x3A, 0x00, 0x00, 0x89,
  0xC9, 0xFF, 0xC8, 0xC8, 0xFF, 0xD5, 0xA8, 0x00, 0x00, 0x22, 0xAA, 0x00, 0x00, 0xCB, 0x00, 0x00,
  0x00, 0x00, 0x50, 0x7C, 0x00, 0x1C, 0xB0, 0x00, 0x00, 0x00, 0x00, 0x7D, 0x4E, 0x00, 0x49, 0x82,
  0x00, 0x00, 0x00, 0x00, 0x00, 0x00, 0x00, 0x0B, 0x19, 0x00, 0x00, 0x00, 0x00, 0x00, 0x00, 0x00,
  0x3F, 0x69, 0x00, 0x00, 0x00, 0x00, 0x0C, 0x96, 0xDE, 0xFF, 0xFF, 0xFF, 0x8A, 0x00, 0x00, 0xAB,
  0xF5, 0x20, 0x68, 0x40, 0x36, 0x5D, 0x00, 0x07, 0xFC, 0xE1, 0x05, 0x7C, 0x2C, 0x00, 0x14, 0x00,
  0x04, 0xF5, 0xFF, 0xC7, 0xB8, 0x18, 0x00, 0x00, 0x00, 0x00, 0x7D, 0xFF, 0xFF, 0xFF, 0x8B, 0x0A,
  0x00, 0x00, 0x00, 0x00, 0x54, 0xE6, 0xFF, 0xFF, 0xE0, 0x40, 0x00, 0x00, 0x00, 0x00, 0x0E, 0xFF,
  0xFD, 0xFF, 0xF5, 0x1C, 0x00, 0x21, 0x00, 0x00, 0xA8, 0x37, 0xE9, 0xFF, 0x5C, 0x2F, 0x77, 0x00,
  0x00, 0xA9, 0x00, 0x81, 0xFF, 0x46, 0x45, 0xED, 0x34, 0x09, 0x9F, 0x0E, 0xC8, 0xCF, 0x05, 0x06,
  0x79, 0xCD, 0xE0, 0xFF, 0xC5, 0x84, 0x11, 0x00, 0x00, 0x00, 0x00, 0x33, 0x76, 0x00, 0x00, 0x00,
  0x00, 0x00, 0x00, 0x00, 0x18, 0x2A, 0x00, 0x00, 0x00, 0x00, 0x00, 0x49, 0xC5, 0xC0, 0xFF, 0x9A,
  0x42, 0x6B, 0xB7, 0x01, 0x00, 0x00, 0x29, 0xFA, 0x7D, 0x00, 0xD8, 0xAB, 0x30, 0x56, 0x72, 0x00,
  0x00, 0x00, 0x75, 0xFF, 0x33, 0x01, 0xEC, 0x9E, 0x00, 0xAE, 0x08, 0x00, 0x00, 0x00, 0x64, 0xFF,
  0x2B, 0x48, 0xF9, 0x38, 0x4F, 0x69, 0x00, 0x00, 0x00, 0x00, 0x06, 0x7E, 0x96, 0x92, 0x34, 0x01,
  0xB1, 0x05, 0x00, 0x00, 0x00, 0x00, 0x00, 0x00, 0x00, 0x00, 0x00, 0x58, 0x61, 0x4F, 0x96, 0xA2,
  0x3A, 0x00, 0x00, 0x00, 0x00, 0x00, 0x03, 0xB2, 0x60, 0xFC, 0x24, 0x7C, 0xED, 0x09, 0x00, 0x00,
  0x00, 0x00, 0x61, 0x58, 0xD3, 0xC2, 0x00, 0x6A, 0xFF, 0x28, 0x00, 0x00, 0x00, 0x06, 0xB2, 0x02,
  0xFE, 0x97, 0x00, 0x8B, 0xFD, 0x13, 0x00, 0x00, 0x00, 0x6B, 0x4F, 0x00, 0xE9, 0x94, 0x01, 0xD5,
  0xB2, 0x00, 0x00, 0x00, 0x09, 0xB0, 0x00, 0x00, 0x54, 0xCE, 0xA2, 0xA4, 0x13, 0x00, 0x00, 0x00,
  0x3E, 0x43, 0x00, 0x00, 0x00, 0x00, 0x00, 0x00, 0x00, 0x00, 0x00, 0x00, 0x00, 0x66, 0xC9, 0xD6,
  0xAB, 0xB7, 0x5B, 0x00, 0x00, 0x00, 0x00, 0x00, 0x00, 0x00, 0x85, 0xFF, 0xD8, 0x0A, 0x00, 0x29,
  0xEE, 0x08, 0x00, 0x00, 0x00, 0x00, 0x00, 0x00, 0xE2, 0xFF, 0x9C, 0x00, 0x00, 0x00, 0x6F, 0x00,
  0x00, 0x00, 0x00, 0x00, 0x00, 0x00, 0xCD, 0xFF, 0xD8, 0x05, 0x00, 0x00, 0x05, 0x00, 0x00, 0x00,
  0x00, 0x00, 0x00, 0x00, 0xAC, 0xFF, 0xFF, 0x99, 0x01, 0x00, 0x19, 0x7B, 0x90, 0x57, 0x04, 0x00,
  0x02, 0xAB, 0xFF, 0xFF, 0xFF, 0xFF, 0xA2, 0x05, 0x00, 0x5D, 0xFF, 0x53, 0x00, 0x00, 0x59, 0xFF,
  0xFE, 0x0B, 0xA5, 0xFF, 0xFF, 0xBE, 0x12, 0x24, 0xFF, 0x41, 0x00, 0x00, 0x86, 0xFF, 0xFC, 0x04,
  0x01, 0x88, 0xFF, 0xFF, 0xDC, 0x63, 0xFC, 0x16, 0x00, 0x00, 0x5D, 0xFF, 0xFF, 0x53, 0x00, 0x00,
  0x5D, 0xF6, 0xFF, 0xFF, 0xFF, 0x00, 0x00, 0x00, 0x02, 0xA7, 0xFF, 0xEE, 0x3D, 0x00, 0x00, 0x2F,
  0xFF, 0xFF, 0xFF, 0x83, 0x03, 0x00, 0x00, 0x00, 0x4D, 0xAA, 0xDE, 0xC1, 0x9D, 0x9E, 0x9B, 0x93,
  0xD0, 0xF0, 0xC6, 0x2F, 0x0A, 0x7C, 0x5A, 0x14, 0xFF, 0x72, 0x2A, 0xF5, 0x1C, 0x4B, 0x4B, 0x00,
  0x00, 0x00, 0x00, 0x54, 0x83, 0x0E, 0x00, 0x02, 0xA3, 0xE6, 0x10, 0x00, 0x00, 0x7B, 0xFF, 0x76,
  0x00, 0x00, 0x0B, 0xF3, 0xFF, 0x27, 0x00, 0x00, 0x51, 0xFF, 0xF5, 0x01, 0x00, 0x00, 0x7D, 0xFF,
  0xDE, 0x00, 0x00, 0x00, 0x8C, 0xFF, 0xD6, 0x00, 0x00, 0x00, 0x7E, 0xFF, 0xE3, 0x00, 0x00, 0x00,
  0x52, 0xFF, 0xF8, 0x02, 0x00, 0x00, 0x0E, 0xF6, 0xFF, 0x26, 0x00, 0x00, 0x00, 0x91, 0xFF, 0x69,
  0x00, 0x00, 0x00, 0x0E, 0xD9, 0xC8, 0x00, 0x00, 0x00, 0x00, 0x1B, 0xCA, 0x5A, 0x00, 0x00, 0x00,
  0x00, 0x03, 0x51, 0x0E, 0x20, 0x8E, 0x36, 0x00, 0x00, 0x00, 0x00, 0x31, 0xFA, 0x6C, 0x00, 0x00,
  0x00, 0x00, 0xAC, 0xFE, 0x41, 0x00, 0x00, 0x00, 0x5C, 0xFF, 0xC4, 0x00, 0x00, 0x00, 0x2C, 0xFF,
  0xFF, 0x16, 0x00, 0x00, 0x15, 0xFF, 0xFF, 0x43, 0x00, 0x00, 0x0F, 0xFF, 0xFF, 0x53, 0x00, 0x00,
  0x1C, 0xFF, 0xFF, 0x46, 0x00, 0x00, 0x33, 0xFF, 0xFF, 0x1A, 0x00, 0x00, 0x5E, 0xFF, 0xCC, 0x00,
  0x00, 0x00, 0xA2, 0xFF, 0x55, 0x00, 0x00, 0x10, 0xF3, 0xAB, 0x00, 0x00, 0x00, 0x94, 0xA6, 0x07,
  0x00, 0x00, 0x23, 0x40, 0x00, 0x00, 0x00, 0x00, 0x00, 0x00, 0x46, 0x6A, 0x00, 0x00, 0x08, 0x24,
  0x7B, 0xB6, 0x12, 0x1C, 0x61, 0xFC, 0xB3, 0xC0, 0xF2, 0x9B, 0x07, 0x3B, 0xCC, 0xCA, 0x58, 0x0E,
  0x00, 0xA3, 0xCA, 0x92, 0xDB, 0x05, 0x00, 0x2F, 0x33, 0x18, 0x48, 0x00, 0x00, 0x00, 0x00, 0x04,
  0x02, 0x00, 0x00, 0x00, 0x00, 0x00, 0x00, 0x9C, 0x4C, 0x00, 0x00, 0x00, 0x00, 0x00, 0x00, 0x9C,
  0x4C, 0x00, 0x00, 0x00, 0x00, 0x00, 0x00, 0x9C, 0x4C, 0x00, 0x00, 0x00, 0x56, 0xF0, 0xF0, 0xFF,
  0xFF, 0xF0, 0xF0, 0x12, 0x00, 0x00, 0x00, 0x9C, 0x4C, 0x00, 0x00, 0x00, 0x00, 0x00, 0x00, 0x9C,
  0x4C, 0x00, 0x00, 0x00, 0x00, 0x00, 0x00, 0x97, 0x49, 0x00, 0x00, 0x00, 0x20, 0xEB, 0x91, 0x00,
  0x2B, 0xFF, 0xFD, 0x09, 0x00, 0xB7, 0xE7, 0x01, 0x16, 0xC8, 0x3F, 0x00, 0x01, 0x01, 0x00, 0x00,
  0x68, 0xF4, 0xF4, 0xF4, 0xF4, 0x7B, 0x0D, 0x24, 0x24, 0x24, 0x24, 0x10, 0x00, 0x44, 0x1E, 0x47,
  0xFF, 0xD6, 0x28, 0xEA, 0xA2, 0x00, 0x00, 0x00, 0x00, 0x00, 0x31, 0x52, 0x00, 0x00, 0x00, 0x00,
  0x00, 0xB4, 0x42, 0x00, 0x00, 0x00, 0x00, 0x34, 0xC1, 0x00, 0x00, 0x00, 0x00, 0x00, 0xB3, 0x42,
  0x00, 0x00, 0x00, 0x00, 0x33, 0xC2, 0x00, 0x00, 0x00, 0x00, 0x00, 0xB3, 0x43, 0x00, 0x00, 0x00,
  0x00, 0x32, 0xC3, 0x00, 0x00, 0x00, 0x00, 0x00, 0xB2, 0x44, 0x00, 0x00, 0x00, 0x00, 0x31, 0xC3,
  0x00, 0x00, 0x00, 0x00, 0x00, 0xB1, 0x44, 0x00, 0x00, 0x00, 0x00, 0x31, 0xC4, 0x00, 0x00, 0x00,
  0x00, 0x00, 0xA8, 0x45, 0x00, 0x00, 0x00, 0x00, 0x00, 0x11, 0x00, 0x00, 0x00, 0x00, 0x00, 0x00,
  0x00, 0x00, 0x1E, 0xA1, 0xCA, 0xB8, 0xCB, 0x59, 0x00, 0x00, 0x00, 0x1D, 0xE5, 0xE6, 0x10, 0x00,
  0x87, 0xFF, 0x75, 0x00, 0x00, 0xA7, 0xFF, 0x8A, 0x00, 0x00, 0x19, 0xFF, 0xF8, 0x1E, 0x09, 0xF6,
  0xFF, 0x57, 0x00, 0x00, 0x00, 0xE5, 0xFF, 0x72, 0x2F, 0xFF, 0xFF, 0x40, 0x00, 0x00, 0x00, 0xCD,
  0xFF, 0xA1, 0x3F, 0xFF, 0xFF, 0x39, 0x00, 0x00, 0x00, 0xC6, 0xFF, 0xB2, 0x2F, 0xFF, 0xFF, 0x40,
  0x00, 0x00, 0x00, 0xCD, 0xFF, 0xA1, 0x09, 0xF6, 0xFF, 0x57, 0x00, 0x00, 0x00, 0xE5, 0xFF, 0x72,
  0x00, 0xA7, 0xFF, 0x89, 0x00, 0x00, 0x19, 0xFF, 0xF9, 0x1E, 0x00, 0x1D, 0xE7, 0xE5, 0x10, 0x00,
  0x86, 0xFF, 0x77, 0x00, 0x00, 0x00, 0x20, 0xA3, 0xCB, 0xB7, 0xCC, 0x5C, 0x00, 0x00, 0x02, 0x1F,
  0x4F, 0xA1, 0x64, 0x00, 0x0B, 0x50, 0xFF, 0xFF, 0x67, 0x00, 0x00, 0x00, 0xFC, 0xFF, 0x67, 0x00,
  0x00, 0x00, 0xFB, 0xFF, 0x67, 0x00, 0x00, 0x00, 0xFB, 0xFF, 0x67, 0x00, 0x00, 0x00, 0xFB, 0xFF,
  0x67, 0x00, 0x00, 0x00, 0xFB, 0xFF, 0x67, 0x00, 0x00, 0x00, 0xFB, 0xFF, 0x67, 0x00, 0x00, 0x00,
  0xFB, 0xFF, 0x67, 0x00, 0x00, 0x00, 0xFB, 0xFF, 0x67, 0x00, 0x08, 0x57, 0xFF, 0xFF, 0xB0, 0x1C,
  0x00, 0x49, 0xA7, 0xA7, 0xC9, 0xE4, 0x9E, 0x21, 0x00, 0x00, 0x1D, 0xFF, 0x45, 0x00, 0x00, 0x7E,
  0xFF, 0xEC, 0x1D, 0x00, 0x00, 0xA0, 0x00, 0x00, 0x00, 0x0F, 0xFF, 0xFF, 0x7C, 0x00, 0x00, 0x22,
  0x00, 0x00, 0x00, 0x0C, 0xFF, 0xFF, 0x85, 0x00, 0x00, 0x00, 0x00, 0x00, 0x00, 0x56, 0xFF, 0xFE,
  0x37, 0x00, 0x00, 0x00, 0x00, 0x00, 0x04, 0xD7, 0xFF, 0x94, 0x00, 0x00, 0x00, 0x00, 0x00, 0x00,
  0x7E, 0xFF, 0xB0, 0x05, 0x00, 0x00, 0x00, 0x00, 0x00, 0x48, 0xFD, 0x97, 0x05, 0x00, 0x0A, 0x1E,
  0x00, 0x00, 0x2F, 0xEE, 0x7B, 0x1C, 0x1C, 0x2E, 0xAC, 0x0C, 0x00, 0x20, 0xE5, 0xFF, 0xFF, 0xFF,
  0xFF, 0xFF, 0xC4, 0x00, 0x15, 0xDC, 0xFF, 0xFF, 0xFF, 0xFF, 0xFF, 0xFF, 0x81, 0x00, 0x00, 0x5E,
  0xB1, 0xB7, 0xEC, 0xCF, 0x63, 0x00, 0x00, 0x37, 0xE5, 0x12, 0x00, 0x28, 0xF7, 0xFF, 0x65, 0x00,
  0x06, 0x8A, 0x00, 0x00, 0x00, 0xBF, 0xFF, 0xBB, 0x00, 0x00, 0x2B, 0x00, 0x00, 0x00, 0xD4, 0xFF,
  0xAC, 0x00, 0x00, 0x00, 0x00, 0x00, 0x6F, 0xFF, 0xF7, 0x31, 0x00, 0x00, 0x00, 0x1F, 0x8C, 0xFC,
  0xE8, 0x50, 0x00, 0x00, 0x00, 0x00, 0x00, 0x00, 0x31, 0xEE, 0xFF, 0x73, 0x00, 0x00, 0x00, 0x00,
  0x00, 0x00, 0x87, 0xFF, 0xF7, 0x0B, 0x00, 0x00, 0x00, 0x00, 0x00, 0x6C, 0xFF, 0xFF, 0x24, 0x00,
  0x00, 0x00, 0x00, 0x00, 0x9F, 0xFF, 0xF7, 0x0A, 0x00, 0x00, 0x00, 0x00, 0x38, 0xFA, 0xFF, 0x8F,
  0x00, 0x00, 0x00, 0x13, 0x82, 0xF3, 0xFE, 0x9A, 0x05, 0x00, 0x0B, 0x65, 0xA9, 0xA8, 0x7E, 0x2B,
  0x00, 0x00, 0x00, 0x00, 0x00, 0x00, 0x00, 0x00, 0x00, 0x13, 0x53, 0x00, 0x00, 0x00, 0x00, 0x00,
  0x00, 0x00, 0x0B, 0xE1, 0xB2, 0x00, 0x00, 0x00, 0x00, 0x00, 0x00, 0x05, 0xCC, 0xFF, 0x94, 0x00,
  0x00, 0x00, 0x00, 0x00, 0x01, 0xA5, 0xFF, 0xFF, 0x94, 0x00, 0x00, 0x00, 0x00, 0x00, 0x93, 0x6D,
  0xD0, 0xFF, 0x94, 0x00, 0x00, 0x00, 0x00, 0x7E, 0x81, 0x00, 0xD0, 0xFF, 0x94, 0x00, 0x00, 0x00,
  0x68, 0xAA, 0x18, 0x18, 0xE8, 0xFF, 0xAC, 0x22, 0x27, 0x54, 0xFD, 0xFF, 0xFF, 0xFF, 0xFF, 0xFF,
  0xFF, 0xFF, 0x27, 0x3E, 0x48, 0x48, 0x48, 0x48, 0xFF, 0xFF, 0xDC, 0x47, 0x00, 0x00, 0x00, 0x00,
  0x00, 0x00, 0xD0, 0xFF, 0x94, 0x00, 0x00, 0x00, 0x00, 0x00, 0x00, 0x00, 0xD6, 0xFF, 0x98, 0x00,
  0x00, 0x00, 0x00, 0x00, 0x00, 0x3A, 0xFF, 0xFF, 0xFF, 0x1D, 0x00, 0x00, 0x00, 0x00, 0x00, 0x00,
  0x00, 0x0E, 0x61, 0x00, 0x00, 0xA4, 0xC4, 0xD9, 0xEF, 0xFF, 0x62, 0x00, 0x22, 0xFF, 0xFF, 0xFF,
  0xF1, 0xDC, 0x26, 0x00, 0x5E, 0x99, 0x1A, 0x06, 0x00, 0x00, 0x00, 0x00, 0x9A, 0x4F, 0x22, 0x1E,
  0x01, 0x00, 0x00, 0x00, 0xD7, 0xFD, 0xFF, 0xFF, 0xE8, 0x6D, 0x00, 0x0E, 0xC9, 0x95, 0x9E, 0xED,
  0xFF, 0xFF, 0x67, 0x00, 0x00, 0x00, 0x00, 0x1D, 0xF0, 0xFF, 0xCE, 0x00, 0x00, 0x00, 0x00, 0x00,
  0xB9, 0xFF, 0xE5, 0x00, 0x00, 0x00, 0x00, 0x00, 0xD5, 0xFF, 0xC1, 0x00, 0x00, 0x00, 0x00, 0x64,
  0xFF, 0xFF, 0x54, 0x00, 0x00, 0x09, 0x7E, 0xFC, 0xFE, 0x7C, 0x00, 0x28, 0x9D, 0xE4, 0xD3, 0x9A,
  0x2F, 0x00, 0x00, 0x00, 0x00, 0x00, 0x08, 0x64, 0xB2, 0x94, 0x3F, 0x00, 0x00, 0x00, 0x00, 0x2D,
  0xDC, 0xF1, 0x47, 0x00, 0x00, 0x00, 0x00, 0x00, 0x18, 0xE7, 0xFF, 0x53, 0x00, 0x00, 0x00, 0x00,
  0x00, 0x00, 0x96, 0xFF, 0xD8, 0x00, 0x00, 0x00, 0x00, 0x00, 0x00, 0x02, 0xEE, 0xFF, 0x9C, 0x18,
  0x87, 0xB3, 0x7D, 0x0A, 0x00, 0x20, 0xFF, 0xFF, 0x86, 0x4D, 0x4E, 0xD1, 0xFF, 0xAE, 0x00, 0x2E,
  0xFF, 0xFF, 0x77, 0x00, 0x00, 0x45, 0xFF, 0xFF, 0x33, 0x1B, 0xFF, 0xFF, 0x7E, 0x00, 0x00, 0x25,
  0xFF, 0xFF, 0x50, 0x00, 0xDA, 0xFF, 0x9F, 0x00, 0x00, 0x3D, 0xFF, 0xFF, 0x2A, 0x00, 0x50, 0xFE,
  0xEA, 0x12, 0x00, 0xA0, 0xFF, 0xAB, 0x00, 0x00, 0x00, 0x43, 0xBB, 0xDC, 0xD2, 0xD7, 0x7B, 0x05,
  0x00, 0x5B, 0xFF, 0xFF, 0xFF, 0xFF, 0xFF, 0xFF, 0xFF, 0x2E, 0x82, 0xFF, 0xFF, 0xFF, 0xFF, 0xFF,
  0xFF, 0xC3, 0x00, 0x6A, 0x1F, 0x0F, 0x0F, 0x0F, 0x0F, 0xB4, 0x58, 0x00, 0x00, 0x00, 0x00, 0x00,
  0x00, 0x1E, 0xE4, 0x05, 0x00, 0x00, 0x00, 0x00, 0x00, 0x00, 0x89, 0x83, 0x00, 0x00, 0x00, 0x00,
  0x00, 0x00, 0x0F, 0xEE, 0x1D, 0x00, 0x00, 0x00, 0x00, 0x00, 0x00, 0x7E, 0xBD, 0x00, 0x00, 0x00,
  0x00, 0x00, 0x00, 0x0F, 0xEE, 0x65, 0x00, 0x00, 0x00, 0x00, 0x00, 0x00, 0x7F, 0xFB, 0x13, 0x00,
  0x00, 0x00, 0x00, 0x00, 0x11, 0xF0, 0xBC, 0x00, 0x00, 0x00, 0x00, 0x00, 0x00, 0x8A, 0xFF, 0x6D,
  0x00, 0x00, 0x00, 0x00, 0x00, 0x00, 0x5B, 0xCD, 0xBC, 0xD4, 0xAD, 0x28, 0x00, 0x00, 0x00, 0x55,
  0xFF, 0x89, 0x00, 0x13, 0xF0, 0xEA, 0x11, 0x00, 0x00, 0xAE, 0xFF, 0x6D, 0x00, 0x00, 0xCC, 0xFF,
  0x45, 0x00, 0x00, 0xA5, 0xFF, 0xE3, 0x25, 0x08, 0xEE, 0xF2, 0x17, 0x00, 0x00, 0x35, 0xFA, 0xFF,
  0xF6, 0xFF, 0xBD, 0x2F, 0x00, 0x00, 0x00, 0x00, 0x69, 0xFF, 0xFF, 0xFF, 0xF3, 0x77, 0x01, 0x00,
  0x00, 0x73, 0xF8, 0x3F, 0x7D, 0xF0, 0xFF, 0xFF, 0x8A, 0x00, 0x2F, 0xFF, 0xCE, 0x00, 0x00, 0x18,
  0xC7, 0xFF, 0xF7, 0x01, 0x56, 0xFF, 0xCB, 0x00, 0x00, 0x00, 0x4B, 0xFF, 0xF0, 0x00, 0x18, 0xE9,
  0xFB, 0x31, 0x00, 0x00, 0x95, 0xFF, 0x7D, 0x00, 0x00, 0x23, 0x9F, 0xDA, 0xB8, 0xCA, 0xC0, 0x5B,
  0x00, 0x00, 0x00, 0x00, 0x5F, 0xCC, 0xD4, 0xDC, 0xBC, 0x3F, 0x00, 0x00, 0x00, 0x7B, 0xFF, 0xB0,
  0x02, 0x0D, 0xE1, 0xFC, 0x49, 0x00, 0x0C, 0xF5, 0xFF, 0x54, 0x00, 0x00, 0x91, 0xFF, 0xD7, 0x00,
  0x37, 0xFF, 0xFF, 0x3A, 0x00, 0x00, 0x6F, 0xFF, 0xFF, 0x1F, 0x36, 0xFF, 0xFF, 0x45, 0x00, 0x00,
  0x63, 0xFF, 0xFF, 0x3E, 0x08, 0xEF, 0xFF, 0x8B, 0x00, 0x04, 0x6A, 0xFF, 0xFF, 0x40, 0x00, 0x52,
  0xF0, 0xFE, 0xC2, 0x72, 0x7C, 0xFF, 0xFF, 0x2A, 0x00, 0x00, 0x10, 0x42, 0x25, 0x00, 0x95, 0xFF,
  0xF2, 0x03, 0x00, 0x00, 0x00, 0x00, 0x00, 0x00, 0xD2, 0xFF, 0x9C, 0x00, 0x00, 0x00, 0x00, 0x00,
  0x00, 0x42, 0xFF, 0xF2, 0x21, 0x00, 0x00, 0x00, 0x00, 0x00, 0x23, 0xE3, 0xF4, 0x49, 0x00, 0x00,
  0x00, 0x00, 0x0D, 0x6F, 0xE4, 0xA5, 0x25, 0x00, 0x00, 0x00, 0x00, 0x00, 0x33, 0x2D, 0x05, 0x00,
  0x00, 0x00, 0x00, 0x00, 0x00, 0x48, 0x21, 0x48, 0xFF, 0xD7, 0x27, 0xE9, 0xA0, 0x00, 0x00, 0x00,
  0x00, 0x00, 0x00, 0x00, 0x00, 0x00, 0x00, 0x44, 0x1E, 0x47, 0xFF, 0xD6, 0x28, 0xEA, 0xA2, 0x00,
  0x48, 0x21, 0x00, 0x49, 0xFF, 0xD7, 0x00, 0x27, 0xE9, 0xA0, 0x00, 0x00, 0x00, 0x00, 0x00, 0x00,
  0x00, 0x00, 0x00, 0x00, 0x00, 0x00, 0x00, 0x00, 0x00, 0x00, 0x00, 0x03, 0x6B, 0x2A, 0x00, 0x3E,
  0xFF, 0xE4, 0x02, 0x0A, 0xE4, 0xFD, 0x09, 0x00, 0xB0, 0xA4, 0x00, 0x17, 0x6A, 0x04, 0x00, 0x00,
  0x00, 0x00, 0x00, 0x00, 0x00, 0x49, 0x0A, 0x00, 0x00, 0x00, 0x02, 0x54, 0xCE, 0xBC, 0x09, 0x00,
  0x04, 0x5F, 0xD6, 0xB5, 0x38, 0x00, 0x00, 0x34, 0xFF, 0xAD, 0x31, 0x00, 0x00, 0x00, 0x00, 0x2B,
  0xEB, 0xC6, 0x49, 0x00, 0x00, 0x00, 0x00, 0x00, 0x00, 0x48, 0xC2, 0xCC, 0x50, 0x01, 0x00, 0x00,
  0x00, 0x00, 0x00, 0x3C, 0xB7, 0xD1, 0x0B, 0x00, 0x00, 0x00, 0x00, 0x00, 0x00, 0x32, 0x09, 0x53,
  0xE8, 0xE8, 0xE8, 0xE8, 0xE8, 0xE8, 0x12, 0x00, 0x00, 0x00, 0x00, 0x00, 0x00, 0x00, 0x00, 0x00,
  0x00, 0x00, 0x00, 0x00, 0x00, 0x00, 0x00, 0x54, 0xEC, 0xEC, 0xEC, 0xEC, 0xEC, 0xEC, 0x12, 0x2B,
  0x28, 0x00, 0x00, 0x00, 0x00, 0x00, 0x00, 0x31, 0xD9, 0xAC, 0x32, 0x00, 0x00, 0x00, 0x00, 0x00,
  0x03, 0x5B, 0xD5, 0xB7, 0x3C, 0x00, 0x00, 0x00, 0x00, 0x00, 0x01, 0x54, 0xD5, 0xEE, 0x0A, 0x00,
  0x00, 0x00, 0x08, 0x6C, 0xE1, 0xC9, 0x08, 0x00, 0x0B, 0x73, 0xE2, 0xA0, 0x27, 0x00, 0x00, 0x3A,
  0xE2, 0x95, 0x1F, 0x00, 0x00, 0x00, 0x00, 0x23, 0x17, 0x00, 0x00, 0x00, 0x00, 0x00, 0x00, 0x25,
  0xA1, 0xAB, 0xE1, 0xD6, 0x76, 0x01, 0xBE, 0x34, 0x00, 0x1B, 0xF6, 0xFF, 0x76, 0x5B, 0x00, 0x00,
  0x00, 0xD2, 0xFF, 0xBA, 0x00, 0x00, 0x00, 0x0C, 0xF3, 0xFF, 0x8E, 0x00, 0x00, 0x00, 0xA2, 0xFF,
  0xCC, 0x0F, 0x00, 0x00, 0x5E, 0xFF, 0xBC, 0x0D, 0x00, 0x00, 0x00, 0x7A, 0xD6, 0x09, 0x00, 0x00,
  0x00, 0x00, 0x09, 0x54, 0x00, 0x00, 0x00, 0x00, 0x00, 0x16, 0x4A, 0x02, 0x00, 0x00, 0x00, 0x00,
  0xBE, 0xFF, 0x62, 0x00, 0x00, 0x00, 0x00, 0x8B, 0xEF, 0x3B, 0x00, 0x00, 0x00, 0x00, 0x00, 0x00,
  0x00, 0x00, 0x0B, 0x39, 0x4F, 0x44, 0x1D, 0x00, 0x00, 0x00, 0x00, 0x00, 0x00, 0x00, 0x00, 0x00,
  0x3F, 0xB4, 0xDA, 0x8A, 0x62, 0x68, 0x9F, 0xCF, 0x61, 0x01, 0x00, 0x00, 0x00, 0x00, 0x05, 0x9B,
  0xFC, 0x7A, 0x04, 0x00, 0x00, 0x15, 0x00, 0x27, 0xE6, 0xA1, 0x02, 0x00, 0x00, 0x01, 0xAF, 0xFF,
  0x5C, 0x00, 0x00, 0x00, 0x69, 0x84, 0x00, 0x00, 0x4E, 0xFF, 0x69, 0x00, 0x00, 0x6C, 0xFF, 0x97,
  0x00, 0x00, 0x00, 0x01, 0xFF, 0x99, 0x00, 0x00, 0x01, 0xE8, 0xDF, 0x00, 0x05, 0xE8, 0xF4, 0x14,
  0x00, 0x00, 0x00, 0x73, 0xFF, 0xBB, 0x00, 0x00, 0x00, 0xBA, 0xFF, 0x21, 0x42, 0xFF, 0xA4, 0x00,
  0x00, 0x00, 0x36, 0x8F, 0xC7, 0xE4, 0x00, 0x00, 0x00, 0xB4, 0xFF, 0x32, 0x68, 0xFF, 0x59, 0x00,
  0x00, 0x0E, 0xB6, 0x0A, 0xAB, 0xFF, 0x0E, 0x00, 0x00, 0xCE, 0xFF, 0x20, 0x55, 0xFF, 0x3A, 0x00,
  0x00, 0xCD, 0xB0, 0x80, 0xE2, 0xFF, 0x38, 0x00, 0x0B, 0xF6, 0xED, 0x02, 0x0F, 0xEA, 0x66, 0x01,
  0x87, 0x5E, 0x00, 0x09, 0xFF, 0xFF, 0xD8, 0x00, 0x5E, 0xFF, 0x97, 0x00, 0x00, 0x2F, 0xAB, 0xAC,
  0x56, 0x00, 0x00, 0x00, 0x00, 0x00, 0x00, 0x0C, 0xE0, 0xF5, 0x1C, 0x00, 0x00, 0x00, 0x00, 0x00,
  0x00, 0x00, 0x00, 0x00, 0x00, 0x00, 0x0D, 0xBA, 0xFA, 0x4C, 0x00, 0x00, 0x00, 0x00, 0x00, 0x1E,
  0x05, 0x00, 0x00, 0x00, 0x0A, 0x5E, 0xDE, 0xCB, 0x33, 0x00, 0x00, 0x00, 0x00, 0x00, 0x00, 0x01,
  0x2B, 0x4E, 0x60, 0x83, 0x9C, 0x78, 0x35, 0x00, 0x00, 0x00, 0x00, 0x00, 0x00, 0x00, 0x00, 0x00,
  0x00, 0x00, 0x27, 0x00, 0x00, 0x00, 0x00, 0x00, 0x00, 0x00, 0x00, 0x00, 0x00, 0x00, 0x00, 0xFE,
  0x2B, 0x00, 0x00, 0x00, 0x00, 0x00, 0x00, 0x00, 0x00, 0x00, 0x00, 0x1C, 0xFF, 0x9D, 0x00, 0x00,
  0x00, 0x00, 0x00, 0x00, 0x00, 0x00, 0x00, 0x00, 0xB9, 0xFF, 0xF8, 0x18, 0x00, 0x00, 0x00, 0x00,
  0x00, 0x00, 0x00, 0x00, 0x09, 0xE2, 0xF5, 0xFF, 0x84, 0x00, 0x00, 0x00, 0x00, 0x00, 0x00, 0x00,
  0x00, 0x6B, 0x92, 0x88, 0xFF, 0xED, 0x0A, 0x00, 0x00, 0x00, 0x00, 0x00, 0x00, 0x03, 0xDB, 0x25,
  0x24, 0xFE, 0xFF, 0x6A, 0x00, 0x00, 0x00, 0x00, 0x00, 0x00, 0x56, 0xB5, 0x00, 0x00, 0xBF, 0xFF,
  0xDB, 0x02, 0x00, 0x00, 0x00, 0x00, 0x00, 0xFF, 0xEE, 0xA8, 0xA8, 0xFF, 0xFF, 0xFF, 0x50, 0x00,
  0x00, 0x00, 0x00, 0x42, 0xD7, 0x01, 0x00, 0x00, 0x08, 0xEE, 0xFF, 0xC3, 0x00, 0x00, 0x00, 0x00,
  0xCE, 0x6E, 0x00, 0x00, 0x00, 0x00, 0x9C, 0xFF, 0xFF, 0x40, 0x00, 0x0A, 0x97, 0xFF, 0x60, 0x00,
  0x00, 0x00, 0x02, 0xAE, 0xFF, 0xFF, 0xFF, 0x27, 0x0D, 0x83, 0xFF, 0xFF, 0xFD, 0xD2, 0xE9, 0xB4,
  0x3F, 0x00, 0x00, 0x00, 0x19, 0xFF, 0xFF, 0x4C, 0x00, 0x8B, 0xFF, 0xFA, 0x25, 0x00, 0x00, 0x18,
  0xFF, 0xFF, 0x4C, 0x00, 0x3C, 0xFF, 0xFF, 0x52, 0x00, 0x00, 0x18, 0xFF, 0xFF, 0x4C, 0x00, 0x76,
  0xFF, 0xDE, 0x13, 0x00, 0x00, 0x18, 0xFF, 0xFF, 0x53, 0x61, 0xF5, 0xE8, 0x55, 0x00, 0x00, 0x00,
  0x18, 0xFF, 0xFF, 0x4C, 0x00, 0x2F, 0xF8, 0xFF, 0x7A, 0x00, 0x00, 0x18, 0xFF, 0xFF, 0x4C, 0x00,
  0x00, 0xAC, 0xFF, 0xF8, 0x10, 0x00, 0x18, 0xFF, 0xFF, 0x4C, 0x00, 0x00, 0x8B, 0xFF, 0xFF, 0x33,
  0x00, 0x18, 0xFF, 0xFF, 0x4C, 0x00, 0x00, 0xAA, 0xFF, 0xFE, 0x18, 0x00, 0x1B, 0xFF, 0xFF, 0x4C,
  0x00, 0x38, 0xF8, 0xFF, 0x98, 0x00, 0x0D, 0x87, 0xFF, 0xFF, 0xE9, 0xCA, 0xEF, 0xC8, 0x6A, 0x02,
  0x00, 0x00, 0x00, 0x00, 0x2D, 0x90, 0xD2, 0xBD, 0xB4, 0xC4, 0xBE, 0x71, 0x0B, 0x00, 0x00, 0x80,
  0xFC, 0xD4, 0x29, 0x00, 0x00, 0x00, 0x42, 0xED, 0x40, 0x00, 0x67, 0xFF, 0xF4, 0x1E, 0x00, 0x00,
  0x00, 0x00, 0x00, 0x4E, 0x42, 0x04, 0xE3, 0xFF, 0xA0, 0x00, 0x00, 0x00, 0x00, 0x00, 0x00, 0x01,
  0x19, 0x29, 0xFF, 0xFF, 0x69, 0x00, 0x00, 0x00, 0x00, 0x00, 0x00, 0x00, 0x00, 0x40, 0xFF, 0xFF,
  0x59, 0x00, 0x00, 0x00, 0x00, 0x00, 0x00, 0x00, 0x00, 0x29, 0xFF, 0xFF, 0x6A, 0x00, 0x00, 0x00,
  0x00, 0x00, 0x00, 0x00, 0x37, 0x04, 0xE4, 0xFF, 0xA4, 0x00, 0x00, 0x00, 0x00, 0x00, 0x00, 0x02,
  0x84, 0x00, 0x68, 0xFF, 0xF6, 0x1F, 0x00, 0x00, 0x00, 0x00, 0x00, 0x50, 0xAC, 0x00, 0x00, 0x80,
  0xFC, 0xD3, 0x25, 0x00, 0x00, 0x00, 0x39, 0xDE, 0x39, 0x00, 0x00, 0x00, 0x2D, 0x91, 0xD2, 0xBC,
  0xB5, 0xBB, 0x9E, 0x26, 0x00, 0x0D, 0x86, 0xFF, 0xFF, 0xF8, 0xAC, 0xB1, 0xCC, 0xBD, 0x66, 0x05,
  0x00, 0x00, 0x00, 0x1A, 0xFF, 0xFF, 0x4C, 0x00, 0x00, 0x04, 0x82, 0xFF, 0xD0, 0x18, 0x00, 0x00,
  0x18, 0xFF, 0xFF, 0x4C, 0x00, 0x00, 0x00, 0x00, 0xB3, 0xFF, 0xC4, 0x00, 0x00, 0x18, 0xFF, 0xFF,
  0x4C, 0x00, 0x00, 0x00, 0x00, 0x4B, 0xFF, 0xFF, 0x3F, 0x00, 0x18, 0xFF, 0xFF, 0x4C, 0x00, 0x00,
  0x00, 0x00, 0x15, 0xFF, 0xFF, 0x7D, 0x00, 0x18, 0xFF, 0xFF, 0x4C, 0x00, 0x00, 0x00, 0x00, 0x05,
  0xFF, 0xFF, 0x94, 0x00, 0x18, 0xFF, 0xFF, 0x4C, 0x00, 0x00, 0x00, 0x00, 0x15, 0xFF, 0xFF, 0x7D,
  0x00, 0x18, 0xFF, 0xFF, 0x4C, 0x00, 0x00, 0x00, 0x00, 0x4B, 0xFF, 0xFF, 0x3E, 0x00, 0x18, 0xFF,
  0xFF, 0x4C, 0x00, 0x00, 0x00, 0x00, 0xB3, 0xFF, 0xC1, 0x00, 0x00, 0x1B, 0xFF, 0xFF, 0x4C, 0x00,
  0x00, 0x05, 0x82, 0xFF, 0xCE, 0x17, 0x00, 0x0D, 0x87, 0xFF, 0xFF, 0xFC, 0xB0, 0xB5, 0xCE, 0xBD,
  0x67, 0x05, 0x00, 0x00, 0x00, 0x00, 0x00, 0x00, 0x00, 0x00, 0x00, 0x0E, 0x26, 0x00, 0x0D, 0x86,
  0xFF, 0xFF, 0xD0, 0xB0, 0xB0, 0xE4, 0xD4, 0x00, 0x00, 0x1A, 0xFF, 0xFF, 0x4C, 0x00, 0x00, 0x00,
  0x63, 0x00, 0x00, 0x18, 0xFF, 0xFF, 0x4C, 0x00, 0x00, 0x00, 0x13, 0x00, 0x00, 0x18, 0xFF, 0xFF,
  0x4C, 0x00, 0x00, 0x0C, 0x00, 0x00, 0x00, 0x18, 0xFF, 0xFF, 0x4C, 0x00, 0x0E, 0x6D, 0x00, 0x00,
  0x00, 0x18, 0xFF, 0xFF, 0x88, 0x50, 0x58, 0xAF, 0x00, 0x00, 0x00, 0x18, 0xFF, 0xFF, 0x4C, 0x00,
  0x00, 0x3F, 0x00, 0x00, 0x00, 0x18, 0xFF, 0xFF, 0x4C, 0x00, 0x00, 0x00, 0x00, 0x22, 0x00, 0x18,
  0xFF, 0xFF, 0x4C, 0x00, 0x00, 0x00, 0x08, 0x63, 0x00, 0x1B, 0xFF, 0xFF, 0x4C, 0x00, 0x00, 0x06,
  0xA0, 0x44, 0x0D, 0x87, 0xFF, 0xFF, 0xD3, 0xB8, 0xFF, 0xFF, 0xFF, 0x10, 0x00, 0x00, 0x00, 0x00,
  0x00, 0x00, 0x00, 0x0E, 0x26, 0x0D, 0x86, 0xFF, 0xFF, 0xD0, 0xB0, 0xB0, 0xDE, 0xD4, 0x00, 0x1A,
  0xFF, 0xFF, 0x4C, 0x00, 0x00, 0x00, 0x5C, 0x00, 0x18, 0xFF, 0xFF, 0x4C, 0x00, 0x00, 0x00, 0x0E,
  0x00, 0x18, 0xFF, 0xFF, 0x4C, 0x00, 0x00, 0x0C, 0x00, 0x00, 0x18, 0xFF, 0xFF, 0x4C, 0x00, 0x0E,
  0x6D, 0x00, 0x00, 0x18, 0xFF, 0xFF, 0x88, 0x50, 0x58, 0xAF, 0x00, 0x00, 0x18, 0xFF, 0xFF, 0x4C,
  0x00, 0x00, 0x3F, 0x00, 0x00, 0x18, 0xFF, 0xFF, 0x4C, 0x00, 0x00, 0x00, 0x00, 0x00, 0x18, 0xFF,
  0xFF, 0x4C, 0x00, 0x00, 0x00, 0x00, 0x00, 0x1B, 0xFF, 0xFF, 0x50, 0x00, 0x00, 0x00, 0x00, 0x0D,
  0x87, 0xFF, 0xFF, 0xB3, 0x17, 0x00, 0x00, 0x00, 0x00, 0x00, 0x00, 0x3F, 0xA2, 0xDB, 0xC2, 0xAE,
  0xBC, 0xAE, 0x69, 0x0C, 0x00, 0x00, 0x00, 0x00, 0x92, 0xFF, 0xCE, 0x23, 0x00, 0x00, 0x00, 0x34,
  0xDF, 0x49, 0x00, 0x00, 0x00, 0x72, 0xFF, 0xF3, 0x19, 0x00, 0x00, 0x00, 0x00, 0x00, 0x34, 0x4C,
  0x00, 0x00, 0x05, 0xE7, 0xFF, 0xA1, 0x00, 0x00, 0x00, 0x00, 0x00, 0x00, 0x00, 0x0E, 0x00, 0x00,
  0x2B, 0xFF, 0xFF, 0x6A, 0x00, 0x00, 0x00, 0x00, 0x00, 0x00, 0x00, 0x00, 0x00, 0x00, 0x40, 0xFF,
  0xFF, 0x58, 0x00, 0x00, 0x00, 0x00, 0x0F, 0x69, 0x94, 0x94, 0x4F, 0x05, 0x29, 0xFF, 0xFF, 0x66,
  0x00, 0x00, 0x00, 0x00, 0x00, 0x51, 0xFF, 0xFF, 0x17, 0x00, 0x04, 0xE5, 0xFF, 0x96, 0x00, 0x00,
  0x00, 0x00, 0x00, 0x4E, 0xFF, 0xFF, 0x14, 0x00, 0x00, 0x6E, 0xFF, 0xEB, 0x0E, 0x00, 0x00, 0x00,
  0x00, 0x56, 0xFF, 0xFF, 0x13, 0x00, 0x00, 0x00, 0x90, 0xFF, 0xB6, 0x11, 0x00, 0x00, 0x1C, 0xD2,
  0xFA, 0x75, 0x00, 0x00, 0x00, 0x00, 0x00, 0x3F, 0xA5, 0xD3, 0xB8, 0xB9, 0xC8, 0x8B, 0x23, 0x00,
  0x00, 0x00, 0x0D, 0x86, 0xFF, 0xFF, 0xB2, 0x18, 0x00, 0x00, 0x26, 0xD8, 0xFF, 0xFF, 0x53, 0x05,
  0x00, 0x1A, 0xFF, 0xFF, 0x4F, 0x00, 0x00, 0x00, 0x00, 0x86, 0xFF, 0xE7, 0x00, 0x00, 0x00, 0x18,
  0xFF, 0xFF, 0x4C, 0x00, 0x00, 0x00, 0x00, 0x84, 0xFF, 0xE4, 0x00, 0x00, 0x00, 0x18, 0xFF, 0xFF,
  0x4C, 0x00, 0x00, 0x00, 0x00, 0x84, 0xFF, 0xE4, 0x00, 0x00, 0x00, 0x18, 0xFF, 0xFF, 0x4C, 0x00,
  0x00, 0x00, 0x00, 0x84, 0xFF, 0xE4, 0x00, 0x00, 0x00, 0x18, 0xFF, 0xFF, 0xE3, 0xB0, 0xB0, 0xB0,
  0xB0, 0xF2, 0xFF, 0xE4, 0x00, 0x00, 0x00, 0x18, 0xFF, 0xFF, 0x4C, 0x00, 0x00, 0x00, 0x00, 0x84,
  0xFF, 0xE4, 0x00, 0x00, 0x00, 0x18, 0xFF, 0xFF, 0x4C, 0x00, 0x00, 0x00, 0x00, 0x84, 0xFF, 0xE4,
  0x00, 0x00, 0x00, 0x18, 0xFF, 0xFF, 0x4C, 0x00, 0x00, 0x00, 0x00, 0x84, 0xFF, 0xE4, 0x00, 0x00,
  0x00, 0x1B, 0xFF, 0xFF, 0x4E, 0x00, 0x00, 0x00, 0x00, 0x87, 0xFF, 0xE6, 0x00, 0x00, 0x0D, 0x87,
  0xFF, 0xFF, 0xB0, 0x17, 0x00, 0x00, 0x26, 0xD9, 0xFF, 0xFF, 0x51, 0x05, 0x0D, 0x86, 0xFF, 0xFF,
  0xB2, 0x18, 0x00, 0x1A, 0xFF, 0xFF, 0x4F, 0x00, 0x00, 0x18, 0xFF, 0xFF, 0x4C, 0x00, 0x00, 0x18,
  0xFF, 0xFF, 0x4C, 0x00, 0x00, 0x18, 0xFF, 0xFF, 0x4C, 0x00, 0x00, 0x18, 0xFF, 0xFF, 0x4C, 0x00,
  0x00, 0x18, 0xFF, 0xFF, 0x4C, 0x00, 0x00, 0x18, 0xFF, 0xFF, 0x4C, 0x00, 0x00, 0x18, 0xFF, 0xFF,
  0x4C, 0x00, 0x00, 0x1B, 0xFF, 0xFF, 0x4E, 0x00, 0x0D, 0x87, 0xFF, 0xFF, 0xAE, 0x17, 0x0B, 0x7F,
  0xFF, 0xFF, 0xC1, 0x1A, 0x00, 0x0F, 0xFF, 0xFF, 0x5F, 0x00, 0x00, 0x0C, 0xFF, 0xFF, 0x5C, 0x00,
  0x00, 0x0C, 0xFF, 0xFF, 0x5C, 0x00, 0x00, 0x0C, 0xFF, 0xFF, 0x5C, 0x00, 0x00, 0x0C, 0xFF, 0xFF,
  0x5C, 0x00, 0x00, 0x0C, 0xFF, 0xFF, 0x5C, 0x00, 0x00, 0x0C, 0xFF, 0xFF, 0x5C, 0x00, 0x00, 0x0C,
  0xFF, 0xFF, 0x5C, 0x00, 0x00, 0x0C, 0xFF, 0xFF, 0x5C, 0x00, 0x00, 0x0C, 0xFF, 0xFF, 0x5B, 0x00,
  0x00, 0x21, 0xFF, 0xFF, 0x4A, 0x00, 0x00, 0x54, 0xFF, 0xEB, 0x0D, 0x00, 0x03, 0xC9, 0xF9, 0x45,
  0x00, 0x00, 0x66, 0x8A, 0x27, 0x00, 0x00, 0x00, 0x0C, 0x7F, 0xFF, 0xFF, 0xB0, 0x15, 0x00, 0x00,
  0x94, 0xFF, 0xB3, 0x26, 0x00, 0x00, 0x18, 0xFF, 0xFF, 0x4E, 0x00, 0x00, 0x0F, 0xDC, 0x5A, 0x00,
  0x00, 0x00, 0x00, 0x18, 0xFF, 0xFF, 0x4C, 0x00, 0x00, 0xAF, 0x80, 0x00, 0x00, 0x00, 0x00, 0x00,
  0x18, 0xFF, 0xFF, 0x4C, 0x00, 0x73, 0xA7, 0x00, 0x00, 0x00, 0x00, 0x00, 0x00, 0x18, 0xFF, 0xFF,
  0x4C, 0x55, 0xFF, 0x1A, 0x00, 0x00, 0x00, 0x00, 0x00, 0x00, 0x18, 0xFF, 0xFF, 0x5B, 0xFF, 0xFF,
  0xAD, 0x00, 0x00, 0x00, 0x00, 0x00, 0x00, 0x18, 0xFF, 0xFF, 0x4C, 0x97, 0xFF, 0xFF, 0x64, 0x00,
  0x00, 0x00, 0x00, 0x00, 0x18, 0xFF, 0xFF, 0x4C, 0x09, 0xD6, 0xFF, 0xF4, 0x26, 0x00, 0x00, 0x00,
  0x00, 0x18, 0xFF, 0xFF, 0x4C, 0x00, 0x31, 0xF9, 0xFF, 0xCC, 0x05, 0x00, 0x00, 0x00, 0x1A, 0xFF,
  0xFF, 0x4E, 0x00, 0x00, 0x6C, 0xFF, 0xFF, 0x8A, 0x00, 0x00, 0x0C, 0x84, 0xFF, 0xFF, 0xAD, 0x15,
  0x00, 0x00, 0x5E, 0xD3, 0xFB, 0x82, 0x16, 0x0D, 0x86, 0xFF, 0xFF, 0xB2, 0x18, 0x00, 0x00, 0x00,
  0x00, 0x00, 0x1A, 0xFF, 0xFF, 0x4F, 0x00, 0x00, 0x00, 0x00, 0x00, 0x00, 0x18, 0xFF, 0xFF, 0x4C,
  0x00, 0x00, 0x00, 0x00, 0x00, 0x00, 0x18, 0xFF, 0xFF, 0x4C, 0x00, 0x00, 0x00, 0x00, 0x00, 0x00,
  0x18, 0xFF, 0xFF, 0x4C, 0x00, 0x00, 0x00, 0x00, 0x00, 0x00, 0x18, 0xFF, 0xFF, 0x4C, 0x00, 0x00,
  0x00, 0x00, 0x00, 0x00, 0x18, 0xFF, 0xFF, 0x4C, 0x00, 0x00, 0x00, 0x00, 0x00, 0x00, 0x18, 0xFF,
  0xFF, 0x4C, 0x00, 0x00, 0x00, 0x00, 0x0C, 0x00, 0x18, 0xFF, 0xFF, 0x4C, 0x00, 0x00, 0x00, 0x02,
  0x5D, 0x00, 0x1B, 0xFF, 0xFF, 0x4C, 0x00, 0x00, 0x03, 0x96, 0x4C, 0x0D, 0x87, 0xFF, 0xFF, 0xD3,
  0xB8, 0xFF, 0xFF, 0xFF, 0x12, 0x00, 0x00, 0x00, 0x3D, 0x17, 0x00, 0x00, 0x00, 0x00, 0x00, 0x00,
  0x00, 0x01, 0x4B, 0x00, 0x00, 0x00, 0x00, 0x00, 0x00, 0xC8, 0xA5, 0x00, 0x00, 0x00, 0x00, 0x00,
  0x00, 0x00, 0x5B, 0xFF, 0x00, 0x00, 0x00, 0x00, 0x00, 0x00, 0xFF, 0xFF, 0x3A, 0x00, 0x00, 0x00,
  0x00, 0x00, 0x0A, 0xFF, 0xFF, 0x00, 0x00, 0x00, 0x00, 0x00, 0x00, 0xFF, 0xFF, 0xCF, 0x03, 0x00,
  0x00, 0x00, 0x00, 0x80, 0xFF, 0xF6, 0x01, 0x00, 0x00, 0x00, 0x00, 0x00, 0xFF, 0xFF, 0xFF, 0x6B,
  0x00, 0x00, 0x00, 0x1C, 0xFF, 0xFF, 0xFF, 0x1B, 0x00, 0x00, 0x00, 0x00, 0x04, 0xF3, 0xB8, 0xFF,
  0xEF, 0x15, 0x00, 0x00, 0xA5, 0xB1, 0xFF, 0xFF, 0x3E, 0x00, 0x00, 0x00, 0x00, 0x22, 0xDB, 0x27,
  0xFA, 0xFF, 0x9E, 0x00, 0x38, 0xE6, 0x1B, 0xFF, 0xFF, 0x61, 0x00, 0x00, 0x00, 0x00, 0x45, 0xBE,
  0x00, 0x8D, 0xFF, 0xFE, 0x3A, 0xC8, 0x63, 0x00, 0xF2, 0xFF, 0x84, 0x00, 0x00, 0x00, 0x00, 0x67,
  0xA1, 0x00, 0x0E, 0xE8, 0xFF, 0xFF, 0xD0, 0x02, 0x00, 0xD5, 0xFF, 0xA8, 0x00, 0x00, 0x00, 0x00,
  0x8A, 0x84, 0x00, 0x00, 0x62, 0xFF, 0xFF, 0x42, 0x00, 0x00, 0xB8, 0xFF, 0xCB, 0x00, 0x00, 0x00,
  0x00, 0xBE, 0x67, 0x00, 0x00, 0x01, 0xFF, 0xFF, 0x00, 0x00, 0x00, 0x9B, 0xFF, 0xFF, 0x01, 0x00,
  0x05, 0x45, 0xFF, 0xA2, 0x08, 0x00, 0x00, 0x5E, 0x88, 0x00, 0x00, 0x11, 0xCA, 0xFF, 0xFF, 0x89,
  0x10, 0x00, 0x2A, 0x34, 0x00, 0x00, 0x00, 0x00, 0x00, 0x00, 0x00, 0x00, 0x00, 0x00, 0x00, 0x00,
  0x74, 0xFF, 0x39, 0x00, 0x00, 0x00, 0x00, 0x14, 0x8F, 0xFF, 0xFF, 0x7F, 0x0E, 0x00, 0x42, 0xFF,
  0xFF, 0x3E, 0x00, 0x00, 0x00, 0x00, 0x31, 0xFF, 0xFF, 0x16, 0x00, 0x00, 0x3C, 0xFF, 0xFF, 0xFC,
  0x43, 0x00, 0x00, 0x00, 0x30, 0xFF, 0xFF, 0x14, 0x00, 0x00, 0x3C, 0xFF, 0xFF, 0xA0, 0xF7, 0x49,
  0x00, 0x00, 0x30, 0xFF, 0xFF, 0x14, 0x00, 0x00, 0x3C, 0xFF, 0xFF, 0x09, 0x91, 0xF9, 0x4F, 0x00,
  0x30, 0xFF, 0xFF, 0x14, 0x00, 0x00, 0x3C, 0xFF, 0xFF, 0x09, 0x00, 0x8A, 0xFB, 0x55, 0x30, 0xFF,
  0xFF, 0x14, 0x00, 0x00, 0x3C, 0xFF, 0xFF, 0x09, 0x00, 0x00, 0x83, 0xFC, 0x8B, 0xFF, 0xFF, 0x14,
  0x00, 0x00, 0x3C, 0xFF, 0xFF, 0x0A, 0x00, 0x00, 0x00, 0x7B, 0xFF, 0xFF, 0xFF, 0x14, 0x00, 0x00,
  0x3C, 0xFF, 0xFF, 0x0A, 0x00, 0x00, 0x00, 0x00, 0x99, 0xFF, 0xFF, 0x14, 0x00, 0x00, 0x3E, 0xFF,
  0xFF, 0x0C, 0x00, 0x00, 0x00, 0x00, 0x00, 0xCD, 0xFF, 0x1A, 0x00, 0x15, 0xA0, 0xFF, 0xFF, 0x74,
  0x0D, 0x00, 0x00, 0x00, 0x00, 0x00, 0xC7, 0x3F, 0x00, 0x00, 0x00, 0x00, 0x2E, 0x93, 0xD1, 0xB7,
  0xB5, 0xD0, 0x9F, 0x3E, 0x00, 0x00, 0x00, 0x00, 0x00, 0x78, 0xFB, 0xD0, 0x1F, 0x00, 0x00, 0x13,
  0xB8, 0xFF, 0x97, 0x01, 0x00, 0x00, 0x59, 0xFF, 0xF7, 0x20, 0x00, 0x00, 0x00, 0x00, 0x0D, 0xE9,
  0xFF, 0x7D, 0x00, 0x00, 0xD7, 0xFF, 0xAF, 0x00, 0x00, 0x00, 0x00, 0x00, 0x00, 0x8F, 0xFF, 0xF1,
  0x0D, 0x19, 0xFF, 0xFF, 0x7C, 0x00, 0x00, 0x00, 0x00, 0x00, 0x00, 0x59, 0xFF, 0xFF, 0x40, 0x30,
  0xFF, 0xFF, 0x6D, 0x00, 0x00, 0x00, 0x00, 0x00, 0x00, 0x49, 0xFF, 0xFF, 0x58, 0x19, 0xFF, 0xFF,
  0x7C, 0x00, 0x00, 0x00, 0x00, 0x00, 0x00, 0x59, 0xFF, 0xFF, 0x40, 0x00, 0xD9, 0xFF, 0xB0, 0x00,
  0x00, 0x00, 0x00, 0x00, 0x00, 0x90, 0xFF, 0xF1, 0x0D, 0x00, 0x5C, 0xFF, 0xF8, 0x21, 0x00, 0x00,
  0x00, 0x00, 0x0E, 0xEA, 0xFF, 0x7D, 0x00, 0x00, 0x00, 0x7A, 0xFB, 0xD1, 0x1F, 0x00, 0x00, 0x13,
  0xB9, 0xFF, 0x97, 0x01, 0x00, 0x00, 0x00, 0x00, 0x2E, 0x94, 0xD2, 0xB7, 0xB5, 0xD0, 0xA0, 0x3E,
  0x00, 0x00, 0x00, 0x0B, 0x7C, 0xFF, 0xFF, 0xE3, 0xB4, 0xE3, 0xD5, 0x77, 0x04, 0x00, 0x00, 0x0E,
  0xFF, 0xFF, 0x5C, 0x00, 0x15, 0xE7, 0xFF, 0x8B, 0x00, 0x00, 0x0C, 0xFF, 0xFF, 0x5C, 0x00, 0x00,
  0x98, 0xFF, 0xF1, 0x00, 0x00, 0x0C, 0xFF, 0xFF, 0x5C, 0x00, 0x00, 0x95, 0xFF, 0xFB, 0x01, 0x00,
  0x0C, 0xFF, 0xFF, 0x5C, 0x00, 0x0E, 0xEA, 0xFF, 0xAF, 0x00, 0x00, 0x0C, 0xFF, 0xFF, 0x61, 0x6E,
  0xD8, 0xFF, 0xCF, 0x16, 0x00, 0x00, 0x0C, 0xFF, 0xFF, 0x5C, 0x1A, 0x56, 0x43, 0x01, 0x00, 0x00,
  0x00, 0x0C, 0xFF, 0xFF, 0x5C, 0x00, 0x00, 0x00, 0x00, 0x00, 0x00, 0x00, 0x0C, 0xFF, 0xFF, 0x5C,
  0x00, 0x00, 0x00, 0x00, 0x00, 0x00, 0x00, 0x0F, 0xFF, 0xFF, 0x5E, 0x00, 0x00, 0x00, 0x00, 0x00,
  0x00, 0x0B, 0x7D, 0xFF, 0xFF, 0xBD, 0x1A, 0x00, 0x00, 0x00, 0x00, 0x00, 0x00, 0x00, 0x00, 0x30,
  0x94, 0xD1, 0xB6, 0xB5, 0xD0, 0x9E, 0x3C, 0x00, 0x00, 0x00, 0x00, 0x00, 0x00, 0x00, 0x00, 0x00,
  0x00, 0x00, 0x00, 0x00, 0x7C, 0xFC, 0xCC, 0x1C, 0x00, 0x00, 0x13, 0xB9, 0xFF, 0x94, 0x01, 0x00,
  0x00, 0x00, 0x00, 0x00, 0x00, 0x00, 0x00, 0x00, 0x00, 0x5D, 0xFF, 0xF7, 0x1D, 0x00, 0x00, 0x00,
  0x00, 0x0E, 0xEA, 0xFF, 0x79, 0x00, 0x00, 0x00, 0x00, 0x00, 0x00, 0x00, 0x00, 0x00, 0x01, 0xDB,
  0xFF, 0xAC, 0x00, 0x00, 0x00, 0x00, 0x00, 0x00, 0x91, 0xFF, 0xEE, 0x0A, 0x00, 0x00, 0x00, 0x00,
  0x00, 0x00, 0x00, 0x00, 0x1D, 0xFF, 0xFF, 0x78, 0x00, 0x00, 0x00, 0x00, 0x00, 0x00, 0x5D, 0xFF,
  0xFF, 0x38, 0x00, 0x00, 0x00, 0x00, 0x00, 0x00, 0x00, 0x00, 0x34, 0xFF, 0xFF, 0x68, 0x00, 0x00,
  0x00, 0x00, 0x00, 0x00, 0x4D, 0xFF, 0xFF, 0x50, 0x00, 0x00, 0x00, 0x00, 0x00, 0x00, 0x00, 0x00,
  0x1D, 0xFF, 0xFF, 0x77, 0x00, 0x00, 0x00, 0x00, 0x00, 0x00, 0x5C, 0xFF, 0xFF, 0x38, 0x00, 0x00,
  0x00, 0x00, 0x00, 0x00, 0x00, 0x00, 0x01, 0xDC, 0xFF, 0xA9, 0x00, 0x00, 0x00, 0x00, 0x00, 0x00,
  0x8E, 0xFF, 0xEE, 0x09, 0x00, 0x00, 0x00, 0x00, 0x00, 0x00, 0x00, 0x00, 0x00, 0x5F, 0xFF, 0xF4,
  0x1A, 0x00, 0x00, 0x00, 0x00, 0x0B, 0xE6, 0xFF, 0x78, 0x00, 0x00, 0x00, 0x00, 0x00, 0x00, 0x00,
  0x00, 0x00, 0x00, 0x00, 0x7D, 0xFC, 0xC5, 0x13, 0x00, 0x00, 0x0B, 0xAE, 0xFE, 0x93, 0x01, 0x00,
  0x00, 0x00, 0x00, 0x00, 0x00, 0x00, 0x00, 0x00, 0x00, 0x00, 0x00, 0x30, 0x95, 0xCB, 0xD0, 0xFF,
  0xFF, 0xE7, 0x49, 0x00, 0x00, 0x00, 0x00, 0x00, 0x00, 0x00, 0x00, 0x00, 0x00, 0x00, 0x00, 0x00,
  0x00, 0x00, 0x00, 0x00, 0x00, 0x19, 0x6D, 0xE7, 0xFB, 0xBB, 0x63, 0x0F, 0x00, 0x00, 0x00, 0x00,
  0x00, 0x00, 0x00, 0x04, 0x00, 0x00, 0x00, 0x00, 0x00, 0x00, 0x00, 0x00, 0x00, 0x0A, 0x8A, 0xFC,
  0xFF, 0xF7, 0xAF, 0x69, 0x2D, 0x13, 0x05, 0x22, 0x73, 0x84, 0x00, 0x00, 0x00, 0x00, 0x00, 0x00,
  0x00, 0x00, 0x00, 0x00, 0x00, 0x2F, 0xC1, 0xFF, 0xFF, 0xFF, 0xFF, 0xFF, 0xFF, 0xFF, 0xF3, 0x26,
  0x00, 0x00, 0x00, 0x00, 0x00, 0x00, 0x00, 0x00, 0x00, 0x00, 0x00, 0x00, 0x00, 0x4A, 0xB8, 0xF9,
  0xFF, 0xFF, 0xFF, 0xC7, 0x33, 0x00, 0x00, 0x00, 0x00, 0x00, 0x00, 0x00, 0x00, 0x00, 0x00, 0x00,
  0x00, 0x00, 0x00, 0x00, 0x00, 0x0A, 0x30, 0x38, 0x19, 0x00, 0x00, 0x00, 0x0B, 0x7D, 0xFF, 0xFF,
  0xEC, 0xBC, 0xE5, 0xD4, 0x77, 0x03, 0x00, 0x00, 0x00, 0x00, 0x0E, 0xFF, 0xFF, 0x5C, 0x00, 0x17,
  0xE9, 0xFF, 0x92, 0x00, 0x00, 0x00, 0x00, 0x0C, 0xFF, 0xFF, 0x5C, 0x00, 0x00, 0x9E, 0xFF, 0xF5,
  0x00, 0x00, 0x00, 0x00, 0x0C, 0xFF, 0xFF, 0x5C, 0x00, 0x00, 0x99, 0xFF, 0xF2, 0x00, 0x00, 0x00,
  0x00, 0x0C, 0xFF, 0xFF, 0x5C, 0x00, 0x0F, 0xE3, 0xFF, 0x99, 0x00, 0x00, 0x00, 0x00, 0x0C, 0xFF,
  0xFF, 0x62, 0x78, 0xDD, 0xF0, 0x9B, 0x09, 0x00, 0x00, 0x00, 0x00, 0x0C, 0xFF, 0xFF, 0x5C, 0x2E,
  0xFD, 0xEE, 0x47, 0x00, 0x00, 0x00, 0x00, 0x00, 0x0C, 0xFF, 0xFF, 0x5C, 0x00, 0xAE, 0xFF, 0xF4,
  0x26, 0x00, 0x00, 0x00, 0x00, 0x0C, 0xFF, 0xFF, 0x5C, 0x00, 0x30, 0xFE, 0xFF, 0xC8, 0x03, 0x00,
  0x00, 0x00, 0x0F, 0xFF, 0xFF, 0x5E, 0x00, 0x00, 0x94, 0xFF, 0xFF, 0x87, 0x00, 0x00, 0x0B, 0x7D,
  0xFF, 0xFF, 0xBC, 0x19, 0x00, 0x03, 0x71, 0xD2, 0xF3, 0x86, 0x20, 0x00, 0x06, 0x8A, 0xDC, 0xB6,
  0xCF, 0xFF, 0xAC, 0x00, 0x00, 0x90, 0xFD, 0x2C, 0x00, 0x00, 0x25, 0x6E, 0x00, 0x00, 0xE4, 0xF5,
  0x0E, 0x00, 0x00, 0x00, 0x14, 0x00, 0x00, 0xDB, 0xFF, 0xD6, 0x36, 0x00, 0x00, 0x00, 0x00, 0x00,
  0x5F, 0xFE, 0xFF, 0xFD, 0x98, 0x12, 0x00, 0x00, 0x00, 0x00, 0x43, 0xDB, 0xFF, 0xFF, 0xEB, 0x55,
  0x00, 0x00, 0x00, 0x00, 0x08, 0x83, 0xF9, 0xFF, 0xFD, 0x35, 0x00, 0x21, 0x00, 0x00, 0x00, 0x27,
  0xDA, 0xFF, 0x7C, 0x12, 0x95, 0x00, 0x00, 0x00, 0x00, 0x66, 0xFF, 0x66, 0x29, 0xF9, 0x49, 0x00,
  0x00, 0x04, 0xAF, 0xE2, 0x10, 0x02, 0x6A, 0xC7, 0xC4, 0xAE, 0xBC, 0x90, 0x19, 0x00, 0x30, 0x10,
  0x00, 0x00, 0x00, 0x00, 0x00, 0x00, 0x02, 0x1D, 0x22, 0xDC, 0xD0, 0x9C, 0x9C, 0xFF, 0xFF, 0xFF,
  0x9C, 0xA0, 0xE7, 0x85, 0x62, 0x00, 0x00, 0x00, 0xDC, 0xFF, 0x8C, 0x00, 0x00, 0x07, 0x58, 0x13,
  0x00, 0x00, 0x00, 0xDC, 0xFF, 0x8C, 0x00, 0x00, 0x00, 0x13, 0x00, 0x00, 0x00, 0x00, 0xDC, 0xFF,
  0x8C, 0x00, 0x00, 0x00, 0x00, 0x00, 0x00, 0x00, 0x00, 0xDC, 0xFF, 0x8C, 0x00, 0x00, 0x00, 0x00,
  0x00, 0x00, 0x00, 0x00, 0xDC, 0xFF, 0x8C, 0x00, 0x00, 0x00, 0x00, 0x00, 0x00, 0x00, 0x00, 0xDC,
  0xFF, 0x8C, 0x00, 0x00, 0x00, 0x00, 0x00, 0x00, 0x00, 0x00, 0xDC, 0xFF, 0x8C, 0x00, 0x00, 0x00,
  0x00, 0x00, 0x00, 0x00, 0x00, 0xDC, 0xFF, 0x8C, 0x00, 0x00, 0x00, 0x00, 0x00, 0x00, 0x00, 0x00,
  0xDF, 0xFF, 0x8E, 0x00, 0x00, 0x00, 0x00, 0x00, 0x00, 0x03, 0x4D, 0xFF, 0xFF, 0xDE, 0x29, 0x00,
  0x00, 0x00, 0x10, 0x9F, 0xFF, 0xFF, 0x7A, 0x08, 0x00, 0x00, 0x00, 0x27, 0xDD, 0xCE, 0x21, 0x00,
  0x48, 0xFF, 0xFF, 0x1C, 0x00, 0x00, 0x00, 0x00, 0x00, 0x9C, 0x88, 0x00, 0x00, 0x48, 0xFF, 0xFF,
  0x1C, 0x00, 0x00, 0x00, 0x00, 0x00, 0x9C, 0x88, 0x00, 0x00, 0x48, 0xFF, 0xFF, 0x1C, 0x00, 0x00,
  0x00, 0x00, 0x00, 0x9C, 0x88, 0x00, 0x00, 0x48, 0xFF, 0xFF, 0x1C, 0x00, 0x00, 0x00, 0x00, 0x00,
  0x9C, 0x88, 0x00, 0x00, 0x48, 0xFF, 0xFF, 0x1C, 0x00, 0x00, 0x00, 0x00, 0x00, 0x9C, 0x88, 0x00,
  0x00, 0x47, 0xFF, 0xFF, 0x1C, 0x00, 0x00, 0x00, 0x00, 0x00, 0x9C, 0x87, 0x00, 0x00, 0x35, 0xFF,
  0xFF, 0x2E, 0x00, 0x00, 0x00, 0x00, 0x00, 0xAB, 0x75, 0x00, 0x00, 0x08, 0xEC, 0xFF, 0x75, 0x00,
  0x00, 0x00, 0x00, 0x07, 0xE8, 0x37, 0x00, 0x00, 0x00, 0x57, 0xFD, 0xF0, 0x3A, 0x00, 0x00, 0x08,
  0xA2, 0xA2, 0x00, 0x00, 0x00, 0x00, 0x00, 0x30, 0xA1, 0xDF, 0xC5, 0xAF, 0xB7, 0x69, 0x02, 0x00,
  0x00, 0x0B, 0x9B, 0xFF, 0xFF, 0xFF, 0x14, 0x00, 0x00, 0x00, 0x06, 0xF5, 0xFF, 0x38, 0x01, 0x00,
  0x00, 0xD0, 0xFF, 0xFF, 0x15, 0x00, 0x00, 0x00, 0x00, 0xD0, 0x67, 0x00, 0x00, 0x00, 0x00, 0x45,
  0xFF, 0xFF, 0x75, 0x00, 0x00, 0x00, 0x34, 0xDD, 0x03, 0x00, 0x00, 0x00, 0x00, 0x00, 0xD0, 0xFF,
  0xDB, 0x01, 0x00, 0x00, 0xA7, 0x67, 0x00, 0x00, 0x00, 0x00, 0x00, 0x00, 0x5C, 0xFF, 0xFF, 0x44,
  0x00, 0x1D, 0xE2, 0x07, 0x00, 0x00, 0x00, 0x00, 0x00, 0x00, 0x04, 0xE2, 0xFF, 0xAB, 0x00, 0x8B,
  0x75, 0x00, 0x00, 0x00, 0x00, 0x00, 0x00, 0x00, 0x00, 0x73, 0xFF, 0xFA, 0x24, 0xDF, 0x0D, 0x00,
  0x00, 0x00, 0x00, 0x00, 0x00, 0x00, 0x00, 0x0D, 0xF0, 0xFF, 0xE8, 0x83, 0x00, 0x00, 0x00, 0x00,
  0x00, 0x00, 0x00, 0x00, 0x00, 0x00, 0x8A, 0xFF, 0xFF, 0x14, 0x00, 0x00, 0x00, 0x00, 0x00, 0x00,
  0x00, 0x00, 0x00, 0x00, 0x1B, 0xFF, 0xFF, 0x00, 0x00, 0x00, 0x00, 0x00, 0x00, 0x00, 0x00, 0x00,
  0x00, 0x00, 0x00, 0xC1, 0x6A, 0x00, 0x00, 0x00, 0x00, 0x00, 0x00, 0x00, 0x00, 0x00, 0x00, 0x00,
  0x00, 0x25, 0x03, 0x00, 0x00, 0x00, 0x00, 0x00, 0x00, 0x00, 0x00, 0x00, 0x00, 0x00, 0x00, 0x00,
  0x00, 0x00, 0x15, 0x00, 0x00, 0x00, 0x00, 0x00, 0x00, 0x00, 0x0F, 0xB4, 0xFF, 0xFF, 0xFF, 0x06,
  0x00, 0x00, 0x00, 0xFF, 0x12, 0x00, 0x00, 0x07, 0xFF, 0xFF, 0x2B, 0x00, 0x01, 0xE9, 0xFF, 0xCC,
  0x00, 0x00, 0x00, 0x4C, 0xFF, 0x7D, 0x00, 0x00, 0x00, 0xCB, 0x54, 0x00, 0x00, 0x00, 0x74, 0xFF,
  0xFE, 0x20, 0x00, 0x00, 0xFF, 0xFF, 0xE9, 0x08, 0x00, 0x0F, 0xEC, 0x07, 0x00, 0x00, 0x00, 0x16,
  0xFB, 0xFF, 0x7D, 0x00, 0x1E, 0xFF, 0xFF, 0xFF, 0x68, 0x00, 0x57, 0xA6, 0x00, 0x00, 0x00, 0x00,
  0x00, 0xB0, 0xFF, 0xDA, 0x00, 0x8C, 0x82, 0xB9, 0xFF, 0xDB, 0x02, 0xA3, 0x53, 0x00, 0x00, 0x00,
  0x00, 0x00, 0x4E, 0xFF, 0xFF, 0x45, 0xE8, 0x17, 0x40, 0xFF, 0xFF, 0x56, 0xE2, 0x0A, 0x00, 0x00,
  0x00, 0x00, 0x00, 0x04, 0xE8, 0xFF, 0xFF, 0x9B, 0x00, 0x00, 0xC7, 0xFF, 0xFF, 0xAD, 0x00, 0x00,
  0x00, 0x00, 0x00, 0x00, 0x00, 0x8B, 0xFF, 0xFF, 0x28, 0x00, 0x00, 0x4F, 0xFF, 0xFF, 0x65, 0x00,
  0x00, 0x00, 0x00, 0x00, 0x00, 0x00, 0x29, 0xFF, 0xFF, 0x00, 0x00, 0x00, 0x01, 0xD4, 0xFF, 0x0F,
  0x00, 0x00, 0x00, 0x00, 0x00, 0x00, 0x00, 0x00, 0xFF, 0x6E, 0x00, 0x00, 0x00, 0x00, 0x67, 0xFF,
  0x00, 0x00, 0x00, 0x00, 0x00, 0x00, 0x00, 0x00, 0x00, 0x9F, 0x07, 0x00, 0x00, 0x00, 0x00, 0x04,
  0xA7, 0x00, 0x00, 0x00, 0x00, 0x08, 0x4A, 0xFF, 0xFF, 0xFF, 0xB5, 0x08, 0x00, 0x0F, 0xE8, 0xFF,
  0xAA, 0x19, 0x00, 0x00, 0x00, 0x38, 0xFF, 0xFF, 0xC6, 0x00, 0x00, 0x04, 0xE7, 0x99, 0x00, 0x00,
  0x00, 0x00, 0x00, 0x00, 0x75, 0xFF, 0xFF, 0x5C, 0x00, 0x7C, 0xC5, 0x02, 0x00, 0x00, 0x00, 0x00,
  0x00, 0x00, 0x03, 0xC9, 0xFF, 0xED, 0x40, 0xED, 0x23, 0x00, 0x00, 0x00, 0x00, 0x00, 0x00, 0x00,
  0x00, 0x2B, 0xF9, 0xFF, 0xFF, 0x68, 0x00, 0x00, 0x00, 0x00, 0x00, 0x00, 0x00, 0x00, 0x00, 0x00,
  0xD1, 0xFF, 0xFF, 0x56, 0x00, 0x00, 0x00, 0x00, 0x00, 0x00, 0x00, 0x00, 0x00, 0x26, 0xF1, 0xFA,
  0xFF, 0xE9, 0x14, 0x00, 0x00, 0x00, 0x00, 0x00, 0x00, 0x00, 0x05, 0xCC, 0x70, 0x31, 0xFB, 0xFF,
  0xA6, 0x00, 0x00, 0x00, 0x00, 0x00, 0x00, 0x00, 0x8A, 0xBD, 0x01, 0x00, 0x85, 0xFF, 0xFF, 0x4E,
  0x00, 0x00, 0x00, 0x00, 0x00, 0x56, 0xFF, 0x1D, 0x00, 0x00, 0x07, 0xE8, 0xFF, 0xFF, 0x1A, 0x00,
  0x00, 0x0E, 0x68, 0xFF, 0xFF, 0x19, 0x00, 0x00, 0x0D, 0xE9, 0xFF, 0xFF, 0xFF, 0x39, 0x03, 0x13,
  0x7C, 0xFF, 0xFF, 0xFF, 0x31, 0x00, 0x00, 0x02, 0x85, 0xFF, 0xDB, 0x21, 0x00, 0x00, 0x7B, 0xFF,
  0xFF, 0x46, 0x00, 0x00, 0x00, 0x99, 0xBF, 0x00, 0x00, 0x00, 0x00, 0x00, 0xBC, 0xFF, 0xD5, 0x04,
  0x00, 0x2C, 0xE0, 0x0F, 0x00, 0x00, 0x00, 0x00, 0x00, 0x23, 0xF6, 0xFF, 0x6E, 0x00, 0xC1, 0x4C,
  0x00, 0x00, 0x00, 0x00, 0x00, 0x00, 0x00, 0x77, 0xFF, 0xEE, 0x6F, 0xA4, 0x00, 0x00, 0x00, 0x00,
  0x00, 0x00, 0x00, 0x00, 0x04, 0xE4, 0xFF, 0xFF, 0x13, 0x00, 0x00, 0x00, 0x00, 0x00, 0x00, 0x00,
  0x00, 0x00, 0xA0, 0xFF, 0xC8, 0x00, 0x00, 0x00, 0x00, 0x00, 0x00, 0x00, 0x00, 0x00, 0x00, 0xA0,
  0xFF, 0xC4, 0x00, 0x00, 0x00, 0x00, 0x00, 0x00, 0x00, 0x00, 0x00, 0x00, 0xA0, 0xFF, 0xC4, 0x00,
  0x00, 0x00, 0x00, 0x00, 0x00, 0x00, 0x00, 0x00, 0x00, 0xA3, 0xFF, 0xC7, 0x00, 0x00, 0x00, 0x00,
  0x00, 0x00, 0x00, 0x00, 0x00, 0x31, 0xEB, 0xFF, 0xFD, 0x40, 0x00, 0x00, 0x00, 0x00, 0x04, 0x27,
  0x06, 0x00, 0x00, 0x00, 0x00, 0x00, 0x07, 0x16, 0x00, 0x13, 0xFF, 0xCE, 0xB0, 0xB0, 0xB0, 0xD9,
  0xFF, 0xFF, 0x5D, 0x00, 0x10, 0x57, 0x00, 0x00, 0x00, 0x07, 0xDD, 0xFF, 0xCA, 0x01, 0x00, 0x07,
  0x0F, 0x00, 0x00, 0x00, 0x78, 0xFF, 0xFF, 0x3A, 0x00, 0x00, 0x00, 0x00, 0x00, 0x00, 0x18, 0xF2,
  0xFF, 0xA7, 0x00, 0x00, 0x00, 0x00, 0x00, 0x00, 0x00, 0x9E, 0xFF, 0xF6, 0x1E, 0x00, 0x00, 0x00,
  0x00, 0x00, 0x00, 0x33, 0xFE, 0xFF, 0x83, 0x00, 0x00, 0x00, 0x00, 0x00, 0x00, 0x00, 0xC4, 0xFF,
  0xE5, 0x0B, 0x00, 0x00, 0x00, 0x00, 0x00, 0x00, 0x59, 0xFF, 0xFF, 0x5F, 0x00, 0x00, 0x00, 0x03,
  0x04, 0x00, 0x09, 0xE2, 0xFF, 0xCB, 0x01, 0x00, 0x00, 0x00, 0x4C, 0x05, 0x00, 0x80, 0xFF, 0xFF,
  0x3B, 0x00, 0x00, 0x00, 0x27, 0xB6, 0x00, 0x1B, 0xFF, 0xFF, 0xFF, 0xB0, 0xB0, 0xD6, 0xFF, 0xFF,
  0xF2, 0x00, 0x14, 0xFF, 0xFF, 0xC0, 0x54, 0x00, 0x14, 0xFF, 0xFF, 0x50, 0x00, 0x00, 0x14, 0xFF,
  0xFF, 0x50, 0x00, 0x00, 0x14, 0xFF, 0xFF, 0x50, 0x00, 0x00, 0x14, 0xFF, 0xFF, 0x50, 0x00, 0x00,
  0x14, 0xFF, 0xFF, 0x50, 0x00, 0x00, 0x14, 0xFF, 0xFF, 0x50, 0x00, 0x00, 0x14, 0xFF, 0xFF, 0x50,
  0x00, 0x00, 0x14, 0xFF, 0xFF, 0x50, 0x00, 0x00, 0x14, 0xFF, 0xFF, 0x50, 0x00, 0x00, 0x14, 0xFF,
  0xFF, 0x50, 0x00, 0x00, 0x14, 0xFF, 0xFF, 0x50, 0x00, 0x00, 0x14, 0xFF, 0xFF, 0xC1, 0x57, 0x01,
  0x70, 0x11, 0x00, 0x00, 0x00, 0x00, 0x00, 0x6F, 0x83, 0x00, 0x00, 0x00, 0x00, 0x00, 0x08, 0xD7,
  0x11, 0x00, 0x00, 0x00, 0x00, 0x00, 0x6F, 0x83, 0x00, 0x00, 0x00, 0x00, 0x00, 0x08, 0xD8, 0x11,
  0x00, 0x00, 0x00, 0x00, 0x00, 0x70, 0x83, 0x00, 0x00, 0x00, 0x00, 0x00, 0x09, 0xD8, 0x11, 0x00,
  0x00, 0x00, 0x00, 0x00, 0x71, 0x83, 0x00, 0x00, 0x00, 0x00, 0x00, 0x09, 0xD9, 0x11, 0x00, 0x00,
  0x00, 0x00, 0x00, 0x71, 0x83, 0x00, 0x00, 0x00, 0x00, 0x00, 0x09, 0xD9, 0x11, 0x00, 0x00, 0x00,
  0x00, 0x00, 0x72, 0x7B, 0x00, 0x00, 0x00, 0x00, 0x00, 0x07, 0x09, 0x11, 0x74, 0xE4, 0xFF, 0xC0,
  0x00, 0x00, 0xA4, 0xFF, 0xC0, 0x00, 0x00, 0xA4, 0xFF, 0xC0, 0x00, 0x00, 0xA4, 0xFF, 0xC0, 0x00,
  0x00, 0xA4, 0xFF, 0xC0, 0x00, 0x00, 0xA4, 0xFF, 0xC0, 0x00, 0x00, 0xA4, 0xFF, 0xC0, 0x00, 0x00,
  0xA4, 0xFF, 0xC0, 0x00, 0x00, 0xA4, 0xFF, 0xC0, 0x00, 0x00, 0xA4, 0xFF, 0xC0, 0x00, 0x00, 0xA4,
  0xFF, 0xC0, 0x00, 0x00, 0xA4, 0xFF, 0xC0, 0x14, 0x75, 0xE4, 0xFF, 0xC0, 0x00, 0x00, 0x00, 0x28,
  0x7F, 0x18, 0x00, 0x00, 0x00, 0x00, 0x00, 0x23, 0xDF, 0x96, 0xD2, 0x13, 0x00, 0x00, 0x00, 0x1E,
  0xDC, 0x50, 0x00, 0x6C, 0xCB, 0x0E, 0x00, 0x19, 0xD7, 0x54, 0x00, 0x00, 0x00, 0x71, 0xC2, 0x0A,
  0xAC, 0xAC, 0xAC, 0xAC, 0xAC, 0xAC, 0xAC, 0xAC, 0x00, 0x6E, 0x80, 0x00, 0x00, 0x00, 0xAD, 0xFF,
  0x71, 0x00, 0x00, 0x00, 0x38, 0x9C, 0x21, 0x00, 0x00, 0x00, 0x00, 0x00, 0x02, 0x04, 0x00, 0x00,
  0x00, 0x00, 0x00, 0x00, 0x00, 0x00, 0x00, 0x00, 0x49, 0x5A, 0x00, 0x00, 0x00, 0x00, 0x00, 0x00,
  0x00, 0x00, 0x00, 0x00, 0xF9, 0xDF, 0x00, 0x00, 0x00, 0x00, 0x00, 0x00, 0x00, 0x00, 0x00, 0x1E,
  0xFF, 0xFF, 0x3A, 0x00, 0x00, 0x00, 0x00, 0x00, 0x00, 0x00, 0x00, 0x8F, 0xFF, 0xFF, 0xB6, 0x00,
  0x00, 0x00, 0x00, 0x00, 0x00, 0x00, 0x10, 0xE3, 0x4E, 0xFF, 0xFF, 0x32, 0x00, 0x00, 0x00, 0x00,
  0x00, 0x00, 0x78, 0x90, 0x00, 0xD2, 0xFF, 0xAC, 0x00, 0x00, 0x00, 0x00, 0x00, 0x06, 0xE4, 0x25,
  0x00, 0x63, 0xFF, 0xFE, 0x2A, 0x00, 0x00, 0x00, 0x00, 0x61, 0xFF, 0xA0, 0xA0, 0xA8, 0xFF, 0xFF,
  0xA3, 0x00, 0x00, 0x00, 0x01, 0xD4, 0x4A, 0x00, 0x00, 0x00, 0x84, 0xFF, 0xFC, 0x22, 0x00, 0x0C,
  0xC5, 0xFF, 0x34, 0x00, 0x00, 0x00, 0x78, 0xFF, 0xFF, 0xFF, 0x1E, 0x14, 0xB4, 0xFF, 0xFF, 0xAC,
  0xE3, 0xCA, 0x5B, 0x00, 0x00, 0x00, 0x64, 0xFF, 0xE4, 0x00, 0x2B, 0xFF, 0xFF, 0x46, 0x00, 0x00,
  0x64, 0xFF, 0xE4, 0x00, 0x00, 0xF1, 0xFF, 0x74, 0x00, 0x00, 0x64, 0xFF, 0xE4, 0x00, 0x22, 0xFF,
  0xF4, 0x2C, 0x00, 0x00, 0x64, 0xFF, 0xE4, 0x23, 0xBB, 0xFB, 0x8E, 0x05, 0x00, 0x00, 0x64, 0xFF,
  0xE4, 0x00, 0x03, 0xC3, 0xFF, 0xAA, 0x00, 0x00, 0x64, 0xFF, 0xE4, 0x00, 0x00, 0x6E, 0xFF, 0xFF,
  0x26, 0x00, 0x64, 0xFF, 0xE4, 0x00, 0x00, 0x6C, 0xFF, 0xFF, 0x2E, 0x00, 0x64, 0xFF, 0xE4, 0x00,
  0x06, 0xC7, 0xFF, 0xC8, 0x02, 0x14, 0xB4, 0xFF, 0xFF, 0xAD, 0xDB, 0xDB, 0x8D, 0x11, 0x00, 0x00,
  0x00, 0x0C, 0x79, 0xC9, 0xB8, 0xA4, 0xAE, 0xBA, 0x65, 0x00, 0x00, 0x23, 0xE2, 0xF4, 0x45, 0x00,
  0x00, 0x00, 0x4B, 0xE0, 0x00, 0x00, 0xCF, 0xFF, 0x7B, 0x00, 0x00, 0x00, 0x00, 0x00, 0x72, 0x00,
  0x3A, 0xFF, 0xFF, 0x23, 0x00, 0x00, 0x00, 0x00, 0x00, 0x0D, 0x00, 0x65, 0xFF, 0xFE, 0x03, 0x00,
  0x00, 0x00, 0x00, 0x00, 0x00, 0x00, 0x65, 0xFF, 0xFE, 0x03, 0x00, 0x00, 0x00, 0x00, 0x00, 0x01,
  0x0A, 0x3C, 0xFF, 0xFF, 0x26, 0x00, 0x00, 0x00, 0x00, 0x00, 0x26, 0x31, 0x01, 0xD3, 0xFF, 0x7E,
  0x00, 0x00, 0x00, 0x00, 0x00, 0x7A, 0x43, 0x00, 0x26, 0xE3, 0xF6, 0x46, 0x00, 0x00, 0x00, 0x3D,
  0xDA, 0x1C, 0x00, 0x00, 0x0D, 0x7B, 0xCA, 0xBA, 0xAD, 0xB5, 0x95, 0x1C, 0x00, 0x14, 0xB7, 0xFF,
  0xFF, 0xA4, 0xA4, 0xB3, 0xD0, 0x86, 0x13, 0x00, 0x00, 0x00, 0x60, 0xFF, 0xF0, 0x00, 0x00, 0x00,
  0x3F, 0xF7, 0xE9, 0x29, 0x00, 0x00, 0x60, 0xFF, 0xF0, 0x00, 0x00, 0x00, 0x00, 0x92, 0xFF, 0xD1,
  0x00, 0x00, 0x60, 0xFF, 0xF0, 0x00, 0x00, 0x00, 0x00, 0x37, 0xFF, 0xFF, 0x35, 0x00, 0x60, 0xFF,
  0xF0, 0x00, 0x00, 0x00, 0x00, 0x17, 0xFF, 0xFF, 0x5D, 0x00, 0x60, 0xFF, 0xF0, 0x00, 0x00, 0x00,
  0x00, 0x18, 0xFF, 0xFF, 0x5D, 0x00, 0x60, 0xFF, 0xF0, 0x00, 0x00, 0x00, 0x00, 0x37, 0xFF, 0xFF,
  0x35, 0x00, 0x60, 0xFF, 0xF0, 0x00, 0x00, 0x00, 0x00, 0x92, 0xFF, 0xD1, 0x00, 0x00, 0x60, 0xFF,
  0xF0, 0x00, 0x00, 0x00, 0x40, 0xF6, 0xE8, 0x28, 0x00, 0x14, 0xB7, 0xFF, 0xFF, 0xA8, 0xA8, 0xB7,
  0xD1, 0x87, 0x13, 0x00, 0x00, 0x00, 0x00, 0x00, 0x00, 0x00, 0x00, 0x08, 0x21, 0x00, 0x15, 0xC5,
  0xFF, 0xFE, 0xA8, 0xA8, 0xB0, 0xA4, 0x00, 0x00, 0x64, 0xFF, 0xEC, 0x00, 0x00, 0x0F, 0x8B, 0x00,
  0x00, 0x64, 0xFF, 0xEC, 0x00, 0x00, 0x00, 0x21, 0x00, 0x00, 0x64, 0xFF, 0xEC, 0x00, 0x00, 0x05,
  0x0B, 0x00, 0x00, 0x64, 0xFF, 0xEC, 0x00, 0x00, 0x47, 0x20, 0x00, 0x00, 0x64, 0xFF, 0xFE, 0xA8,
  0xAD, 0xEE, 0x1F, 0x00, 0x00, 0x64, 0xFF, 0xEC, 0x00, 0x00, 0x38, 0x20, 0x00, 0x00, 0x64, 0xFF,
  0xEC, 0x00, 0x00, 0x00, 0x00, 0x3C, 0x00, 0x64, 0xFF, 0xEC, 0x00, 0x00, 0x00, 0x51, 0x61, 0x15,
  0xC5, 0xFF, 0xFE, 0xA8, 0xF1, 0xFF, 0xFF, 0x2E, 0x00, 0x00, 0x00, 0x00, 0x00, 0x00, 0x04, 0x20,
  0x13, 0xC5, 0xFF, 0xFE, 0xA8, 0xA8, 0xC1, 0xF9, 0x00, 0x65, 0xFF, 0xEC, 0x00, 0x00, 0x00, 0x66,
  0x00, 0x64, 0xFF, 0xEC, 0x00, 0x00, 0x00, 0x1D, 0x00, 0x64, 0xFF, 0xEC, 0x00, 0x00, 0x05, 0x0F,
  0x00, 0x64, 0xFF, 0xEC, 0x00, 0x00, 0x46, 0x24, 0x00, 0x64, 0xFF, 0xFE, 0xA8, 0xAD, 0xEF, 0x22,
  0x00, 0x64, 0xFF, 0xEC, 0x00, 0x00, 0x44, 0x24, 0x00, 0x64, 0xFF, 0xEC, 0x00, 0x00, 0x02, 0x0A,
  0x00, 0x64, 0xFF, 0xEC, 0x00, 0x00, 0x00, 0x00, 0x14, 0xBD, 0xFF, 0xFF, 0x4C, 0x00, 0x00, 0x00,
  0x00, 0x00, 0x17, 0x8B, 0xD7, 0xBD, 0xA4, 0xB6, 0xB0, 0x5C, 0x00, 0x00, 0x00, 0x2E, 0xEB, 0xF3,
  0x41, 0x00, 0x00, 0x00, 0x4E, 0xDE, 0x00, 0x00, 0x01, 0xD6, 0xFF, 0x7A, 0x00, 0x00, 0x00, 0x00,
  0x00, 0x76, 0x00, 0x00, 0x3D, 0xFF, 0xFF, 0x25, 0x00, 0x00, 0x00, 0x00, 0x00, 0x14, 0x00, 0x00,
  0x66, 0xFF, 0xFE, 0x03, 0x00, 0x00, 0x00, 0x00, 0x00, 0x00, 0x00, 0x00, 0x66, 0xFF, 0xFD, 0x02,
  0x00, 0x00, 0x00, 0x1D, 0x84, 0x94, 0x80, 0x18, 0x3C, 0xFF, 0xFF, 0x1D, 0x00, 0x00, 0x00, 0x00,
  0xAB, 0xFF, 0xA1, 0x00, 0x01, 0xD7, 0xFF, 0x6A, 0x00, 0x00, 0x00, 0x00, 0xAE, 0xFF, 0xA0, 0x00,
  0x00, 0x2F, 0xED, 0xE9, 0x27, 0x00, 0x00, 0x23, 0xEE, 0xF3, 0x4C, 0x00, 0x00, 0x00, 0x1A, 0x91,
  0xD4, 0xAF, 0xAC, 0xC5, 0x82, 0x19, 0x00, 0x00, 0x14, 0xC0, 0xFF, 0xFF, 0x4D, 0x00, 0x00, 0x44,
  0xFF, 0xFF, 0xBF, 0x17, 0x00, 0x6A, 0xFF, 0xE8, 0x00, 0x00, 0x00, 0x00, 0xE2, 0xFF, 0x6C, 0x00,
  0x00, 0x68, 0xFF, 0xE8, 0x00, 0x00, 0x00, 0x00, 0xE0, 0xFF, 0x6C, 0x00, 0x00, 0x68, 0xFF, 0xE8,
  0x00, 0x00, 0x00, 0x00, 0xE0, 0xFF, 0x6C, 0x00, 0x00, 0x68, 0xFF, 0xE8, 0x00, 0x00, 0x00, 0x00,
  0xE0, 0xFF, 0x6C, 0x00, 0x00, 0x68, 0xFF, 0xFF, 0xA8, 0xA8, 0xA8, 0xA8, 0xFF, 0xFF, 0x6C, 0x00,
  0x00, 0x68, 0xFF, 0xE8, 0x00, 0x00, 0x00, 0x00, 0xE0, 0xFF, 0x6C, 0x00, 0x00, 0x68, 0xFF, 0xE8,
  0x00, 0x00, 0x00, 0x00, 0xE0, 0xFF, 0x6C, 0x00, 0x00, 0x68, 0xFF, 0xE8, 0x00, 0x00, 0x00, 0x00,
  0xE0, 0xFF, 0x6C, 0x00, 0x15, 0xBF, 0xFF, 0xFF, 0x4A, 0x00, 0x00, 0x46, 0xFF, 0xFF, 0xBE, 0x16,
  0x13, 0xB1, 0xFF, 0xFF, 0x5E, 0x03, 0x00, 0x58, 0xFF, 0xF8, 0x00, 0x00, 0x00, 0x58, 0xFF, 0xF8,
  0x00, 0x00, 0x00, 0x58, 0xFF, 0xF8, 0x00, 0x00, 0x00, 0x58, 0xFF, 0xF8, 0x00, 0x00, 0x00, 0x58,
  0xFF, 0xF8, 0x00, 0x00, 0x00, 0x58, 0xFF, 0xF8, 0x00, 0x00, 0x00, 0x58, 0xFF, 0xF8, 0x00, 0x00,
  0x00, 0x58, 0xFF, 0xF8, 0x00, 0x00, 0x15, 0xB3, 0xFF, 0xFF, 0x5A, 0x03, 0x00, 0x17, 0xC3, 0xFF,
  0xFF, 0x51, 0x01, 0x00, 0x00, 0x69, 0xFF, 0xEC, 0x00, 0x00, 0x00, 0x00, 0x68, 0xFF, 0xEC, 0x00,
  0x00, 0x00, 0x00, 0x68, 0xFF, 0xEC, 0x00, 0x00, 0x00, 0x00, 0x68, 0xFF, 0xEC, 0x00, 0x00, 0x00,
  0x00, 0x68, 0xFF, 0xEC, 0x00, 0x00, 0x00, 0x00, 0x68, 0xFF, 0xEC, 0x00, 0x00, 0x00, 0x00, 0x68,
  0xFF, 0xEC, 0x00, 0x00, 0x00, 0x00, 0x68, 0xFF, 0xEC, 0x00, 0x00, 0x00, 0x00, 0x71, 0xFF, 0xE4,
  0x00, 0x00, 0x00, 0x00, 0x97, 0xFF, 0xA6, 0x00, 0x00, 0x00, 0x12, 0xEF, 0xDD, 0x15, 0x00, 0x00,
  0x02, 0x77, 0x6E, 0x09, 0x00, 0x00, 0x00, 0x13, 0xB5, 0xFF, 0xFF, 0x4E, 0x00, 0x00, 0x85, 0xFF,
  0x95, 0x19, 0x00, 0x00, 0x60, 0xFF, 0xF0, 0x00, 0x00, 0x09, 0xD5, 0x50, 0x00, 0x00, 0x00, 0x00,
  0x60, 0xFF, 0xF0, 0x00, 0x00, 0x95, 0x83, 0x00, 0x00, 0x00, 0x00, 0x00, 0x60, 0xFF, 0xF0, 0x00,
  0x4A, 0xB8, 0x02, 0x00, 0x00, 0x00, 0x00, 0x00, 0x60, 0xFF, 0xF0, 0x17, 0xFF, 0x9D, 0x00, 0x00,
  0x00, 0x00, 0x00, 0x00, 0x60, 0xFF, 0xF0, 0x87, 0xFF, 0xFE, 0x44, 0x00, 0x00, 0x00, 0x00, 0x00,
  0x60, 0xFF, 0xF0, 0x0A, 0xD8, 0xFF, 0xE5, 0x13, 0x00, 0x00, 0x00, 0x00, 0x60, 0xFF, 0xF0, 0x00,
  0x33, 0xFA, 0xFF, 0xAD, 0x00, 0x00, 0x00, 0x00, 0x60, 0xFF, 0xF0, 0x00, 0x00, 0x79, 0xFF, 0xFF,
  0x64, 0x00, 0x00, 0x11, 0xB2, 0xFF, 0xFF, 0x46, 0x00, 0x00, 0x6D, 0xDB, 0xF5, 0x5A, 0x04, 0x13,
  0xB8, 0xFF, 0xFF, 0x51, 0x00, 0x00, 0x00, 0x00, 0x00, 0x64, 0xFF, 0xEC, 0x00, 0x00, 0x00, 0x00,
  0x00, 0x00, 0x64, 0xFF, 0xEC, 0x00, 0x00, 0x00, 0x00, 0x00, 0x00, 0x64, 0xFF, 0xEC, 0x00, 0x00,
  0x00, 0x00, 0x00, 0x00, 0x64, 0xFF, 0xEC, 0x00, 0x00, 0x00, 0x00, 0x00, 0x00, 0x64, 0xFF, 0xEC,
  0x00, 0x00, 0x00, 0x00, 0x00, 0x00, 0x64, 0xFF, 0xEC, 0x00, 0x00, 0x00, 0x00, 0x02, 0x00, 0x64,
  0xFF, 0xEC, 0x00, 0x00, 0x00, 0x00, 0x4D, 0x00, 0x64, 0xFF, 0xEC, 0x00, 0x00, 0x00, 0x5F, 0x61,
  0x13, 0xC4, 0xFF, 0xFE, 0xA8, 0xF1, 0xFF, 0xFF, 0x2E, 0x00, 0x00, 0x00, 0x09, 0x00, 0x00, 0x00,
  0x00, 0x00, 0x00, 0x00, 0x00, 0x08, 0x00, 0x00, 0x00, 0x00, 0x00, 0xE1, 0x1B, 0x00, 0x00, 0x00,
  0x00, 0x00, 0x00, 0x3F, 0xB9, 0x00, 0x00, 0x00, 0x00, 0x00, 0xFF, 0xB8, 0x00, 0x00, 0x00, 0x00,
  0x00, 0x04, 0xFF, 0xE8, 0x00, 0x00, 0x00, 0x00, 0x00, 0xFF, 0xFF, 0x5A, 0x00, 0x00, 0x00, 0x00,
  0x73, 0xFF, 0xC5, 0x00, 0x00, 0x00, 0x00, 0x17, 0xFF, 0xFF, 0xEC, 0x16, 0x00, 0x00, 0x1C, 0xFF,
  0xFF, 0xE9, 0x00, 0x00, 0x00, 0x00, 0x3B, 0xE6, 0xFB, 0xFF, 0xAA, 0x00, 0x00, 0xAE, 0xD1, 0xFF,
  0xFF, 0x0D, 0x00, 0x00, 0x00, 0x5E, 0x96, 0x88, 0xFF, 0xFF, 0x51, 0x4B, 0xD5, 0x3C, 0xFF, 0xFF,
  0x31, 0x00, 0x00, 0x00, 0x81, 0x77, 0x08, 0xD9, 0xFF, 0xF1, 0xEE, 0x3E, 0x14, 0xFF, 0xFF, 0x55,
  0x00, 0x00, 0x00, 0xA4, 0x58, 0x00, 0x3D, 0xFE, 0xFF, 0xB6, 0x00, 0x00, 0xF1, 0xFF, 0x79, 0x00,
  0x00, 0x00, 0xCB, 0x39, 0x00, 0x00, 0xAF, 0xFF, 0x14, 0x00, 0x00, 0xD0, 0xFF, 0xA0, 0x00, 0x05,
  0x55, 0xFF, 0x6B, 0x00, 0x00, 0x0E, 0xE1, 0x00, 0x00, 0x18, 0xEA, 0xFF, 0xFF, 0x3E, 0x00, 0x07,
  0x00, 0x00, 0x00, 0x00, 0x00, 0x00, 0x00, 0x00, 0x00, 0x00, 0x00, 0x00, 0xE8, 0x66, 0x00, 0x00,
  0x00, 0x00, 0x0E, 0x95, 0xFF, 0xFF, 0x57, 0x05, 0x00, 0xD6, 0xFF, 0x7A, 0x00, 0x00, 0x00, 0x00,
  0x34, 0xFF, 0xFC, 0x00, 0x00, 0x00, 0x88, 0xFF, 0xFF, 0x80, 0x00, 0x00, 0x00, 0x34, 0xFF, 0xFC,
  0x00, 0x00, 0x00, 0x88, 0xFF, 0xF0, 0xF4, 0x9A, 0x03, 0x00, 0x34, 0xFF, 0xFC, 0x00, 0x00, 0x00,
  0x88, 0xFF, 0xA8, 0x34, 0xE9, 0xB1, 0x09, 0x34, 0xFF, 0xFC, 0x00, 0x00, 0x00, 0x88, 0xFF, 0xA8,
  0x00, 0x24, 0xDC, 0xC5, 0x46, 0xFF, 0xFC, 0x00, 0x00, 0x00, 0x88, 0xFF, 0xA8, 0x00, 0x00, 0x16,
  0xCC, 0xFF, 0xFF, 0xFC, 0x00, 0x00, 0x00, 0x88, 0xFF, 0xA8, 0x00, 0x00, 0x00, 0x0C, 0xDD, 0xFF,
  0xFF, 0x00, 0x00, 0x00, 0x88, 0xFF, 0xA8, 0x00, 0x00, 0x00, 0x00, 0x05, 0xFF, 0xFF, 0x01, 0x00,
  0x22, 0xCF, 0xFF, 0xE9, 0x30, 0x00, 0x00, 0x00, 0x00, 0x01, 0xF2, 0x14, 0x00, 0x00, 0x00, 0x0E,
  0x7B, 0xCB, 0xB6, 0xAA, 0xCD, 0xA2, 0x34, 0x00, 0x00, 0x00, 0x21, 0xDF, 0xF6, 0x43, 0x00, 0x00,
  0x0C, 0xBC, 0xFD, 0x70, 0x00, 0x01, 0xCA, 0xFF, 0x85, 0x00, 0x00, 0x00, 0x00, 0x1C, 0xFA, 0xFF,
  0x3C, 0x36, 0xFF, 0xFF, 0x30, 0x00, 0x00, 0x00, 0x00, 0x00, 0xC0, 0xFF, 0xA8, 0x64, 0xFF, 0xFF,
  0x0E, 0x00, 0x00, 0x00, 0x00, 0x00, 0x9F, 0xFF, 0xD7, 0x65, 0xFF, 0xFF, 0x0D, 0x00, 0x00, 0x00,
  0x00, 0x00, 0x9D, 0xFF, 0xD8, 0x38, 0xFF, 0xFF, 0x2E, 0x00, 0x00, 0x00, 0x00, 0x00, 0xBF, 0xFF,
  0xA9, 0x01, 0xCB, 0xFF, 0x84, 0x00, 0x00, 0x00, 0x00, 0x1A, 0xF9, 0xFF, 0x3D, 0x00, 0x22, 0xDF,
  0xF6, 0x42, 0x00, 0x00, 0x0C, 0xBB, 0xFD, 0x70, 0x00, 0x00, 0x00, 0x0E, 0x7B, 0xCB, 0xB6, 0xAA,
  0xCD, 0xA3, 0x34, 0x00, 0x00, 0x15, 0xC3, 0xFF, 0xFF, 0xA6, 0xD4, 0xDE, 0x86, 0x08, 0x00, 0x00,
  0x64, 0xFF, 0xEC, 0x00, 0x05, 0xC6, 0xFF, 0x9A, 0x00, 0x00, 0x64, 0xFF, 0xEC, 0x00, 0x00, 0x79,
  0xFF, 0xF5, 0x00, 0x00, 0x64, 0xFF, 0xEC, 0x00, 0x00, 0x8E, 0xFF, 0xED, 0x00, 0x00, 0x64, 0xFF,
  0xEC, 0x00, 0x26, 0xED, 0xFF, 0x8B, 0x00, 0x00, 0x64, 0xFF, 0xEC, 0x31, 0xCF, 0xDF, 0x85, 0x05,
  0x00, 0x00, 0x64, 0xFF, 0xEC, 0x00, 0x00, 0x00, 0x00, 0x00, 0x00, 0x00, 0x64, 0xFF, 0xEC, 0x00,
  0x00, 0x00, 0x00, 0x00, 0x00, 0x00, 0x64, 0xFF, 0xEC, 0x00, 0x00, 0x00, 0x00, 0x00, 0x00, 0x13,
  0xC2, 0xFF, 0xFF, 0x4E, 0x00, 0x00, 0x00, 0x00, 0x00, 0x00, 0x00, 0x12, 0x83, 0xCE, 0xB2, 0xAC,
  0xD0, 0x92, 0x1F, 0x00, 0x00, 0x00, 0x00, 0x00, 0x00, 0x00, 0x00, 0x00, 0x00, 0x26, 0xE4, 0xF4,
  0x39, 0x00, 0x00, 0x1F, 0xE0, 0xF1, 0x3E, 0x00, 0x00, 0x00, 0x00, 0x00, 0x00, 0x00, 0x00, 0x01,
  0xCD, 0xFF, 0x80, 0x00, 0x00, 0x00, 0x00, 0x54, 0xFF, 0xE8, 0x0C, 0x00, 0x00, 0x00, 0x00, 0x00,
  0x00, 0x00, 0x36, 0xFF, 0xFF, 0x2E, 0x00, 0x00, 0x00, 0x00, 0x09, 0xF9, 0xFF, 0x5E, 0x00, 0x00,
  0x00, 0x00, 0x00, 0x00, 0x00, 0x64, 0xFF, 0xFF, 0x0D, 0x00, 0x00, 0x00, 0x00, 0x00, 0xE2, 0xFF,
  0x8B, 0x00, 0x00, 0x00, 0x00, 0x00, 0x00, 0x00, 0x65, 0xFF, 0xFF, 0x0C, 0x00, 0x00, 0x00, 0x00,
  0x00, 0xE1, 0xFF, 0x8C, 0x00, 0x00, 0x00, 0x00, 0x00, 0x00, 0x00, 0x38, 0xFF, 0xFF, 0x2D, 0x00,
  0x00, 0x00, 0x00, 0x08, 0xF9, 0xFF, 0x5F, 0x00, 0x00, 0x00, 0x00, 0x00, 0x00, 0x00, 0x01, 0xCE,
  0xFF, 0x7F, 0x00, 0x00, 0x00, 0x00, 0x53, 0xFF, 0xE9, 0x0D, 0x00, 0x00, 0x00, 0x00, 0x00, 0x00,
  0x00, 0x00, 0x26, 0xE4, 0xF3, 0x38, 0x00, 0x00, 0x1F, 0xE0, 0xF1, 0x3E, 0x00, 0x00, 0x00, 0x00,
  0x00, 0x00, 0x00, 0x00, 0x00, 0x00, 0x12, 0x83, 0xCF, 0xCC, 0xFF, 0xFF, 0xD2, 0x28, 0x00, 0x00,
  0x00, 0x00, 0x00, 0x00, 0x00, 0x00, 0x00, 0x00, 0x00, 0x00, 0x00, 0x00, 0x00, 0x11, 0x62, 0xE3,
  0xF7, 0xB5, 0x62, 0x14, 0x00, 0x00, 0x00, 0x00, 0x01, 0x21, 0x00, 0x00, 0x00, 0x00, 0x00, 0x00,
  0x00, 0x00, 0x0D, 0x9B, 0xFF, 0xFF, 0xFE, 0xD0, 0x9F, 0x88, 0x99, 0xD4, 0x71, 0x00, 0x00, 0x00,
  0x00, 0x00, 0x00, 0x00, 0x00, 0x00, 0x00, 0x3E, 0xCD, 0xFF, 0xFF, 0xFF, 0xFF, 0xFF, 0xCB, 0x0B,
  0x00, 0x00, 0x00, 0x00, 0x00, 0x00, 0x00, 0x00, 0x00, 0x00, 0x00, 0x00, 0x3F, 0x8B, 0xAE, 0xA4,
  0x58, 0x07, 0x00, 0x0E, 0xAD, 0xFF, 0xFF, 0xB3, 0xD3, 0xE2, 0x91, 0x0D, 0x00, 0x00, 0x00, 0x00,
  0x4C, 0xFF, 0xFF, 0x04, 0x01, 0xBB, 0xFF, 0xB1, 0x00, 0x00, 0x00, 0x00, 0x4C, 0xFF, 0xFF, 0x04,
  0x00, 0x66, 0xFF, 0xFE, 0x09, 0x00, 0x00, 0x00, 0x4C, 0xFF, 0xFF, 0x04, 0x00, 0x6C, 0xFF, 0xF6,
  0x03, 0x00, 0x00, 0x00, 0x4C, 0xFF, 0xFF, 0x04, 0x00, 0xB9, 0xFF, 0xAB, 0x00, 0x00, 0x00, 0x00,
  0x4C, 0xFF, 0xFF, 0x21, 0xB5, 0xFD, 0x9E, 0x10, 0x00, 0x00, 0x00, 0x00, 0x4C, 0xFF, 0xFF, 0x04,
  0x8B, 0xFF, 0xC4, 0x0C, 0x00, 0x00, 0x00, 0x00, 0x4C, 0xFF, 0xFF, 0x04, 0x1D, 0xF7, 0xFF, 0xA1,
  0x00, 0x00, 0x00, 0x00, 0x4C, 0xFF, 0xFF, 0x04, 0x00, 0x75, 0xFF, 0xFF, 0x52, 0x00, 0x00, 0x0E,
  0xAC, 0xFF, 0xFF, 0x61, 0x02, 0x00, 0x73, 0xDE, 0xF0, 0x5B, 0x08, 0x00, 0x20, 0xB7, 0xCE, 0xAB,
  0xFF, 0xD6, 0x00, 0x00, 0xC9, 0xCF, 0x03, 0x00, 0x05, 0x6E, 0x00, 0x0E, 0xFF, 0xDC, 0x12, 0x00,
  0x00, 0x0A, 0x00, 0x04, 0xEE, 0xFF, 0xE9, 0x5C, 0x00, 0x00, 0x00, 0x00, 0x55, 0xF6, 0xFF, 0xFF,
  0xBC, 0x24, 0x00, 0x00, 0x00, 0x24, 0xBD, 0xFF, 0xFF, 0xF1, 0x22, 0x00, 0x10, 0x00, 0x00, 0x5F,
  0xEE, 0xFF, 0x7C, 0x1C, 0x6D, 0x00, 0x00, 0x00, 0x4D, 0xFF, 0x79, 0x3A, 0xE0, 0x1C, 0x00, 0x00,
  0x64, 0xF3, 0x21, 0x08, 0x88, 0xD1, 0xAF, 0xAD, 0xB4, 0x33, 0x00, 0x29, 0x07, 0x00, 0x00, 0x00,
  0x00, 0x00, 0x00, 0x13, 0x1A, 0xE7, 0xBB, 0x98, 0xF8, 0xFF, 0xFF, 0x98, 0x99, 0xD8, 0x7A, 0x5A,
  0x00, 0x00, 0x60, 0xFF, 0xF4, 0x00, 0x00, 0x03, 0x4E, 0x0F, 0x00, 0x00, 0x60, 0xFF, 0xF4, 0x00,
  0x00, 0x00, 0x0E, 0x00, 0x00, 0x00, 0x60, 0xFF, 0xF4, 0x00, 0x00, 0x00, 0x00, 0x00, 0x00, 0x00,
  0x60, 0xFF, 0xF4, 0x00, 0x00, 0x00, 0x00, 0x00, 0x00, 0x00, 0x60, 0xFF, 0xF4, 0x00, 0x00, 0x00,
  0x00, 0x00, 0x00, 0x00, 0x60, 0xFF, 0xF4, 0x00, 0x00, 0x00, 0x00, 0x00, 0x00, 0x00, 0x60, 0xFF,
  0xF4, 0x00, 0x00, 0x00, 0x00, 0x00, 0x00, 0x00, 0x60, 0xFF, 0xF4, 0x00, 0x00, 0x00, 0x00, 0x00,
  0x00, 0x13, 0xB7, 0xFF, 0xFF, 0x52, 0x00, 0x00, 0x00, 0x1A, 0xD2, 0xFF, 0xE4, 0x20, 0x00, 0x00,
  0x00, 0x5E, 0xFF, 0x48, 0x00, 0x9C, 0xFF, 0xB4, 0x00, 0x00, 0x00, 0x00, 0x10, 0xFF, 0x00, 0x00,
  0x9C, 0xFF, 0xB4, 0x00, 0x00, 0x00, 0x00, 0x10, 0xFF, 0x00, 0x00, 0x9C, 0xFF, 0xB4, 0x00, 0x00,
  0x00, 0x00, 0x10, 0xFF, 0x00, 0x00, 0x9C, 0xFF, 0xB4, 0x00, 0x00, 0x00, 0x00, 0x10, 0xFF, 0x00,
  0x00, 0x9C, 0xFF, 0xB4, 0x00, 0x00, 0x00, 0x00, 0x10, 0xFF, 0x00, 0x00, 0x96, 0xFF, 0xBF, 0x00,
  0x00, 0x00, 0x00, 0x18, 0xF9, 0x00, 0x00, 0x69, 0xFF, 0xE7, 0x04, 0x00, 0x00, 0x00, 0x45, 0xCF,
  0x00, 0x00, 0x0B, 0xD9, 0xFF, 0x78, 0x00, 0x00, 0x0F, 0xC7, 0x53, 0x00, 0x00, 0x00, 0x14, 0x91,
  0xDB, 0xCA, 0xAC, 0xB2, 0x50, 0x00, 0x00, 0x0A, 0xCC, 0xFF, 0xFF, 0xFF, 0x05, 0x00, 0x00, 0x15,
  0xFF, 0xFF, 0x14, 0x00, 0x01, 0xD5, 0xFF, 0xCB, 0x00, 0x00, 0x00, 0x1A, 0xF0, 0x14, 0x00, 0x00,
  0x00, 0x5E, 0xFF, 0xFF, 0x36, 0x00, 0x00, 0x83, 0x92, 0x00, 0x00, 0x00, 0x00, 0x04, 0xE0, 0xFF,
  0xA1, 0x00, 0x07, 0xE5, 0x20, 0x00, 0x00, 0x00, 0x00, 0x00, 0x6D, 0xFF, 0xF8, 0x13, 0x5F, 0xA5,
  0x00, 0x00, 0x00, 0x00, 0x00, 0x00, 0x09, 0xEA, 0xFF, 0x76, 0xCB, 0x2F, 0x00, 0x00, 0x00, 0x00,
  0x00, 0x00, 0x00, 0x7B, 0xFF, 0xFF, 0xB9, 0x00, 0x00, 0x00, 0x00, 0x00, 0x00, 0x00, 0x00, 0x10,
  0xF2, 0xFF, 0x43, 0x00, 0x00, 0x00, 0x00, 0x00, 0x00, 0x00, 0x00, 0x00, 0x8A, 0xFF, 0x00, 0x00,
  0x00, 0x00, 0x00, 0x00, 0x00, 0x00, 0x00, 0x00, 0x18, 0x90, 0x00, 0x00, 0x00, 0x00, 0x00, 0x00,
  0x00, 0x00, 0x00, 0x00, 0x00, 0x00, 0x00, 0x12, 0x00, 0x00, 0x00, 0x00, 0x00, 0x00, 0x00, 0x08,
  0x97, 0xFF, 0xFF, 0xDA, 0x02, 0x00, 0x00, 0xFF, 0x2F, 0x00, 0x00, 0x39, 0xFF, 0x67, 0x04, 0x00,
  0x00, 0xCD, 0xFF, 0xAC, 0x00, 0x00, 0x1B, 0xFF, 0xAF, 0x00, 0x00, 0x41, 0xBA, 0x00, 0x00, 0x00,
  0x00, 0x6D, 0xFF, 0xF8, 0x11, 0x00, 0xAC, 0xFF, 0xFD, 0x27, 0x00, 0x8A, 0x6A, 0x00, 0x00, 0x00,
  0x00, 0x13, 0xF9, 0xFF, 0x68, 0x0A, 0xF2, 0xFF, 0xFF, 0xA1, 0x00, 0xD1, 0x1B, 0x00, 0x00, 0x00,
  0x00, 0x00, 0xAD, 0xFF, 0xC6, 0x6A, 0xA2, 0x78, 0xFF, 0xFB, 0x3D, 0xC8, 0x00, 0x00, 0x00, 0x00,
  0x00, 0x00, 0x4D, 0xFF, 0xFF, 0xFC, 0x2F, 0x0E, 0xEF, 0xFF, 0xFD, 0x78, 0x00, 0x00, 0x00, 0x00,
  0x00, 0x00, 0x04, 0xE8, 0xFF, 0xE0, 0x00, 0x00, 0x82, 0xFF, 0xFF, 0x28, 0x00, 0x00, 0x00, 0x00,
  0x00, 0x00, 0x00, 0x8D, 0xFF, 0x47, 0x00, 0x00, 0x13, 0xF8, 0xFF, 0x00, 0x00, 0x00, 0x00, 0x00,
  0x00, 0x00, 0x00, 0x2E, 0xFF, 0x00, 0x00, 0x00, 0x00, 0xBA, 0xFF, 0x00, 0x00, 0x00, 0x00, 0x00,
  0x00, 0x00, 0x00, 0x00, 0x9F, 0x00, 0x00, 0x00, 0x00, 0x1F, 0x89, 0x00, 0x00, 0x00, 0x00, 0x04,
  0x4A, 0xFF, 0xFF, 0xFF, 0x45, 0x00, 0x04, 0xB7, 0xFF, 0x7E, 0x0F, 0x00, 0x00, 0x35, 0xFD, 0xFF,
  0x71, 0x00, 0x01, 0xC5, 0x68, 0x00, 0x00, 0x00, 0x00, 0x00, 0x96, 0xFF, 0xF3, 0x1D, 0x68, 0xBF,
  0x01, 0x00, 0x00, 0x00, 0x00, 0x00, 0x0F, 0xE7, 0xFF, 0xC7, 0xE5, 0x23, 0x00, 0x00, 0x00, 0x00,
  0x00, 0x00, 0x00, 0x5A, 0xFF, 0xFF, 0xBF, 0x00, 0x00, 0x00, 0x00, 0x00, 0x00, 0x00, 0x00, 0x27,
  0xFF, 0xFF, 0xE4, 0x0B, 0x00, 0x00, 0x00, 0x00, 0x00, 0x00, 0x06, 0xCD, 0x73, 0xF8, 0xFF, 0x8B,
  0x00, 0x00, 0x00, 0x00, 0x00, 0x00, 0x8D, 0x9A, 0x00, 0x80, 0xFF, 0xFB, 0x2E, 0x00, 0x00, 0x00,
  0x00, 0x47, 0xDA, 0x0C, 0x00, 0x07, 0xDA, 0xFF, 0xC7, 0x01, 0x00, 0x0B, 0x71, 0xFF, 0xD6, 0x07,
  0x00, 0x08, 0xE8, 0xFF, 0xFF, 0xFF, 0x24, 0x15, 0xAB, 0xFF, 0xFF, 0xFF, 0x0E, 0x00, 0x00, 0x2D,
  0xFF, 0xFF, 0x1E, 0x00, 0x00, 0x94, 0xFF, 0xE7, 0x0B, 0x00, 0x00, 0x52, 0xC5, 0x01, 0x00, 0x00,
  0x00, 0x10, 0xE9, 0xFF, 0x7E, 0x00, 0x05, 0xD6, 0x2E, 0x00, 0x00, 0x00, 0x00, 0x00, 0x5E, 0xFF,
  0xF3, 0x16, 0x6E, 0x8C, 0x00, 0x00, 0x00, 0x00, 0x00, 0x00, 0x00, 0xC2, 0xFF, 0xA4, 0xCF, 0x0C,
  0x00, 0x00, 0x00, 0x00, 0x00, 0x00, 0x00, 0x33, 0xFF, 0xFF, 0x6E, 0x00, 0x00, 0x00, 0x00, 0x00,
  0x00, 0x00, 0x00, 0x10, 0xFF, 0xFF, 0x3C, 0x00, 0x00, 0x00, 0x00, 0x00, 0x00, 0x00, 0x00, 0x10,
  0xFF, 0xFF, 0x3C, 0x00, 0x00, 0x00, 0x00, 0x00, 0x00, 0x00, 0x00, 0x10, 0xFF, 0xFF, 0x3C, 0x00,
  0x00, 0x00, 0x00, 0x00, 0x00, 0x00, 0x06, 0x7D, 0xFF, 0xFF, 0x9D, 0x0E, 0x00, 0x00, 0x00, 0x0B,
  0x15, 0x01, 0x00, 0x00, 0x00, 0x00, 0x00, 0x0D, 0x00, 0x42, 0xFF, 0xB4, 0xAC, 0xAC, 0xC2, 0xFF,
  0xFF, 0x96, 0x00, 0x37, 0x21, 0x00, 0x00, 0x00, 0xA6, 0xFF, 0xF2, 0x16, 0x00, 0x10, 0x00, 0x00,
  0x00, 0x39, 0xFE, 0xFF, 0x7A, 0x00, 0x00, 0x00, 0x00, 0x00, 0x01, 0xC9, 0xFF, 0xE3, 0x09, 0x00,
  0x00, 0x00, 0x00, 0x00, 0x5D, 0xFF, 0xFF, 0x5D, 0x00, 0x00, 0x00, 0x00, 0x00, 0x0A, 0xE4, 0xFF,
  0xCD, 0x01, 0x00, 0x00, 0x00, 0x00, 0x00, 0x82, 0xFF, 0xFF, 0x41, 0x00, 0x00, 0x00, 0x01, 0x00,
  0x1D, 0xF6, 0xFF, 0xB3, 0x00, 0x00, 0x00, 0x09, 0x41, 0x00, 0xA7, 0xFF, 0xFC, 0x29, 0x00, 0x00,
  0x01, 0x90, 0x1E, 0x38, 0xFF, 0xFF, 0xFF, 0xA4, 0xA5, 0xFF, 0xFF, 0xFF, 0x00, 0x00, 0x06, 0x84,
  0xB2, 0x25, 0x00, 0x9F, 0xFF, 0x5B, 0x00, 0x12, 0xFC, 0xFF, 0x36, 0x00, 0x2D, 0xFF, 0xFF, 0x2E,
  0x00, 0x19, 0xFF, 0xFF, 0x21, 0x00, 0x00, 0xF0, 0xE6, 0x01, 0x00, 0x34, 0xDA, 0x3A, 0x00, 0x00,
  0x01, 0xF0, 0x95, 0x00, 0x00, 0x0B, 0xFE, 0xFA, 0x0C, 0x00, 0x28, 0xFF, 0xFF, 0x2A, 0x00, 0x29,
  0xFF, 0xFF, 0x2E, 0x00, 0x04, 0xEC, 0xFF, 0x32, 0x00, 0x00, 0x56, 0xFA, 0x6B, 0x00, 0x00, 0x00,
  0x20, 0x5F, 0x15, 0x68, 0x84, 0x68, 0x84, 0x68, 0x84, 0x68, 0x84, 0x68, 0x84, 0x68, 0x84, 0x68,
  0x84, 0x68, 0x84, 0x68, 0x84, 0x68, 0x84, 0x68, 0x84, 0x68, 0x84, 0x68, 0x84, 0x68, 0x84, 0x34,
  0x42, 0x1D, 0xA9, 0x8F, 0x0A, 0x00, 0x00, 0x4B, 0xFF, 0xB3, 0x00, 0x00, 0x25, 0xFF, 0xFF, 0x22,
  0x00, 0x1B, 0xFF, 0xFF, 0x41, 0x00, 0x0D, 0xFF, 0xFF, 0x2D, 0x00, 0x00, 0xD4, 0xFD, 0x08, 0x00,
  0x00, 0x2F, 0xDA, 0x42, 0x00, 0x00, 0x7E, 0xFF, 0x09, 0x00, 0x02, 0xEF, 0xFF, 0x1E, 0x00, 0x16,
  0xFF, 0xFF, 0x3B, 0x00, 0x1C, 0xFF, 0xFF, 0x3D, 0x00, 0x22, 0xFF, 0xF6, 0x0D, 0x00, 0x56, 0xFD,
  0x66, 0x00, 0x0F, 0x5D, 0x26, 0x00, 0x00, 0x0B, 0xB5, 0xDF, 0x5B, 0x00, 0x00, 0x82, 0x5D, 0x65,
  0x96, 0x0F, 0xAF, 0x8A, 0x07, 0xB4, 0x53, 0x6F, 0x67, 0x00, 0x02, 0x7F, 0xDC, 0x9E, 0x04,
};
constexpr size_t LabelVlwSize = sizeof(LabelVlw);

// Name: Cinzel-700, 13 px, 95 glyphs (player chip names, header text).
alignas(4) const uint8_t NameVlw[] = {
  0x00, 0x00, 0x00, 0x5F, 0x00, 0x00, 0x00, 0x0B, 0x00, 0x00, 0x00, 0x0D, 0x00, 0x00, 0x00, 0x00,
  0x00, 0x00, 0x00, 0x0D, 0x00, 0x00, 0x00, 0x05, 0x00, 0x00, 0x00, 0x20, 0x00, 0x00, 0x00, 0x00,
  0x00, 0x00, 0x00, 0x00, 0x00, 0x00, 0x00, 0x03, 0x00, 0x00, 0x00, 0x00, 0x00, 0x00, 0x00, 0x00,
  0x00, 0x00, 0x00, 0x00, 0x00, 0x00, 0x00, 0x21, 0x00, 0x00, 0x00, 0x09, 0x00, 0x00, 0x00, 0x03,
  0x00, 0x00, 0x00, 0x04, 0x00, 0x00, 0x00, 0x09, 0x00, 0x00, 0x00, 0x00, 0x00, 0x00, 0x00, 0x00,
  0x00, 0x00, 0x00, 0x22, 0x00, 0x00, 0x00, 0x04, 0x00, 0x00, 0x00, 0x05, 0x00, 0x00, 0x00, 0x05,
  0x00, 0x00, 0x00, 0x0A, 0x00, 0x00, 0x00, 0x00, 0x00, 0x00, 0x00, 0x00, 0x00, 0x00, 0x00, 0x23,
  0x00, 0x00, 0x00, 0x09, 0x00, 0x00, 0x00, 0x07, 0x00, 0x00, 0x00, 0x07, 0x00, 0x00, 0x00, 0x09,
  0x00, 0x00, 0x00, 0x00, 0x00, 0x00, 0x00, 0x00, 0x00, 0x00, 0x00, 0x24, 0x00, 0x00, 0x00, 0x0C,
  0x00, 0x00, 0x00, 0x07, 0x00, 0x00, 0x00, 0x07, 0x00, 0x00, 0x00, 0x0A, 0x00, 0x00, 0x00, 0x00,
  0x00, 0x00, 0x00, 0x00, 0x00, 0x00, 0x00, 0x25, 0x00, 0x00, 0x00, 0x0A, 0x00, 0x00, 0x00, 0x0A,
  0x00, 0x00, 0x00, 0x0A, 0x00, 0x00, 0x00, 0x09, 0x00, 0x00, 0x00, 0x00, 0x00, 0x00, 0x00, 0x00,
  0x00, 0x00, 0x00, 0x26, 0x00, 0x00, 0x00, 0x09, 0x00, 0x00, 0x00, 0x0C, 0x00, 0x00, 0x00, 0x0A,
  0x00, 0x00, 0x00, 0x09, 0x00, 0x00, 0x00, 0x00, 0x00, 0x00, 0x00, 0x00, 0x00, 0x00, 0x00, 0x27,
  0x00, 0x00, 0x00, 0x04, 0x00, 0x00, 0x00, 0x03, 0x00, 0x00, 0x00, 0x03, 0x00, 0x00, 0x00, 0x0A,
  0x00, 0x00, 0x00, 0x00, 0x00, 0x00, 0x00, 0x00, 0x00, 0x00, 0x00, 0x28, 0x00, 0x00, 0x00, 0x0C,
  0x00, 0x00, 0x00, 0x05, 0x00, 0x00, 0x00, 0x06, 0x00, 0x00, 0x00, 0x0A, 0x00, 0x00, 0x00, 0x01,
  0x00, 0x00, 0x00, 0x00, 0x00, 0x00, 0x00, 0x29, 0x00, 0x00, 0x00, 0x0C, 0x00, 0x00, 0x00, 0x05,
  0x00, 0x00, 0x00, 0x06, 0x00, 0x00, 0x00, 0x0A, 0x00, 0x00, 0x00, 0x00, 0x00, 0x00, 0x00, 0x00,
  0x00, 0x00, 0x00, 0x2A, 0x00, 0x00, 0x00, 0x06, 0x00, 0x00, 0x00, 0x05, 0x00, 0x00, 0x00, 0x05,
  0x00, 0x00, 0x00, 0x0B, 0x00, 0x00, 0x00, 0x00, 0x00, 0x00, 0x00, 0x00, 0x00, 0x00, 0x00, 0x2B,
  0x00, 0x00, 0x00, 0x06, 0x00, 0x00, 0x00, 0x06, 0x00, 0x00, 0x00, 0x06, 0x00, 0x00, 0x00, 0x08,
  0x00, 0x00, 0x00, 0x00, 0x00, 0x00, 0x00, 0x00, 0x00, 0x00, 0x00, 0x2C, 0x00, 0x00, 0x00, 0x04,
  0x00, 0x00, 0x00, 0x03, 0x00, 0x00, 0x00, 0x03, 0x00, 0x00, 0x00, 0x02, 0x00, 0x00, 0x00, 0x00,
  0x00, 0x00, 0x00, 0x00, 0x00, 0x00, 0x00, 0x2D, 0x00, 0x00, 0x00, 0x01, 0x00, 0x00, 0x00, 0x05,
  0x00, 0x00, 0x00, 0x05, 0x00, 0x00, 0x00, 0x04, 0x00, 0x00, 0x00, 0x00, 0x00, 0x00, 0x00, 0x00,
  0x00, 0x00, 0x00, 0x2E, 0x00, 0x00, 0x00, 0x02, 0x00, 0x00, 0x00, 0x03, 0x00, 0x00, 0x00, 0x03,
  0x00, 0x00, 0x00, 0x02, 0x00, 0x00, 0x00, 0x00, 0x00, 0x00, 0x00, 0x00, 0x00, 0x00, 0x00, 0x2F,
  0x00, 0x00, 0x00, 0x0B, 0x00, 0x00, 0x00, 0x06, 0x00, 0x00, 0x00, 0x06, 0x00, 0x00, 0x00, 0x0A,
  0x00, 0x00, 0x00, 0x00, 0x00, 0x00, 0x00, 0x00, 0x00, 0x00, 0x00, 0x30, 0x00, 0x00, 0x00, 0x09,
  0x00, 0x00, 0x00, 0x08, 0x00, 0x00, 0x00, 0x08, 0x00, 0x00, 0x00, 0x09, 0x00, 0x00, 0x00, 0x00,
  0x00, 0x00, 0x00, 0x00, 0x00, 0x00, 0x00, 0x31, 0x00, 0x00, 0x00, 0x09, 0x00, 0x00, 0x00, 0x05,
  0x00, 0x00, 0x00, 0x05, 0x00, 0x00, 0x00, 0x09, 0x00, 0x00, 0x00, 0x00, 0x00, 0x00, 0x00, 0x00,
  0x00, 0x00, 0x00, 0x32, 0x00, 0x00, 0x00, 0x09, 0x00, 0x00, 0x00, 0x08, 0x00, 0x00, 0x00, 0x08,
  0x00, 0x00, 0x00, 0x09, 0x00, 0x00, 0x00, 0x00, 0x00, 0x00, 0x00, 0x00, 0x00, 0x00, 0x00, 0x33,
  0x00, 0x00, 0x00, 0x0B, 0x00, 0x00, 0x00, 0x07, 0x00, 0x00, 0x00, 0x07, 0x00, 0x00, 0x00, 0x09,
  0x00, 0x00, 0x00, 0x00, 0x00, 0x00, 0x00, 0x00, 0x00, 0x00, 0x00, 0x34, 0x00, 0x00, 0x00, 0x0A,
  0x00, 0x00, 0x00, 0x08, 0x00, 0x00, 0x00, 0x08, 0x00, 0x00, 0x00, 0x0A, 0x00, 0x00, 0x00, 0x00,
  0x00, 0x00, 0x00, 0x00, 0x00, 0x00, 0x00, 0x35, 0x00, 0x00, 0x00, 0x0B, 0x00, 0x00, 0x00, 0x07,
  0x00, 0x00, 0x00, 0x07, 0x00, 0x00, 0x00, 0x0A, 0x00, 0x00, 0x00, 0x00, 0x00, 0x00, 0x00, 0x00,
  0x00, 0x00, 0x00, 0x36, 0x00, 0x00, 0x00, 0x09, 0x00, 0x00, 0x00, 0x08, 0x00, 0x00, 0x00, 0x08,
  0x00, 0x00, 0x00, 0x09, 0x00, 0x00, 0x00, 0x00, 0x00, 0x00, 0x00, 0x00, 0x00, 0x00, 0x00, 0x37,
  0x00, 0x00, 0x00, 0x09, 0x00, 0x00, 0x00, 0x07, 0x00, 0x00, 0x00, 0x07, 0x00, 0x00, 0x00, 0x09,
  0x00, 0x00, 0x00, 0x00, 0x00, 0x00, 0x00, 0x00, 0x00, 0x00, 0x00, 0x38, 0x00, 0x00, 0x00, 0x09,
  0x00, 0x00, 0x00, 0x08, 0x00, 0x00, 0x00, 0x08, 0x00, 0x00, 0x00, 0x09, 0x00, 0x00, 0x00, 0x00,
  0x00, 0x00, 0x00, 0x00, 0x00, 0x00, 0x00, 0x39, 0x00, 0x00, 0x00, 0x0A, 0x00, 0x00, 0x00, 0x08,
  0x00, 0x00, 0x00, 0x08, 0x00, 0x00, 0x00, 0x09, 0x00, 0x00, 0x00, 0x00, 0x00, 0x00, 0x00, 0x00,
  0x00, 0x00, 0x00, 0x3A, 0x00, 0x00, 0x00, 0x07, 0x00, 0x00, 0x00, 0x03, 0x00, 0x00, 0x00, 0x03,
  0x00, 0x00, 0x00, 0x07, 0x00, 0x00, 0x00, 0x00, 0x00, 0x00, 0x00, 0x00, 0x00, 0x00, 0x00, 0x3B,
  0x00, 0x00, 0x00, 0x09, 0x00, 0x00, 0x00, 0x03, 0x00, 0x00, 0x00, 0x03, 0x00, 0x00, 0x00, 0x07,
  0x00, 0x00, 0x00, 0x00, 0x00, 0x00, 0x00, 0x00, 0x00, 0x00, 0x00, 0x3C, 0x00, 0x00, 0x00, 0x06,
  0x00, 0x00, 0x00, 0x06, 0x00, 0x00, 0x00, 0x06, 0x00, 0x00, 0x00, 0x07, 0x00, 0x00, 0x00, 0x00,
  0x00, 0x00, 0x00, 0x00, 0x00, 0x00, 0x00, 0x3D, 0x00, 0x00, 0x00, 0x03, 0x00, 0x00, 0x00, 0x06,
  0x00, 0x00, 0x00, 0x06, 0x00, 0x00, 0x00, 0x05, 0x00, 0x00, 0x00, 0x00, 0x00, 0x00, 0x00, 0x00,
  0x00, 0x00, 0x00, 0x3E, 0x00, 0x00, 0x00, 0x06, 0x00, 0x00, 0x00, 0x06, 0x00, 0x00, 0x00, 0x06,
  0x00, 0x00, 0x00, 0x07, 0x00, 0x00, 0x00, 0x00, 0x00, 0x00, 0x00, 0x00, 0x00, 0x00, 0x00, 0x3F,
  0x00, 0x00, 0x00, 0x09, 0x00, 0x00, 0x00, 0x06, 0x00, 0x00, 0x00, 0x06, 0x00, 0x00, 0x00, 0x09,
  0x00, 0x00, 0x00, 0x00, 0x00, 0x00, 0x00, 0x00, 0x00, 0x00, 0x00, 0x40, 0x00, 0x00, 0x00, 0x0C,
  0x00, 0x00, 0x00, 0x0D, 0x00, 0x00, 0x00, 0x0D, 0x00, 0x00, 0x00, 0x0A, 0x00, 0x00, 0x00, 0x00,
  0x00, 0x00, 0x00, 0x00, 0x00, 0x00, 0x00, 0x41, 0x00, 0x00, 0x00, 0x0A, 0x00, 0x00, 0x00, 0x0B,
  0x00, 0x00, 0x00, 0x09, 0x00, 0x00, 0x00, 0x0A, 0xFF, 0xFF, 0xFF, 0xFF, 0x00, 0x00, 0x00, 0x00,
  0x00, 0x00, 0x00, 0x42, 0x00, 0x00, 0x00, 0x09, 0x00, 0x00, 0x00, 0x09, 0x00, 0x00, 0x00, 0x09,
  0x00, 0x00, 0x00, 0x09, 0x00, 0x00, 0x00, 0x00, 0x00, 0x00, 0x00, 0x00, 0x00, 0x00, 0x00, 0x43,
  0x00, 0x00, 0x00, 0x09, 0x00, 0x00, 0x00, 0x0A, 0x00, 0x00, 0x00, 0x0A, 0x00, 0x00, 0x00, 0x09,
  0x00, 0x00, 0x00, 0x00, 0x00, 0x00, 0x00, 0x00, 0x00, 0x00, 0x00, 0x44, 0x00, 0x00, 0x00, 0x09,
  0x00, 0x00, 0x00, 0x0B, 0x00, 0x00, 0x00, 0x0B, 0x00, 0x00, 0x00, 0x09, 0x00, 0x00, 0x00, 0x00,
  0x00, 0x00, 0x00, 0x00, 0x00, 0x00, 0x00, 0x45, 0x00, 0x00, 0x00, 0x0A, 0x00, 0x00, 0x00, 0x08,
  0x00, 0x00, 0x00, 0x08, 0x00, 0x00, 0x00, 0x0A, 0x00, 0x00, 0x00, 0x00, 0x00, 0x00, 0x00, 0x00,
  0x00, 0x00, 0x00, 0x46, 0x00, 0x00, 0x00, 0x0A, 0x00, 0x00, 0x00, 0x08, 0x00, 0x00, 0x00, 0x08,
  0x00, 0x00, 0x00, 0x0A, 0x00, 0x00, 0x00, 0x00, 0x00, 0x00, 0x00, 0x00, 0x00, 0x00, 0x00, 0x47,
  0x00, 0x00, 0x00, 0x09, 0x00, 0x00, 0x00, 0x0B, 0x00, 0x00, 0x00, 0x0B, 0x00, 0x00, 0x00, 0x09,
  0x00, 0x00, 0x00, 0x00, 0x00, 0x00, 0x00, 0x00, 0x00, 0x00, 0x00, 0x48, 0x00, 0x00, 0x00, 0x09,
  0x00, 0x00, 0x00, 0x0B, 0x00, 0x00, 0x00, 0x0B, 0x00, 0x00, 0x00, 0x09, 0x00, 0x00, 0x00, 0x00,
  0x00, 0x00, 0x00, 0x00, 0x00, 0x00, 0x00, 0x49, 0x00, 0x00, 0x00, 0x09, 0x00, 0x00, 0x00, 0x05,
  0x00, 0x00, 0x00, 0x05, 0x00, 0x00, 0x00, 0x09, 0x00, 0x00, 0x00, 0x00, 0x00, 0x00, 0x00, 0x00,
  0x00, 0x00, 0x00, 0x4A, 0x00, 0x00, 0x00, 0x0C, 0x00, 0x00, 0x00, 0x05, 0x00, 0x00, 0x00, 0x05,
  0x00, 0x00, 0x00, 0x09, 0x00, 0x00, 0x00, 0x00, 0x00, 0x00, 0x00, 0x00, 0x00, 0x00, 0x00, 0x4B,
  0x00, 0x00, 0x00, 0x09, 0x00, 0x00, 0x00, 0x0B, 0x00, 0x00, 0x00, 0x0A, 0x00, 0x00, 0x00, 0x09,
  0x00, 0x00, 0x00, 0x00, 0x00, 0x00, 0x00, 0x00, 0x00, 0x00, 0x00, 0x4C, 0x00, 0x00, 0x00, 0x09,
  0x00, 0x00, 0x00, 0x08, 0x00, 0x00, 0x00, 0x08, 0x00, 0x00, 0x00, 0x09, 0x00, 0x00, 0x00, 0x00,
  0x00, 0x00, 0x00, 0x00, 0x00, 0x00, 0x00, 0x4D, 0x00, 0x00, 0x00, 0x0A, 0x00, 0x00, 0x00, 0x0E,
  0x00, 0x00, 0x00, 0x0C, 0x00, 0x00, 0x00, 0x0A, 0xFF, 0xFF, 0xFF, 0xFF, 0x00, 0x00, 0x00, 0x00,
  0x00, 0x00, 0x00, 0x4E, 0x00, 0x00, 0x00, 0x0A, 0x00, 0x00, 0x00, 0x0B, 0x00, 0x00, 0x00, 0x0B,
  0x00, 0x00, 0x00, 0x0A, 0x00, 0x00, 0x00, 0x00, 0x00, 0x00, 0x00, 0x00, 0x00, 0x00, 0x00, 0x4F,
  0x00, 0x00, 0x00, 0x09, 0x00, 0x00, 0x00, 0x0B, 0x00, 0x00, 0x00, 0x0B, 0x00, 0x00, 0x00, 0x09,
  0x00, 0x00, 0x00, 0x00, 0x00, 0x00, 0x00, 0x00, 0x00, 0x00, 0x00, 0x50, 0x00, 0x00, 0x00, 0x09,
  0x00, 0x00, 0x00, 0x09, 0x00, 0x00, 0x00, 0x09, 0x00, 0x00, 0x00, 0x09, 0x00, 0x00, 0x00, 0x00,
  0x00, 0x00, 0x00, 0x00, 0x00, 0x00, 0x00, 0x51, 0x00, 0x00, 0x00, 0x0D, 0x00, 0x00, 0x00, 0x12,
  0x00, 0x00, 0x00, 0x0B, 0x00, 0x00, 0x00, 0x09, 0x00, 0x00, 0x00, 0x00, 0x00, 0x00, 0x00, 0x00,
  0x00, 0x00, 0x00, 0x52, 0x00, 0x00, 0x00, 0x09, 0x00, 0x00, 0x00, 0x0B, 0x00, 0x00, 0x00, 0x0A,
  0x00, 0x00, 0x00, 0x09, 0x00, 0x00, 0x00, 0x00, 0x00, 0x00, 0x00, 0x00, 0x00, 0x00, 0x00, 0x53,
  0x00, 0x00, 0x00, 0x09, 0x00, 0x00, 0x00, 0x07, 0x00, 0x00, 0x00, 0x08, 0x00, 0x00, 0x00, 0x09,
  0x00, 0x00, 0x00, 0x00, 0x00, 0x00, 0x00, 0x00, 0x00, 0x00, 0x00, 0x54, 0x00, 0x00, 0x00, 0x0A,
  0x00, 0x00, 0x00, 0x09, 0x00, 0x00, 0x00, 0x09, 0x00, 0x00, 0x00, 0x0A, 0x00, 0x00, 0x00, 0x00,
  0x00, 0x00, 0x00, 0x00, 0x00, 0x00, 0x00, 0x55, 0x00, 0x00, 0x00, 0x09, 0x00, 0x00, 0x00, 0x0B,
  0x00, 0x00, 0x00, 0x0B, 0x00, 0x00, 0x00, 0x09, 0x00, 0x00, 0x00, 0x00, 0x00, 0x00, 0x00, 0x00,
  0x00, 0x00, 0x00, 0x56, 0x00, 0x00, 0x00, 0x0A, 0x00, 0x00, 0x00, 0x0B, 0x00, 0x00, 0x00, 0x09,
  0x00, 0x00, 0x00, 0x09, 0xFF, 0xFF, 0xFF, 0xFF, 0x00, 0x00, 0x00, 0x00, 0x00, 0x00, 0x00, 0x57,
  0x00, 0x00, 0x00, 0x0A, 0x00, 0x00, 0x00, 0x0E, 0x00, 0x00, 0x00, 0x0D, 0x00, 0x00, 0x00, 0x0A,
  0xFF, 0xFF, 0xFF, 0xFF, 0x00, 0x00, 0x00, 0x00, 0x00, 0x00, 0x00, 0x58, 0x00, 0x00, 0x00, 0x09,
  0x00, 0x00, 0x00, 0x0B, 0x00, 0x00, 0x00, 0x09, 0x00, 0x00, 0x00, 0x09, 0xFF, 0xFF, 0xFF, 0xFF,
  0x00, 0x00, 0x00, 0x00, 0x00, 0x00, 0x00, 0x59, 0x00, 0x00, 0x00, 0x09, 0x00, 0x00, 0x00, 0x0B,
  0x00, 0x00, 0x00, 0x09, 0x00, 0x00, 0x00, 0x09, 0xFF, 0xFF, 0xFF, 0xFF, 0x00, 0x00, 0x00, 0x00,
  0x00, 0x00, 0x00, 0x5A, 0x00, 0x00, 0x00, 0x0A, 0x00, 0x00, 0x00, 0x09, 0x00, 0x00, 0x00, 0x09,
  0x00, 0x00, 0x00, 0x0A, 0x00, 0x00, 0x00, 0x00, 0x00, 0x00, 0x00, 0x00, 0x00, 0x00, 0x00, 0x5B,
  0x00, 0x00, 0x00, 0x0B, 0x00, 0x00, 0x00, 0x04, 0x00, 0x00, 0x00, 0x05, 0x00, 0x00, 0x00, 0x09,
  0x00, 0x00, 0x00, 0x01, 0x00, 0x00, 0x00, 0x00, 0x00, 0x00, 0x00, 0x5C, 0x00, 0x00, 0x00, 0x0B,
  0x00, 0x00, 0x00, 0x06, 0x00, 0x00, 0x00, 0x06, 0x00, 0x00, 0x00, 0x0A, 0x00, 0x00, 0x00, 0x00,
  0x00, 0x00, 0x00, 0x00, 0x00, 0x00, 0x00, 0x5D, 0x00, 0x00, 0x00, 0x0B, 0x00, 0x00, 0x00, 0x04,
  0x00, 0x00, 0x00, 0x05, 0x00, 0x00, 0x00, 0x09, 0x00, 0x00, 0x00, 0x00, 0x00, 0x00, 0x00, 0x00,
  0x00, 0x00, 0x00, 0x5E, 0x00, 0x00, 0x00, 0x03, 0x00, 0x00, 0x00, 0x07, 0x00, 0x00, 0x00, 0x07,
  0x00, 0x00, 0x00, 0x05, 0x00, 0x00, 0x00, 0x00, 0x00, 0x00, 0x00, 0x00, 0x00, 0x00, 0x00, 0x5F,
  0x00, 0x00, 0x00, 0x01, 0x00, 0x00, 0x00, 0x07, 0x00, 0x00, 0x00, 0x07, 0xFF, 0xFF, 0xFF, 0xFF,
  0x00, 0x00, 0x00, 0x00, 0x00, 0x00, 0x00, 0x00, 0x00, 0x00, 0x00, 0x60, 0x00, 0x00, 0x00, 0x03,
  0x00, 0x00, 0x00, 0x04, 0x00, 0x00, 0x00, 0x07, 0x00, 0x00, 0x00, 0x0C, 0x00, 0x00, 0x00, 0x00,
  0x00, 0x00, 0x00, 0x00, 0x00, 0x00, 0x00, 0x61, 0x00, 0x00, 0x00, 0x09, 0x00, 0x00, 0x00, 0x0A,
  0x00, 0x00, 0x00, 0x08, 0x00, 0x00, 0x00, 0x09, 0xFF, 0xFF, 0xFF, 0xFF, 0x00, 0x00, 0x00, 0x00,
  0x00, 0x00, 0x00, 0x62, 0x00, 0x00, 0x00, 0x08, 0x00, 0x00, 0x00, 0x08, 0x00, 0x00, 0x00, 0x08,
  0x00, 0x00, 0x00, 0x08, 0x00, 0x00, 0x00, 0x00, 0x00, 0x00, 0x00, 0x00, 0x00, 0x00, 0x00, 0x63,
  0x00, 0x00, 0x00, 0x08, 0x00, 0x00, 0x00, 0x09, 0x00, 0x00, 0x00, 0x09, 0x00, 0x00, 0x00, 0x08,
  0x00, 0x00, 0x00, 0x00, 0x00, 0x00, 0x00, 0x00, 0x00, 0x00, 0x00, 0x64, 0x00, 0x00, 0x00, 0x08,
  0x00, 0x00, 0x00, 0x0A, 0x00, 0x00, 0x00, 0x0A, 0x00, 0x00, 0x00, 0x08, 0x00, 0x00, 0x00, 0x00,
  0x00, 0x00, 0x00, 0x00, 0x00, 0x00, 0x00, 0x65, 0x00, 0x00, 0x00, 0x09, 0x00, 0x00, 0x00, 0x08,
  0x00, 0x00, 0x00, 0x07, 0x00, 0x00, 0x00, 0x09, 0x00, 0x00, 0x00, 0x00, 0x00, 0x00, 0x00, 0x00,
  0x00, 0x00, 0x00, 0x66, 0x00, 0x00, 0x00, 0x09, 0x00, 0x00, 0x00, 0x07, 0x00, 0x00, 0x00, 0x07,
  0x00, 0x00, 0x00, 0x09, 0x00, 0x00, 0x00, 0x00, 0x00, 0x00, 0x00, 0x00, 0x00, 0x00, 0x00, 0x67,
  0x00, 0x00, 0x00, 0x08, 0x00, 0x00, 0x00, 0x0A, 0x00, 0x00, 0x00, 0x09, 0x00, 0x00, 0x00, 0x08,
  0x00, 0x00, 0x00, 0x00, 0x00, 0x00, 0x00, 0x00, 0x00, 0x00, 0x00, 0x68, 0x00, 0x00, 0x00, 0x08,
  0x00, 0x00, 0x00, 0x0A, 0x00, 0x00, 0x00, 0x0A, 0x00, 0x00, 0x00, 0x08, 0x00, 0x00, 0x00, 0x00,
  0x00, 0x00, 0x00, 0x00, 0x00, 0x00, 0x00, 0x69, 0x00, 0x00, 0x00, 0x08, 0x00, 0x00, 0x00, 0x05,
  0x00, 0x00, 0x00, 0x05, 0x00, 0x00, 0x00, 0x08, 0x00, 0x00, 0x00, 0x00, 0x00, 0x00, 0x00, 0x00,
  0x00, 0x00, 0x00, 0x6A, 0x00, 0x00, 0x00, 0x0B, 0x00, 0x00, 0x00, 0x06, 0x00, 0x00, 0x00, 0x04,
  0x00, 0x00, 0x00, 0x08, 0xFF, 0xFF, 0xFF, 0xFF, 0x00, 0x00, 0x00, 0x00, 0x00, 0x00, 0x00, 0x6B,
  0x00, 0x00, 0x00, 0x08, 0x00, 0x00, 0x00, 0x0A, 0x00, 0x00, 0x00, 0x09, 0x00, 0x00, 0x00, 0x08,
  0x00, 0x00, 0x00, 0x00, 0x00, 0x00, 0x00, 0x00, 0x00, 0x00, 0x00, 0x6C, 0x00, 0x00, 0x00, 0x08,
  0x00, 0x00, 0x00, 0x08, 0x00, 0x00, 0x00, 0x07, 0x00, 0x00, 0x00, 0x08, 0x00, 0x00, 0x00, 0x00,
  0x00, 0x00, 0x00, 0x00, 0x00, 0x00, 0x00, 0x6D, 0x00, 0x00, 0x00, 0x09, 0x00, 0x00, 0x00, 0x0D,
  0x00, 0x00, 0x00, 0x0B, 0x00, 0x00, 0x00, 0x09, 0xFF, 0xFF, 0xFF, 0xFF, 0x00, 0x00, 0x00, 0x00,
  0x00, 0x00, 0x00, 0x6E, 0x00, 0x00, 0x00, 0x09, 0x00, 0x00, 0x00, 0x0A, 0x00, 0x00, 0x00, 0x0A,
  0x00, 0x00, 0x00, 0x09, 0x00, 0x00, 0x00, 0x00, 0x00, 0x00, 0x00, 0x00, 0x00, 0x00, 0x00, 0x6F,
  0x00, 0x00, 0x00, 0x08, 0x00, 0x00, 0x00, 0x0A, 0x00, 0x00, 0x00, 0x0A, 0x00, 0x00, 0x00, 0x08,
  0x00, 0x00, 0x00, 0x00, 0x00, 0x00, 0x00, 0x00, 0x00, 0x00, 0x00, 0x70, 0x00, 0x00, 0x00, 0x08,
  0x00, 0x00, 0x00, 0x08, 0x00, 0x00, 0x00, 0x08, 0x00, 0x00, 0x00, 0x08, 0x00, 0x00, 0x00, 0x00,
  0x00, 0x00, 0x00, 0x00, 0x00, 0x00, 0x00, 0x71, 0x00, 0x00, 0x00, 0x0C, 0x00, 0x00, 0x00, 0x10,
  0x00, 0x00, 0x00, 0x0A, 0x00, 0x00, 0x00, 0x08, 0x00, 0x00, 0x00, 0x00, 0x00, 0x00, 0x00, 0x00,
  0x00, 0x00, 0x00, 0x72, 0x00, 0x00, 0x00, 0x08, 0x00, 0x00, 0x00, 0x0A, 0x00, 0x00, 0x00, 0x09,
  0x00, 0x00, 0x00, 0x08, 0x00, 0x00, 0x00, 0x00, 0x00, 0x00, 0x00, 0x00, 0x00, 0x00, 0x00, 0x73,
  0x00, 0x00, 0x00, 0x08, 0x00, 0x00, 0x00, 0x07, 0x00, 0x00, 0x00, 0x07, 0x00, 0x00, 0x00, 0x08,
  0x00, 0x00, 0x00, 0x00, 0x00, 0x00, 0x00, 0x00, 0x00, 0x00, 0x00, 0x74, 0x00, 0x00, 0x00, 0x09,
  0x00, 0x00, 0x00, 0x08, 0x00, 0x00, 0x00, 0x08, 0x00, 0x00, 0x00, 0x09, 0x00, 0x00, 0x00, 0x00,
  0x00, 0x00, 0x00, 0x00, 0x00, 0x00, 0x00, 0x75, 0x00, 0x00, 0x00, 0x08, 0x00, 0x00, 0x00, 0x09,
  0x00, 0x00, 0x00, 0x09, 0x00, 0x00, 0x00, 0x08, 0x00, 0x00, 0x00, 0x00, 0x00, 0x00, 0x00, 0x00,
  0x00, 0x00, 0x00, 0x76, 0x00, 0x00, 0x00, 0x08, 0x00, 0x00, 0x00, 0x0A, 0x00, 0x00, 0x00, 0x08,
  0x00, 0x00, 0x00, 0x08, 0xFF, 0xFF, 0xFF, 0xFF, 0x00, 0x00, 0x00, 0x00, 0x00, 0x00, 0x00, 0x77,
  0x00, 0x00, 0x00, 0x09, 0x00, 0x00, 0x00, 0x0D, 0x00, 0x00, 0x00, 0x0B, 0x00, 0x00, 0x00, 0x09,
  0xFF, 0xFF, 0xFF, 0xFF, 0x00, 0x00, 0x00, 0x00, 0x00, 0x00, 0x00, 0x78, 0x00, 0x00, 0x00, 0x08,
  0x00, 0x00, 0x00, 0x0A, 0x00, 0x00, 0x00, 0x08, 0x00, 0x00, 0x00, 0x08, 0xFF, 0xFF, 0xFF, 0xFF,
  0x00, 0x00, 0x00, 0x00, 0x00, 0x00, 0x00, 0x79, 0x00, 0x00, 0x00, 0x08, 0x00, 0x00, 0x00, 0x0A,
  0x00, 0x00, 0x00, 0x08, 0x00, 0x00, 0x00, 0x08, 0xFF, 0xFF, 0xFF, 0xFF, 0x00, 0x00, 0x00, 0x00,
  0x00, 0x00, 0x00, 0x7A, 0x00, 0x00, 0x00, 0x09, 0x00, 0x00, 0x00, 0x08, 0x00, 0x00, 0x00, 0x08,
  0x00, 0x00, 0x00, 0x09, 0x00, 0x00, 0x00, 0x00, 0x00, 0x00, 0x00, 0x00, 0x00, 0x00, 0x00, 0x7B,
  0x00, 0x00, 0x00, 0x0B, 0x00, 0x00, 0x00, 0x04, 0x00, 0x00, 0x00, 0x05, 0x00, 0x00, 0x00, 0x09,
  0x00, 0x00, 0x00, 0x01, 0x00, 0x00, 0x00, 0x00, 0x00, 0x00, 0x00, 0x7C, 0x00, 0x00, 0x00, 0x0C,
  0x00, 0x00, 0x00, 0x02, 0x00, 0x00, 0x00, 0x03, 0x00, 0x00, 0x00, 0x09, 0x00, 0x00, 0x00, 0x01,
  0x00, 0x00, 0x00, 0x00, 0x00, 0x00, 0x00, 0x7D, 0x00, 0x00, 0x00, 0x0B, 0x00, 0x00, 0x00, 0x04,
  0x00, 0x00, 0x00, 0x05, 0x00, 0x00, 0x00, 0x09, 0x00, 0x00, 0x00, 0x00, 0x00, 0x00, 0x00, 0x00,
  0x00, 0x00, 0x00, 0x7E, 0x00, 0x00, 0x00, 0x02, 0x00, 0x00, 0x00, 0x07, 0x00, 0x00, 0x00, 0x06,
  0x00, 0x00, 0x00, 0x05, 0x00, 0x00, 0x00, 0x00, 0x00, 0x00, 0x00, 0x00, 0x39, 0xFF, 0xB8, 0x2A,
  0xFF, 0xA9, 0x1B, 0xFF, 0x9A, 0x0C, 0xFF, 0x8B, 0x00, 0xEB, 0x6A, 0x00, 0xB7, 0x33, 0x00, 0x20,
  0x03, 0x10, 0xCB, 0x65, 0x16, 0xE9, 0x79, 0x07, 0x39, 0x14, 0x38, 0x10, 0x2B, 0xFF, 0x38, 0xFF,
  0x1D, 0x44, 0xB4, 0x3C, 0xBD, 0x00, 0x2B, 0x0B, 0x29, 0x0E, 0x00, 0x00, 0x00, 0x57, 0x50, 0x00,
  0xA4, 0x00, 0x00, 0x00, 0x84, 0x23, 0x00, 0xA4, 0x00, 0x1B, 0xA0, 0xFF, 0xA1, 0xB6, 0xFF, 0x96,
  0x00, 0x00, 0xA8, 0x00, 0x45, 0x60, 0x00, 0x00, 0x0D, 0x9A, 0x00, 0x72, 0x33, 0x00, 0x75, 0xDA,
  0xFF, 0xA0, 0xFF, 0xA9, 0x3C, 0x00, 0x67, 0x40, 0x00, 0xA6, 0x00, 0x00, 0x00, 0x94, 0x13, 0x03,
  0xA3, 0x00, 0x00, 0x00, 0xA8, 0x00, 0x29, 0x7E, 0x00, 0x00, 0x00, 0x00, 0x00, 0x20, 0x66, 0x00,
  0x00, 0x00, 0x43, 0xCD, 0xD0, 0xFF, 0xFF, 0x0E, 0x15, 0xF8, 0x60, 0x4A, 0x41, 0x4B, 0x00, 0x36,
  0xFF, 0xAF, 0x6C, 0x2C, 0x00, 0x00, 0x07, 0xDD, 0xFF, 0xFF, 0x6A, 0x00, 0x00, 0x00, 0x16, 0xAA,
  0xFF, 0xFF, 0xB2, 0x11, 0x00, 0x00, 0x00, 0xD5, 0xE1, 0xFF, 0x9F, 0x2E, 0x18, 0x00, 0x89, 0x0E,
  0xE3, 0xC3, 0x66, 0x7C, 0x00, 0x89, 0x03, 0xD3, 0x7B, 0x1F, 0xAE, 0x9F, 0xFF, 0xA9, 0x7D, 0x02,
  0x00, 0x00, 0x00, 0x88, 0x00, 0x00, 0x00, 0x00, 0x00, 0x00, 0x11, 0x00, 0x00, 0x00, 0x08, 0x9F,
  0x93, 0xFF, 0x9D, 0x5E, 0x9E, 0x28, 0x00, 0x00, 0x75, 0xE4, 0x02, 0xA0, 0x9A, 0x04, 0x8E, 0x00,
  0x00, 0x00, 0x8B, 0xBF, 0x03, 0xDB, 0x58, 0x65, 0x2E, 0x00, 0x00, 0x00, 0x19, 0x91, 0x79, 0x59,
  0x08, 0x8A, 0x00, 0x00, 0x00, 0x00, 0x00, 0x00, 0x00, 0x00, 0x6F, 0x31, 0x7A, 0x82, 0x45, 0x00,
  0x00, 0x00, 0x00, 0x0E, 0x84, 0xB1, 0x82, 0x3B, 0xEF, 0x05, 0x00, 0x00, 0x00, 0x78, 0x2C, 0xFE,
  0x3D, 0x3E, 0xFF, 0x0E, 0x00, 0x00, 0x15, 0x7D, 0x19, 0xFF, 0x26, 0x75, 0xCF, 0x00, 0x00, 0x00,
  0x80, 0x12, 0x00, 0x9A, 0x94, 0xB3, 0x2C, 0x00, 0x00, 0x00, 0x33, 0x00, 0x00, 0x00, 0x00, 0x00,
  0x00, 0x00, 0x00, 0x00, 0x4C, 0xCA, 0xB5, 0x8B, 0xA7, 0x1D, 0x00, 0x00, 0x00, 0x00, 0x00, 0x1F,
  0xFC, 0xD4, 0x01, 0x00, 0x6C, 0x36, 0x00, 0x00, 0x00, 0x00, 0x00, 0x44, 0xFF, 0xD1, 0x00, 0x00,
  0x15, 0x01, 0x00, 0x00, 0x00, 0x00, 0x00, 0x21, 0xFF, 0xFF, 0x69, 0x00, 0x04, 0x56, 0x8C, 0x3E,
  0x00, 0x00, 0x23, 0xEA, 0xED, 0xFC, 0xFD, 0x6C, 0x00, 0x1E, 0xFF, 0x30, 0x00, 0x00, 0x8E, 0xFF,
  0x6D, 0x4F, 0xF6, 0xFF, 0x8F, 0x04, 0xFC, 0x1A, 0x00, 0x00, 0x96, 0xFF, 0x94, 0x00, 0x38, 0xE8,
  0xFF, 0xE2, 0xE8, 0x00, 0x00, 0x00, 0x2A, 0xF1, 0xF3, 0x2E, 0x00, 0x1C, 0xCC, 0xFF, 0xFF, 0x2A,
  0x00, 0x00, 0x00, 0x24, 0x9E, 0xD9, 0xA0, 0x7D, 0x95, 0xB6, 0xD5, 0xEB, 0x70, 0x01, 0x0A, 0x3C,
  0x08, 0x3F, 0xF8, 0x08, 0x58, 0xA0, 0x00, 0x30, 0x07, 0x00, 0x00, 0x00, 0x0F, 0x4D, 0x03, 0x00,
  0x2F, 0xDF, 0x24, 0x00, 0x0E, 0xEC, 0x95, 0x00, 0x00, 0x74, 0xFF, 0x4C, 0x00, 0x00, 0xB0, 0xFF,
  0x28, 0x00, 0x00, 0xCB, 0xFF, 0x1E, 0x00, 0x00, 0xB6, 0xFF, 0x2A, 0x00, 0x00, 0x89, 0xFF, 0x48,
  0x00, 0x00, 0x23, 0xFD, 0x7E, 0x00, 0x00, 0x00, 0x82, 0xD6, 0x01, 0x00, 0x00, 0x00, 0x83, 0x6C,
  0x00, 0x00, 0x00, 0x00, 0x1C, 0x02, 0x24, 0x3B, 0x00, 0x00, 0x00, 0x00, 0x99, 0x96, 0x01, 0x00,
  0x00, 0x16, 0xFC, 0x76, 0x00, 0x00, 0x00, 0xC8, 0xEA, 0x08, 0x00, 0x00, 0xA3, 0xFF, 0x30, 0x00,
  0x00, 0x9A, 0xFF, 0x4F, 0x00, 0x00, 0xA6, 0xFF, 0x44, 0x00, 0x00, 0xC5, 0xF9, 0x12, 0x00, 0x07,
  0xF4, 0xA0, 0x00, 0x00, 0x56, 0xE4, 0x1E, 0x00, 0x11, 0xB4, 0x2A, 0x00, 0x00, 0x1B, 0x03, 0x00,
  0x00, 0x00, 0x00, 0x00, 0x07, 0x00, 0x00, 0x03, 0x03, 0xF7, 0x0E, 0x04, 0x74, 0xC4, 0xC3, 0xBC,
  0x86, 0x09, 0x79, 0xD1, 0x85, 0x0C, 0x03, 0xD0, 0x3D, 0xD5, 0x08, 0x00, 0x00, 0x00, 0x00, 0x00,
  0x00, 0x00, 0x09, 0x12, 0x00, 0x00, 0x00, 0x00, 0x40, 0x80, 0x00, 0x00, 0x00, 0x00, 0x40, 0x80,
  0x00, 0x00, 0x5B, 0xBC, 0xFC, 0xFF, 0xBC, 0x8D, 0x00, 0x00, 0x40, 0x80, 0x00, 0x00, 0x00, 0x00,
  0x37, 0x6E, 0x00, 0x00, 0x47, 0xE9, 0x34, 0x33, 0xFF, 0x73, 0x0C, 0xDD, 0x21, 0x15, 0x13, 0x00,
  0x77, 0xE0, 0xE0, 0xE0, 0x6A, 0x43, 0xD4, 0x2D, 0x52, 0xF1, 0x39, 0x00, 0x00, 0x00, 0x00, 0x1B,
  0x15, 0x00, 0x00, 0x00, 0x00, 0xA4, 0x26, 0x00, 0x00, 0x00, 0x2B, 0x9E, 0x00, 0x00, 0x00, 0x00,
  0xA6, 0x23, 0x00, 0x00, 0x00, 0x2D, 0x9B, 0x00, 0x00, 0x00, 0x00, 0xA8, 0x21, 0x00, 0x00, 0x00,
  0x30, 0x98, 0x00, 0x00, 0x00, 0x00, 0xAA, 0x1E, 0x00, 0x00, 0x00, 0x32, 0x95, 0x00, 0x00, 0x00,
  0x00, 0xA7, 0x1C, 0x00, 0x00, 0x00, 0x00, 0x0B, 0x00, 0x00, 0x00, 0x00, 0x00, 0x00, 0x04, 0x85,
  0xBF, 0x9E, 0xBF, 0x33, 0x00, 0x00, 0x96, 0xFB, 0x1C, 0x00, 0x9F, 0xF3, 0x1F, 0x17, 0xFD, 0xC8,
  0x00, 0x00, 0x4F, 0xFF, 0x90, 0x51, 0xFF, 0xAA, 0x00, 0x00, 0x30, 0xFF, 0xCC, 0x63, 0xFF, 0x9F,
  0x00, 0x00, 0x24, 0xFF, 0xDE, 0x51, 0xFF, 0xAA, 0x00, 0x00, 0x30, 0xFF, 0xCC, 0x16, 0xFD, 0xC9,
  0x00, 0x00, 0x4F, 0xFF, 0x8F, 0x00, 0x97, 0xFB, 0x1C, 0x00, 0x9F, 0xF3, 0x1F, 0x00, 0x04, 0x88,
  0xC0, 0x9E, 0xC1, 0x35, 0x00, 0x12, 0x56, 0x95, 0x87, 0x00, 0x00, 0x75, 0xFF, 0x93, 0x00, 0x00,
  0x5B, 0xFF, 0x93, 0x00, 0x00, 0x5B, 0xFF, 0x93, 0x00, 0x00, 0x5B, 0xFF, 0x93, 0x00, 0x00, 0x5B,
  0xFF, 0x93, 0x00, 0x00, 0x5B, 0xFF, 0x93, 0x00, 0x00, 0x5B, 0xFF, 0x93, 0x00, 0x0B, 0x95, 0xFF,
  0xC0, 0x16, 0x11, 0x8C, 0x91, 0x97, 0xDC, 0x96, 0x0F, 0x00, 0x35, 0xA7, 0x00, 0x00, 0x59, 0xFF,
  0xB0, 0x00, 0x00, 0x42, 0x00, 0x00, 0x24, 0xFF, 0xEF, 0x00, 0x00, 0x00, 0x00, 0x00, 0x54, 0xFF,
  0xC0, 0x00, 0x00, 0x00, 0x00, 0x02, 0xD0, 0xF9, 0x31, 0x00, 0x00, 0x00, 0x00, 0x79, 0xF9, 0x4F,
  0x00, 0x00, 0x00, 0x00, 0x47, 0xE5, 0x3C, 0x00, 0x07, 0x40, 0x00, 0x32, 0xF3, 0xC8, 0xB0, 0xB1,
  0xDD, 0x31, 0x25, 0xEA, 0xFF, 0xFF, 0xFF, 0xFF, 0xEC, 0x01, 0x17, 0x98, 0x8C, 0xC5, 0xD5, 0x56,
  0x00, 0x50, 0x74, 0x00, 0x04, 0xDE, 0xFD, 0x23, 0x10, 0x39, 0x00, 0x00, 0xBC, 0xFF, 0x41, 0x00,
  0x00, 0x00, 0x3B, 0xF8, 0xE2, 0x0C, 0x00, 0x00, 0x54, 0xE2, 0xEC, 0x47, 0x00, 0x00, 0x00, 0x00,
  0x14, 0xD0, 0xFA, 0x38, 0x00, 0x00, 0x00, 0x00, 0x79, 0xFF, 0x90, 0x00, 0x00, 0x00, 0x00, 0x9A,
  0xFF, 0x85, 0x00, 0x00, 0x00, 0x4F, 0xFC, 0xE9, 0x1B, 0x11, 0x6D, 0xB7, 0xE6, 0x96, 0x1D, 0x00,
  0x00, 0x02, 0x07, 0x00, 0x00, 0x00, 0x00, 0x00, 0x00, 0x00, 0x00, 0x00, 0x0D, 0x05, 0x00, 0x00,
  0x00, 0x00, 0x00, 0x08, 0xFF, 0x37, 0x00, 0x00, 0x00, 0x00, 0x04, 0xEE, 0xFF, 0x28, 0x00, 0x00,
  0x00, 0x01, 0x97, 0xFF, 0xFF, 0x28, 0x00, 0x00, 0x00, 0x8B, 0x47, 0xC8, 0xFF, 0x28, 0x00, 0x00,
  0x7D, 0x55, 0x00, 0xC8, 0xFF, 0x28, 0x16, 0x6D, 0xFD, 0xF4, 0xF4, 0xFF, 0xFF, 0xFF, 0x71, 0x20,
  0x24, 0x24, 0x24, 0xEC, 0xFF, 0x4C, 0x0B, 0x00, 0x00, 0x00, 0x00, 0xC8, 0xFF, 0x28, 0x00, 0x00,
  0x00, 0x00, 0x1F, 0xFF, 0xFF, 0x86, 0x00, 0x00, 0x00, 0x00, 0x00, 0x00, 0x1A, 0x17, 0x00, 0x43,
  0xCB, 0xDF, 0xF3, 0xFA, 0x0A, 0x00, 0x90, 0xCE, 0xB8, 0xA7, 0x7D, 0x00, 0x00, 0xBB, 0x02, 0x00,
  0x00, 0x00, 0x00, 0x0D, 0xF2, 0xEB, 0xF5, 0xC6, 0x42, 0x00, 0x2A, 0x85, 0x6E, 0xB5, 0xFF, 0xF7,
  0x20, 0x00, 0x00, 0x00, 0x00, 0xD1, 0xFF, 0x65, 0x00, 0x00, 0x00, 0x00, 0xC0, 0xFF, 0x57, 0x00,
  0x00, 0x00, 0x43, 0xFC, 0xE1, 0x0C, 0x00, 0x1E, 0x81, 0xF6, 0xCB, 0x1F, 0x00, 0x2E, 0x78, 0x67,
  0x34, 0x00, 0x00, 0x00, 0x00, 0x00, 0x09, 0x71, 0xAF, 0x63, 0x13, 0x00, 0x00, 0x13, 0xD1, 0xD9,
  0x19, 0x00, 0x00, 0x00, 0x00, 0xAA, 0xFF, 0x4E, 0x00, 0x00, 0x00, 0x00, 0x17, 0xFE, 0xF6, 0x0B,
  0x51, 0x67, 0x17, 0x00, 0x48, 0xFF, 0xDF, 0x35, 0x5C, 0xE8, 0xEB, 0x1D, 0x51, 0xFF, 0xD2, 0x00,
  0x00, 0x83, 0xFF, 0x82, 0x33, 0xFF, 0xE1, 0x00, 0x00, 0x72, 0xFF, 0x8A, 0x01, 0xCE, 0xFE, 0x1F,
  0x00, 0xAC, 0xFD, 0x37, 0x00, 0x18, 0xA5, 0xCB, 0xB0, 0xCE, 0x51, 0x00, 0x7F, 0xFF, 0xFF, 0xFF,
  0xFF, 0xFF, 0x9A, 0x95, 0xAC, 0xA7, 0xA7, 0xA7, 0xEC, 0x31, 0x19, 0x00, 0x00, 0x00, 0x16, 0xC0,
  0x00, 0x00, 0x00, 0x00, 0x00, 0x7C, 0x5D, 0x00, 0x00, 0x00, 0x00, 0x0A, 0xDA, 0x09, 0x00, 0x00,
  0x00, 0x00, 0x6F, 0x9B, 0x00, 0x00, 0x00, 0x00, 0x08, 0xE6, 0x42, 0x00, 0x00, 0x00, 0x00, 0x71,
  0xEA, 0x03, 0x00, 0x00, 0x00, 0x0B, 0xE9, 0x9F, 0x00, 0x00, 0x00, 0x00, 0x21, 0xB5, 0xA2, 0xAF,
  0xA4, 0x13, 0x00, 0x00, 0xC5, 0xCA, 0x00, 0x0D, 0xFB, 0x9E, 0x00, 0x00, 0xEA, 0xE9, 0x14, 0x06,
  0xFC, 0xAC, 0x00, 0x00, 0xA1, 0xFF, 0xE1, 0xC8, 0xB9, 0x1C, 0x00, 0x00, 0x18, 0xFF, 0xFF, 0xFF,
  0xD1, 0x33, 0x00, 0x16, 0xD9, 0x7C, 0x3D, 0xC7, 0xFF, 0xF0, 0x15, 0x6F, 0xFF, 0x40, 0x00, 0x02,
  0xBB, 0xFF, 0x47, 0x54, 0xFF, 0x6C, 0x00, 0x00, 0xA6, 0xF5, 0x19, 0x00, 0x6A, 0xCC, 0x97, 0xA6,
  0xB9, 0x37, 0x00, 0x00, 0x2D, 0xBA, 0xB9, 0xB3, 0xAD, 0x1F, 0x00, 0x0F, 0xEA, 0xDB, 0x03, 0x06,
  0xE8, 0xE4, 0x0C, 0x54, 0xFF, 0xA3, 0x00, 0x00, 0xB5, 0xFF, 0x5C, 0x54, 0xFF, 0xAA, 0x00, 0x00,
  0xA3, 0xFF, 0x83, 0x18, 0xF0, 0xED, 0x28, 0x21, 0xAA, 0xFF, 0x82, 0x00, 0x35, 0xA7, 0xA5, 0x32,
  0xBC, 0xFF, 0x5F, 0x00, 0x00, 0x00, 0x00, 0x03, 0xEA, 0xF8, 0x17, 0x00, 0x00, 0x00, 0x00, 0x5F,
  0xFF, 0x81, 0x00, 0x00, 0x00, 0x00, 0x4F, 0xEF, 0x87, 0x02, 0x00, 0x00, 0x0B, 0x59, 0x6C, 0x1F,
  0x00, 0x00, 0x00, 0x43, 0xD4, 0x2D, 0x52, 0xF1, 0x39, 0x00, 0x00, 0x00, 0x00, 0x00, 0x00, 0x00,
  0x00, 0x00, 0x43, 0xD4, 0x2D, 0x52, 0xF1, 0x39, 0x43, 0xD4, 0x2D, 0x52, 0xF1, 0x39, 0x00, 0x00,
  0x00, 0x00, 0x00, 0x00, 0x00, 0x00, 0x00, 0x15, 0x69, 0x06, 0x5B, 0xFF, 0x6A, 0x0A, 0xF3, 0x55,
  0x22, 0x7D, 0x02, 0x00, 0x00, 0x00, 0x00, 0x44, 0x82, 0x00, 0x02, 0x53, 0xBF, 0x8D, 0x19, 0x45,
  0xDF, 0x82, 0x13, 0x00, 0x00, 0x3A, 0xCB, 0x96, 0x20, 0x00, 0x00, 0x00, 0x00, 0x3F, 0xB2, 0x9F,
  0x28, 0x00, 0x00, 0x00, 0x00, 0x2F, 0x71, 0x5D, 0xC0, 0xC0, 0xC0, 0xC0, 0x90, 0x00, 0x00, 0x00,
  0x00, 0x00, 0x00, 0x5B, 0xBC, 0xBC, 0xBC, 0xBC, 0x8D, 0x5B, 0x64, 0x06, 0x00, 0x00, 0x00, 0x09,
  0x6D, 0xC7, 0x73, 0x0C, 0x00, 0x00, 0x00, 0x05, 0x61, 0xCF, 0x83, 0x00, 0x00, 0x0D, 0x75, 0xCB,
  0x6E, 0x12, 0x80, 0xC2, 0x5E, 0x04, 0x00, 0x50, 0x4E, 0x01, 0x00, 0x00, 0x00, 0x4E, 0x90, 0xA0,
  0xE2, 0x87, 0x02, 0x97, 0x00, 0x00, 0xB0, 0xFF, 0x5C, 0x17, 0x00, 0x00, 0xA3, 0xFF, 0x71, 0x00,
  0x00, 0x28, 0xF5, 0xDC, 0x11, 0x00, 0x00, 0xD6, 0xD4, 0x19, 0x00, 0x00, 0x01, 0xE0, 0x1A, 0x00,
  0x00, 0x00, 0x00, 0x18, 0x04, 0x00, 0x00, 0x00, 0x16, 0xCE, 0x5E, 0x00, 0x00, 0x00, 0x1D, 0xEB,
  0x72, 0x00, 0x00, 0x00, 0x00, 0x00, 0x00, 0x01, 0x2C, 0x52, 0x56, 0x34, 0x03, 0x00, 0x00, 0x00,
  0x00, 0x00, 0x02, 0x69, 0xCF, 0x83, 0x40, 0x33, 0x61, 0xC3, 0x63, 0x00, 0x00, 0x00, 0x07, 0xB3,
  0xD2, 0x1B, 0x00, 0x00, 0x02, 0x00, 0x11, 0xDF, 0x6E, 0x00, 0x00, 0x94, 0xEE, 0x1C, 0x00, 0x00,
  0x09, 0xA5, 0x00, 0x00, 0x6C, 0xF4, 0x0C, 0x24, 0xFD, 0x77, 0x00, 0x00, 0x00, 0xDC, 0xE8, 0x00,
  0x00, 0x38, 0xFF, 0x48, 0x72, 0xFC, 0x17, 0x00, 0x00, 0x59, 0xA8, 0xF2, 0x00, 0x00, 0x37, 0xFF,
  0x56, 0x83, 0xDB, 0x00, 0x00, 0x37, 0x75, 0x44, 0xFF, 0x1D, 0x00, 0x59, 0xFF, 0x39, 0x3F, 0xE2,
  0x00, 0x2E, 0xB9, 0x69, 0x8E, 0xFF, 0x46, 0x00, 0xA4, 0xEA, 0x04, 0x00, 0x61, 0x94, 0x74, 0x02,
  0x00, 0x32, 0xFF, 0xA5, 0x23, 0xFA, 0x75, 0x00, 0x00, 0x00, 0x00, 0x00, 0x00, 0x00, 0x00, 0x00,
  0x0B, 0xCA, 0xBD, 0x03, 0x00, 0x00, 0x00, 0x0F, 0x0B, 0x00, 0x00, 0x00, 0x39, 0xCE, 0xA1, 0x09,
  0x00, 0x00, 0x00, 0x00, 0x00, 0x1C, 0x3E, 0x58, 0x7D, 0x79, 0x2B, 0x00, 0x00, 0x00, 0x00, 0x00,
  0x00, 0x00, 0x00, 0x00, 0x09, 0x00, 0x00, 0x00, 0x00, 0x00, 0x00, 0x00, 0x00, 0x00, 0x00, 0xE0,
  0x0C, 0x00, 0x00, 0x00, 0x00, 0x00, 0x00, 0x00, 0x00, 0x22, 0xFF, 0x6F, 0x00, 0x00, 0x00, 0x00,
  0x00, 0x00, 0x00, 0x00, 0x9F, 0xFF, 0xE0, 0x04, 0x00, 0x00, 0x00, 0x00, 0x00, 0x00, 0x0F, 0xC4,
  0xAC, 0xFF, 0x59, 0x00, 0x00, 0x00, 0x00, 0x00, 0x00, 0x76, 0x63, 0x47, 0xFF, 0xCD, 0x00, 0x00,
  0x00, 0x00, 0x00, 0x06, 0xD0, 0x08, 0x01, 0xDE, 0xFF, 0x42, 0x00, 0x00, 0x00, 0x00, 0x60, 0xFA,
  0x88, 0x88, 0xFE, 0xFF, 0xB7, 0x00, 0x00, 0x00, 0x01, 0xCF, 0x1B, 0x00, 0x00, 0x19, 0xFB, 0xFF,
  0x2D, 0x00, 0x06, 0xBE, 0xFF, 0x08, 0x00, 0x00, 0x0C, 0xFF, 0xFF, 0xFF, 0x15, 0x14, 0xC6, 0xFF,
  0xFF, 0xB2, 0xD2, 0x7D, 0x02, 0x00, 0x00, 0x74, 0xFF, 0x80, 0x00, 0xAF, 0xFF, 0x68, 0x00, 0x00,
  0x74, 0xFF, 0x80, 0x00, 0x7F, 0xFF, 0x8D, 0x00, 0x00, 0x74, 0xFF, 0x80, 0x00, 0xB2, 0xFD, 0x43,
  0x00, 0x00, 0x74, 0xFF, 0x82, 0x5B, 0xF5, 0xA9, 0x15, 0x00, 0x00, 0x74, 0xFF, 0x80, 0x00, 0x39,
  0xFF, 0xDC, 0x0E, 0x00, 0x74, 0xFF, 0x80, 0x00, 0x01, 0xF8, 0xFF, 0x46, 0x00, 0x74, 0xFF, 0x80,
  0x00, 0x39, 0xFF, 0xF9, 0x1D, 0x12, 0xC1, 0xFF, 0xDD, 0xAA, 0xE2, 0xBB, 0x3F, 0x00, 0x00, 0x00,
  0x24, 0x98, 0xC2, 0x94, 0x8A, 0xB2, 0x8F, 0x0B, 0x00, 0x48, 0xF7, 0xB7, 0x09, 0x00, 0x00, 0x05,
  0xB0, 0x25, 0x09, 0xEB, 0xFC, 0x1A, 0x00, 0x00, 0x00, 0x00, 0x1E, 0x1E, 0x4B, 0xFF, 0xCC, 0x00,
  0x00, 0x00, 0x00, 0x00, 0x00, 0x00, 0x64, 0xFF, 0xB9, 0x00, 0x00, 0x00, 0x00, 0x00, 0x00, 0x00,
  0x4B, 0xFF, 0xCD, 0x00, 0x00, 0x00, 0x00, 0x00, 0x00, 0x38, 0x09, 0xEA, 0xFC, 0x18, 0x00, 0x00,
  0x00, 0x00, 0x1C, 0x72, 0x00, 0x46, 0xF7, 0xB3, 0x06, 0x00, 0x00, 0x05, 0xA9, 0x4A, 0x00, 0x00,
  0x24, 0x99, 0xBD, 0x94, 0x93, 0x9C, 0x43, 0x00, 0x14, 0xC1, 0xFF, 0xFF, 0x8C, 0x93, 0xC3, 0x96,
  0x1C, 0x00, 0x00, 0x00, 0x74, 0xFF, 0x80, 0x00, 0x00, 0x0C, 0xCA, 0xF0, 0x2E, 0x00, 0x00, 0x74,
  0xFF, 0x80, 0x00, 0x00, 0x00, 0x3E, 0xFF, 0xCC, 0x00, 0x00, 0x74, 0xFF, 0x80, 0x00, 0x00, 0x00,
  0x02, 0xF6, 0xFF, 0x1F, 0x00, 0x74, 0xFF, 0x80, 0x00, 0x00, 0x00, 0x00, 0xE5, 0xFF, 0x38, 0x00,
  0x74, 0xFF, 0x80, 0x00, 0x00, 0x00, 0x02, 0xF6, 0xFF, 0x1F, 0x00, 0x74, 0xFF, 0x80, 0x00, 0x00,
  0x00, 0x3D, 0xFF, 0xCE, 0x00, 0x00, 0x74, 0xFF, 0x80, 0x00, 0x00, 0x0C, 0xCA, 0xF1, 0x30, 0x00,
  0x12, 0xC1, 0xFF, 0xFF, 0x8C, 0x93, 0xC3, 0x97, 0x1D, 0x00, 0x00, 0x00, 0x00, 0x00, 0x00, 0x00,
  0x01, 0x19, 0x04, 0x14, 0xC2, 0xFF, 0xCE, 0x90, 0x96, 0xF6, 0x17, 0x00, 0x74, 0xFF, 0x80, 0x00,
  0x00, 0x22, 0x14, 0x00, 0x74, 0xFF, 0x80, 0x00, 0x00, 0x00, 0x00, 0x00, 0x74, 0xFF, 0x80, 0x00,
  0x01, 0x3F, 0x00, 0x00, 0x74, 0xFF, 0xCA, 0x88, 0xA6, 0x5C, 0x00, 0x00, 0x74, 0xFF, 0x80, 0x00,
  0x14, 0x52, 0x00, 0x00, 0x74, 0xFF, 0x80, 0x00, 0x00, 0x07, 0x19, 0x00, 0x74, 0xFF, 0x80, 0x00,
  0x00, 0x0E, 0x70, 0x12, 0xC1, 0xFF, 0xCE, 0x9A, 0xFF, 0xFF, 0x72, 0x00, 0x00, 0x00, 0x00, 0x00,
  0x01, 0x19, 0x04, 0x14, 0xC2, 0xFF, 0xCE, 0x90, 0x95, 0xF0, 0x17, 0x00, 0x74, 0xFF, 0x80, 0x00,
  0x00, 0x1D, 0x12, 0x00, 0x74, 0xFF, 0x80, 0x00, 0x00, 0x00, 0x00, 0x00, 0x74, 0xFF, 0x80, 0x00,
  0x01, 0x3F, 0x00, 0x00, 0x74, 0xFF, 0xCA, 0x88, 0xA6, 0x5C, 0x00, 0x00, 0x74, 0xFF, 0x80, 0x00,
  0x14, 0x52, 0x00, 0x00, 0x74, 0xFF, 0x80, 0x00, 0x00, 0x07, 0x00, 0x00, 0x74, 0xFF, 0x80, 0x00,
  0x00, 0x00, 0x00, 0x12, 0xC1, 0xFF, 0xC5, 0x15, 0x00, 0x00, 0x00, 0x00, 0x00, 0x31, 0xA5, 0xC3,
  0x95, 0x91, 0xA8, 0x8A, 0x0E, 0x00, 0x00, 0x52, 0xFB, 0xAD, 0x05, 0x00, 0x00, 0x03, 0x9D, 0x2D,
  0x00, 0x0B, 0xEF, 0xFB, 0x15, 0x00, 0x00, 0x00, 0x00, 0x0D, 0x1D, 0x00, 0x4D, 0xFF, 0xCD, 0x00,
  0x00, 0x00, 0x00, 0x00, 0x00, 0x00, 0x00, 0x64, 0xFF, 0xB8, 0x00, 0x00, 0x00, 0x00, 0x45, 0x90,
  0x89, 0x1D, 0x4B, 0xFF, 0xC8, 0x00, 0x00, 0x00, 0x00, 0x21, 0xFF, 0xD0, 0x00, 0x09, 0xED, 0xF8,
  0x0F, 0x00, 0x00, 0x00, 0x23, 0xFF, 0xD0, 0x00, 0x00, 0x4E, 0xFA, 0x99, 0x00, 0x00, 0x00, 0x65,
  0xFF, 0x8E, 0x00, 0x00, 0x00, 0x31, 0xA8, 0xB5, 0x8E, 0x97, 0xAD, 0x42, 0x00, 0x00, 0x14, 0xC2,
  0xFF, 0xCC, 0x18, 0x00, 0x0B, 0xA2, 0xFF, 0xE3, 0x24, 0x00, 0x74, 0xFF, 0x80, 0x00, 0x00, 0x00,
  0x4C, 0xFF, 0xA8, 0x00, 0x00, 0x74, 0xFF, 0x80, 0x00, 0x00, 0x00, 0x4C, 0xFF, 0xA8, 0x00, 0x00,
  0x74, 0xFF, 0x80, 0x00, 0x00, 0x00, 0x4C, 0xFF, 0xA8, 0x00, 0x00, 0x74, 0xFF, 0xDC, 0x90, 0x90,
  0x90, 0xC3, 0xFF, 0xA8, 0x00, 0x00, 0x74, 0xFF, 0x80, 0x00, 0x00, 0x00, 0x4C, 0xFF, 0xA8, 0x00,
  0x00, 0x74, 0xFF, 0x80, 0x00, 0x00, 0x00, 0x4C, 0xFF, 0xA8, 0x00, 0x00, 0x74, 0xFF, 0x80, 0x00,
  0x00, 0x00, 0x4C, 0xFF, 0xA8, 0x00, 0x12, 0xC1, 0xFF, 0xC8, 0x15, 0x00, 0x0A, 0xA0, 0xFF, 0xE1,
  0x21, 0x14, 0xC4, 0xFF, 0xCC, 0x18, 0x00, 0x74, 0xFF, 0x80, 0x00, 0x00, 0x74, 0xFF, 0x80, 0x00,
  0x00, 0x74, 0xFF, 0x80, 0x00, 0x00, 0x74, 0xFF, 0x80, 0x00, 0x00, 0x74, 0xFF, 0x80, 0x00, 0x00,
  0x74, 0xFF, 0x80, 0x00, 0x00, 0x74, 0xFF, 0x80, 0x00, 0x12, 0xC1, 0xFF, 0xC8, 0x15, 0x12, 0xB8,
  0xFF, 0xCD, 0x1A, 0x00, 0x68, 0xFF, 0x88, 0x00, 0x00, 0x68, 0xFF, 0x88, 0x00, 0x00, 0x68, 0xFF,
  0x88, 0x00, 0x00, 0x68, 0xFF, 0x88, 0x00, 0x00, 0x68, 0xFF, 0x88, 0x00, 0x00, 0x68, 0xFF, 0x88,
  0x00, 0x00, 0x68, 0xFF, 0x88, 0x00, 0x00, 0x69, 0xFF, 0x87, 0x00, 0x00, 0x83, 0xFF, 0x6A, 0x00,
  0x02, 0xD8, 0xD6, 0x0D, 0x00, 0x67, 0x85, 0x13, 0x00, 0x00, 0x12, 0xBC, 0xFF, 0xC9, 0x16, 0x00,
  0x20, 0xFF, 0xA2, 0x16, 0x00, 0x00, 0x74, 0xFF, 0x80, 0x00, 0x00, 0xA5, 0x5E, 0x00, 0x00, 0x00,
  0x00, 0x74, 0xFF, 0x80, 0x00, 0x68, 0x86, 0x00, 0x00, 0x00, 0x00, 0x00, 0x74, 0xFF, 0x80, 0x3A,
  0xF0, 0x01, 0x00, 0x00, 0x00, 0x00, 0x00, 0x74, 0xFF, 0x83, 0xFF, 0xFF, 0x31, 0x00, 0x00, 0x00,
  0x00, 0x00, 0x74, 0xFF, 0x80, 0x8A, 0xFF, 0xD9, 0x0B, 0x00, 0x00, 0x00, 0x00, 0x74, 0xFF, 0x80,
  0x05, 0xCB, 0xFF, 0x9F, 0x00, 0x00, 0x00, 0x00, 0x74, 0xFF, 0x80, 0x00, 0x25, 0xF3, 0xFF, 0x59,
  0x00, 0x00, 0x10, 0xBF, 0xFF, 0xC6, 0x13, 0x00, 0x38, 0xCC, 0xEF, 0x54, 0x02, 0x14, 0xC4, 0xFF,
  0xCC, 0x18, 0x00, 0x00, 0x00, 0x00, 0x74, 0xFF, 0x80, 0x00, 0x00, 0x00, 0x00, 0x00, 0x74, 0xFF,
  0x80, 0x00, 0x00, 0x00, 0x00, 0x00, 0x74, 0xFF, 0x80, 0x00, 0x00, 0x00, 0x00, 0x00, 0x74, 0xFF,
  0x80, 0x00, 0x00, 0x00, 0x00, 0x00, 0x74, 0xFF, 0x80, 0x00, 0x00, 0x00, 0x00, 0x00, 0x74, 0xFF,
  0x80, 0x00, 0x00, 0x00, 0x23, 0x00, 0x74, 0xFF, 0x80, 0x00, 0x00, 0x14, 0x75, 0x12, 0xC1, 0xFF,
  0xCE, 0x9A, 0xFF, 0xFF, 0x71, 0x00, 0x00, 0x00, 0x1E, 0x00, 0x00, 0x00, 0x00, 0x00, 0x00, 0x08,
  0x13, 0x00, 0x00, 0x00, 0x00, 0x00, 0xFF, 0x07, 0x00, 0x00, 0x00, 0x00, 0x00, 0x96, 0x82, 0x00,
  0x00, 0x00, 0x00, 0x17, 0xFF, 0x7E, 0x00, 0x00, 0x00, 0x00, 0x1C, 0xFF, 0x7A, 0x00, 0x00, 0x00,
  0x00, 0x44, 0xFF, 0xF7, 0x22, 0x00, 0x00, 0x00, 0xAE, 0xFF, 0x97, 0x00, 0x00, 0x00, 0x00, 0x5A,
  0xF5, 0xFF, 0xB5, 0x00, 0x00, 0x3B, 0xED, 0xFF, 0xBA, 0x00, 0x00, 0x00, 0x00, 0x7C, 0x5C, 0xE2,
  0xFF, 0x50, 0x02, 0xC9, 0x44, 0xFF, 0xDD, 0x00, 0x00, 0x00, 0x00, 0x9F, 0x34, 0x56, 0xFF, 0xE1,
  0x70, 0x92, 0x02, 0xFB, 0xFC, 0x04, 0x00, 0x00, 0x00, 0xC2, 0x17, 0x00, 0xBC, 0xFF, 0xFF, 0x12,
  0x00, 0xE0, 0xFF, 0x23, 0x00, 0x00, 0x00, 0xDD, 0x01, 0x00, 0x29, 0xFF, 0x99, 0x00, 0x00, 0xC3,
  0xFF, 0x46, 0x00, 0x03, 0x5D, 0xFF, 0x1D, 0x00, 0x00, 0xE0, 0x07, 0x00, 0x0E, 0xD4, 0xFF, 0xF8,
  0x14, 0x00, 0x20, 0x00, 0x00, 0x00, 0x00, 0x00, 0x00, 0x00, 0x00, 0x00, 0x00, 0xF6, 0x90, 0x00,
  0x00, 0x00, 0x02, 0x62, 0xFF, 0xFA, 0x34, 0x00, 0xB1, 0xFF, 0x9B, 0x00, 0x00, 0x00, 0x08, 0xFF,
  0xD0, 0x00, 0x00, 0x90, 0xFF, 0xFF, 0x8D, 0x00, 0x00, 0x08, 0xFF, 0xD0, 0x00, 0x00, 0x90, 0xFF,
  0x5E, 0xD0, 0x97, 0x01, 0x08, 0xFF, 0xD0, 0x00, 0x00, 0x90, 0xFF, 0x48, 0x11, 0xC9, 0xA2, 0x0B,
  0xFF, 0xD0, 0x00, 0x00, 0x90, 0xFF, 0x48, 0x00, 0x0D, 0xC1, 0xB3, 0xFF, 0xD0, 0x00, 0x00, 0x90,
  0xFF, 0x48, 0x00, 0x00, 0x09, 0xC1, 0xFF, 0xD8, 0x00, 0x00, 0x90, 0xFF, 0x48, 0x00, 0x00, 0x00,
  0x07, 0xFF, 0xFF, 0x00, 0x1A, 0xCE, 0xFF, 0x93, 0x0A, 0x00, 0x00, 0x00, 0x07, 0xF9, 0x00, 0x00,
  0x00, 0x24, 0x9A, 0xBA, 0x90, 0x9B, 0xBE, 0x63, 0x01, 0x00, 0x00, 0x3F, 0xF6, 0xB4, 0x05, 0x00,
  0x00, 0x3F, 0xFB, 0xB2, 0x03, 0x03, 0xE2, 0xFF, 0x20, 0x00, 0x00, 0x00, 0x00, 0xA3, 0xFF, 0x68,
  0x3B, 0xFF, 0xDB, 0x00, 0x00, 0x00, 0x00, 0x00, 0x60, 0xFF, 0xBE, 0x54, 0xFF, 0xC9, 0x00, 0x00,
  0x00, 0x00, 0x00, 0x4D, 0xFF, 0xD8, 0x3B, 0xFF, 0xDB, 0x00, 0x00, 0x00, 0x00, 0x00, 0x60, 0xFF,
  0xBE, 0x04, 0xE2, 0xFF, 0x20, 0x00, 0x00, 0x00, 0x00, 0xA3, 0xFF, 0x66, 0x00, 0x3E, 0xF5, 0xB4,
  0x05, 0x00, 0x00, 0x3F, 0xFB, 0xB0, 0x03, 0x00, 0x00, 0x24, 0x9B, 0xBB, 0x90, 0x9C, 0xBE, 0x63,
  0x01, 0x00, 0x12, 0xB6, 0xFF, 0xD8, 0x94, 0xD7, 0xBB, 0x2C, 0x00, 0x00, 0x68, 0xFF, 0x88, 0x00,
  0x25, 0xFF, 0xE0, 0x03, 0x00, 0x68, 0xFF, 0x88, 0x00, 0x00, 0xF2, 0xFF, 0x20, 0x00, 0x68, 0xFF,
  0x88, 0x00, 0x30, 0xFF, 0xEC, 0x07, 0x00, 0x68, 0xFF, 0x88, 0x65, 0xE3, 0xEC, 0x48, 0x00, 0x00,
  0x68, 0xFF, 0x88, 0x0A, 0x28, 0x0A, 0x00, 0x00, 0x00, 0x68, 0xFF, 0x88, 0x00, 0x00, 0x00, 0x00,
  0x00, 0x00, 0x68, 0xFF, 0x88, 0x00, 0x00, 0x00, 0x00, 0x00, 0x10, 0xB4, 0xFF, 0xCA, 0x17, 0x00,
  0x00, 0x00, 0x00, 0x00, 0x00, 0x26, 0x9C, 0xB8, 0x8F, 0x9C, 0xBD, 0x61, 0x01, 0x00, 0x00, 0x00,
  0x00, 0x00, 0x00, 0x00, 0x00, 0x00, 0x42, 0xF7, 0xAF, 0x03, 0x00, 0x00, 0x3F, 0xFC, 0xAF, 0x02,
  0x00, 0x00, 0x00, 0x00, 0x00, 0x00, 0x00, 0x05, 0xE4, 0xFE, 0x1C, 0x00, 0x00, 0x00, 0x00, 0xA7,
  0xFF, 0x63, 0x00, 0x00, 0x00, 0x00, 0x00, 0x00, 0x00, 0x3F, 0xFF, 0xD8, 0x00, 0x00, 0x00, 0x00,
  0x00, 0x64, 0xFF, 0xB7, 0x00, 0x00, 0x00, 0x00, 0x00, 0x00, 0x00, 0x58, 0xFF, 0xC4, 0x00, 0x00,
  0x00, 0x00, 0x00, 0x51, 0xFF, 0xD0, 0x00, 0x00, 0x00, 0x00, 0x00, 0x00, 0x00, 0x3F, 0xFF, 0xD6,
  0x00, 0x00, 0x00, 0x00, 0x00, 0x62, 0xFF, 0xB6, 0x00, 0x00, 0x00, 0x00, 0x00, 0x00, 0x00, 0x05,
  0xE5, 0xFD, 0x18, 0x00, 0x00, 0x00, 0x00, 0xA2, 0xFF, 0x61, 0x00, 0x00, 0x00, 0x00, 0x00, 0x00,
  0x00, 0x00, 0x41, 0xF6, 0xA9, 0x02, 0x00, 0x00, 0x37, 0xFA, 0xAC, 0x02, 0x00, 0x00, 0x00, 0x00,
  0x00, 0x00, 0x00, 0x00, 0x00, 0x26, 0x9C, 0xB0, 0xC2, 0xFD, 0xFF, 0x75, 0x01, 0x00, 0x00, 0x00,
  0x00, 0x00, 0x00, 0x00, 0x00, 0x00, 0x00, 0x00, 0x00, 0x00, 0x02, 0x2E, 0x97, 0xF9, 0xC7, 0x74,
  0x1E, 0x00, 0x00, 0x00, 0x00, 0x00, 0x20, 0x00, 0x00, 0x00, 0x00, 0x00, 0x00, 0x00, 0x00, 0x2D,
  0xC6, 0xFF, 0xFF, 0xD7, 0xA0, 0x88, 0x95, 0xCE, 0x69, 0x00, 0x00, 0x00, 0x00, 0x00, 0x00, 0x00,
  0x00, 0x00, 0x01, 0x59, 0xD0, 0xFF, 0xFF, 0xFF, 0xFA, 0x97, 0x02, 0x00, 0x00, 0x00, 0x00, 0x00,
  0x00, 0x00, 0x00, 0x00, 0x00, 0x00, 0x00, 0x23, 0x4E, 0x4E, 0x12, 0x00, 0x00, 0x12, 0xB8, 0xFF,
  0xDE, 0x9D, 0xD8, 0xB9, 0x2F, 0x00, 0x00, 0x00, 0x00, 0x68, 0xFF, 0x88, 0x00, 0x2B, 0xFF, 0xE6,
  0x05, 0x00, 0x00, 0x00, 0x68, 0xFF, 0x88, 0x00, 0x00, 0xF6, 0xFF, 0x18, 0x00, 0x00, 0x00, 0x68,
  0xFF, 0x88, 0x00, 0x34, 0xFF, 0xD8, 0x00, 0x00, 0x00, 0x00, 0x68, 0xFF, 0x89, 0x6F, 0xE8, 0xC2,
  0x2C, 0x00, 0x00, 0x00, 0x00, 0x68, 0xFF, 0x88, 0x2C, 0xFE, 0xCA, 0x0F, 0x00, 0x00, 0x00, 0x00,
  0x68, 0xFF, 0x88, 0x00, 0xB0, 0xFF, 0xA6, 0x00, 0x00, 0x00, 0x00, 0x68, 0xFF, 0x88, 0x00, 0x2E,
  0xF8, 0xFF, 0x57, 0x00, 0x00, 0x10, 0xB4, 0xFF, 0xCA, 0x17, 0x00, 0x45, 0xC8, 0xEA, 0x5A, 0x09,
  0x00, 0x36, 0xC8, 0x9C, 0xB0, 0xFF, 0x29, 0x07, 0xEE, 0x74, 0x00, 0x00, 0x3D, 0x0D, 0x1D, 0xFF,
  0xC0, 0x14, 0x00, 0x00, 0x00, 0x00, 0xC9, 0xFF, 0xEB, 0x61, 0x01, 0x00, 0x00, 0x0E, 0x9B, 0xFE,
  0xFF, 0xC1, 0x1C, 0x00, 0x00, 0x00, 0x3F, 0xD8, 0xFF, 0xBA, 0x1D, 0x2D, 0x00, 0x00, 0x08, 0xD3,
  0xDF, 0x52, 0x97, 0x00, 0x00, 0x00, 0xBC, 0x92, 0x16, 0xA7, 0xB0, 0x8C, 0x9E, 0x88, 0x07, 0x23,
  0x06, 0x00, 0x00, 0x00, 0x00, 0x00, 0x0E, 0x1A, 0xCD, 0x94, 0x80, 0xFF, 0xFF, 0xD0, 0x80, 0xA6,
  0x89, 0x32, 0x00, 0x00, 0xA4, 0xFF, 0x50, 0x00, 0x00, 0x31, 0x00, 0x00, 0x00, 0xA4, 0xFF, 0x50,
  0x00, 0x00, 0x00, 0x00, 0x00, 0x00, 0xA4, 0xFF, 0x50, 0x00, 0x00, 0x00, 0x00, 0x00, 0x00, 0xA4,
  0xFF, 0x50, 0x00, 0x00, 0x00, 0x00, 0x00, 0x00, 0xA4, 0xFF, 0x50, 0x00, 0x00, 0x00, 0x00, 0x00,
  0x00, 0xA4, 0xFF, 0x50, 0x00, 0x00, 0x00, 0x00, 0x00, 0x00, 0xA4, 0xFF, 0x50, 0x00, 0x00, 0x00,
  0x00, 0x00, 0x1F, 0xE2, 0xFF, 0x9F, 0x0B, 0x00, 0x00, 0x16, 0xCE, 0xFF, 0x97, 0x08, 0x00, 0x00,
  0x13, 0xC2, 0x9D, 0x09, 0x00, 0x9C, 0xFF, 0x58, 0x00, 0x00, 0x00, 0x00, 0x90, 0x60, 0x00, 0x00,
  0x9C, 0xFF, 0x58, 0x00, 0x00, 0x00, 0x00, 0x90, 0x60, 0x00, 0x00, 0x9C, 0xFF, 0x58, 0x00, 0x00,
  0x00, 0x00, 0x90, 0x60, 0x00, 0x00, 0x9C, 0xFF, 0x58, 0x00, 0x00, 0x00, 0x00, 0x90, 0x60, 0x00,
  0x00, 0x9A, 0xFF, 0x5A, 0x00, 0x00, 0x00, 0x00, 0x91, 0x5E, 0x00, 0x00, 0x7B, 0xFF, 0x79, 0x00,
  0x00, 0x00, 0x00, 0xAC, 0x3F, 0x00, 0x00, 0x1B, 0xEB, 0xDE, 0x12, 0x00, 0x00, 0x2C, 0xC5, 0x02,
  0x00, 0x00, 0x00, 0x24, 0xA4, 0xCC, 0x96, 0x8F, 0x91, 0x15, 0x00, 0x00, 0x08, 0xC2, 0xFF, 0xFF,
  0x4B, 0x00, 0x00, 0x00, 0x8F, 0xFF, 0x22, 0x00, 0x00, 0xD2, 0xFF, 0x6C, 0x00, 0x00, 0x00, 0x9E,
  0x47, 0x00, 0x00, 0x00, 0x5E, 0xFF, 0xD5, 0x00, 0x00, 0x16, 0xC6, 0x00, 0x00, 0x00, 0x00, 0x05,
  0xE2, 0xFF, 0x3E, 0x00, 0x80, 0x56, 0x00, 0x00, 0x00, 0x00, 0x00, 0x72, 0xFF, 0xA7, 0x07, 0xC4,
  0x02, 0x00, 0x00, 0x00, 0x00, 0x00, 0x0C, 0xEF, 0xF9, 0x78, 0x65, 0x00, 0x00, 0x00, 0x00, 0x00,
  0x00, 0x00, 0x86, 0xFF, 0xFF, 0x07, 0x00, 0x00, 0x00, 0x00, 0x00, 0x00, 0x00, 0x17, 0xFF, 0xD5,
  0x00, 0x00, 0x00, 0x00, 0x00, 0x00, 0x00, 0x00, 0x00, 0xCA, 0x22, 0x00, 0x00, 0x00, 0x00, 0x00,
  0x00, 0x00, 0x00, 0x00, 0x0A, 0x00, 0x00, 0x00, 0x00, 0x00, 0x00, 0x00, 0x00, 0x00, 0x00, 0x00,
  0x00, 0x06, 0x04, 0x00, 0x00, 0x00, 0x00, 0x00, 0x0B, 0xD6, 0xFF, 0xFF, 0x12, 0x00, 0x00, 0xAB,
  0x71, 0x00, 0x00, 0x3E, 0xFF, 0x32, 0x00, 0x06, 0xEC, 0xFF, 0x24, 0x00, 0x00, 0xFF, 0xEA, 0x00,
  0x00, 0x50, 0x87, 0x00, 0x00, 0x00, 0x91, 0xFF, 0x82, 0x00, 0x3E, 0xFF, 0xFF, 0x48, 0x00, 0x9B,
  0x34, 0x00, 0x00, 0x00, 0x2F, 0xFF, 0xDE, 0x01, 0xAF, 0x8B, 0xFF, 0xBE, 0x00, 0xC6, 0x00, 0x00,
  0x00, 0x00, 0x00, 0xCE, 0xFF, 0x5F, 0xBA, 0x03, 0xDE, 0xFF, 0x65, 0x8F, 0x00, 0x00, 0x00, 0x00,
  0x00, 0x6D, 0xFF, 0xFF, 0x4A, 0x00, 0x6B, 0xFF, 0xFF, 0x3C, 0x00, 0x00, 0x00, 0x00, 0x00, 0x12,
  0xFF, 0xFF, 0x01, 0x00, 0x09, 0xEA, 0xFF, 0x02, 0x00, 0x00, 0x00, 0x00, 0x00, 0x00, 0xFF, 0xA8,
  0x00, 0x00, 0x00, 0x8B, 0xFF, 0x00, 0x00, 0x00, 0x00, 0x00, 0x00, 0x00, 0x7D, 0x21, 0x00, 0x00,
  0x00, 0x13, 0x90, 0x00, 0x00, 0x00, 0x06, 0x60, 0xFF, 0xFF, 0xFF, 0x08, 0x00, 0x51, 0xFF, 0xAA,
  0x11, 0x00, 0x00, 0x49, 0xFF, 0xEA, 0x14, 0x00, 0x8C, 0x81, 0x00, 0x00, 0x00, 0x00, 0x00, 0xA2,
  0xFF, 0xA6, 0x34, 0xCA, 0x05, 0x00, 0x00, 0x00, 0x00, 0x00, 0x12, 0xE8, 0xFF, 0xFF, 0x2B, 0x00,
  0x00, 0x00, 0x00, 0x00, 0x00, 0x00, 0x8D, 0xFF, 0xFF, 0x0F, 0x00, 0x00, 0x00, 0x00, 0x00, 0x00,
  0x10, 0xD2, 0xCB, 0xFF, 0x9D, 0x00, 0x00, 0x00, 0x00, 0x00, 0x00, 0xA9, 0x5E, 0x18, 0xEE, 0xFF,
  0x45, 0x00, 0x00, 0x00, 0x00, 0x61, 0xAD, 0x00, 0x00, 0x5F, 0xFF, 0xDF, 0x0C, 0x00, 0x09, 0x7D,
  0xFF, 0x6C, 0x00, 0x00, 0x1F, 0xFF, 0xFF, 0xFF, 0x27, 0x0F, 0x9B, 0xFF, 0xFF, 0x74, 0x00, 0x00,
  0x1A, 0xFF, 0xD2, 0x18, 0x00, 0x00, 0x87, 0xFF, 0x9C, 0x00, 0x00, 0x49, 0xA5, 0x00, 0x00, 0x00,
  0x00, 0x09, 0xDE, 0xFD, 0x2F, 0x06, 0xC6, 0x15, 0x00, 0x00, 0x00, 0x00, 0x00, 0x49, 0xFF, 0xBD,
  0x77, 0x5F, 0x00, 0x00, 0x00, 0x00, 0x00, 0x00, 0x00, 0xB9, 0xFF, 0xF5, 0x00, 0x00, 0x00, 0x00,
  0x00, 0x00, 0x00, 0x00, 0x74, 0xFF, 0x82, 0x00, 0x00, 0x00, 0x00, 0x00, 0x00, 0x00, 0x00, 0x74,
  0xFF, 0x80, 0x00, 0x00, 0x00, 0x00, 0x00, 0x00, 0x00, 0x00, 0x74, 0xFF, 0x80, 0x00, 0x00, 0x00,
  0x00, 0x00, 0x00, 0x00, 0x12, 0xC0, 0xFF, 0xC9, 0x15, 0x00, 0x00, 0x00, 0x0C, 0x13, 0x00, 0x00,
  0x00, 0x00, 0x00, 0x0F, 0x00, 0x46, 0xE7, 0x94, 0x90, 0x90, 0xE7, 0xFF, 0x8C, 0x00, 0x2F, 0x06,
  0x00, 0x00, 0x33, 0xFE, 0xEC, 0x10, 0x00, 0x01, 0x00, 0x00, 0x00, 0xC3, 0xFF, 0x6B, 0x00, 0x00,
  0x00, 0x00, 0x00, 0x57, 0xFF, 0xD6, 0x04, 0x00, 0x00, 0x00, 0x00, 0x08, 0xE0, 0xFF, 0x4A, 0x00,
  0x00, 0x00, 0x00, 0x00, 0x7C, 0xFF, 0xB9, 0x00, 0x00, 0x00, 0x00, 0x00, 0x1A, 0xF4, 0xFC, 0x2C,
  0x00, 0x00, 0x06, 0x18, 0x00, 0xA1, 0xFF, 0x98, 0x00, 0x00, 0x00, 0x72, 0x0B, 0x33, 0xFF, 0xFF,
  0xA2, 0x8C, 0xD2, 0xFF, 0xFF, 0x00, 0x70, 0xFF, 0xC6, 0x3E, 0x70, 0xFF, 0x84, 0x00, 0x70, 0xFF,
  0x84, 0x00, 0x70, 0xFF, 0x84, 0x00, 0x70, 0xFF, 0x84, 0x00, 0x70, 0xFF, 0x84, 0x00, 0x70, 0xFF,
  0x84, 0x00, 0x70, 0xFF, 0x84, 0x00, 0x70, 0xFF, 0x84, 0x00, 0x70, 0xFF, 0x89, 0x00, 0x38, 0x80,
  0x7F, 0x42, 0x2F, 0x00, 0x00, 0x00, 0x00, 0x00, 0x96, 0x30, 0x00, 0x00, 0x00, 0x00, 0x1C, 0xA9,
  0x00, 0x00, 0x00, 0x00, 0x00, 0x93, 0x33, 0x00, 0x00, 0x00, 0x00, 0x1A, 0xAC, 0x00, 0x00, 0x00,
  0x00, 0x00, 0x90, 0x37, 0x00, 0x00, 0x00, 0x00, 0x18, 0xAF, 0x00, 0x00, 0x00, 0x00, 0x00, 0x8C,
  0x3B, 0x00, 0x00, 0x00, 0x00, 0x16, 0xB2, 0x00, 0x00, 0x00, 0x00, 0x00, 0x89, 0x3A, 0x00, 0x00,
  0x00, 0x00, 0x09, 0x02, 0x17, 0x82, 0xFF, 0xDC, 0x00, 0x18, 0xFF, 0xDC, 0x00, 0x18, 0xFF, 0xDC,
  0x00, 0x18, 0xFF, 0xDC, 0x00, 0x18, 0xFF, 0xDC, 0x00, 0x18, 0xFF, 0xDC, 0x00, 0x18, 0xFF, 0xDC,
  0x00, 0x18, 0xFF, 0xDC, 0x00, 0x18, 0xFF, 0xDC, 0x00, 0x1D, 0xFF, 0xDC, 0x1A, 0x71, 0x80, 0x6E,
  0x00, 0x00, 0x0F, 0x7B, 0x26, 0x00, 0x00, 0x00, 0x18, 0xBC, 0x54, 0xC0, 0x32, 0x00, 0x22, 0xBE,
  0x28, 0x00, 0x12, 0xB6, 0x3F, 0x8C, 0x8C, 0x8C, 0x8C, 0x8C, 0x8C, 0x46, 0x05, 0xB6, 0x32, 0x00,
  0x07, 0x81, 0xD8, 0x1D, 0x00, 0x00, 0x08, 0x1C, 0x00, 0x00, 0x00, 0x00, 0x00, 0x12, 0x00, 0x00,
  0x00, 0x00, 0x00, 0x00, 0x00, 0x00, 0x52, 0xB1, 0x00, 0x00, 0x00, 0x00, 0x00, 0x00, 0x00, 0x00,
  0xFF, 0xFF, 0x0F, 0x00, 0x00, 0x00, 0x00, 0x00, 0x00, 0x16, 0xFF, 0xFF, 0x77, 0x00, 0x00, 0x00,
  0x00, 0x00, 0x00, 0x85, 0x59, 0xF6, 0xE6, 0x06, 0x00, 0x00, 0x00, 0x00, 0x0D, 0xC9, 0x01, 0x9F,
  0xFF, 0x63, 0x00, 0x00, 0x00, 0x00, 0x77, 0xEE, 0x80, 0xB7, 0xFF, 0xD7, 0x01, 0x00, 0x00, 0x05,
  0xD6, 0x0D, 0x00, 0x00, 0xCF, 0xFF, 0x4F, 0x00, 0x07, 0xDB, 0xFF, 0x05, 0x00, 0x01, 0xE4, 0xFF,
  0xFF, 0x1C, 0x18, 0xEF, 0xFF, 0xAC, 0xC8, 0xC4, 0x35, 0x00, 0x00, 0xB0, 0xFF, 0x28, 0x25, 0xFF,
  0xD1, 0x00, 0x00, 0xB0, 0xFF, 0x28, 0x27, 0xFF, 0xB1, 0x00, 0x00, 0xB0, 0xFF, 0x3B, 0xA8, 0xEE,
  0x44, 0x00, 0x00, 0xB0, 0xFF, 0x28, 0x03, 0xD8, 0xF6, 0x2F, 0x00, 0xB0, 0xFF, 0x28, 0x00, 0xA4,
  0xFF, 0x78, 0x00, 0xB0, 0xFF, 0x28, 0x04, 0xD0, 0xFF, 0x4A, 0x18, 0xDF, 0xFF, 0xA6, 0xBD, 0xD6,
  0x68, 0x00, 0x00, 0x03, 0x6B, 0xBF, 0x94, 0x82, 0xA1, 0x98, 0x04, 0x01, 0xAD, 0xF9, 0x32, 0x00,
  0x00, 0x00, 0xA0, 0x0D, 0x45, 0xFF, 0xA4, 0x00, 0x00, 0x00, 0x00, 0x1C, 0x09, 0x80, 0xFF, 0x75,
  0x00, 0x00, 0x00, 0x00, 0x00, 0x00, 0x81, 0xFF, 0x76, 0x00, 0x00, 0x00, 0x00, 0x00, 0x10, 0x47,
  0xFF, 0xA6, 0x00, 0x00, 0x00, 0x00, 0x15, 0x4C, 0x01, 0xAF, 0xFA, 0x34, 0x00, 0x00, 0x00, 0x8F,
  0x48, 0x00, 0x03, 0x6E, 0xC1, 0x95, 0x83, 0x92, 0x5C, 0x00, 0x1B, 0xF8, 0xFF, 0xB4, 0x82, 0xA2,
  0xC1, 0x56, 0x00, 0x00, 0x00, 0xAC, 0xFF, 0x34, 0x00, 0x00, 0x71, 0xFF, 0x76, 0x00, 0x00, 0xAC,
  0xFF, 0x34, 0x00, 0x00, 0x05, 0xEA, 0xF4, 0x0D, 0x00, 0xAC, 0xFF, 0x34, 0x00, 0x00, 0x00, 0xC3,
  0xFF, 0x39, 0x00, 0xAC, 0xFF, 0x34, 0x00, 0x00, 0x00, 0xC4, 0xFF, 0x38, 0x00, 0xAC, 0xFF, 0x34,
  0x00, 0x00, 0x05, 0xEA, 0xF4, 0x0D, 0x00, 0xAC, 0xFF, 0x34, 0x00, 0x00, 0x72, 0xFF, 0x76, 0x00,
  0x1A, 0xE5, 0xFF, 0xB8, 0x86, 0xA5, 0xC2, 0x56, 0x00, 0x00, 0x00, 0x00, 0x00, 0x00, 0x00, 0x0A,
  0x0E, 0x00, 0x1A, 0xE3, 0xFF, 0x9F, 0x84, 0x9D, 0x42, 0x00, 0x00, 0xB0, 0xFF, 0x30, 0x00, 0x13,
  0x4A, 0x00, 0x00, 0xB0, 0xFF, 0x30, 0x00, 0x00, 0x0A, 0x00, 0x00, 0xB0, 0xFF, 0x30, 0x00, 0x3A,
  0x00, 0x00, 0x00, 0xB0, 0xFF, 0xA2, 0x90, 0xEA, 0x00, 0x00, 0x00, 0xB0, 0xFF, 0x30, 0x00, 0x04,
  0x25, 0x02, 0x00, 0xB0, 0xFF, 0x30, 0x00, 0x00, 0x7C, 0x00, 0x1A, 0xE7, 0xFF, 0x9F, 0xC5, 0xFF,
  0xD9, 0x00, 0x00, 0x00, 0x00, 0x00, 0x00, 0x09, 0x0E, 0x1A, 0xE9, 0xFF, 0x9F, 0x84, 0xB6, 0x6F,
  0x00, 0xB0, 0xFF, 0x30, 0x00, 0x00, 0x3B, 0x00, 0xB0, 0xFF, 0x30, 0x00, 0x02, 0x04, 0x00, 0xB0,
  0xFF, 0x30, 0x00, 0x3D, 0x00, 0x00, 0xB0, 0xFF, 0xA2, 0x90, 0xEE, 0x00, 0x00, 0xB0, 0xFF, 0x30,
  0x00, 0x04, 0x00, 0x00, 0xB0, 0xFF, 0x30, 0x00, 0x00, 0x00, 0x1A, 0xEB, 0xFF, 0x7F, 0x02, 0x00,
  0x00, 0x00, 0x06, 0x7A, 0xC9, 0x98, 0x86, 0xA2, 0x92, 0x03, 0x00, 0x02, 0xB7, 0xF8, 0x2E, 0x00,
  0x00, 0x01, 0xAB, 0x08, 0x00, 0x49, 0xFF, 0xA4, 0x00, 0x00, 0x00, 0x00, 0x27, 0x06, 0x00, 0x81,
  0xFF, 0x76, 0x00, 0x00, 0x00, 0x00, 0x00, 0x00, 0x00, 0x82, 0xFF, 0x74, 0x00, 0x00, 0x00, 0x4C,
  0x90, 0x74, 0x0C, 0x49, 0xFF, 0x9B, 0x00, 0x00, 0x00, 0x3C, 0xFF, 0xA0, 0x00, 0x02, 0xB8, 0xF1,
  0x1F, 0x00, 0x00, 0x59, 0xFF, 0x86, 0x00, 0x00, 0x07, 0x7D, 0xC3, 0x8C, 0x85, 0xB0, 0x57, 0x01,
  0x00, 0x1B, 0xE9, 0xFF, 0x72, 0x01, 0x08, 0xA9, 0xFF, 0xB2, 0x0C, 0x00, 0xB4, 0xFF, 0x2C, 0x00,
  0x00, 0x64, 0xFF, 0x78, 0x00, 0x00, 0xB4, 0xFF, 0x2C, 0x00, 0x00, 0x64, 0xFF, 0x78, 0x00, 0x00,
  0xB4, 0xFF, 0x2C, 0x00, 0x00, 0x64, 0xFF, 0x78, 0x00, 0x00, 0xB4, 0xFF, 0xA4, 0x80, 0x80, 0xBE,
  0xFF, 0x78, 0x00, 0x00, 0xB4, 0xFF, 0x2C, 0x00, 0x00, 0x64, 0xFF, 0x78, 0x00, 0x00, 0xB4, 0xFF,
  0x2C, 0x00, 0x00, 0x64, 0xFF, 0x78, 0x00, 0x1A, 0xE3, 0xFF, 0x6D, 0x01, 0x08, 0xA2, 0xFF, 0xAF,
  0x0B, 0x1A, 0xD7, 0xFF, 0x7C, 0x04, 0x00, 0xA4, 0xFF, 0x38, 0x00, 0x00, 0xA4, 0xFF, 0x38, 0x00,
  0x00, 0xA4, 0xFF, 0x38, 0x00, 0x00, 0xA4, 0xFF, 0x38, 0x00, 0x00, 0xA4, 0xFF, 0x38, 0x00, 0x00,
  0xA4, 0xFF, 0x38, 0x00, 0x19, 0xD7, 0xFF, 0x7D, 0x04, 0x00, 0x1E, 0xE8, 0xFF, 0x7D, 0x03, 0x00,
  0x00, 0xB4, 0xFF, 0x30, 0x00, 0x00, 0x00, 0xB4, 0xFF, 0x30, 0x00, 0x00, 0x00, 0xB4, 0xFF, 0x30,
  0x00, 0x00, 0x00, 0xB4, 0xFF, 0x30, 0x00, 0x00, 0x00, 0xB4, 0xFF, 0x30, 0x00, 0x00, 0x00, 0xB4,
  0xFF, 0x30, 0x00, 0x00, 0x00, 0xB9, 0xFF, 0x2B, 0x00, 0x00, 0x02, 0xE1, 0xE2, 0x05, 0x00, 0x00,
  0x79, 0xD4, 0x31, 0x00, 0x00, 0x00, 0x0F, 0x00, 0x00, 0x00, 0x00, 0x1A, 0xDE, 0xFF, 0x7C, 0x02,
  0x04, 0xFF, 0xC6, 0x16, 0x00, 0x00, 0xAC, 0xFF, 0x34, 0x00, 0x6D, 0x80, 0x00, 0x00, 0x00, 0x00,
  0xAC, 0xFF, 0x34, 0x2E, 0xA8, 0x01, 0x00, 0x00, 0x00, 0x00, 0xAC, 0xFF, 0x3D, 0xFF, 0x53, 0x00,
  0x00, 0x00, 0x00, 0x00, 0xAC, 0xFF, 0x7F, 0xFF, 0xE6, 0x14, 0x00, 0x00, 0x00, 0x00, 0xAC, 0xFF,
  0x34, 0xA0, 0xFF, 0xB2, 0x00, 0x00, 0x00, 0x00, 0xAC, 0xFF, 0x34, 0x0C, 0xDC, 0xFF, 0x6A, 0x00,
  0x00, 0x17, 0xDB, 0xFF, 0x79, 0x01, 0x23, 0xBD, 0xF1, 0x53, 0x00, 0x1A, 0xDE, 0xFF, 0x76, 0x02,
  0x00, 0x00, 0x00, 0x00, 0xB0, 0xFF, 0x30, 0x00, 0x00, 0x00, 0x00, 0x00, 0xB0, 0xFF, 0x30, 0x00,
  0x00, 0x00, 0x00, 0x00, 0xB0, 0xFF, 0x30, 0x00, 0x00, 0x00, 0x00, 0x00, 0xB0, 0xFF, 0x30, 0x00,
  0x00, 0x00, 0x00, 0x00, 0xB0, 0xFF, 0x30, 0x00, 0x00, 0x13, 0x03, 0x00, 0xB0, 0xFF, 0x30, 0x00,
  0x00, 0x70, 0x00, 0x1A, 0xE4, 0xFF, 0x9F, 0xC6, 0xFF, 0xDC, 0x00, 0x00, 0x00, 0x00, 0x06, 0x00,
  0x00, 0x00, 0x00, 0x00, 0x00, 0x05, 0x00, 0x00, 0x00, 0x00, 0x2B, 0xC2, 0x00, 0x00, 0x00, 0x00,
  0x00, 0x5F, 0x89, 0x00, 0x00, 0x00, 0x00, 0x6A, 0xFF, 0x38, 0x00, 0x00, 0x00, 0x0B, 0xFF, 0x92,
  0x00, 0x00, 0x00, 0x00, 0xA2, 0xFF, 0xD7, 0x08, 0x00, 0x00, 0x90, 0xFF, 0xA2, 0x00, 0x00, 0x00,
  0x00, 0x90, 0xF7, 0xFF, 0x8A, 0x00, 0x30, 0xE3, 0xFF, 0xC7, 0x00, 0x00, 0x00, 0x00, 0xB3, 0x3A,
  0xF6, 0xFC, 0x39, 0xC2, 0x31, 0xFE, 0xEB, 0x00, 0x00, 0x00, 0x00, 0xCC, 0x00, 0x74, 0xFF, 0xFF,
  0x7F, 0x00, 0xE6, 0xFF, 0x10, 0x00, 0x00, 0x02, 0xCE, 0x00, 0x03, 0xE2, 0xFF, 0x07, 0x00, 0xC4,
  0xFF, 0x34, 0x00, 0x03, 0x7B, 0xFF, 0x0D, 0x00, 0x40, 0xAE, 0x00, 0x09, 0xCD, 0xFF, 0xD2, 0x0C,
  0x00, 0x04, 0x00, 0x00, 0x00, 0x00, 0x00, 0x00, 0x00, 0x00, 0x00, 0xFF, 0x23, 0x00, 0x00, 0x00,
  0x2A, 0xF4, 0xFF, 0x34, 0x00, 0xFF, 0xFF, 0x31, 0x00, 0x00, 0x00, 0xD8, 0xF0, 0x00, 0x00, 0xCC,
  0xFF, 0xE9, 0x47, 0x00, 0x00, 0xD8, 0xF0, 0x00, 0x00, 0xCC, 0xFC, 0x39, 0xE7, 0x60, 0x00, 0xD8,
  0xF0, 0x00, 0x00, 0xCC, 0xFC, 0x00, 0x26, 0xDD, 0x7E, 0xD8, 0xF0, 0x00, 0x00, 0xCC, 0xFC, 0x00,
  0x00, 0x17, 0xCC, 0xFF, 0xF4, 0x00, 0x00, 0xCC, 0xFC, 0x00, 0x00, 0x00, 0x0B, 0xFF, 0xFF, 0x00,
  0x24, 0xF0, 0xFF, 0x3E, 0x00, 0x00, 0x00, 0x04, 0xFF, 0x03, 0x00, 0x02, 0x69, 0xBF, 0x93, 0x8E,
  0xC0, 0x77, 0x06, 0x00, 0x00, 0xA7, 0xFB, 0x33, 0x00, 0x00, 0x23, 0xF2, 0xBF, 0x03, 0x40, 0xFF,
  0xAB, 0x00, 0x00, 0x00, 0x00, 0x93, 0xFF, 0x5C, 0x7F, 0xFF, 0x7A, 0x00, 0x00, 0x00, 0x00, 0x63,
  0xFF, 0x9B, 0x80, 0xFF, 0x79, 0x00, 0x00, 0x00, 0x00, 0x63, 0xFF, 0x9B, 0x40, 0xFF, 0xAA, 0x00,
  0x00, 0x00, 0x00, 0x92, 0xFF, 0x5C, 0x00, 0xA6, 0xFA, 0x32, 0x00, 0x00, 0x22, 0xF1, 0xBE, 0x03,
  0x00, 0x01, 0x5C, 0xC1, 0x93, 0x8E, 0xC1, 0x6A, 0x04, 0x00, 0x19, 0xE1, 0xFF, 0xA4, 0xB0, 0xD7,
  0x5B, 0x00, 0x00, 0xB0, 0xFF, 0x30, 0x00, 0xD1, 0xFE, 0x26, 0x00, 0xB0, 0xFF, 0x30, 0x00, 0xB6,
  0xFF, 0x48, 0x00, 0xB0, 0xFF, 0x30, 0x2A, 0xF8, 0xE8, 0x11, 0x00, 0xB0, 0xFF, 0x49, 0xA4, 0xA5,
  0x27, 0x00, 0x00, 0xB0, 0xFF, 0x30, 0x00, 0x00, 0x00, 0x00, 0x00, 0xB0, 0xFF, 0x30, 0x00, 0x00,
  0x00, 0x00, 0x19, 0xE3, 0xFF, 0x7B, 0x01, 0x00, 0x00, 0x00, 0x00, 0x03, 0x71, 0xC2, 0x8F, 0x95,
  0xC0, 0x60, 0x00, 0x00, 0x00, 0x00, 0x00, 0x00, 0x00, 0x00, 0x00, 0xAD, 0xF9, 0x2D, 0x00, 0x00,
  0x46, 0xFF, 0x8C, 0x00, 0x00, 0x00, 0x00, 0x00, 0x00, 0x00, 0x44, 0xFF, 0xA8, 0x00, 0x00, 0x00,
  0x00, 0xC8, 0xFD, 0x22, 0x00, 0x00, 0x00, 0x00, 0x00, 0x00, 0x80, 0xFF, 0x79, 0x00, 0x00, 0x00,
  0x00, 0x9A, 0xFF, 0x5F, 0x00, 0x00, 0x00, 0x00, 0x00, 0x00, 0x80, 0xFF, 0x79, 0x00, 0x00, 0x00,
  0x00, 0x9A, 0xFF, 0x5F, 0x00, 0x00, 0x00, 0x00, 0x00, 0x00, 0x44, 0xFF, 0xA7, 0x00, 0x00, 0x00,
  0x00, 0xC7, 0xFD, 0x22, 0x00, 0x00, 0x00, 0x00, 0x00, 0x00, 0x00, 0xAC, 0xF8, 0x2B, 0x00, 0x00,
  0x44, 0xFF, 0x8B, 0x00, 0x00, 0x00, 0x00, 0x00, 0x00, 0x00, 0x00, 0x02, 0x65, 0xC3, 0xB0, 0xF8,
  0xFC, 0x58, 0x00, 0x00, 0x00, 0x00, 0x00, 0x00, 0x00, 0x00, 0x00, 0x00, 0x00, 0x00, 0x00, 0x2B,
  0xA1, 0xF3, 0xA6, 0x45, 0x02, 0x00, 0x00, 0x00, 0x13, 0x08, 0x00, 0x00, 0x00, 0x00, 0x00, 0x00,
  0x00, 0x46, 0xDF, 0xFF, 0xEA, 0xA8, 0x89, 0x9E, 0xCF, 0x04, 0x00, 0x00, 0x00, 0x00, 0x00, 0x00,
  0x00, 0x00, 0x09, 0x75, 0xDA, 0xFF, 0xFF, 0xC5, 0x29, 0x00, 0x00, 0x00, 0x00, 0x00, 0x00, 0x00,
  0x00, 0x00, 0x00, 0x00, 0x00, 0x0F, 0x0F, 0x00, 0x00, 0x00, 0x13, 0xD9, 0xFF, 0xB5, 0xB1, 0xDA,
  0x62, 0x00, 0x00, 0x00, 0x00, 0xA0, 0xFF, 0x44, 0x00, 0xCC, 0xFE, 0x29, 0x00, 0x00, 0x00, 0xA0,
  0xFF, 0x44, 0x00, 0xA0, 0xFF, 0x52, 0x00, 0x00, 0x00, 0xA0, 0xFF, 0x44, 0x01, 0xD3, 0xF7, 0x1E,
  0x00, 0x00, 0x00, 0xA0, 0xFF, 0x51, 0xAD, 0xE6, 0x47, 0x00, 0x00, 0x00, 0x00, 0xA0, 0xFF, 0x44,
  0x77, 0xFF, 0x8F, 0x00, 0x00, 0x00, 0x00, 0xA0, 0xFF, 0x44, 0x0B, 0xE1, 0xFF, 0x54, 0x00, 0x00,
  0x13, 0xD3, 0xFF, 0x8D, 0x03, 0x2B, 0xC6, 0xE8, 0x4D, 0x03, 0x00, 0x67, 0xB7, 0x87, 0xEB, 0x83,
  0x00, 0x1A, 0xFD, 0x3C, 0x00, 0x01, 0x30, 0x00, 0x34, 0xFF, 0xD1, 0x36, 0x00, 0x00, 0x00, 0x02,
  0xB1, 0xFF, 0xFD, 0x97, 0x0C, 0x00, 0x00, 0x01, 0x62, 0xEC, 0xFF, 0xC8, 0x01, 0x1D, 0x11, 0x00,
  0x14, 0xBB, 0xFF, 0x1C, 0x5D, 0x6E, 0x00, 0x00, 0x5A, 0xE3, 0x03, 0x24, 0xB9, 0x9B, 0x8A, 0xAC,
  0x30, 0x00, 0x1C, 0x01, 0x00, 0x00, 0x00, 0x00, 0x04, 0x18, 0xCA, 0x82, 0x84, 0xFF, 0xFF, 0x78,
  0x88, 0xA6, 0x2C, 0x00, 0x0C, 0xFF, 0xD8, 0x00, 0x00, 0x2A, 0x00, 0x00, 0x0C, 0xFF, 0xD8, 0x00,
  0x00, 0x00, 0x00, 0x00, 0x0C, 0xFF, 0xD8, 0x00, 0x00, 0x00, 0x00, 0x00, 0x0C, 0xFF, 0xD8, 0x00,
  0x00, 0x00, 0x00, 0x00, 0x0C, 0xFF, 0xD8, 0x00, 0x00, 0x00, 0x00, 0x00, 0x0C, 0xFF, 0xD8, 0x00,
  0x00, 0x00, 0x00, 0x00, 0x53, 0xFF, 0xFB, 0x26, 0x00, 0x00, 0x1D, 0xF6, 0xFF, 0x2D, 0x00, 0x00,
  0x13, 0xDC, 0x53, 0x00, 0xE0, 0xFF, 0x00, 0x00, 0x00, 0x00, 0xBC, 0x20, 0x00, 0xE0, 0xFF, 0x00,
  0x00, 0x00, 0x00, 0xBC, 0x20, 0x00, 0xE0, 0xFF, 0x00, 0x00, 0x00, 0x00, 0xBC, 0x20, 0x00, 0xE0,
  0xFF, 0x00, 0x00, 0x00, 0x00, 0xBC, 0x1F, 0x00, 0xC9, 0xFF, 0x12, 0x00, 0x00, 0x00, 0xCB, 0x0B,
  0x00, 0x72, 0xFF, 0x69, 0x00, 0x00, 0x27, 0xB1, 0x00, 0x00, 0x01, 0x6F, 0xD0, 0x9C, 0x82, 0x8F,
  0x15, 0x00, 0x07, 0xDE, 0xFF, 0xFF, 0x0D, 0x00, 0x00, 0xA6, 0xFF, 0x13, 0x00, 0x07, 0xE5, 0xFF,
  0x36, 0x00, 0x00, 0xB3, 0x34, 0x00, 0x00, 0x00, 0x71, 0xFF, 0xA2, 0x00, 0x24, 0xBA, 0x00, 0x00,
  0x00, 0x00, 0x0B, 0xEB, 0xF8, 0x15, 0x93, 0x44, 0x00, 0x00, 0x00, 0x00, 0x00, 0x7C, 0xFF, 0x89,
  0xBF, 0x00, 0x00, 0x00, 0x00, 0x00, 0x00, 0x0F, 0xF1, 0xFF, 0x54, 0x00, 0x00, 0x00, 0x00, 0x00,
  0x00, 0x00, 0x86, 0xFF, 0x02, 0x00, 0x00, 0x00, 0x00, 0x00, 0x00, 0x00, 0x15, 0x93, 0x00, 0x00,
  0x00, 0x00, 0x00, 0x00, 0x00, 0x00, 0x00, 0x00, 0x00, 0x0C, 0x00, 0x00, 0x00, 0x00, 0x00, 0x05,
  0xB7, 0xFF, 0xFF, 0x08, 0x00, 0x1B, 0xFF, 0x00, 0x00, 0x93, 0xFF, 0x10, 0x00, 0x03, 0xE6, 0xFD,
  0x1B, 0x00, 0xC9, 0xFF, 0x30, 0x00, 0x8B, 0x3D, 0x00, 0x00, 0x00, 0x89, 0xFF, 0x78, 0x09, 0xFF,
  0xFF, 0xAD, 0x00, 0xBE, 0x02, 0x00, 0x00, 0x00, 0x27, 0xFF, 0xD7, 0x69, 0x78, 0xE6, 0xFE, 0x4B,
  0x99, 0x00, 0x00, 0x00, 0x00, 0x00, 0xC6, 0xFF, 0xFB, 0x0C, 0x71, 0xFF, 0xFF, 0x48, 0x00, 0x00,
  0x00, 0x00, 0x00, 0x64, 0xFF, 0xA5, 0x00, 0x0A, 0xEA, 0xFF, 0x06, 0x00, 0x00, 0x00, 0x00, 0x00,
  0x0D, 0xFF, 0x18, 0x00, 0x00, 0x7C, 0xFF, 0x00, 0x00, 0x00, 0x00, 0x00, 0x00, 0x00, 0x9B, 0x00,
  0x00, 0x00, 0x0D, 0x99, 0x00, 0x00, 0x00, 0x03, 0x56, 0xFF, 0xFF, 0x8D, 0x00, 0x10, 0xFF, 0xBF,
  0x0F, 0x00, 0x00, 0x59, 0xFF, 0xCA, 0x02, 0x54, 0xA1, 0x00, 0x00, 0x00, 0x00, 0x00, 0xB8, 0xFF,
  0x7D, 0xCC, 0x11, 0x00, 0x00, 0x00, 0x00, 0x00, 0x22, 0xF7, 0xFF, 0x6A, 0x00, 0x00, 0x00, 0x00,
  0x00, 0x00, 0x0D, 0xFF, 0xFF, 0xAF, 0x00, 0x00, 0x00, 0x00, 0x00, 0x00, 0xA4, 0x4D, 0xD3, 0xFF,
  0x50, 0x00, 0x00, 0x00, 0x00, 0x62, 0x92, 0x00, 0x3A, 0xFE, 0xE4, 0x0D, 0x00, 0x07, 0x82, 0xFF,
  0x2B, 0x00, 0x0A, 0xFF, 0xFF, 0xFF, 0x1F, 0x0D, 0xB9, 0xFF, 0xFF, 0x1C, 0x00, 0x02, 0xDD, 0xFF,
  0x1E, 0x00, 0x00, 0xA8, 0xFF, 0x5F, 0x00, 0x09, 0xC7, 0x0D, 0x00, 0x00, 0x00, 0x19, 0xF1, 0xE3,
  0x09, 0x7E, 0x51, 0x00, 0x00, 0x00, 0x00, 0x00, 0x6D, 0xFF, 0x93, 0xA6, 0x00, 0x00, 0x00, 0x00,
  0x00, 0x00, 0x03, 0xF5, 0xFF, 0x26, 0x00, 0x00, 0x00, 0x00, 0x00, 0x00, 0x00, 0xCC, 0xFF, 0x10,
  0x00, 0x00, 0x00, 0x00, 0x00, 0x00, 0x00, 0xCC, 0xFF, 0x10, 0x00, 0x00, 0x00, 0x00, 0x00, 0x00,
  0x24, 0xF2, 0xFF, 0x56, 0x00, 0x00, 0x00, 0x0C, 0x09, 0x00, 0x00, 0x00, 0x00, 0x02, 0x04, 0x67,
  0xB9, 0x88, 0x88, 0xB8, 0xFF, 0xE4, 0x0A, 0x2D, 0x00, 0x00, 0x03, 0xD0, 0xFF, 0x5D, 0x00, 0x00,
  0x00, 0x00, 0x69, 0xFF, 0xCB, 0x01, 0x00, 0x00, 0x00, 0x11, 0xEC, 0xFF, 0x3C, 0x00, 0x00, 0x00,
  0x00, 0x93, 0xFF, 0xAA, 0x00, 0x00, 0x00, 0x00, 0x2C, 0xFC, 0xF8, 0x21, 0x00, 0x00, 0x15, 0x00,
  0xBC, 0xFF, 0x88, 0x00, 0x00, 0x10, 0x5B, 0x51, 0xFF, 0xFF, 0x92, 0x8B, 0xFF, 0xFF, 0x46, 0x00,
  0x62, 0xB2, 0x1C, 0x3B, 0xFF, 0x7D, 0x00, 0x82, 0xFF, 0x69, 0x00, 0x7A, 0xFF, 0x5E, 0x00, 0x55,
  0xFD, 0x27, 0x00, 0x78, 0x8D, 0x00, 0x00, 0x59, 0xFD, 0x26, 0x00, 0x7D, 0xFF, 0x5B, 0x00, 0x83,
  0xFF, 0x66, 0x00, 0x42, 0xFF, 0x6B, 0x00, 0x00, 0x72, 0xAC, 0x17, 0xB4, 0x0C, 0xB4, 0x0C, 0xB4,
  0x0C, 0xB4, 0x0C, 0xB4, 0x0C, 0xB4, 0x0C, 0xB4, 0x0C, 0xB4, 0x0C, 0xB4, 0x0C, 0xB4, 0x0C, 0xB4,
  0x0C, 0x5A, 0x06, 0x20, 0xB8, 0x57, 0x00, 0x00, 0x8D, 0xFC, 0x2B, 0x00, 0x7A, 0xFF, 0x71, 0x00,
  0x6F, 0xFF, 0x6A, 0x00, 0x38, 0xFF, 0x45, 0x00, 0x00, 0x9D, 0x6B, 0x00, 0x34, 0xFF, 0x4C, 0x00,
  0x6B, 0xFF, 0x6C, 0x00, 0x77, 0xFF, 0x73, 0x00, 0x7F, 0xFE, 0x33, 0x1B, 0xB4, 0x67, 0x00, 0x30,
  0xBA, 0xAA, 0x3B, 0x00, 0xAE, 0x02, 0x78, 0x2A, 0x18, 0x8B, 0xAF, 0x77, 0x00,
};
constexpr size_t NameVlwSize = sizeof(NameVlw);

// Tag: Cinzel-700, 11 px, 95 glyphs (chip tags, small captions).
alignas(4) const uint8_t TagVlw[] = {
  0x00, 0x00, 0x00, 0x5F, 0x00, 0x00, 0x00, 0x0B, 0x00, 0x00, 0x00, 0x0B, 0x00, 0x00, 0x00, 0x00,
  0x00, 0x00, 0x00, 0x0B, 0x00, 0x00, 0x00, 0x05, 0x00, 0x00, 0x00, 0x20, 0x00, 0x00, 0x00, 0x00,
  0x00, 0x00, 0x00, 0x00, 0x00, 0x00, 0x00, 0x03, 0x00, 0x00, 0x00, 0x00, 0x00, 0x00, 0x00, 0x00,
  0x00, 0x00, 0x00, 0x00, 0x00, 0x00, 0x00, 0x21, 0x00, 0x00, 0x00, 0x08, 0x00, 0x00, 0x00, 0x03,
  0x00, 0x00, 0x00, 0x03, 0x00, 0x00, 0x00, 0x08, 0x00, 0x00, 0x00, 0x00, 0x00, 0x00, 0x00, 0x00,
  0x00, 0x00, 0x00, 0x22, 0x00, 0x00, 0x00, 0x04, 0x00, 0x00, 0x00, 0x04, 0x00, 0x00, 0x00, 0x04,
  0x00, 0x00, 0x00, 0x09, 0x00, 0x00, 0x00, 0x00, 0x00, 0x00, 0x00, 0x00, 0x00, 0x00, 0x00, 0x23,
  0x00, 0x00, 0x00, 0x08, 0x00, 0x00, 0x00, 0x06, 0x00, 0x00, 0x00, 0x06, 0x00, 0x00, 0x00, 0x08,
  0x00, 0x00, 0x00, 0x00, 0x00, 0x00, 0x00, 0x00, 0x00, 0x00, 0x00, 0x24, 0x00, 0x00, 0x00, 0x0A,
  0x00, 0x00, 0x00, 0x06, 0x00, 0x00, 0x00, 0x06, 0x00, 0x00, 0x00, 0x09, 0x00, 0x00, 0x00, 0x00,
  0x00, 0x00, 0x00, 0x00, 0x00, 0x00, 0x00, 0x25, 0x00, 0x00, 0x00, 0x09, 0x00, 0x00, 0x00, 0x08,
  0x00, 0x00, 0x00, 0x08, 0x00, 0x00, 0x00, 0x08, 0x00, 0x00, 0x00, 0x00, 0x00, 0x00, 0x00, 0x00,
  0x00, 0x00, 0x00, 0x26, 0x00, 0x00, 0x00, 0x08, 0x00, 0x00, 0x00, 0x0A, 0x00, 0x00, 0x00, 0x09,
  0x00, 0x00, 0x00, 0x08, 0x00, 0x00, 0x00, 0x00, 0x00, 0x00, 0x00, 0x00, 0x00, 0x00, 0x00, 0x27,
  0x00, 0x00, 0x00, 0x04, 0x00, 0x00, 0x00, 0x02, 0x00, 0x00, 0x00, 0x02, 0x00, 0x00, 0x00, 0x09,
  0x00, 0x00, 0x00, 0x00, 0x00, 0x00, 0x00, 0x00, 0x00, 0x00, 0x00, 0x28, 0x00, 0x00, 0x00, 0x0B,
  0x00, 0x00, 0x00, 0x05, 0x00, 0x00, 0x00, 0x05, 0x00, 0x00, 0x00, 0x09, 0x00, 0x00, 0x00, 0x00,
  0x00, 0x00, 0x00, 0x00, 0x00, 0x00, 0x00, 0x29, 0x00, 0x00, 0x00, 0x0B, 0x00, 0x00, 0x00, 0x04,
  0x00, 0x00, 0x00, 0x05, 0x00, 0x00, 0x00, 0x09, 0x00, 0x00, 0x00, 0x00, 0x00, 0x00, 0x00, 0x00,
  0x00, 0x00, 0x00, 0x2A, 0x00, 0x00, 0x00, 0x04, 0x00, 0x00, 0x00, 0x04, 0x00, 0x00, 0x00, 0x04,
  0x00, 0x00, 0x00, 0x09, 0x00, 0x00, 0x00, 0x00, 0x00, 0x00, 0x00, 0x00, 0x00, 0x00, 0x00, 0x2B,
  0x00, 0x00, 0x00, 0x05, 0x00, 0x00, 0x00, 0x05, 0x00, 0x00, 0x00, 0x05, 0x00, 0x00, 0x00, 0x06,
  0x00, 0x00, 0x00, 0x00, 0x00, 0x00, 0x00, 0x00, 0x00, 0x00, 0x00, 0x2C, 0x00, 0x00, 0x00, 0x03,
  0x00, 0x00, 0x00, 0x03, 0x00, 0x00, 0x00, 0x03, 0x00, 0x00, 0x00, 0x02, 0x00, 0x00, 0x00, 0x00,
  0x00, 0x00, 0x00, 0x00, 0x00, 0x00, 0x00, 0x2D, 0x00, 0x00, 0x00, 0x01, 0x00, 0x00, 0x00, 0x04,
  0x00, 0x00, 0x00, 0x04, 0x00, 0x00, 0x00, 0x04, 0x00, 0x00, 0x00, 0x00, 0x00, 0x00, 0x00, 0x00,
  0x00, 0x00, 0x00, 0x2E, 0x00, 0x00, 0x00, 0x02, 0x00, 0x00, 0x00, 0x03, 0x00, 0x00, 0x00, 0x02,
  0x00, 0x00, 0x00, 0x02, 0x00, 0x00, 0x00, 0x00, 0x00, 0x00, 0x00, 0x00, 0x00, 0x00, 0x00, 0x2F,
  0x00, 0x00, 0x00, 0x0A, 0x00, 0x00, 0x00, 0x05, 0x00, 0x00, 0x00, 0x05, 0x00, 0x00, 0x00, 0x09,
  0x00, 0x00, 0x00, 0x00, 0x00, 0x00, 0x00, 0x00, 0x00, 0x00, 0x00, 0x30, 0x00, 0x00, 0x00, 0x08,
  0x00, 0x00, 0x00, 0x07, 0x00, 0x00, 0x00, 0x07, 0x00, 0x00, 0x00, 0x08, 0x00, 0x00, 0x00, 0x00,
  0x00, 0x00, 0x00, 0x00, 0x00, 0x00, 0x00, 0x31, 0x00, 0x00, 0x00, 0x08, 0x00, 0x00, 0x00, 0x04,
  0x00, 0x00, 0x00, 0x04, 0x00, 0x00, 0x00, 0x08, 0x00, 0x00, 0x00, 0x00, 0x00, 0x00, 0x00, 0x00,
  0x00, 0x00, 0x00, 0x32, 0x00, 0x00, 0x00, 0x08, 0x00, 0x00, 0x00, 0x07, 0x00, 0x00, 0x00, 0x07,
  0x00, 0x00, 0x00, 0x08, 0x00, 0x00, 0x00, 0x00, 0x00, 0x00, 0x00, 0x00, 0x00, 0x00, 0x00, 0x33,
  0x00, 0x00, 0x00, 0x09, 0x00, 0x00, 0x00, 0x06, 0x00, 0x00, 0x00, 0x06, 0x00, 0x00, 0x00, 0x08,
  0x00, 0x00, 0x00, 0x00, 0x00, 0x00, 0x00, 0x00, 0x00, 0x00, 0x00, 0x34, 0x00, 0x00, 0x00, 0x08,
  0x00, 0x00, 0x00, 0x07, 0x00, 0x00, 0x00, 0x07, 0x00, 0x00, 0x00, 0x08, 0x00, 0x00, 0x00, 0x00,
  0x00, 0x00, 0x00, 0x00, 0x00, 0x00, 0x00, 0x35, 0x00, 0x00, 0x00, 0x0A, 0x00, 0x00, 0x00, 0x06,
  0x00, 0x00, 0x00, 0x06, 0x00, 0x00, 0x00, 0x09, 0x00, 0x00, 0x00, 0x00, 0x00, 0x00, 0x00, 0x00,
  0x00, 0x00, 0x00, 0x36, 0x00, 0x00, 0x00, 0x08, 0x00, 0x00, 0x00, 0x07, 0x00, 0x00, 0x00, 0x07,
  0x00, 0x00, 0x00, 0x08, 0x00, 0x00, 0x00, 0x00, 0x00, 0x00, 0x00, 0x00, 0x00, 0x00, 0x00, 0x37,
  0x00, 0x00, 0x00, 0x08, 0x00, 0x00, 0x00, 0x06, 0x00, 0x00, 0x00, 0x06, 0x00, 0x00, 0x00, 0x08,
  0x00, 0x00, 0x00, 0x00, 0x00, 0x00, 0x00, 0x00, 0x00, 0x00, 0x00, 0x38, 0x00, 0x00, 0x00, 0x08,
  0x00, 0x00, 0x00, 0x07, 0x00, 0x00, 0x00, 0x07, 0x00, 0x00, 0x00, 0x08, 0x00, 0x00, 0x00, 0x00,
  0x00, 0x00, 0x00, 0x00, 0x00, 0x00, 0x00, 0x39, 0x00, 0x00, 0x00, 0x09, 0x00, 0x00, 0x00, 0x07,
  0x00, 0x00, 0x00, 0x07, 0x00, 0x00, 0x00, 0x08, 0x00, 0x00, 0x00, 0x00, 0x00, 0x00, 0x00, 0x00,
  0x00, 0x00, 0x00, 0x3A, 0x00, 0x00, 0x00, 0x06, 0x00, 0x00, 0x00, 0x03, 0x00, 0x00, 0x00, 0x02,
  0x00, 0x00, 0x00, 0x06, 0x00, 0x00, 0x00, 0x00, 0x00, 0x00, 0x00, 0x00, 0x00, 0x00, 0x00, 0x3B,
  0x00, 0x00, 0x00, 0x08, 0x00, 0x00, 0x00, 0x03, 0x00, 0x00, 0x00, 0x03, 0x00, 0x00, 0x00, 0x07,
  0x00, 0x00, 0x00, 0x00, 0x00, 0x00, 0x00, 0x00, 0x00, 0x00, 0x00, 0x3C, 0x00, 0x00, 0x00, 0x05,
  0x00, 0x00, 0x00, 0x05, 0x00, 0x00, 0x00, 0x05, 0x00, 0x00, 0x00, 0x06, 0x00, 0x00, 0x00, 0x00,
  0x00, 0x00, 0x00, 0x00, 0x00, 0x00, 0x00, 0x3D, 0x00, 0x00, 0x00, 0x03, 0x00, 0x00, 0x00, 0x05,
  0x00, 0x00, 0x00, 0x05, 0x00, 0x00, 0x00, 0x05, 0x00, 0x00, 0x00, 0x00, 0x00, 0x00, 0x00, 0x00,
  0x00, 0x00, 0x00, 0x3E, 0x00, 0x00, 0x00, 0x05, 0x00, 0x00, 0x00, 0x05, 0x00, 0x00, 0x00, 0x05,
  0x00, 0x00, 0x00, 0x06, 0x00, 0x00, 0x00, 0x00, 0x00, 0x00, 0x00, 0x00, 0x00, 0x00, 0x00, 0x3F,
  0x00, 0x00, 0x00, 0x08, 0x00, 0x00, 0x00, 0x05, 0x00, 0x00, 0x00, 0x05, 0x00, 0x00, 0x00, 0x08,
  0x00, 0x00, 0x00, 0x00, 0x00, 0x00, 0x00, 0x00, 0x00, 0x00, 0x00, 0x40, 0x00, 0x00, 0x00, 0x0A,
  0x00, 0x00, 0x00, 0x0B, 0x00, 0x00, 0x00, 0x0B, 0x00, 0x00, 0x00, 0x08, 0x00, 0x00, 0x00, 0x00,
  0x00, 0x00, 0x00, 0x00, 0x00, 0x00, 0x00, 0x41, 0x00, 0x00, 0x00, 0x09, 0x00, 0x00, 0x00, 0x0A,
  0x00, 0x00, 0x00, 0x08, 0x00, 0x00, 0x00, 0x09, 0xFF, 0xFF, 0xFF, 0xFF, 0x00, 0x00, 0x00, 0x00,
  0x00, 0x00, 0x00, 0x42, 0x00, 0x00, 0x00, 0x08, 0x00, 0x00, 0x00, 0x08, 0x00, 0x00, 0x00, 0x07,
  0x00, 0x00, 0x00, 0x08, 0x00, 0x00, 0x00, 0x00, 0x00, 0x00, 0x00, 0x00, 0x00, 0x00, 0x00, 0x43,
  0x00, 0x00, 0x00, 0x08, 0x00, 0x00, 0x00, 0x09, 0x00, 0x00, 0x00, 0x09, 0x00, 0x00, 0x00, 0x08,
  0x00, 0x00, 0x00, 0x00, 0x00, 0x00, 0x00, 0x00, 0x00, 0x00, 0x00, 0x44, 0x00, 0x00, 0x00, 0x08,
  0x00, 0x00, 0x00, 0x09, 0x00, 0x00, 0x00, 0x09, 0x00, 0x00, 0x00, 0x08, 0x00, 0x00, 0x00, 0x00,
  0x00, 0x00, 0x00, 0x00, 0x00, 0x00, 0x00, 0x45, 0x00, 0x00, 0x00, 0x09, 0x00, 0x00, 0x00, 0x07,
  0x00, 0x00, 0x00, 0x07, 0x00, 0x00, 0x00, 0x09, 0x00, 0x00, 0x00, 0x00, 0x00, 0x00, 0x00, 0x00,
  0x00, 0x00, 0x00, 0x46, 0x00, 0x00, 0x00, 0x09, 0x00, 0x00, 0x00, 0x06, 0x00, 0x00, 0x00, 0x07,
  0x00, 0x00, 0x00, 0x09, 0x00, 0x00, 0x00, 0x00, 0x00, 0x00, 0x00, 0x00, 0x00, 0x00, 0x00, 0x47,
  0x00, 0x00, 0x00, 0x08, 0x00, 0x00, 0x00, 0x0A, 0x00, 0x00, 0x00, 0x09, 0x00, 0x00, 0x00, 0x08,
  0x00, 0x00, 0x00, 0x00, 0x00, 0x00, 0x00, 0x00, 0x00, 0x00, 0x00, 0x48, 0x00, 0x00, 0x00, 0x08,
  0x00, 0x00, 0x00, 0x0A, 0x00, 0x00, 0x00, 0x09, 0x00, 0x00, 0x00, 0x08, 0x00, 0x00, 0x00, 0x00,
  0x00, 0x00, 0x00, 0x00, 0x00, 0x00, 0x00, 0x49, 0x00, 0x00, 0x00, 0x08, 0x00, 0x00, 0x00, 0x04,
  0x00, 0x00, 0x00, 0x04, 0x00, 0x00, 0x00, 0x08, 0x00, 0x00, 0x00, 0x00, 0x00, 0x00, 0x00, 0x00,
  0x00, 0x00, 0x00, 0x4A, 0x00, 0x00, 0x00, 0x0B, 0x00, 0x00, 0x00, 0x04, 0x00, 0x00, 0x00, 0x04,
  0x00, 0x00, 0x00, 0x08, 0x00, 0x00, 0x00, 0x00, 0x00, 0x00, 0x00, 0x00, 0x00, 0x00, 0x00, 0x4B,
  0x00, 0x00, 0x00, 0x08, 0x00, 0x00, 0x00, 0x09, 0x00, 0x00, 0x00, 0x08, 0x00, 0x00, 0x00, 0x08,
  0x00, 0x00, 0x00, 0x00, 0x00, 0x00, 0x00, 0x00, 0x00, 0x00, 0x00, 0x4C, 0x00, 0x00, 0x00, 0x08,
  0x00, 0x00, 0x00, 0x07, 0x00, 0x00, 0x00, 0x07, 0x00, 0x00, 0x00, 0x08, 0x00, 0x00, 0x00, 0x00,
  0x00, 0x00, 0x00, 0x00, 0x00, 0x00, 0x00, 0x4D, 0x00, 0x00, 0x00, 0x09, 0x00, 0x00, 0x00, 0x0C,
  0x00, 0x00, 0x00, 0x0A, 0x00, 0x00, 0x00, 0x09, 0xFF, 0xFF, 0xFF, 0xFF, 0x00, 0x00, 0x00, 0x00,
  0x00, 0x00, 0x00, 0x4E, 0x00, 0x00, 0x00, 0x09, 0x00, 0x00, 0x00, 0x0A, 0x00, 0x00, 0x00, 0x0A,
  0x00, 0x00, 0x00, 0x09, 0x00, 0x00, 0x00, 0x00, 0x00, 0x00, 0x00, 0x00, 0x00, 0x00, 0x00, 0x4F,
  0x00, 0x00, 0x00, 0x08, 0x00, 0x00, 0x00, 0x0A, 0x00, 0x00, 0x00, 0x0A, 0x00, 0x00, 0x00, 0x08,
  0x00, 0x00, 0x00, 0x00, 0x00, 0x00, 0x00, 0x00, 0x00, 0x00, 0x00, 0x50, 0x00, 0x00, 0x00, 0x08,
  0x00, 0x00, 0x00, 0x07, 0x00, 0x00, 0x00, 0x07, 0x00, 0x00, 0x00, 0x08, 0x00, 0x00, 0x00, 0x00,
  0x00, 0x00, 0x00, 0x00, 0x00, 0x00, 0x00, 0x51, 0x00, 0x00, 0x00, 0x0C, 0x00, 0x00, 0x00, 0x0F,
  0x00, 0x00, 0x00, 0x0A, 0x00, 0x00, 0x00, 0x08, 0x00, 0x00, 0x00, 0x00, 0x00, 0x00, 0x00, 0x00,
  0x00, 0x00, 0x00, 0x52, 0x00, 0x00, 0x00, 0x08, 0x00, 0x00, 0x00, 0x09, 0x00, 0x00, 0x00, 0x08,
  0x00, 0x00, 0x00, 0x08, 0x00, 0x00, 0x00, 0x00, 0x00, 0x00, 0x00, 0x00, 0x00, 0x00, 0x00, 0x53,
  0x00, 0x00, 0x00, 0x08, 0x00, 0x00, 0x00, 0x06, 0x00, 0x00, 0x00, 0x06, 0x00, 0x00, 0x00, 0x08,
  0x00, 0x00, 0x00, 0x00, 0x00, 0x00, 0x00, 0x00, 0x00, 0x00, 0x00, 0x54, 0x00, 0x00, 0x00, 0x09,
  0x00, 0x00, 0x00, 0x08, 0x00, 0x00, 0x00, 0x07, 0x00, 0x00, 0x00, 0x09, 0x00, 0x00, 0x00, 0x00,
  0x00, 0x00, 0x00, 0x00, 0x00, 0x00, 0x00, 0x55, 0x00, 0x00, 0x00, 0x08, 0x00, 0x00, 0x00, 0x09,
  0x00, 0x00, 0x00, 0x09, 0x00, 0x00, 0x00, 0x08, 0x00, 0x00, 0x00, 0x00, 0x00, 0x00, 0x00, 0x00,
  0x00, 0x00, 0x00, 0x56, 0x00, 0x00, 0x00, 0x09, 0x00, 0x00, 0x00, 0x0A, 0x00, 0x00, 0x00, 0x08,
  0x00, 0x00, 0x00, 0x08, 0xFF, 0xFF, 0xFF, 0xFF, 0x00, 0x00, 0x00, 0x00, 0x00, 0x00, 0x00, 0x57,
  0x00, 0x00, 0x00, 0x09, 0x00, 0x00, 0x00, 0x0C, 0x00, 0x00, 0x00, 0x0B, 0x00, 0x00, 0x00, 0x09,
  0xFF, 0xFF, 0xFF, 0xFF, 0x00, 0x00, 0x00, 0x00, 0x00, 0x00, 0x00, 0x58, 0x00, 0x00, 0x00, 0x08,
  0x00, 0x00, 0x00, 0x0A, 0x00, 0x00, 0x00, 0x08, 0x00, 0x00, 0x00, 0x08, 0xFF, 0xFF, 0xFF, 0xFF,
  0x00, 0x00, 0x00, 0x00, 0x00, 0x00, 0x00, 0x59, 0x00, 0x00, 0x00, 0x08, 0x00, 0x00, 0x00, 0x0A,
  0x00, 0x00, 0x00, 0x08, 0x00, 0x00, 0x00, 0x08, 0xFF, 0xFF, 0xFF, 0xFF, 0x00, 0x00, 0x00, 0x00,
  0x00, 0x00, 0x00, 0x5A, 0x00, 0x00, 0x00, 0x09, 0x00, 0x00, 0x00, 0x07, 0x00, 0x00, 0x00, 0x07,
  0x00, 0x00, 0x00, 0x09, 0x00, 0x00, 0x00, 0x00, 0x00, 0x00, 0x00, 0x00, 0x00, 0x00, 0x00, 0x5B,
  0x00, 0x00, 0x00, 0x0A, 0x00, 0x00, 0x00, 0x04, 0x00, 0x00, 0x00, 0x05, 0x00, 0x00, 0x00, 0x08,
  0x00, 0x00, 0x00, 0x01, 0x00, 0x00, 0x00, 0x00, 0x00, 0x00, 0x00, 0x5C, 0x00, 0x00, 0x00, 0x0A,
  0x00, 0x00, 0x00, 0x05, 0x00, 0x00, 0x00, 0x05, 0x00, 0x00, 0x00, 0x09, 0x00, 0x00, 0x00, 0x00,
  0x00, 0x00, 0x00, 0x00, 0x00, 0x00, 0x00, 0x5D, 0x00, 0x00, 0x00, 0x0A, 0x00, 0x00, 0x00, 0x04,
  0x00, 0x00, 0x00, 0x05, 0x00, 0x00, 0x00, 0x08, 0x00, 0x00, 0x00, 0x00, 0x00, 0x00, 0x00, 0x00,
  0x00, 0x00, 0x00, 0x5E, 0x00, 0x00, 0x00, 0x03, 0x00, 0x00, 0x00, 0x06, 0x00, 0x00, 0x00, 0x06,
  0x00, 0x00, 0x00, 0x05, 0x00, 0x00, 0x00, 0x00, 0x00, 0x00, 0x00, 0x00, 0x00, 0x00, 0x00, 0x5F,
  0x00, 0x00, 0x00, 0x01, 0x00, 0x00, 0x00, 0x06, 0x00, 0x00, 0x00, 0x06, 0x00, 0x00, 0x00, 0x00,
  0x00, 0x00, 0x00, 0x00, 0x00, 0x00, 0x00, 0x00, 0x00, 0x00, 0x00, 0x60, 0x00, 0x00, 0x00, 0x03,
  0x00, 0x00, 0x00, 0x03, 0x00, 0x00, 0x00, 0x06, 0x00, 0x00, 0x00, 0x0B, 0x00, 0x00, 0x00, 0x00,
  0x00, 0x00, 0x00, 0x00, 0x00, 0x00, 0x00, 0x61, 0x00, 0x00, 0x00, 0x08, 0x00, 0x00, 0x00, 0x09,
  0x00, 0x00, 0x00, 0x07, 0x00, 0x00, 0x00, 0x08, 0xFF, 0xFF, 0xFF, 0xFF, 0x00, 0x00, 0x00, 0x00,
  0x00, 0x00, 0x00, 0x62, 0x00, 0x00, 0x00, 0x07, 0x00, 0x00, 0x00, 0x07, 0x00, 0x00, 0x00, 0x07,
  0x00, 0x00, 0x00, 0x07, 0x00, 0x00, 0x00, 0x00, 0x00, 0x00, 0x00, 0x00, 0x00, 0x00, 0x00, 0x63,
  0x00, 0x00, 0x00, 0x07, 0x00, 0x00, 0x00, 0x08, 0x00, 0x00, 0x00, 0x08, 0x00, 0x00, 0x00, 0x07,
  0x00, 0x00, 0x00, 0x00, 0x00, 0x00, 0x00, 0x00, 0x00, 0x00, 0x00, 0x64, 0x00, 0x00, 0x00, 0x07,
  0x00, 0x00, 0x00, 0x08, 0x00, 0x00, 0x00, 0x08, 0x00, 0x00, 0x00, 0x07, 0x00, 0x00, 0x00, 0x00,
  0x00, 0x00, 0x00, 0x00, 0x00, 0x00, 0x00, 0x65, 0x00, 0x00, 0x00, 0x08, 0x00, 0x00, 0x00, 0x06,
  0x00, 0x00, 0x00, 0x06, 0x00, 0x00, 0x00, 0x08, 0x00, 0x00, 0x00, 0x00, 0x00, 0x00, 0x00, 0x00,
  0x00, 0x00, 0x00, 0x66, 0x00, 0x00, 0x00, 0x08, 0x00, 0x00, 0x00, 0x06, 0x00, 0x00, 0x00, 0x06,
  0x00, 0x00, 0x00, 0x08, 0x00, 0x00, 0x00, 0x00, 0x00, 0x00, 0x00, 0x00, 0x00, 0x00, 0x00, 0x67,
  0x00, 0x00, 0x00, 0x07, 0x00, 0x00, 0x00, 0x08, 0x00, 0x00, 0x00, 0x08, 0x00, 0x00, 0x00, 0x07,
  0x00, 0x00, 0x00, 0x00, 0x00, 0x00, 0x00, 0x00, 0x00, 0x00, 0x00, 0x68, 0x00, 0x00, 0x00, 0x07,
  0x00, 0x00, 0x00, 0x08, 0x00, 0x00, 0x00, 0x08, 0x00, 0x00, 0x00, 0x07, 0x00, 0x00, 0x00, 0x00,
  0x00, 0x00, 0x00, 0x00, 0x00, 0x00, 0x00, 0x69, 0x00, 0x00, 0x00, 0x07, 0x00, 0x00, 0x00, 0x04,
  0x00, 0x00, 0x00, 0x04, 0x00, 0x00, 0x00, 0x07, 0x00, 0x00, 0x00, 0x00, 0x00, 0x00, 0x00, 0x00,
  0x00, 0x00, 0x00, 0x6A, 0x00, 0x00, 0x00, 0x09, 0x00, 0x00, 0x00, 0x05, 0x00, 0x00, 0x00, 0x04,
  0x00, 0x00, 0x00, 0x07, 0xFF, 0xFF, 0xFF, 0xFF, 0x00, 0x00, 0x00, 0x00, 0x00, 0x00, 0x00, 0x6B,
  0x00, 0x00, 0x00, 0x07, 0x00, 0x00, 0x00, 0x08, 0x00, 0x00, 0x00, 0x07, 0x00, 0x00, 0x00, 0x07,
  0x00, 0x00, 0x00, 0x00, 0x00, 0x00, 0x00, 0x00, 0x00, 0x00, 0x00, 0x6C, 0x00, 0x00, 0x00, 0x07,
  0x00, 0x00, 0x00, 0x06, 0x00, 0x00, 0x00, 0x06, 0x00, 0x00, 0x00, 0x07, 0x00, 0x00, 0x00, 0x00,
  0x00, 0x00, 0x00, 0x00, 0x00, 0x00, 0x00, 0x6D, 0x00, 0x00, 0x00, 0x08, 0x00, 0x00, 0x00, 0x0B,
  0x00, 0x00, 0x00, 0x0A, 0x00, 0x00, 0x00, 0x08, 0xFF, 0xFF, 0xFF, 0xFF, 0x00, 0x00, 0x00, 0x00,
  0x00, 0x00, 0x00, 0x6E, 0x00, 0x00, 0x00, 0x08, 0x00, 0x00, 0x00, 0x09, 0x00, 0x00, 0x00, 0x09,
  0x00, 0x00, 0x00, 0x08, 0x00, 0x00, 0x00, 0x00, 0x00, 0x00, 0x00, 0x00, 0x00, 0x00, 0x00, 0x6F,
  0x00, 0x00, 0x00, 0x07, 0x00, 0x00, 0x00, 0x09, 0x00, 0x00, 0x00, 0x09, 0x00, 0x00, 0x00, 0x07,
  0x00, 0x00, 0x00, 0x00, 0x00, 0x00, 0x00, 0x00, 0x00, 0x00, 0x00, 0x70, 0x00, 0x00, 0x00, 0x07,
  0x00, 0x00, 0x00, 0x07, 0x00, 0x00, 0x00, 0x06, 0x00, 0x00, 0x00, 0x07, 0x00, 0x00, 0x00, 0x00,
  0x00, 0x00, 0x00, 0x00, 0x00, 0x00, 0x00, 0x71, 0x00, 0x00, 0x00, 0x0A, 0x00, 0x00, 0x00, 0x0D,
  0x00, 0x00, 0x00, 0x08, 0x00, 0x00, 0x00, 0x07, 0x00, 0x00, 0x00, 0x00, 0x00, 0x00, 0x00, 0x00,
  0x00, 0x00, 0x00, 0x72, 0x00, 0x00, 0x00, 0x07, 0x00, 0x00, 0x00, 0x08, 0x00, 0x00, 0x00, 0x07,
  0x00, 0x00, 0x00, 0x07, 0x00, 0x00, 0x00, 0x00, 0x00, 0x00, 0x00, 0x00, 0x00, 0x00, 0x00, 0x73,
  0x00, 0x00, 0x00, 0x07, 0x00, 0x00, 0x00, 0x06, 0x00, 0x00, 0x00, 0x06, 0x00, 0x00, 0x00, 0x07,
  0x00, 0x00, 0x00, 0x00, 0x00, 0x00, 0x00, 0x00, 0x00, 0x00, 0x00, 0x74, 0x00, 0x00, 0x00, 0x08,
  0x00, 0x00, 0x00, 0x07, 0x00, 0x00, 0x00, 0x07, 0x00, 0x00, 0x00, 0x08, 0x00, 0x00, 0x00, 0x00,
  0x00, 0x00, 0x00, 0x00, 0x00, 0x00, 0x00, 0x75, 0x00, 0x00, 0x00, 0x07, 0x00, 0x00, 0x00, 0x08,
  0x00, 0x00, 0x00, 0x08, 0x00, 0x00, 0x00, 0x07, 0x00, 0x00, 0x00, 0x00, 0x00, 0x00, 0x00, 0x00,
  0x00, 0x00, 0x00, 0x76, 0x00, 0x00, 0x00, 0x07, 0x00, 0x00, 0x00, 0x09, 0x00, 0x00, 0x00, 0x07,
  0x00, 0x00, 0x00, 0x07, 0xFF, 0xFF, 0xFF, 0xFF, 0x00, 0x00, 0x00, 0x00, 0x00, 0x00, 0x00, 0x77,
  0x00, 0x00, 0x00, 0x08, 0x00, 0x00, 0x00, 0x0B, 0x00, 0x00, 0x00, 0x0A, 0x00, 0x00, 0x00, 0x08,
  0xFF, 0xFF, 0xFF, 0xFF, 0x00, 0x00, 0x00, 0x00, 0x00, 0x00, 0x00, 0x78, 0x00, 0x00, 0x00, 0x07,
  0x00, 0x00, 0x00, 0x09, 0x00, 0x00, 0x00, 0x07, 0x00, 0x00, 0x00, 0x07, 0xFF, 0xFF, 0xFF, 0xFF,
  0x00, 0x00, 0x00, 0x00, 0x00, 0x00, 0x00, 0x79, 0x00, 0x00, 0x00, 0x07, 0x00, 0x00, 0x00, 0x09,
  0x00, 0x00, 0x00, 0x07, 0x00, 0x00, 0x00, 0x07, 0xFF, 0xFF, 0xFF, 0xFF, 0x00, 0x00, 0x00, 0x00,
  0x00, 0x00, 0x00, 0x7A, 0x00, 0x00, 0x00, 0x08, 0x00, 0x00, 0x00, 0x07, 0x00, 0x00, 0x00, 0x07,
  0x00, 0x00, 0x00, 0x08, 0x00, 0x00, 0x00, 0x00, 0x00, 0x00, 0x00, 0x00, 0x00, 0x00, 0x00, 0x7B,
  0x00, 0x00, 0x00, 0x0A, 0x00, 0x00, 0x00, 0x04, 0x00, 0x00, 0x00, 0x04, 0x00, 0x00, 0x00, 0x08,
  0x00, 0x00, 0x00, 0x00, 0x00, 0x00, 0x00, 0x00, 0x00, 0x00, 0x00, 0x7C, 0x00, 0x00, 0x00, 0x0A,
  0x00, 0x00, 0x00, 0x01, 0x00, 0x00, 0x00, 0x03, 0x00, 0x00, 0x00, 0x08, 0x00, 0x00, 0x00, 0x01,
  0x00, 0x00, 0x00, 0x00, 0x00, 0x00, 0x00, 0x7D, 0x00, 0x00, 0x00, 0x0A, 0x00, 0x00, 0x00, 0x04,
  0x00, 0x00, 0x00, 0x04, 0x00, 0x00, 0x00, 0x08, 0x00, 0x00, 0x00, 0x00, 0x00, 0x00, 0x00, 0x00,
  0x00, 0x00, 0x00, 0x7E, 0x00, 0x00, 0x00, 0x02, 0x00, 0x00, 0x00, 0x06, 0x00, 0x00, 0x00, 0x05,
  0x00, 0x00, 0x00, 0x04, 0x00, 0x00, 0x00, 0x00, 0x00, 0x00, 0x00, 0x00, 0x55, 0xFF, 0x4C, 0x47,
  0xFF, 0x3E, 0x38, 0xFF, 0x2F, 0x27, 0xFF, 0x1E, 0x04, 0xE9, 0x01, 0x00, 0x5A, 0x00, 0x12, 0x8B,
  0x0B, 0x2D, 0xE5, 0x21, 0x00, 0x11, 0x03, 0x0F, 0x4B, 0xC6, 0x95, 0x7F, 0x66, 0x64, 0xA5, 0x25,
  0x18, 0x00, 0x17, 0x00, 0x00, 0x00, 0x8C, 0x00, 0x88, 0x04, 0x00, 0x00, 0x8B, 0x00, 0x8C, 0x00,
  0x28, 0xA0, 0xFB, 0x88, 0xFF, 0x77, 0x00, 0x43, 0x48, 0x10, 0x7C, 0x00, 0x00, 0x6E, 0x1D, 0x3C,
  0x51, 0x00, 0x6A, 0xFF, 0x88, 0xF0, 0xAE, 0x35, 0x00, 0x8C, 0x00, 0x8B, 0x03, 0x00, 0x00, 0x8B,
  0x00, 0x8F, 0x00, 0x00, 0x00, 0x00, 0x00, 0x63, 0x00, 0x00, 0x00, 0x83, 0xA2, 0xFA, 0xFF, 0x20,
  0x3F, 0xF9, 0x05, 0x74, 0x21, 0x07, 0x4B, 0xFF, 0x9E, 0x81, 0x00, 0x00, 0x06, 0xB8, 0xFF, 0xFF,
  0x47, 0x00, 0x00, 0x01, 0x85, 0xFF, 0xFE, 0x5A, 0x1E, 0x00, 0x2D, 0x69, 0xDA, 0xBB, 0x7A, 0x30,
  0x40, 0x34, 0x97, 0x8D, 0x3A, 0xB5, 0xD1, 0xA1, 0x9B, 0x0C, 0x00, 0x00, 0x65, 0x0D, 0x00, 0x00,
  0x15, 0xB1, 0xB0, 0xE1, 0x4E, 0x96, 0x10, 0x00, 0x8A, 0x99, 0x25, 0xE6, 0x06, 0x75, 0x00, 0x00,
  0x9D, 0x79, 0x59, 0xAC, 0x61, 0x1B, 0x00, 0x00, 0x23, 0x7F, 0x72, 0x1A, 0x75, 0x00, 0x00, 0x00,
  0x00, 0x00, 0x00, 0x64, 0x27, 0x73, 0x7B, 0x23, 0x00, 0x00, 0x09, 0x74, 0xA2, 0x6D, 0x69, 0x9F,
  0x00, 0x00, 0x68, 0x17, 0xDE, 0x37, 0x86, 0x91, 0x00, 0x0B, 0x74, 0x00, 0x85, 0x87, 0xAD, 0x19,
  0x00, 0x0A, 0x0F, 0x00, 0x00, 0x00, 0x00, 0x00, 0x00, 0x08, 0x99, 0xBE, 0x79, 0xA1, 0x13, 0x00,
  0x00, 0x00, 0x00, 0x70, 0xFF, 0x36, 0x00, 0x6B, 0x18, 0x00, 0x00, 0x00, 0x00, 0x7B, 0xFF, 0x58,
  0x00, 0x12, 0x00, 0x00, 0x00, 0x00, 0x00, 0x56, 0xFF, 0xEA, 0x2A, 0x05, 0x63, 0x7D, 0x0A, 0x00,
  0x57, 0xFE, 0x72, 0xF6, 0xEC, 0x35, 0x4A, 0xC1, 0x00, 0x00, 0xA6, 0xFF, 0x17, 0x3D, 0xF0, 0xF3,
  0x95, 0x9E, 0x00, 0x00, 0x65, 0xFF, 0x76, 0x00, 0x29, 0xDD, 0xFF, 0xA7, 0x00, 0x00, 0x00, 0x62,
  0xC6, 0x9C, 0x6A, 0x90, 0xE0, 0xE7, 0xA2, 0x12, 0x01, 0x11, 0x5D, 0xB3, 0x75, 0x55, 0x17, 0x00,
  0x00, 0x00, 0x00, 0x1F, 0x0D, 0x00, 0x00, 0x79, 0x85, 0x00, 0x00, 0x51, 0xF8, 0x0D, 0x00, 0x00,
  0xC1, 0xCA, 0x00, 0x00, 0x00, 0xEF, 0xB0, 0x00, 0x00, 0x00, 0xF7, 0xA5, 0x00, 0x00, 0x00, 0xD4,
  0xBA, 0x00, 0x00, 0x00, 0x7F, 0xE6, 0x00, 0x00, 0x00, 0x12, 0xDD, 0x39, 0x00, 0x00, 0x00, 0x24,
  0x86, 0x09, 0x00, 0x00, 0x00, 0x00, 0x06, 0x21, 0x0B, 0x00, 0x00, 0x0A, 0xBD, 0x32, 0x00, 0x00,
  0x5A, 0xEA, 0x0A, 0x00, 0x1F, 0xFF, 0x64, 0x00, 0x08, 0xFF, 0x94, 0x00, 0x00, 0xFC, 0x9F, 0x00,
  0x11, 0xFF, 0x7C, 0x00, 0x3F, 0xFE, 0x27, 0x00, 0x92, 0x98, 0x00, 0x28, 0x86, 0x04, 0x00, 0x06,
  0x00, 0x00, 0x00, 0x00, 0x39, 0x72, 0x00, 0x79, 0xA2, 0xB5, 0xB2, 0x0D, 0xB4, 0xC3, 0x2C, 0x10,
  0x88, 0x5A, 0x3E, 0x00, 0x00, 0x6B, 0x00, 0x00, 0x00, 0x00, 0xA0, 0x00, 0x00, 0x5E, 0xA8, 0xFF,
  0xA8, 0x90, 0x00, 0x00, 0xA0, 0x00, 0x00, 0x00, 0x00, 0x84, 0x00, 0x00, 0x64, 0xD1, 0x01, 0x3D,
  0xFB, 0x0B, 0x30, 0x6E, 0x00, 0x75, 0xC4, 0xC4, 0x99, 0x32, 0x78, 0x00, 0x64, 0xD2, 0x00, 0x00,
  0x00, 0x00, 0x00, 0x0D, 0x00, 0x00, 0x00, 0x49, 0x5E, 0x00, 0x00, 0x00, 0xA3, 0x04, 0x00, 0x00,
  0x44, 0x64, 0x00, 0x00, 0x00, 0xA2, 0x05, 0x00, 0x00, 0x3E, 0x69, 0x00, 0x00, 0x00, 0xA1, 0x07,
  0x00, 0x00, 0x39, 0x6E, 0x00, 0x00, 0x00, 0x9C, 0x09, 0x00, 0x00, 0x00, 0x07, 0x00, 0x00, 0x00,
  0x00, 0x00, 0x29, 0xBA, 0x87, 0xBB, 0x44, 0x00, 0x08, 0xDF, 0x8E, 0x00, 0x62, 0xF6, 0x1E, 0x4D,
  0xFF, 0x52, 0x00, 0x23, 0xFF, 0x79, 0x76, 0xFF, 0x3F, 0x00, 0x0F, 0xFF, 0xA1, 0x76, 0xFF, 0x3E,
  0x00, 0x10, 0xFF, 0xA1, 0x4D, 0xFF, 0x52, 0x00, 0x23, 0xFF, 0x79, 0x08, 0xE0, 0x8E, 0x00, 0x62,
  0xF7, 0x1E, 0x00, 0x2B, 0xBD, 0x88, 0xBD, 0x47, 0x00, 0x15, 0x6F, 0xC8, 0x07, 0x00, 0xA6, 0xFF,
  0x07, 0x00, 0x9B, 0xFF, 0x07, 0x00, 0x9B, 0xFF, 0x07, 0x00, 0x9B, 0xFF, 0x07, 0x00, 0x9B, 0xFF,
  0x07, 0x00, 0x9B, 0xFF, 0x07, 0x0F, 0xC1, 0xFF, 0x39, 0x28, 0x9E, 0x75, 0xB9, 0xB1, 0x1E, 0x00,
  0x46, 0x57, 0x00, 0x0B, 0xF5, 0xB9, 0x00, 0x05, 0x18, 0x00, 0x00, 0xEE, 0xD3, 0x00, 0x00, 0x00,
  0x00, 0x38, 0xFF, 0x86, 0x00, 0x00, 0x00, 0x02, 0xC2, 0xCD, 0x0A, 0x00, 0x00, 0x00, 0x7A, 0xC7,
  0x13, 0x00, 0x1D, 0x00, 0x4F, 0xEF, 0x80, 0x78, 0xAD, 0x22, 0x32, 0xF5, 0xFF, 0xFF, 0xFF, 0xE1,
  0x00, 0x2F, 0x8C, 0x80, 0xCE, 0x8F, 0x03, 0x55, 0x22, 0x00, 0x6D, 0xFF, 0x46, 0x0C, 0x02, 0x00,
  0x9D, 0xFA, 0x26, 0x00, 0x0D, 0x82, 0xF9, 0x7A, 0x00, 0x00, 0x00, 0x00, 0x73, 0xFF, 0x4A, 0x00,
  0x00, 0x00, 0x2C, 0xFF, 0x93, 0x00, 0x00, 0x00, 0x6D, 0xFF, 0x6E, 0x00, 0x06, 0x67, 0xF8, 0xAA,
  0x03, 0x17, 0x6F, 0x6D, 0x35, 0x00, 0x00, 0x00, 0x00, 0x00, 0x00, 0x6F, 0x51, 0x00, 0x00, 0x00,
  0x00, 0x36, 0xFF, 0x3B, 0x00, 0x00, 0x00, 0x10, 0xFF, 0xFF, 0x38, 0x00, 0x00, 0x07, 0x96, 0x81,
  0xFF, 0x38, 0x00, 0x02, 0x8F, 0x1C, 0x70, 0xFF, 0x39, 0x15, 0x90, 0xFA, 0xF8, 0xFF, 0xFF, 0xFF,
  0x46, 0x00, 0x00, 0x00, 0x70, 0xFF, 0x38, 0x00, 0x00, 0x00, 0x04, 0xEA, 0xFF, 0x8D, 0x00, 0x00,
  0x00, 0x00, 0x00, 0x10, 0x19, 0x00, 0x7C, 0xD9, 0xEE, 0xFD, 0x13, 0x00, 0xB9, 0x91, 0x7D, 0x60,
  0x00, 0x0E, 0xA7, 0x40, 0x2B, 0x00, 0x00, 0x46, 0xFC, 0xFC, 0xFF, 0xB5, 0x04, 0x12, 0x07, 0x0B,
  0xB2, 0xFF, 0x53, 0x00, 0x00, 0x00, 0x63, 0xFF, 0x66, 0x00, 0x00, 0x00, 0xB1, 0xFC, 0x28, 0x00,
  0x1D, 0xA1, 0xF3, 0x55, 0x00, 0x2F, 0x76, 0x5A, 0x0E, 0x00, 0x00, 0x00, 0x00, 0x40, 0xA6, 0x66,
  0x14, 0x00, 0x00, 0x61, 0xF9, 0x3A, 0x00, 0x00, 0x00, 0x10, 0xF2, 0xB6, 0x00, 0x00, 0x00, 0x00,
  0x52, 0xFF, 0x7B, 0x75, 0xC9, 0x6C, 0x00, 0x6E, 0xFF, 0x6B, 0x00, 0x7C, 0xFF, 0x34, 0x61, 0xFF,
  0x6B, 0x00, 0x4C, 0xFF, 0x62, 0x1C, 0xF7, 0x8F, 0x00, 0x6E, 0xFE, 0x30, 0x00, 0x4B, 0xCA, 0x93,
  0xCA, 0x62, 0x00, 0x93, 0xFF, 0xFF, 0xFF, 0xFF, 0x90, 0x7F, 0x70, 0x6F, 0x6F, 0xCA, 0x2C, 0x04,
  0x00, 0x00, 0x06, 0xB1, 0x00, 0x00, 0x00, 0x00, 0x5B, 0x62, 0x00, 0x00, 0x00, 0x00, 0xC6, 0x0E,
  0x00, 0x00, 0x00, 0x47, 0xB3, 0x00, 0x00, 0x00, 0x00, 0xC1, 0x62, 0x00, 0x00, 0x00, 0x3D, 0xFE,
  0x18, 0x00, 0x00, 0x00, 0x4C, 0xB5, 0x85, 0xB0, 0x1B, 0x00, 0x0B, 0xF7, 0x5F, 0x00, 0xC2, 0xA3,
  0x00, 0x0D, 0xFE, 0xB8, 0x0C, 0xD8, 0x88, 0x00, 0x00, 0x96, 0xFF, 0xFF, 0xC3, 0x03, 0x00, 0x05,
  0x94, 0xD0, 0xE9, 0xFF, 0xAC, 0x00, 0x70, 0xEC, 0x00, 0x0E, 0xBB, 0xFF, 0x21, 0x76, 0xF5, 0x08,
  0x00, 0x6D, 0xF7, 0x11, 0x0B, 0xA1, 0xAB, 0x81, 0xBA, 0x47, 0x00, 0x00, 0x65, 0xC4, 0x91, 0xBE,
  0x2F, 0x00, 0x36, 0xFE, 0x5D, 0x00, 0xA5, 0xE0, 0x07, 0x76, 0xFF, 0x3A, 0x00, 0x7D, 0xFF, 0x3D,
  0x5B, 0xFF, 0x5A, 0x00, 0x77, 0xFF, 0x58, 0x07, 0xBD, 0xE6, 0x6D, 0x8C, 0xFF, 0x4B, 0x00, 0x00,
  0x0B, 0x00, 0xAD, 0xFC, 0x16, 0x00, 0x00, 0x00, 0x11, 0xF4, 0x9C, 0x00, 0x00, 0x00, 0x13, 0xBC,
  0xAF, 0x0B, 0x00, 0x00, 0x19, 0x63, 0x34, 0x00, 0x00, 0x00, 0x64, 0xD1, 0x00, 0x34, 0x7A, 0x00,
  0x00, 0x00, 0x00, 0x00, 0x00, 0x00, 0x32, 0x78, 0x00, 0x64, 0xD2, 0x00, 0x32, 0x78, 0x00, 0x64,
  0xD2, 0x00, 0x00, 0x00, 0x00, 0x00, 0x00, 0x00, 0x00, 0x00, 0x00, 0x64, 0xD1, 0x01, 0x3D, 0xFB,
  0x0B, 0x30, 0x6E, 0x00, 0x00, 0x00, 0x01, 0x51, 0x95, 0x02, 0x58, 0xB1, 0x64, 0x05, 0x92, 0xD0,
  0x0D, 0x00, 0x00, 0x00, 0x49, 0xAE, 0x73, 0x0A, 0x00, 0x00, 0x00, 0x42, 0x90, 0x5E, 0xA8, 0xA8,
  0xA8, 0x90, 0x00, 0x00, 0x00, 0x00, 0x00, 0x5C, 0xA4, 0xA4, 0xA4, 0x8C, 0x65, 0x76, 0x0C, 0x00,
  0x00, 0x00, 0x3E, 0xA9, 0x7D, 0x0F, 0x00, 0x00, 0x00, 0x85, 0xEA, 0x00, 0x4E, 0xB0, 0x6E, 0x09,
  0x64, 0x67, 0x06, 0x00, 0x00, 0x65, 0x75, 0xBC, 0xBD, 0x1B, 0x6B, 0x00, 0x2A, 0xFF, 0x92, 0x05,
  0x00, 0x3F, 0xFF, 0x82, 0x00, 0x09, 0xD2, 0xC4, 0x0C, 0x00, 0x47, 0xD3, 0x0D, 0x00, 0x00, 0x07,
  0x3F, 0x00, 0x00, 0x00, 0x2A, 0x7F, 0x00, 0x00, 0x00, 0x56, 0xDA, 0x03, 0x00, 0x00, 0x00, 0x00,
  0x00, 0x2C, 0x57, 0x56, 0x28, 0x00, 0x00, 0x00, 0x00, 0x00, 0x34, 0xC4, 0x82, 0x33, 0x3C, 0x6A,
  0xB5, 0x1C, 0x00, 0x00, 0x4B, 0xE5, 0x2C, 0x00, 0x50, 0xAD, 0x00, 0x59, 0xD4, 0x05, 0x0F, 0xE7,
  0x5B, 0x00, 0x00, 0xEB, 0xA8, 0x00, 0x02, 0xF2, 0x4A, 0x70, 0xE2, 0x02, 0x00, 0x5B, 0x7C, 0xD1,
  0x00, 0x00, 0xDC, 0x6F, 0x92, 0x99, 0x00, 0x22, 0xC6, 0x8D, 0xF7, 0x02, 0x00, 0xF1, 0x61, 0x61,
  0x92, 0x03, 0x81, 0x05, 0x4F, 0xFF, 0x40, 0x36, 0xFF, 0x23, 0x01, 0x78, 0x7B, 0x19, 0x00, 0x00,
  0x00, 0x02, 0xB8, 0xA8, 0x00, 0x00, 0x00, 0x02, 0x00, 0x00, 0x00, 0x1A, 0xAB, 0xB1, 0x0C, 0x00,
  0x00, 0x00, 0x14, 0x2F, 0x47, 0x67, 0x79, 0x34, 0x00, 0x00, 0x00, 0x00, 0x00, 0x00, 0x00, 0x02,
  0x00, 0x00, 0x00, 0x00, 0x00, 0x00, 0x00, 0x00, 0x00, 0x91, 0x2E, 0x00, 0x00, 0x00, 0x00, 0x00,
  0x00, 0x00, 0x00, 0xFF, 0x9E, 0x00, 0x00, 0x00, 0x00, 0x00, 0x00, 0x00, 0x33, 0xFF, 0xF8, 0x16,
  0x00, 0x00, 0x00, 0x00, 0x00, 0x00, 0x9B, 0x4C, 0xFF, 0x80, 0x00, 0x00, 0x00, 0x00, 0x00, 0x18,
  0x9C, 0x00, 0xD5, 0xE9, 0x07, 0x00, 0x00, 0x00, 0x00, 0x98, 0xB1, 0x78, 0xEB, 0xFF, 0x61, 0x00,
  0x00, 0x00, 0x07, 0xBA, 0x00, 0x00, 0x15, 0xFA, 0xD1, 0x00, 0x00, 0x05, 0xD2, 0xDC, 0x00, 0x00,
  0x06, 0xFF, 0xFF, 0xA5, 0x02, 0x17, 0xF7, 0xFF, 0x87, 0xCE, 0x95, 0x06, 0x00, 0x00, 0xB0, 0xF4,
  0x00, 0x6E, 0xFF, 0x5C, 0x00, 0x00, 0xB0, 0xF4, 0x00, 0x70, 0xFF, 0x3F, 0x00, 0x00, 0xB0, 0xF4,
  0x23, 0xD6, 0xB0, 0x0A, 0x00, 0x00, 0xB0, 0xF4, 0x00, 0x22, 0xFE, 0xAE, 0x00, 0x00, 0xB0, 0xF4,
  0x00, 0x00, 0xE8, 0xFF, 0x04, 0x00, 0xB0, 0xF4, 0x00, 0x1A, 0xFE, 0xDB, 0x00, 0x16, 0xDD, 0xFF,
  0x8C, 0xD0, 0xBA, 0x2B, 0x00, 0x00, 0x03, 0x6E, 0xB9, 0x84, 0x77, 0xA7, 0x63, 0x00, 0x00, 0xA7,
  0xEB, 0x1C, 0x00, 0x00, 0x0A, 0x8E, 0x00, 0x38, 0xFF, 0x82, 0x00, 0x00, 0x00, 0x00, 0x1B, 0x00,
  0x71, 0xFF, 0x52, 0x00, 0x00, 0x00, 0x00, 0x00, 0x00, 0x72, 0xFF, 0x52, 0x00, 0x00, 0x00, 0x00,
  0x0F, 0x00, 0x39, 0xFF, 0x82, 0x00, 0x00, 0x00, 0x00, 0x5C, 0x00, 0x00, 0xA8, 0xE9, 0x19, 0x00,
  0x00, 0x07, 0xBA, 0x04, 0x00, 0x03, 0x71, 0xB7, 0x83, 0x76, 0x8B, 0x2C, 0x00, 0x17, 0xFF, 0xFF,
  0x7C, 0x80, 0xB1, 0x90, 0x10, 0x00, 0x00, 0xB0, 0xF4, 0x00, 0x00, 0x06, 0xC7, 0xD1, 0x09, 0x00,
  0xB0, 0xF4, 0x00, 0x00, 0x00, 0x56, 0xFF, 0x66, 0x00, 0xB0, 0xF4, 0x00, 0x00, 0x00, 0x29, 0xFF,
  0x9D, 0x00, 0xB0, 0xF4, 0x00, 0x00, 0x00, 0x2A, 0xFF, 0x9D, 0x00, 0xB0, 0xF4, 0x00, 0x00, 0x00,
  0x55, 0xFF, 0x67, 0x00, 0xB0, 0xF4, 0x00, 0x00, 0x06, 0xC6, 0xD3, 0x0A, 0x16, 0xF1, 0xFF, 0x7C,
  0x80, 0xB1, 0x91, 0x10, 0x00, 0x00, 0x00, 0x00, 0x00, 0x00, 0x17, 0x00, 0x18, 0xE0, 0xFD, 0x7C,
  0x7E, 0xDF, 0x00, 0x00, 0xB0, 0xF4, 0x00, 0x00, 0x2A, 0x00, 0x00, 0xB0, 0xF4, 0x00, 0x00, 0x00,
  0x00, 0x00, 0xB0, 0xF4, 0x00, 0x00, 0x32, 0x00, 0x00, 0xB0, 0xFD, 0x78, 0x9B, 0x99, 0x00, 0x00,
  0xB0, 0xF4, 0x00, 0x00, 0x03, 0x19, 0x00, 0xB0, 0xF4, 0x00, 0x00, 0x11, 0x58, 0x16, 0xDD, 0xFD,
  0x7C, 0xEA, 0xFF, 0x45, 0x00, 0x00, 0x00, 0x00, 0x00, 0x17, 0x17, 0xDE, 0xFD, 0x7C, 0x7E, 0xD8,
  0x00, 0xB0, 0xF4, 0x00, 0x00, 0x1D, 0x00, 0xB0, 0xF4, 0x00, 0x00, 0x01, 0x00, 0xB0, 0xF4, 0x00,
  0x00, 0x37, 0x00, 0xB0, 0xFD, 0x78, 0x9D, 0x99, 0x00, 0xB0, 0xF4, 0x00, 0x00, 0x03, 0x00, 0xB0,
  0xF4, 0x00, 0x00, 0x00, 0x16, 0xDD, 0xFF, 0x39, 0x00, 0x00, 0x00, 0x05, 0x79, 0xBD, 0x85, 0x7F,
  0xA5, 0x64, 0x00, 0x00, 0x00, 0xB1, 0xE8, 0x18, 0x00, 0x00, 0x0D, 0x98, 0x00, 0x00, 0x3D, 0xFF,
  0x81, 0x00, 0x00, 0x00, 0x00, 0x23, 0x00, 0x00, 0x72, 0xFF, 0x52, 0x00, 0x00, 0x00, 0x00, 0x00,
  0x00, 0x00, 0x72, 0xFF, 0x50, 0x00, 0x00, 0x02, 0x55, 0x90, 0x51, 0x00, 0x3A, 0xFF, 0x79, 0x00,
  0x00, 0x00, 0x55, 0xFF, 0x50, 0x00, 0x00, 0xAF, 0xDE, 0x0E, 0x00, 0x00, 0x6B, 0xFF, 0x40, 0x00,
  0x00, 0x05, 0x7C, 0xB3, 0x7C, 0x7D, 0xA6, 0x42, 0x00, 0x00, 0x19, 0xE3, 0xFF, 0x36, 0x00, 0x0B,
  0xBF, 0xFF, 0x71, 0x00, 0x00, 0xB0, 0xF4, 0x00, 0x00, 0x00, 0x7C, 0xFF, 0x2C, 0x00, 0x00, 0xB0,
  0xF4, 0x00, 0x00, 0x00, 0x7C, 0xFF, 0x2C, 0x00, 0x00, 0xB0, 0xF4, 0x00, 0x00, 0x00, 0x7C, 0xFF,
  0x2C, 0x00, 0x00, 0xB0, 0xFF, 0x78, 0x78, 0x78, 0xC7, 0xFF, 0x2C, 0x00, 0x00, 0xB0, 0xF4, 0x00,
  0x00, 0x00, 0x7C, 0xFF, 0x2C, 0x00, 0x00, 0xB0, 0xF4, 0x00, 0x00, 0x00, 0x7C, 0xFF, 0x2C, 0x00,
  0x16, 0xDD, 0xFF, 0x30, 0x00, 0x0A, 0xB7, 0xFF, 0x6A, 0x00, 0x17, 0xDE, 0xFF, 0x36, 0x00, 0xB0,
  0xF4, 0x00, 0x00, 0xB0, 0xF4, 0x00, 0x00, 0xB0, 0xF4, 0x00, 0x00, 0xB0, 0xF4, 0x00, 0x00, 0xB0,
  0xF4, 0x00, 0x00, 0xB0, 0xF4, 0x00, 0x16, 0xDD, 0xFF, 0x35, 0x15, 0xD8, 0xFF, 0x3D, 0x00, 0xA8,
  0xFC, 0x00, 0x00, 0xA8, 0xFC, 0x00, 0x00, 0xA8, 0xFC, 0x00, 0x00, 0xA8, 0xFC, 0x00, 0x00, 0xA8,
  0xFC, 0x00, 0x00, 0xA8, 0xFC, 0x00, 0x00, 0xAA, 0xF8, 0x00, 0x00, 0xC9, 0xCB, 0x00, 0x42, 0xE9,
  0x38, 0x00, 0x31, 0x0C, 0x00, 0x00, 0x17, 0xDB, 0xFF, 0x36, 0x00, 0x31, 0xFF, 0x4A, 0x02, 0x00,
  0xB0, 0xF4, 0x00, 0x01, 0xAD, 0x28, 0x00, 0x00, 0x00, 0xB0, 0xF4, 0x00, 0x74, 0x4F, 0x00, 0x00,
  0x00, 0x00, 0xB0, 0xF4, 0x47, 0xFF, 0x05, 0x00, 0x00, 0x00, 0x00, 0xB0, 0xF4, 0x92, 0xFF, 0x85,
  0x00, 0x00, 0x00, 0x00, 0xB0, 0xF4, 0x06, 0xD0, 0xFD, 0x3C, 0x00, 0x00, 0x00, 0xB0, 0xF4, 0x00,
  0x2C, 0xF8, 0xDF, 0x0E, 0x00, 0x14, 0xDC, 0xFF, 0x33, 0x00, 0x4B, 0xDC, 0xB1, 0x17, 0x17, 0xDE,
  0xFF, 0x36, 0x00, 0x00, 0x00, 0x00, 0xB0, 0xF4, 0x00, 0x00, 0x00, 0x00, 0x00, 0xB0, 0xF4, 0x00,
  0x00, 0x00, 0x00, 0x00, 0xB0, 0xF4, 0x00, 0x00, 0x00, 0x00, 0x00, 0xB0, 0xF4, 0x00, 0x00, 0x00,
  0x00, 0x00, 0xB0, 0xF4, 0x00, 0x00, 0x00, 0x0D, 0x00, 0xB0, 0xF4, 0x00, 0x00, 0x0A, 0x53, 0x16,
  0xDD, 0xFD, 0x7C, 0xE8, 0xFF, 0x47, 0x00, 0x00, 0x09, 0x02, 0x00, 0x00, 0x00, 0x00, 0x00, 0x0B,
  0x00, 0x00, 0x00, 0x00, 0x74, 0x7B, 0x00, 0x00, 0x00, 0x00, 0x08, 0xE1, 0x00, 0x00, 0x00, 0x00,
  0xB5, 0xFF, 0x11, 0x00, 0x00, 0x00, 0x8C, 0xFF, 0x00, 0x00, 0x00, 0x00, 0xC9, 0xFF, 0x93, 0x00,
  0x00, 0x17, 0xFF, 0xFB, 0x03, 0x00, 0x00, 0x00, 0xA7, 0xBF, 0xFC, 0x2D, 0x00, 0x98, 0xBB, 0xFF,
  0x20, 0x00, 0x00, 0x00, 0xB5, 0x2A, 0xFB, 0xBF, 0x2C, 0xA2, 0x6B, 0xFF, 0x42, 0x00, 0x00, 0x00,
  0xBA, 0x00, 0x93, 0xFF, 0xFF, 0x1F, 0x50, 0xFF, 0x63, 0x00, 0x00, 0x0B, 0xB4, 0x00, 0x12, 0xFF,
  0xCF, 0x00, 0x35, 0xFF, 0x85, 0x00, 0x02, 0x8A, 0xDA, 0x05, 0x00, 0xBE, 0x1F, 0x00, 0x47, 0xFF,
  0xFF, 0x18, 0x00, 0x0B, 0x00, 0x00, 0x00, 0x00, 0x00, 0x00, 0x00, 0x00, 0x00, 0xFF, 0x25, 0x00,
  0x00, 0x03, 0x7D, 0xFF, 0x90, 0x05, 0x00, 0xFF, 0xFF, 0x22, 0x00, 0x00, 0x40, 0xFF, 0x50, 0x00,
  0x00, 0xCC, 0xFF, 0xDA, 0x24, 0x00, 0x40, 0xFF, 0x50, 0x00, 0x00, 0xCC, 0xC4, 0x44, 0xDA, 0x25,
  0x40, 0xFF, 0x50, 0x00, 0x00, 0xCC, 0xC5, 0x00, 0x41, 0xDB, 0x67, 0xFF, 0x50, 0x00, 0x00, 0xCC,
  0xC6, 0x00, 0x00, 0x3E, 0xFF, 0xFF, 0x50, 0x00, 0x00, 0xCC, 0xC6, 0x00, 0x00, 0x00, 0x58, 0xFF,
  0x6B, 0x00, 0x1E, 0xF3, 0xEB, 0x1D, 0x00, 0x00, 0x00, 0x6A, 0x8A, 0x00, 0x00, 0x02, 0x6C, 0xB3,
  0x7D, 0x88, 0xB2, 0x43, 0x00, 0x00, 0x00, 0xA0, 0xEB, 0x18, 0x00, 0x00, 0x4D, 0xFE, 0x59, 0x00,
  0x30, 0xFF, 0x8B, 0x00, 0x00, 0x00, 0x00, 0xD6, 0xE6, 0x04, 0x69, 0xFF, 0x61, 0x00, 0x00, 0x00,
  0x00, 0xAA, 0xFF, 0x24, 0x6A, 0xFF, 0x60, 0x00, 0x00, 0x00, 0x00, 0xAA, 0xFF, 0x24, 0x31, 0xFF,
  0x8B, 0x00, 0x00, 0x00, 0x00, 0xD6, 0xE6, 0x04, 0x00, 0xA3, 0xEB, 0x18, 0x00, 0x00, 0x4D, 0xFF,
  0x5A, 0x00, 0x00, 0x03, 0x70, 0xB5, 0x7E, 0x89, 0xB4, 0x46, 0x00, 0x00, 0x15, 0xD9, 0xFF, 0x7D,
  0xBA, 0xC4, 0x28, 0x00, 0xA8, 0xFC, 0x00, 0x09, 0xF4, 0xBD, 0x00, 0xA8, 0xFC, 0x00, 0x00, 0xE6,
  0xD4, 0x00, 0xA8, 0xFC, 0x00, 0x60, 0xFF, 0x83, 0x00, 0xA8, 0xFC, 0x2B, 0x8A, 0x63, 0x04, 0x00,
  0xA8, 0xFC, 0x00, 0x00, 0x00, 0x00, 0x00, 0xA8, 0xFC, 0x00, 0x00, 0x00, 0x00, 0x14, 0xD7, 0xFF,
  0x3B, 0x00, 0x00, 0x00, 0x00, 0x03, 0x6E, 0xB2, 0x7D, 0x89, 0xB1, 0x42, 0x00, 0x00, 0x00, 0x00,
  0x00, 0x00, 0x00, 0x00, 0xA4, 0xEA, 0x16, 0x00, 0x00, 0x4F, 0xFE, 0x56, 0x00, 0x00, 0x00, 0x00,
  0x00, 0x00, 0x32, 0xFF, 0x88, 0x00, 0x00, 0x00, 0x00, 0xD7, 0xE2, 0x02, 0x00, 0x00, 0x00, 0x00,
  0x00, 0x6A, 0xFF, 0x5D, 0x00, 0x00, 0x00, 0x00, 0xAB, 0xFF, 0x1D, 0x00, 0x00, 0x00, 0x00, 0x00,
  0x6A, 0xFF, 0x5D, 0x00, 0x00, 0x00, 0x00, 0xA9, 0xFF, 0x1C, 0x00, 0x00, 0x00, 0x00, 0x00, 0x34,
  0xFF, 0x88, 0x00, 0x00, 0x00, 0x00, 0xD4, 0xE2, 0x02, 0x00, 0x00, 0x00, 0x00, 0x00, 0x00, 0xA7,
  0xE9, 0x14, 0x00, 0x00, 0x49, 0xFE, 0x57, 0x00, 0x00, 0x00, 0x00, 0x00, 0x00, 0x00, 0x03, 0x72,
  0xB1, 0x9E, 0xDD, 0xE3, 0x47, 0x00, 0x00, 0x00, 0x00, 0x00, 0x00, 0x00, 0x00, 0x00, 0x00, 0x00,
  0x02, 0x37, 0xAC, 0xE9, 0x8F, 0x2B, 0x00, 0x00, 0x00, 0x00, 0x1A, 0x00, 0x00, 0x00, 0x00, 0x00,
  0x00, 0x00, 0x4C, 0xE1, 0xFF, 0xD6, 0x9A, 0x87, 0xAA, 0xA3, 0x00, 0x00, 0x00, 0x00, 0x00, 0x00,
  0x00, 0x00, 0x0A, 0x74, 0xD1, 0xF3, 0xEC, 0x98, 0x0B, 0x00, 0x00, 0x00, 0x00, 0x00, 0x00, 0x00,
  0x00, 0x00, 0x00, 0x00, 0x00, 0x00, 0x00, 0x00, 0x15, 0xD8, 0xFF, 0x84, 0xBB, 0xC0, 0x29, 0x00,
  0x00, 0x00, 0xA8, 0xFC, 0x00, 0x0A, 0xF7, 0xBD, 0x00, 0x00, 0x00, 0xA8, 0xFC, 0x00, 0x01, 0xEB,
  0xCF, 0x00, 0x00, 0x00, 0xA8, 0xFC, 0x07, 0x69, 0xFF, 0x65, 0x00, 0x00, 0x00, 0xA8, 0xFC, 0x31,
  0xF8, 0x8A, 0x00, 0x00, 0x00, 0x00, 0xA8, 0xFC, 0x00, 0x9F, 0xFF, 0x4A, 0x00, 0x00, 0x00, 0xA8,
  0xFC, 0x00, 0x2A, 0xFB, 0xE2, 0x0F, 0x00, 0x14, 0xD7, 0xFF, 0x39, 0x00, 0x55, 0xD8, 0xB4, 0x1D,
  0x00, 0x70, 0xA1, 0x80, 0xF8, 0x36, 0x23, 0xFF, 0x12, 0x00, 0x13, 0x16, 0x37, 0xFF, 0xAE, 0x13,
  0x00, 0x00, 0x01, 0xA7, 0xFF, 0xE8, 0x54, 0x00, 0x00, 0x00, 0x5F, 0xEF, 0xFF, 0x78, 0x1E, 0x00,
  0x00, 0x1A, 0xCE, 0xD3, 0x67, 0x43, 0x00, 0x00, 0x81, 0xA2, 0x2D, 0xB7, 0x85, 0x7A, 0x9B, 0x13,
  0x19, 0x01, 0x00, 0x00, 0x00, 0x00, 0x11, 0x0A, 0xBB, 0x78, 0x98, 0xFF, 0xF0, 0x70, 0xB0, 0x34,
  0x1E, 0x00, 0x28, 0xFF, 0x80, 0x00, 0x01, 0x1C, 0x00, 0x00, 0x28, 0xFF, 0x80, 0x00, 0x00, 0x00,
  0x00, 0x00, 0x28, 0xFF, 0x80, 0x00, 0x00, 0x00, 0x00, 0x00, 0x28, 0xFF, 0x80, 0x00, 0x00, 0x00,
  0x00, 0x00, 0x28, 0xFF, 0x80, 0x00, 0x00, 0x00, 0x00, 0x00, 0x28, 0xFF, 0x80, 0x00, 0x00, 0x00,
  0x00, 0x00, 0x6B, 0xFF, 0xB8, 0x0B, 0x00, 0x00, 0x18, 0xEE, 0xEC, 0x19, 0x00, 0x00, 0x1B, 0xF2,
  0x23, 0x00, 0xD4, 0xD4, 0x00, 0x00, 0x00, 0x00, 0xCC, 0x00, 0x00, 0xD4, 0xD4, 0x00, 0x00, 0x00,
  0x00, 0xCC, 0x00, 0x00, 0xD4, 0xD4, 0x00, 0x00, 0x00, 0x00, 0xCC, 0x00, 0x00, 0xD4, 0xD4, 0x00,
  0x00, 0x00, 0x00, 0xCC, 0x00, 0x00, 0xC4, 0xED, 0x00, 0x00, 0x00, 0x00, 0xC8, 0x00, 0x00, 0x6F,
  0xFF, 0x38, 0x00, 0x00, 0x47, 0x8F, 0x00, 0x00, 0x01, 0x74, 0xC6, 0x88, 0x7D, 0x86, 0x09, 0x00,
  0x05, 0xD6, 0xFF, 0xFF, 0x02, 0x00, 0x00, 0xDA, 0xD6, 0x05, 0x00, 0x06, 0xE6, 0xEE, 0x08, 0x00,
  0x00, 0xB8, 0x06, 0x00, 0x00, 0x00, 0x7B, 0xFF, 0x5D, 0x00, 0x3E, 0x7B, 0x00, 0x00, 0x00, 0x00,
  0x12, 0xF5, 0xC2, 0x00, 0x9F, 0x13, 0x00, 0x00, 0x00, 0x00, 0x00, 0x96, 0xFF, 0x43, 0x92, 0x00,
  0x00, 0x00, 0x00, 0x00, 0x00, 0x25, 0xFE, 0xFF, 0x27, 0x00, 0x00, 0x00, 0x00, 0x00, 0x00, 0x00,
  0xB2, 0xFF, 0x00, 0x00, 0x00, 0x00, 0x00, 0x00, 0x00, 0x00, 0x3F, 0x80, 0x00, 0x00, 0x00, 0x00,
  0x00, 0x00, 0x00, 0x00, 0x00, 0x02, 0x00, 0x00, 0x00, 0x00, 0x00, 0x00, 0x00, 0x00, 0x00, 0x00,
  0x06, 0x00, 0x00, 0x00, 0x00, 0x00, 0x07, 0xEA, 0xFF, 0xCA, 0x00, 0x00, 0xB9, 0x42, 0x00, 0x06,
  0xFF, 0x45, 0x00, 0x13, 0xFA, 0xB8, 0x00, 0x00, 0xFF, 0xB3, 0x00, 0x08, 0xA8, 0x00, 0x00, 0x00,
  0xB1, 0xFB, 0x14, 0x3F, 0xFF, 0xFD, 0x21, 0x48, 0x64, 0x00, 0x00, 0x00, 0x55, 0xFF, 0x68, 0xA5,
  0x4E, 0xFF, 0x8F, 0x8E, 0x17, 0x00, 0x00, 0x00, 0x08, 0xF0, 0xDB, 0x9F, 0x00, 0xC3, 0xF2, 0xAD,
  0x00, 0x00, 0x00, 0x00, 0x00, 0x9C, 0xFF, 0x36, 0x00, 0x51, 0xFF, 0xBB, 0x00, 0x00, 0x00, 0x00,
  0x00, 0x3F, 0xFF, 0x00, 0x00, 0x02, 0xFF, 0x41, 0x00, 0x00, 0x00, 0x00, 0x00, 0x01, 0x96, 0x00,
  0x00, 0x00, 0x9C, 0x00, 0x00, 0x00, 0x04, 0x70, 0xFF, 0xFF, 0x28, 0x00, 0x59, 0xFF, 0x43, 0x00,
  0x00, 0x00, 0x72, 0xFF, 0x7A, 0x00, 0xA2, 0x3F, 0x00, 0x00, 0x00, 0x00, 0x03, 0xCF, 0xF6, 0x63,
  0x96, 0x00, 0x00, 0x00, 0x00, 0x00, 0x00, 0x36, 0xFF, 0xFF, 0x0E, 0x00, 0x00, 0x00, 0x00, 0x00,
  0x00, 0x2A, 0xFF, 0xFF, 0x59, 0x00, 0x00, 0x00, 0x00, 0x00, 0x04, 0xBC, 0x28, 0xE6, 0xE8, 0x10,
  0x00, 0x00, 0x00, 0x00, 0x81, 0x60, 0x00, 0x57, 0xFF, 0x98, 0x00, 0x00, 0x06, 0x95, 0xFF, 0x0F,
  0x00, 0x11, 0xFF, 0xFF, 0xA0, 0x08, 0x09, 0xAC, 0xFF, 0xFF, 0x09, 0x00, 0x1D, 0xFF, 0x55, 0x01,
  0x00, 0x00, 0xAB, 0xFB, 0x26, 0x00, 0x67, 0x61, 0x00, 0x00, 0x00, 0x00, 0x1F, 0xF7, 0xA9, 0x0B,
  0xAE, 0x01, 0x00, 0x00, 0x00, 0x00, 0x00, 0x83, 0xFE, 0xAF, 0x31, 0x00, 0x00, 0x00, 0x00, 0x00,
  0x00, 0x0B, 0xFF, 0xEC, 0x00, 0x00, 0x00, 0x00, 0x00, 0x00, 0x00, 0x00, 0xFF, 0xA8, 0x00, 0x00,
  0x00, 0x00, 0x00, 0x00, 0x00, 0x00, 0xFF, 0xA8, 0x00, 0x00, 0x00, 0x00, 0x00, 0x00, 0x00, 0x3D,
  0xFF, 0xD6, 0x14, 0x00, 0x00, 0x00, 0x0D, 0x0A, 0x00, 0x00, 0x00, 0x01, 0x0C, 0x63, 0xAC, 0x7C,
  0x7C, 0xCE, 0xFF, 0x5C, 0x20, 0x00, 0x00, 0x16, 0xF2, 0xD1, 0x02, 0x00, 0x00, 0x00, 0x94, 0xFF,
  0x49, 0x00, 0x00, 0x00, 0x23, 0xFA, 0xBF, 0x00, 0x00, 0x00, 0x00, 0xA9, 0xFF, 0x36, 0x00, 0x00,
  0x00, 0x35, 0xFE, 0xAC, 0x00, 0x00, 0x0A, 0x00, 0xBF, 0xFB, 0x26, 0x00, 0x00, 0x57, 0x49, 0xFF,
  0xFF, 0x7C, 0xA5, 0xFF, 0xE2, 0xB0, 0xFC, 0x5A, 0x03, 0xB0, 0xF8, 0x00, 0x00, 0xB0, 0xF8, 0x00,
  0x00, 0xB0, 0xF8, 0x00, 0x00, 0xB0, 0xF8, 0x00, 0x00, 0xB0, 0xF8, 0x00, 0x00, 0xB0, 0xF8, 0x00,
  0x00, 0xB0, 0xF8, 0x00, 0x00, 0xB0, 0xF8, 0x00, 0x00, 0x58, 0x80, 0x5A, 0x04, 0x0D, 0x00, 0x00,
  0x00, 0x00, 0x9A, 0x0C, 0x00, 0x00, 0x00, 0x32, 0x74, 0x00, 0x00, 0x00, 0x00, 0x9E, 0x09, 0x00,
  0x00, 0x00, 0x38, 0x70, 0x00, 0x00, 0x00, 0x00, 0xA0, 0x08, 0x00, 0x00, 0x00, 0x3D, 0x6B, 0x00,
  0x00, 0x00, 0x00, 0xA2, 0x06, 0x00, 0x00, 0x00, 0x42, 0x63, 0x00, 0x00, 0x00, 0x00, 0x07, 0x1D,
  0xA9, 0xFF, 0x44, 0x00, 0x64, 0xFF, 0x44, 0x00, 0x64, 0xFF, 0x44, 0x00, 0x64, 0xFF, 0x44, 0x00,
  0x64, 0xFF, 0x44, 0x00, 0x64, 0xFF, 0x44, 0x00, 0x64, 0xFF, 0x44, 0x00, 0x64, 0xFF, 0x44, 0x00,
  0x65, 0xFF, 0x44, 0x1F, 0x75, 0x80, 0x22, 0x00, 0x00, 0x45, 0x51, 0x00, 0x00, 0x00, 0x42, 0xA0,
  0x90, 0x55, 0x00, 0x33, 0xA6, 0x05, 0x01, 0x98, 0x44, 0x78, 0x78, 0x78, 0x78, 0x78, 0x3C, 0x01,
  0x37, 0x00, 0x22, 0xE7, 0x50, 0x00, 0x0A, 0x4E, 0x00, 0x00, 0x00, 0x00, 0x03, 0x00, 0x00, 0x00,
  0x00, 0x00, 0x00, 0x00, 0x00, 0x7B, 0x00, 0x00, 0x00, 0x00, 0x00, 0x00, 0x00, 0x33, 0xFF, 0x1A,
  0x00, 0x00, 0x00, 0x00, 0x00, 0x00, 0xA8, 0xFF, 0x8F, 0x00, 0x00, 0x00, 0x00, 0x00, 0x1D, 0x93,
  0xAB, 0xF6, 0x17, 0x00, 0x00, 0x00, 0x00, 0x8C, 0x2E, 0x38, 0xFF, 0x8A, 0x00, 0x00, 0x00, 0x0E,
  0xDA, 0x70, 0x70, 0xFA, 0xF3, 0x13, 0x00, 0x05, 0xE6, 0xB1, 0x00, 0x00, 0x9F, 0xFF, 0xFF, 0x08,
  0x1D, 0xFF, 0xFF, 0x98, 0xD0, 0x39, 0x00, 0x00, 0xE4, 0xAC, 0x00, 0xE1, 0xBC, 0x00, 0x00, 0xE4,
  0xAC, 0x01, 0xE6, 0xAC, 0x00, 0x00, 0xE4, 0xAC, 0x58, 0xEF, 0x51, 0x00, 0x00, 0xE4, 0xAC, 0x00,
  0x91, 0xFB, 0x27, 0x00, 0xE4, 0xAC, 0x00, 0x8C, 0xFF, 0x3E, 0x1D, 0xF9, 0xDB, 0x87, 0xDD, 0x87,
  0x01, 0x00, 0x26, 0xAA, 0x97, 0x75, 0x93, 0x7E, 0x00, 0x1A, 0xEB, 0x8E, 0x00, 0x00, 0x00, 0x75,
  0x00, 0x7A, 0xFF, 0x29, 0x00, 0x00, 0x00, 0x0B, 0x00, 0x99, 0xFF, 0x10, 0x00, 0x00, 0x00, 0x00,
  0x00, 0x7A, 0xFF, 0x29, 0x00, 0x00, 0x00, 0x33, 0x02, 0x1B, 0xEC, 0x8B, 0x00, 0x00, 0x00, 0x92,
  0x0E, 0x00, 0x27, 0xAB, 0x92, 0x72, 0x7F, 0x55, 0x00, 0x20, 0xFF, 0xFF, 0x70, 0x86, 0xBF, 0x4F,
  0x00, 0x00, 0xE0, 0xB4, 0x00, 0x00, 0x56, 0xFE, 0x4A, 0x00, 0xE0, 0xB4, 0x00, 0x00, 0x02, 0xF2,
  0xB7, 0x00, 0xE0, 0xB4, 0x00, 0x00, 0x00, 0xDB, 0xD4, 0x00, 0xE0, 0xB4, 0x00, 0x00, 0x01, 0xF2,
  0xB7, 0x00, 0xE0, 0xB4, 0x00, 0x00, 0x56, 0xFE, 0x4A, 0x20, 0xFF, 0xFF, 0x74, 0x89, 0xC0, 0x4F,
  0x00, 0x00, 0x00, 0x00, 0x00, 0x07, 0x0C, 0x1F, 0xFE, 0xD6, 0x74, 0x7A, 0x35, 0x00, 0xE4, 0xB0,
  0x00, 0x12, 0x43, 0x00, 0xE4, 0xB0, 0x00, 0x13, 0x05, 0x00, 0xE4, 0xD4, 0x70, 0x8A, 0x00, 0x00,
  0xE4, 0xB0, 0x00, 0x4B, 0x00, 0x00, 0xE4, 0xB0, 0x00, 0x00, 0x40, 0x1F, 0xFE, 0xD6, 0x87, 0xFF,
  0xD0, 0x00, 0x00, 0x00, 0x00, 0x05, 0x0C, 0x1E, 0xFD, 0xD6, 0x74, 0x8C, 0x6B, 0x00, 0xE4, 0xB0,
  0x00, 0x00, 0x18, 0x00, 0xE4, 0xB0, 0x00, 0x28, 0x00, 0x00, 0xE4, 0xD4, 0x70, 0x96, 0x00, 0x00,
  0xE4, 0xB0, 0x00, 0x52, 0x00, 0x00, 0xE4, 0xB0, 0x00, 0x00, 0x00, 0x1D, 0xFC, 0xD4, 0x10, 0x00,
  0x00, 0x00, 0x2F, 0xB6, 0x9A, 0x77, 0x93, 0x7D, 0x00, 0x1C, 0xEF, 0x8B, 0x00, 0x00, 0x00, 0x67,
  0x00, 0x7B, 0xFF, 0x29, 0x00, 0x00, 0x00, 0x06, 0x00, 0x99, 0xFF, 0x12, 0x00, 0x00, 0x43, 0x8C,
  0x47, 0x7B, 0xFF, 0x2F, 0x00, 0x00, 0x45, 0xFF, 0x4C, 0x1C, 0xEF, 0x79, 0x00, 0x00, 0x5C, 0xFF,
  0x3B, 0x00, 0x2F, 0xB3, 0x87, 0x71, 0xA9, 0x48, 0x00, 0x21, 0xFF, 0xD4, 0x0F, 0x03, 0x9B, 0xFF,
  0x5C, 0x00, 0xE8, 0xB0, 0x00, 0x00, 0x68, 0xFF, 0x28, 0x00, 0xE8, 0xB0, 0x00, 0x00, 0x68, 0xFF,
  0x28, 0x00, 0xE8, 0xDF, 0x70, 0x70, 0xB3, 0xFF, 0x28, 0x00, 0xE8, 0xB0, 0x00, 0x00, 0x68, 0xFF,
  0x28, 0x00, 0xE8, 0xB0, 0x00, 0x00, 0x68, 0xFF, 0x28, 0x20, 0xFE, 0xD6, 0x0F, 0x03, 0x99, 0xFF,
  0x60, 0x1F, 0xF6, 0xDF, 0x14, 0x00, 0xDC, 0xBC, 0x00, 0x00, 0xDC, 0xBC, 0x00, 0x00, 0xDC, 0xBC,
  0x00, 0x00, 0xDC, 0xBC, 0x00, 0x00, 0xDC, 0xBC, 0x00, 0x1D, 0xF5, 0xE0, 0x15, 0x00, 0x24, 0xFF,
  0xD7, 0x12, 0x00, 0x00, 0xE8, 0xB0, 0x00, 0x00, 0x00, 0xE8, 0xB0, 0x00, 0x00, 0x00, 0xE8, 0xB0,
  0x00, 0x00, 0x00, 0xE8, 0xB0, 0x00, 0x00, 0x00, 0xE8, 0xB0, 0x00, 0x00, 0x00, 0xEC, 0xA8, 0x00,
  0x00, 0x18, 0xFF, 0x63, 0x00, 0x00, 0x7F, 0x75, 0x00, 0x00, 0x21, 0xF5, 0xD9, 0x13, 0x01, 0xFF,
  0x86, 0x07, 0x00, 0xE0, 0xB4, 0x00, 0x6A, 0x5A, 0x00, 0x00, 0x00, 0xE0, 0xB4, 0x28, 0x98, 0x00,
  0x00, 0x00, 0x00, 0xE0, 0xB4, 0xFF, 0xC4, 0x02, 0x00, 0x00, 0x00, 0xE0, 0xB4, 0x86, 0xFF, 0x74,
  0x00, 0x00, 0x00, 0xE0, 0xB4, 0x05, 0xCE, 0xF8, 0x2D, 0x00, 0x1C, 0xF4, 0xD7, 0x0F, 0x20, 0xC5,
  0xD2, 0x20, 0x21, 0xFA, 0xD3, 0x10, 0x00, 0x00, 0x00, 0xE4, 0xB0, 0x00, 0x00, 0x00, 0x00, 0xE4,
  0xB0, 0x00, 0x00, 0x00, 0x00, 0xE4, 0xB0, 0x00, 0x00, 0x00, 0x00, 0xE4, 0xB0, 0x00, 0x00, 0x04,
  0x00, 0xE4, 0xB0, 0x00, 0x00, 0x4B, 0x1F, 0xFE, 0xD6, 0x87, 0xFF, 0xD1, 0x00, 0x00, 0x04, 0x00,
  0x00, 0x00, 0x00, 0x00, 0x04, 0x00, 0x00, 0x00, 0x00, 0xA5, 0x36, 0x00, 0x00, 0x00, 0x00, 0xDF,
  0x00, 0x00, 0x00, 0x00, 0xFF, 0xDC, 0x04, 0x00, 0x00, 0x4B, 0xFF, 0x10, 0x00, 0x00, 0x00, 0xFF,
  0xFF, 0x7A, 0x00, 0x08, 0xFF, 0xFF, 0x34, 0x00, 0x00, 0x00, 0xAB, 0xD1, 0xF7, 0x26, 0x80, 0xA0,
  0xFF, 0x57, 0x00, 0x00, 0x01, 0xA9, 0x36, 0xFD, 0xE3, 0xA9, 0x31, 0xFF, 0x7B, 0x00, 0x00, 0x1C,
  0x94, 0x00, 0x90, 0xFF, 0x20, 0x0E, 0xFF, 0x9E, 0x00, 0x02, 0x9D, 0x9E, 0x00, 0x0D, 0xDA, 0x00,
  0x13, 0xFF, 0xFF, 0x18, 0x00, 0x02, 0x00, 0x00, 0x00, 0x00, 0x00, 0x00, 0x00, 0x0A, 0xFF, 0x07,
  0x00, 0x00, 0x29, 0xFF, 0xBA, 0x0A, 0x00, 0xFF, 0xFF, 0x0E, 0x00, 0x00, 0xF4, 0x90, 0x00, 0x00,
  0xFC, 0xE6, 0xCA, 0x17, 0x00, 0xF4, 0x90, 0x00, 0x00, 0xFC, 0x84, 0x4F, 0xD3, 0x22, 0xF4, 0x90,
  0x00, 0x00, 0xFC, 0x84, 0x00, 0x3D, 0xD8, 0xFF, 0x90, 0x00, 0x00, 0xFC, 0x84, 0x00, 0x00, 0x2E,
  0xFF, 0xC7, 0x00, 0x2D, 0xFF, 0xAD, 0x09, 0x00, 0x00, 0x31, 0xCC, 0x00, 0x00, 0x1C, 0x9E, 0x87,
  0x73, 0xA9, 0x62, 0x01, 0x00, 0x0F, 0xE0, 0x92, 0x00, 0x00, 0x16, 0xF0, 0x7C, 0x00, 0x76, 0xFF,
  0x2F, 0x00, 0x00, 0x00, 0xA3, 0xF8, 0x0B, 0x96, 0xFF, 0x14, 0x00, 0x00, 0x00, 0x89, 0xFF, 0x25,
  0x78, 0xFF, 0x2D, 0x00, 0x00, 0x00, 0xA1, 0xFA, 0x0C, 0x12, 0xE4, 0x8F, 0x00, 0x00, 0x14, 0xEE,
  0x82, 0x00, 0x00, 0x20, 0xA3, 0x85, 0x70, 0xAA, 0x69, 0x03, 0x00, 0x1F, 0xFC, 0xDB, 0x81, 0xD8,
  0x6A, 0x00, 0x00, 0xE4, 0xB0, 0x00, 0x8F, 0xFD, 0x19, 0x00, 0xE4, 0xB0, 0x00, 0x99, 0xFF, 0x1E,
  0x00, 0xE4, 0xB0, 0x65, 0xF7, 0x8F, 0x00, 0x00, 0xE4, 0xB0, 0x0C, 0x1C, 0x00, 0x00, 0x00, 0xE4,
  0xB0, 0x00, 0x00, 0x00, 0x00, 0x20, 0xFD, 0xD6, 0x0F, 0x00, 0x00, 0x00, 0x00, 0x20, 0xA4, 0x84,
  0x76, 0xAF, 0x4D, 0x00, 0x00, 0x00, 0x00, 0x00, 0x00, 0x10, 0xE3, 0x8C, 0x00, 0x00, 0x31, 0xFE,
  0x50, 0x00, 0x00, 0x00, 0x00, 0x00, 0x76, 0xFF, 0x2D, 0x00, 0x00, 0x00, 0xD2, 0xD2, 0x00, 0x00,
  0x00, 0x00, 0x00, 0x96, 0xFF, 0x14, 0x00, 0x00, 0x00, 0xB9, 0xF2, 0x00, 0x00, 0x00, 0x00, 0x00,
  0x78, 0xFF, 0x2B, 0x00, 0x00, 0x00, 0xD0, 0xD4, 0x00, 0x00, 0x00, 0x00, 0x00, 0x13, 0xE7, 0x88,
  0x00, 0x00, 0x2D, 0xFD, 0x55, 0x00, 0x00, 0x00, 0x00, 0x00, 0x00, 0x24, 0xA8, 0x86, 0xC9, 0xEB,
  0x5D, 0x00, 0x00, 0x00, 0x00, 0x00, 0x00, 0x00, 0x00, 0x00, 0x00, 0x0E, 0x71, 0xEC, 0xB9, 0x66,
  0x26, 0x07, 0x16, 0x44, 0x00, 0x00, 0x00, 0x00, 0x00, 0x00, 0x21, 0xB8, 0xFF, 0xFF, 0xFF, 0xFF,
  0x61, 0x00, 0x00, 0x00, 0x00, 0x00, 0x00, 0x00, 0x00, 0x37, 0x7D, 0x86, 0x3F, 0x00, 0x18, 0xF3,
  0xE9, 0x85, 0xDA, 0x80, 0x00, 0x00, 0x00, 0xD4, 0xC4, 0x00, 0x82, 0xFF, 0x24, 0x00, 0x00, 0xD4,
  0xC4, 0x00, 0x90, 0xFC, 0x1B, 0x00, 0x00, 0xD4, 0xC4, 0x62, 0xEA, 0x5A, 0x00, 0x00, 0x00, 0xD4,
  0xC4, 0x2A, 0xFF, 0x8C, 0x00, 0x00, 0x00, 0xD4, 0xC4, 0x00, 0xB2, 0xFD, 0x32, 0x00, 0x19, 0xF4,
  0xE8, 0x13, 0x19, 0xC4, 0xCF, 0x22, 0x05, 0xA3, 0x8F, 0x9F, 0xA4, 0x00, 0x47, 0xE9, 0x06, 0x00,
  0x19, 0x00, 0x3F, 0xFF, 0xD2, 0x37, 0x00, 0x00, 0x00, 0x6E, 0xF5, 0xFD, 0x7F, 0x00, 0x0E, 0x00,
  0x23, 0xBD, 0xFF, 0x21, 0x6E, 0x1F, 0x00, 0x13, 0xFA, 0x14, 0x40, 0xB7, 0x7E, 0x8A, 0x5E, 0x00,
  0x14, 0x00, 0x00, 0x00, 0x00, 0x04, 0x10, 0xB2, 0x6B, 0xE8, 0xFF, 0x80, 0x78, 0x73, 0x1C, 0x00,
  0x80, 0xFF, 0x18, 0x00, 0x15, 0x00, 0x00, 0x80, 0xFF, 0x18, 0x00, 0x00, 0x00, 0x00, 0x80, 0xFF,
  0x18, 0x00, 0x00, 0x00, 0x00, 0x80, 0xFF, 0x18, 0x00, 0x00, 0x00, 0x00, 0x80, 0xFF, 0x18, 0x00,
  0x00, 0x00, 0x06, 0xAC, 0xFF, 0x4E, 0x00, 0x00, 0x35, 0xFF, 0xAE, 0x05, 0x00, 0x14, 0xDB, 0x15,
  0x0C, 0xFF, 0x8C, 0x00, 0x00, 0x00, 0xB8, 0x00, 0x0C, 0xFF, 0x8C, 0x00, 0x00, 0x00, 0xB8, 0x00,
  0x0C, 0xFF, 0x8C, 0x00, 0x00, 0x00, 0xB8, 0x00, 0x06, 0xFD, 0x93, 0x00, 0x00, 0x00, 0xB5, 0x00,
  0x00, 0xC7, 0xCA, 0x00, 0x00, 0x1B, 0x9A, 0x00, 0x00, 0x22, 0xB2, 0xA1, 0x71, 0x86, 0x15, 0x00,
  0x05, 0xEC, 0xFF, 0xC2, 0x00, 0x00, 0xA9, 0xEB, 0x06, 0x00, 0x0E, 0xF0, 0xCA, 0x00, 0x00, 0xB0,
  0x0F, 0x00, 0x00, 0x00, 0x87, 0xFF, 0x34, 0x2B, 0x8B, 0x00, 0x00, 0x00, 0x00, 0x18, 0xF8, 0x9E,
  0x91, 0x1C, 0x00, 0x00, 0x00, 0x00, 0x00, 0x99, 0xFF, 0xA7, 0x00, 0x00, 0x00, 0x00, 0x00, 0x00,
  0x25, 0xFF, 0x39, 0x00, 0x00, 0x00, 0x00, 0x00, 0x00, 0x00, 0x9F, 0x00, 0x00, 0x00, 0x00, 0x00,
  0x00, 0x00, 0x00, 0x00, 0x00, 0x08, 0x00, 0x00, 0x00, 0x00, 0x04, 0xCB, 0xFF, 0xA3, 0x00, 0x0F,
  0xFE, 0x00, 0x05, 0xFF, 0x26, 0x00, 0x0D, 0xF5, 0xAE, 0x00, 0xA8, 0xFF, 0x2D, 0x0F, 0x97, 0x00,
  0x00, 0x00, 0xA5, 0xF9, 0x14, 0xDB, 0xFE, 0xA6, 0x54, 0x4C, 0x00, 0x00, 0x00, 0x46, 0xFF, 0xB7,
  0x68, 0xA8, 0xFC, 0xB4, 0x08, 0x00, 0x00, 0x00, 0x02, 0xE5, 0xFF, 0x09, 0x30, 0xFF, 0xFF, 0x00,
  0x00, 0x00, 0x00, 0x00, 0xB2, 0xD6, 0x00, 0x00, 0xE2, 0xA7, 0x00, 0x00, 0x00, 0x00, 0x00, 0x46,
  0x4D, 0x00, 0x00, 0x61, 0x3C, 0x00, 0x00, 0x02, 0x6D, 0xFF, 0xFF, 0x0A, 0x09, 0xFF, 0x7C, 0x03,
  0x00, 0x00, 0x7C, 0xFF, 0x54, 0x50, 0x7D, 0x00, 0x00, 0x00, 0x00, 0x07, 0xDA, 0xEF, 0xC2, 0x05,
  0x00, 0x00, 0x00, 0x00, 0x00, 0x66, 0xFF, 0xBB, 0x00, 0x00, 0x00, 0x00, 0x00, 0x03, 0xAC, 0xBF,
  0xFB, 0x2B, 0x00, 0x00, 0x00, 0x00, 0x7E, 0x4E, 0x1C, 0xF3, 0xC1, 0x00, 0x00, 0x05, 0x94, 0xFF,
  0x05, 0x01, 0xE8, 0xFF, 0xCE, 0x0B, 0x09, 0xC6, 0xFF, 0xDC, 0x00, 0x00, 0xDB, 0xCC, 0x0A, 0x00,
  0x00, 0xBF, 0xE8, 0x0B, 0x0D, 0xAD, 0x00, 0x00, 0x00, 0x00, 0x2C, 0xFB, 0x7C, 0x7F, 0x2E, 0x00,
  0x00, 0x00, 0x00, 0x00, 0x97, 0xFF, 0x98, 0x00, 0x00, 0x00, 0x00, 0x00, 0x00, 0x4E, 0xFF, 0x52,
  0x00, 0x00, 0x00, 0x00, 0x00, 0x00, 0x4C, 0xFF, 0x4C, 0x00, 0x00, 0x00, 0x00, 0x00, 0x01, 0x81,
  0xFF, 0x80, 0x00, 0x00, 0x00, 0x0B, 0x03, 0x00, 0x00, 0x00, 0x03, 0x02, 0x7B, 0x8E, 0x78, 0x8C,
  0xFF, 0xD1, 0x02, 0x1C, 0x00, 0x00, 0x94, 0xFF, 0x48, 0x00, 0x00, 0x00, 0x28, 0xFB, 0xBC, 0x00,
  0x00, 0x00, 0x00, 0xB3, 0xFE, 0x32, 0x00, 0x00, 0x00, 0x42, 0xFF, 0xA5, 0x00, 0x00, 0x04, 0x02,
  0xD0, 0xF8, 0x20, 0x00, 0x09, 0x3F, 0x61, 0xFF, 0xFD, 0x70, 0xCF, 0xFF, 0x25, 0x00, 0x13, 0xB1,
  0x48, 0x00, 0x94, 0xEA, 0x00, 0x00, 0xBD, 0xDE, 0x00, 0x00, 0xA5, 0xC6, 0x00, 0x01, 0xA3, 0x48,
  0x00, 0x00, 0x99, 0x96, 0x00, 0x00, 0xB8, 0xD5, 0x00, 0x00, 0xAF, 0xDF, 0x00, 0x00, 0x5D, 0xEF,
  0x03, 0x00, 0x00, 0x40, 0x32, 0xA4, 0xA4, 0xA4, 0xA4, 0xA4, 0xA4, 0xA4, 0xA4, 0xA4, 0xA4, 0x28,
  0xBC, 0x27, 0x00, 0x00, 0xC1, 0xC1, 0x00, 0x00, 0xB3, 0xED, 0x00, 0x00, 0x9A, 0xD3, 0x00, 0x00,
  0x29, 0xBC, 0x09, 0x00, 0x68, 0xC8, 0x00, 0x00, 0xAA, 0xE5, 0x00, 0x00, 0xB4, 0xDC, 0x00, 0x00,
  0xC7, 0x88, 0x00, 0x1E, 0x52, 0x01, 0x00, 0x3E, 0xA7, 0x74, 0x05, 0x7C, 0x0E, 0x75, 0x03, 0x3E,
  0x99, 0x80, 0x00,
};
constexpr size_t TagVlwSize = sizeof(TagVlw);

// Numerals: Oswald-600, 30 px, 16 glyphs (life totals).
alignas(4) const uint8_t NumeralsVlw[] = {
  0x00, 0x00, 0x00, 0x10, 0x00, 0x00, 0x00, 0x0B, 0x00, 0x00, 0x00, 0x1E, 0x00, 0x00, 0x00, 0x00,
  0x00, 0x00, 0x00, 0x24, 0x00, 0x00, 0x00, 0x09, 0x00, 0x00, 0x00, 0x2B, 0x00, 0x00, 0x00, 0x0D,
  0x00, 0x00, 0x00, 0x0D, 0x00, 0x00, 0x00, 0x0D, 0x00, 0x00, 0x00, 0x13, 0x00, 0x00, 0x00, 0x00,
  0x00, 0x00, 0x00, 0x00, 0x00, 0x00, 0x00, 0x2C, 0x00, 0x00, 0x00, 0x0A, 0x00, 0x00, 0x00, 0x05,
  0x00, 0x00, 0x00, 0x07, 0x00, 0x00, 0x00, 0x05, 0x00, 0x00, 0x00, 0x01, 0x00, 0x00, 0x00, 0x00,
  0x00, 0x00, 0x00, 0x2D, 0x00, 0x00, 0x00, 0x04, 0x00, 0x00, 0x00, 0x08, 0x00, 0x00, 0x00, 0x0A,
  0x00, 0x00, 0x00, 0x0B, 0x00, 0x00, 0x00, 0x01, 0x00, 0x00, 0x00, 0x00, 0x00, 0x00, 0x00, 0x2E,
  0x00, 0x00, 0x00, 0x05, 0x00, 0x00, 0x00, 0x05, 0x00, 0x00, 0x00, 0x07, 0x00, 0x00, 0x00, 0x05,
  0x00, 0x00, 0x00, 0x01, 0x00, 0x00, 0x00, 0x00, 0x00, 0x00, 0x00, 0x2F, 0x00, 0x00, 0x00, 0x19,
  0x00, 0x00, 0x00, 0x0B, 0x00, 0x00, 0x00, 0x0C, 0x00, 0x00, 0x00, 0x19, 0x00, 0x00, 0x00, 0x01,
  0x00, 0x00, 0x00, 0x00, 0x00, 0x00, 0x00, 0x30, 0x00, 0x00, 0x00, 0x19, 0x00, 0x00, 0x00, 0x0E,
  0x00, 0x00, 0x00, 0x10, 0x00, 0x00, 0x00, 0x19, 0x00, 0x00, 0x00, 0x01, 0x00, 0x00, 0x00, 0x00,
  0x00, 0x00, 0x00, 0x31, 0x00, 0x00, 0x00, 0x19, 0x00, 0x00, 0x00, 0x09, 0x00, 0x00, 0x00, 0x0C,
  0x00, 0x00, 0x00, 0x19, 0x00, 0x00, 0x00, 0x00, 0x00, 0x00, 0x00, 0x00, 0x00, 0x00, 0x00, 0x32,
  0x00, 0x00, 0x00, 0x19, 0x00, 0x00, 0x00, 0x0E, 0x00, 0x00, 0x00, 0x0F, 0x00, 0x00, 0x00, 0x19,
  0x00, 0x00, 0x00, 0x01, 0x00, 0x00, 0x00, 0x00, 0x00, 0x00, 0x00, 0x33, 0x00, 0x00, 0x00, 0x19,
  0x00, 0x00, 0x00, 0x0E, 0x00, 0x00, 0x00, 0x0F, 0x00, 0x00, 0x00, 0x19, 0x00, 0x00, 0x00, 0x01,
  0x00, 0x00, 0x00, 0x00, 0x00, 0x00, 0x00, 0x34, 0x00, 0x00, 0x00, 0x19, 0x00, 0x00, 0x00, 0x0F,
  0x00, 0x00, 0x00, 0x0F, 0x00, 0x00, 0x00, 0x19, 0x00, 0x00, 0x00, 0x00, 0x00, 0x00, 0x00, 0x00,
  0x00, 0x00, 0x00, 0x35, 0x00, 0x00, 0x00, 0x19, 0x00, 0x00, 0x00, 0x0E, 0x00, 0x00, 0x00, 0x0F,
  0x00, 0x00, 0x00, 0x19, 0x00, 0x00, 0x00, 0x01, 0x00, 0x00, 0x00, 0x00, 0x00, 0x00, 0x00, 0x36,
  0x00, 0x00, 0x00, 0x19, 0x00, 0x00, 0x00, 0x0E, 0x00, 0x00, 0x00, 0x10, 0x00, 0x00, 0x00, 0x19,
  0x00, 0x00, 0x00, 0x01, 0x00, 0x00, 0x00, 0x00, 0x00, 0x00, 0x00, 0x37, 0x00, 0x00, 0x00, 0x19,
  0x00, 0x00, 0x00, 0x0C, 0x00, 0x00, 0x00, 0x0D, 0x00, 0x00, 0x00, 0x19, 0x00, 0x00, 0x00, 0x00,
  0x00, 0x00, 0x00, 0x00, 0x00, 0x00, 0x00, 0x38, 0x00, 0x00, 0x00, 0x19, 0x00, 0x00, 0x00, 0x0E,
  0x00, 0x00, 0x00, 0x0F, 0x00, 0x00, 0x00, 0x19, 0x00, 0x00, 0x00, 0x01, 0x00, 0x00, 0x00, 0x00,
  0x00, 0x00, 0x00, 0x39, 0x00, 0x00, 0x00, 0x19, 0x00, 0x00, 0x00, 0x0E, 0x00, 0x00, 0x00, 0x10,
  0x00, 0x00, 0x00, 0x19, 0x00, 0x00, 0x00, 0x01, 0x00, 0x00, 0x00, 0x00, 0x00, 0x00, 0x00, 0x3A,
  0x00, 0x00, 0x00, 0x0F, 0x00, 0x00, 0x00, 0x06, 0x00, 0x00, 0x00, 0x08, 0x00, 0x00, 0x00, 0x11,
  0x00, 0x00, 0x00, 0x01, 0x00, 0x00, 0x00, 0x00, 0x00, 0x00, 0x00, 0x00, 0x00, 0x87, 0x90, 0x90,
  0x12, 0x00, 0x00, 0x00, 0x00, 0x00, 0x00, 0x00, 0x00, 0x00, 0xF0, 0xFF, 0xFF, 0x20, 0x00, 0x00,
  0x00, 0x00, 0x00, 0x00, 0x00, 0x00, 0x00, 0xF0, 0xFF, 0xFF, 0x20, 0x00, 0x00, 0x00, 0x00, 0x00,
  0x00, 0x00, 0x00, 0x00, 0xF0, 0xFF, 0xFF, 0x20, 0x00, 0x00, 0x00, 0x00, 0x00, 0x00, 0x00, 0x00,
  0x00, 0xF0, 0xFF, 0xFF, 0x20, 0x00, 0x00, 0x00, 0x00, 0x2D, 0xD0, 0xD0, 0xD0, 0xD0, 0xFD, 0xFF,
  0xFF, 0xD6, 0xD0, 0xD0, 0xD0, 0x64, 0x38, 0xFF, 0xFF, 0xFF, 0xFF, 0xFF, 0xFF, 0xFF, 0xFF, 0xFF,
  0xFF, 0xFF, 0x7C, 0x38, 0xFF, 0xFF, 0xFF, 0xFF, 0xFF, 0xFF, 0xFF, 0xFF, 0xFF, 0xFF, 0xFF, 0x7C,
  0x00, 0x00, 0x00, 0x00, 0x00, 0xF0, 0xFF, 0xFF, 0x20, 0x00, 0x00, 0x00, 0x00, 0x00, 0x00, 0x00,
  0x00, 0x00, 0xF0, 0xFF, 0xFF, 0x20, 0x00, 0x00, 0x00, 0x00, 0x00, 0x00, 0x00, 0x00, 0x00, 0xF0,
  0xFF, 0xFF, 0x20, 0x00, 0x00, 0x00, 0x00, 0x00, 0x00, 0x00, 0x00, 0x00, 0xF0, 0xFF, 0xFF, 0x20,
  0x00, 0x00, 0x00, 0x00, 0x00, 0x00, 0x00, 0x00, 0x00, 0xF0, 0xFF, 0xFF, 0x20, 0x00, 0x00, 0x00,
  0x00, 0x54, 0x78, 0x78, 0x78, 0x4C, 0xB4, 0xFF, 0xFF, 0xFF, 0xA4, 0xB4, 0xFF, 0xFF, 0xFF, 0xA4,
  0xB4, 0xFF, 0xFF, 0xFF, 0xA4, 0xB4, 0xFF, 0xFF, 0xFF, 0x9F, 0x00, 0x00, 0x6B, 0xFF, 0x81, 0x00,
  0x03, 0xC3, 0xFF, 0x4F, 0x25, 0xC6, 0xFF, 0xD6, 0x02, 0x2E, 0xFD, 0xBE, 0x1A, 0x00, 0x02, 0x14,
  0x00, 0x00, 0x00, 0x0F, 0x10, 0x10, 0x10, 0x10, 0x10, 0x10, 0x09, 0xFC, 0xFF, 0xFF, 0xFF, 0xFF,
  0xFF, 0xFF, 0x94, 0xFC, 0xFF, 0xFF, 0xFF, 0xFF, 0xFF, 0xFF, 0x94, 0xFC, 0xFF, 0xFF, 0xFF, 0xFF,
  0xFF, 0xFF, 0x94, 0x4C, 0x80, 0x80, 0x80, 0x5E, 0x98, 0xFF, 0xFF, 0xFF, 0xBC, 0x98, 0xFF, 0xFF,
  0xFF, 0xBC, 0x98, 0xFF, 0xFF, 0xFF, 0xBC, 0x98, 0xFF, 0xFF, 0xFF, 0xBC, 0x00, 0x00, 0x00, 0x00,
  0x00, 0x00, 0x00, 0xB2, 0xFF, 0xF3, 0x06, 0x00, 0x00, 0x00, 0x00, 0x00, 0x00, 0x07, 0xF4, 0xFF,
  0xAF, 0x00, 0x00, 0x00, 0x00, 0x00, 0x00, 0x00, 0x46, 0xFF, 0xFF, 0x65, 0x00, 0x00, 0x00, 0x00,
  0x00, 0x00, 0x00, 0x90, 0xFF, 0xFF, 0x1B, 0x00, 0x00, 0x00, 0x00, 0x00, 0x00, 0x00, 0xDA, 0xFF,
  0xD0, 0x00, 0x00, 0x00, 0x00, 0x00, 0x00, 0x00, 0x24, 0xFF, 0xFF, 0x85, 0x00, 0x00, 0x00, 0x00,
  0x00, 0x00, 0x00, 0x6F, 0xFF, 0xFF, 0x3B, 0x00, 0x00, 0x00, 0x00, 0x00, 0x00, 0x00, 0xB9, 0xFF,
  0xED, 0x03, 0x00, 0x00, 0x00, 0x00, 0x00, 0x00, 0x0B, 0xF8, 0xFF, 0xA5, 0x00, 0x00, 0x00, 0x00,
  0x00, 0x00, 0x00, 0x4E, 0xFF, 0xFF, 0x5B, 0x00, 0x00, 0x00, 0x00, 0x00, 0x00, 0x00, 0x98, 0xFF,
  0xFD, 0x13, 0x00, 0x00, 0x00, 0x00, 0x00, 0x00, 0x00, 0xE1, 0xFF, 0xC6, 0x00, 0x00, 0x00, 0x00,
  0x00, 0x00, 0x00, 0x2C, 0xFF, 0xFF, 0x7B, 0x00, 0x00, 0x00, 0x00, 0x00, 0x00, 0x00, 0x77, 0xFF,
  0xFF, 0x31, 0x00, 0x00, 0x00, 0x00, 0x00, 0x00, 0x00, 0xC1, 0xFF, 0xE5, 0x00, 0x00, 0x00, 0x00,
  0x00, 0x00, 0x00, 0x0F, 0xFB, 0xFF, 0x9C, 0x00, 0x00, 0x00, 0x00, 0x00, 0x00, 0x00, 0x55, 0xFF,
  0xFF, 0x51, 0x00, 0x00, 0x00, 0x00, 0x00, 0x00, 0x00, 0xA0, 0xFF, 0xF9, 0x0D, 0x00, 0x00, 0x00,
  0x00, 0x00, 0x00, 0x01, 0xE8, 0xFF, 0xBC, 0x00, 0x00, 0x00, 0x00, 0x00, 0x00, 0x00, 0x34, 0xFF,
  0xFF, 0x71, 0x00, 0x00, 0x00, 0x00, 0x00, 0x00, 0x00, 0x7E, 0xFF, 0xFF, 0x27, 0x00, 0x00, 0x00,
  0x00, 0x00, 0x00, 0x00, 0xC9, 0xFF, 0xDC, 0x00, 0x00, 0x00, 0x00, 0x00, 0x00, 0x00, 0x14, 0xFD,
  0xFF, 0x92, 0x00, 0x00, 0x00, 0x00, 0x00, 0x00, 0x00, 0x5D, 0xFF, 0xFF, 0x47, 0x00, 0x00, 0x00,
  0x00, 0x00, 0x00, 0x00, 0xA7, 0xFF, 0xF5, 0x07, 0x00, 0x00, 0x00, 0x00, 0x00, 0x00, 0x00, 0x00,
  0x00, 0x00, 0x1F, 0x87, 0xD1, 0xED, 0xF5, 0xD9, 0xA3, 0x39, 0x00, 0x00, 0x00, 0x00, 0x00, 0x4A,
  0xF3, 0xFF, 0xFF, 0xFF, 0xFF, 0xFF, 0xFF, 0xFF, 0x81, 0x00, 0x00, 0x00, 0x24, 0xF8, 0xFF, 0xFF,
  0xFF, 0xFF, 0xFF, 0xFF, 0xFF, 0xFF, 0xFF, 0x60, 0x00, 0x00, 0xAA, 0xFF, 0xFF, 0xFF, 0xFF, 0xFF,
  0xFF, 0xFF, 0xFF, 0xFF, 0xFF, 0xE9, 0x04, 0x07, 0xF4, 0xFF, 0xFF, 0xFF, 0xF3, 0x55, 0x3A, 0xD0,
  0xFF, 0xFF, 0xFF, 0xFF, 0x40, 0x34, 0xFF, 0xFF, 0xFF, 0xFF, 0x92, 0x00, 0x00, 0x55, 0xFF, 0xFF,
  0xFF, 0xFF, 0x77, 0x4B, 0xFF, 0xFF, 0xFF, 0xFF, 0x69, 0x00, 0x00, 0x20, 0xFF, 0xFF, 0xFF, 0xFF,
  0x8E, 0x57, 0xFF, 0xFF, 0xFF, 0xFF, 0x5C, 0x00, 0x00, 0x10, 0xFF, 0xFF, 0xFF, 0xFF, 0x9B, 0x58,
  0xFF, 0xFF, 0xFF, 0xFF, 0x5C, 0x00, 0x00, 0x10, 0xFF, 0xFF, 0xFF, 0xFF, 0x9C, 0x58, 0xFF, 0xFF,
  0xFF, 0xFF, 0x5C, 0x00, 0x00, 0x10, 0xFF, 0xFF, 0xFF, 0xFF, 0x9C, 0x58, 0xFF, 0xFF, 0xFF, 0xFF,
  0x5C, 0x00, 0x00, 0x10, 0xFF, 0xFF, 0xFF, 0xFF, 0x9C, 0x58, 0xFF, 0xFF, 0xFF, 0xFF, 0x5C, 0x00,
  0x00, 0x10, 0xFF, 0xFF, 0xFF, 0xFF, 0x9C, 0x58, 0xFF, 0xFF, 0xFF, 0xFF, 0x5C, 0x00, 0x00, 0x10,
  0xFF, 0xFF, 0xFF, 0xFF, 0x9C, 0x58, 0xFF, 0xFF, 0xFF, 0xFF, 0x5C, 0x00, 0x00, 0x10, 0xFF, 0xFF,
  0xFF, 0xFF, 0x9C, 0x58, 0xFF, 0xFF, 0xFF, 0xFF, 0x5C, 0x00, 0x00, 0x10, 0xFF, 0xFF, 0xFF, 0xFF,
  0x9C, 0x58, 0xFF, 0xFF, 0xFF, 0xFF, 0x5C, 0x00, 0x00, 0x10, 0xFF, 0xFF, 0xFF, 0xFF, 0x9C, 0x58,
  0xFF, 0xFF, 0xFF, 0xFF, 0x5C, 0x00, 0x00, 0x10, 0xFF, 0xFF, 0xFF, 0xFF, 0x9C, 0x58, 0xFF, 0xFF,
  0xFF, 0xFF, 0x5C, 0x00, 0x00, 0x10, 0xFF, 0xFF, 0xFF, 0xFF, 0x9C, 0x4D, 0xFF, 0xFF, 0xFF, 0xFF,
  0x69, 0x00, 0x00, 0x20, 0xFF, 0xFF, 0xFF, 0xFF, 0x8F, 0x34, 0xFF, 0xFF, 0xFF, 0xFF, 0x95, 0x00,
  0x00, 0x56, 0xFF, 0xFF, 0xFF, 0xFF, 0x78, 0x08, 0xF4, 0xFF, 0xFF, 0xFF, 0xF5, 0x57, 0x3A, 0xD2,
  0xFF, 0xFF, 0xFF, 0xFF, 0x40, 0x00, 0xA6, 0xFF, 0xFF, 0xFF, 0xFF, 0xFF, 0xFF, 0xFF, 0xFF, 0xFF,
  0xFF, 0xE6, 0x03, 0x00, 0x1F, 0xF4, 0xFF, 0xFF, 0xFF, 0xFF, 0xFF, 0xFF, 0xFF, 0xFF, 0xFF, 0x57,
  0x00, 0x00, 0x00, 0x42, 0xEE, 0xFF, 0xFF, 0xFF, 0xFF, 0xFF, 0xFF, 0xFE, 0x76, 0x00, 0x00, 0x00,
  0x00, 0x00, 0x1A, 0x82, 0xD0, 0xEE, 0xF5, 0xD9, 0x9E, 0x33, 0x00, 0x00, 0x00, 0x00, 0x00, 0x00,
  0x00, 0x5A, 0xF8, 0xFF, 0xFF, 0xD8, 0x00, 0x00, 0x24, 0xB2, 0xFF, 0xFF, 0xFF, 0xFF, 0xD8, 0x14,
  0x9B, 0xFB, 0xFF, 0xFF, 0xFF, 0xFF, 0xFF, 0xD8, 0x48, 0xFF, 0xFF, 0xFF, 0xFF, 0xFF, 0xFF, 0xFF,
  0xD8, 0x48, 0xFF, 0xFF, 0xFF, 0xFE, 0xFF, 0xFF, 0xFF, 0xD8, 0x48, 0xF2, 0x9E, 0x3D, 0xC4, 0xFF,
  0xFF, 0xFF, 0xD8, 0x11, 0x0B, 0x00, 0x00, 0xC4, 0xFF, 0xFF, 0xFF, 0xD8, 0x00, 0x00, 0x00, 0x00,
  0xC4, 0xFF, 0xFF, 0xFF, 0xD8, 0x00, 0x00, 0x00, 0x00, 0xC4, 0xFF, 0xFF, 0xFF, 0xD8, 0x00, 0x00,
  0x00, 0x00, 0xC4, 0xFF, 0xFF, 0xFF, 0xD8, 0x00, 0x00, 0x00, 0x00, 0xC4, 0xFF, 0xFF, 0xFF, 0xD8,
  0x00, 0x00, 0x00, 0x00, 0xC4, 0xFF, 0xFF, 0xFF, 0xD8, 0x00, 0x00, 0x00, 0x00, 0xC4, 0xFF, 0xFF,
  0xFF, 0xD8, 0x00, 0x00, 0x00, 0x00, 0xC4, 0xFF, 0xFF, 0xFF, 0xD8, 0x00, 0x00, 0x00, 0x00, 0xC4,
  0xFF, 0xFF, 0xFF, 0xD8, 0x00, 0x00, 0x00, 0x00, 0xC4, 0xFF, 0xFF, 0xFF, 0xD8, 0x00, 0x00, 0x00,
  0x00, 0xC4, 0xFF, 0xFF, 0xFF, 0xD8, 0x00, 0x00, 0x00, 0x00, 0xC4, 0xFF, 0xFF, 0xFF, 0xD8, 0x00,
  0x00, 0x00, 0x00, 0xC4, 0xFF, 0xFF, 0xFF, 0xD8, 0x00, 0x00, 0x00, 0x00, 0xC4, 0xFF, 0xFF, 0xFF,
  0xD8, 0x00, 0x00, 0x00, 0x00, 0xC4, 0xFF, 0xFF, 0xFF, 0xD8, 0x00, 0x00, 0x00, 0x00, 0xC4, 0xFF,
  0xFF, 0xFF, 0xD8, 0x00, 0x00, 0x00, 0x00, 0xC4, 0xFF, 0xFF, 0xFF, 0xD8, 0x00, 0x00, 0x00, 0x00,
  0xC4, 0xFF, 0xFF, 0xFF, 0xD8, 0x00, 0x00, 0x00, 0x00, 0xC4, 0xFF, 0xFF, 0xFF, 0xD8, 0x00, 0x00,
  0x00, 0x3B, 0xA6, 0xD8, 0xF5, 0xF3, 0xD8, 0x99, 0x2C, 0x00, 0x00, 0x00, 0x00, 0x01, 0x8C, 0xFF,
  0xFF, 0xFF, 0xFF, 0xFF, 0xFF, 0xFF, 0xFC, 0x6D, 0x00, 0x00, 0x00, 0x72, 0xFF, 0xFF, 0xFF, 0xFF,
  0xFF, 0xFF, 0xFF, 0xFF, 0xFF, 0xFE, 0x46, 0x00, 0x0F, 0xF0, 0xFF, 0xFF, 0xFF, 0xFF, 0xFF, 0xFF,
  0xFF, 0xFF, 0xFF, 0xFF, 0xC8, 0x00, 0x56, 0xFF, 0xFF, 0xFF, 0xFF, 0xA5, 0x0F, 0x1C, 0xD5, 0xFF,
  0xFF, 0xFF, 0xFF, 0x16, 0x95, 0xFF, 0xFF, 0xFF, 0xFB, 0x11, 0x00, 0x00, 0x67, 0xFF, 0xFF, 0xFF,
  0xFF, 0x3E, 0xAF, 0xFF, 0xFF, 0xFF, 0xDE, 0x00, 0x00, 0x00, 0x4E, 0xFF, 0xFF, 0xFF, 0xFF, 0x4A,
  0xC1, 0xFF, 0xFF, 0xFF, 0xC8, 0x00, 0x00, 0x00, 0x66, 0xFF, 0xFF, 0xFF, 0xFF, 0x3B, 0x93, 0xC0,
  0xC0, 0xC0, 0x93, 0x00, 0x00, 0x00, 0xAC, 0xFF, 0xFF, 0xFF, 0xFD, 0x10, 0x00, 0x00, 0x00, 0x00,
  0x00, 0x00, 0x00, 0x28, 0xFD, 0xFF, 0xFF, 0xFF, 0xBF, 0x00, 0x00, 0x00, 0x00, 0x00, 0x00, 0x00,
  0x00, 0xAA, 0xFF, 0xFF, 0xFF, 0xFF, 0x4F, 0x00, 0x00, 0x00, 0x00, 0x00, 0x00, 0x00, 0x47, 0xFF,
  0xFF, 0xFF, 0xFF, 0xC2, 0x00, 0x00, 0x00, 0x00, 0x00, 0x00, 0x00, 0x09, 0xDD, 0xFF, 0xFF, 0xFF,
  0xF8, 0x29, 0x00, 0x00, 0x00, 0x00, 0x00, 0x00, 0x00, 0x8B, 0xFF, 0xFF, 0xFF, 0xFF, 0x7C, 0x00,
  0x00, 0x00, 0x00, 0x00, 0x00, 0x00, 0x32, 0xFC, 0xFF, 0xFF, 0xFF, 0xD1, 0x05, 0x00, 0x00, 0x00,
  0x00, 0x00, 0x00, 0x04, 0xCE, 0xFF, 0xFF, 0xFF, 0xFC, 0x33, 0x00, 0x00, 0x00, 0x00, 0x00, 0x00,
  0x00, 0x77, 0xFF, 0xFF, 0xFF, 0xFF, 0x88, 0x00, 0x00, 0x00, 0x00, 0x00, 0x00, 0x00, 0x23, 0xF6,
  0xFF, 0xFF, 0xFF, 0xD8, 0x08, 0x00, 0x00, 0x00, 0x00, 0x00, 0x00, 0x00, 0xBD, 0xFF, 0xFF, 0xFF,
  0xFE, 0x3C, 0x00, 0x00, 0x00, 0x00, 0x00, 0x00, 0x00, 0x63, 0xFF, 0xFF, 0xFF, 0xFF, 0x92, 0x00,
  0x00, 0x00, 0x00, 0x00, 0x00, 0x00, 0x17, 0xEE, 0xFF, 0xFF, 0xFF, 0xDF, 0x0C, 0x00, 0x00, 0x00,
  0x00, 0x00, 0x00, 0x00, 0xA0, 0xFF, 0xFF, 0xFF, 0xFF, 0xDE, 0xBC, 0xBC, 0xBC, 0xBC, 0xBC, 0xBC,
  0x7B, 0x00, 0xC4, 0xFF, 0xFF, 0xFF, 0xFF, 0xFF, 0xFF, 0xFF, 0xFF, 0xFF, 0xFF, 0xFF, 0xA8, 0x00,
  0xC4, 0xFF, 0xFF, 0xFF, 0xFF, 0xFF, 0xFF, 0xFF, 0xFF, 0xFF, 0xFF, 0xFF, 0xA8, 0x00, 0xC4, 0xFF,
  0xFF, 0xFF, 0xFF, 0xFF, 0xFF, 0xFF, 0xFF, 0xFF, 0xFF, 0xFF, 0xA8, 0x00, 0x00, 0x00, 0x03, 0x5C,
  0xB6, 0xE2, 0xF8, 0xEB, 0xCC, 0x7F, 0x1B, 0x00, 0x00, 0x00, 0x00, 0x15, 0xC1, 0xFF, 0xFF, 0xFF,
  0xFF, 0xFF, 0xFF, 0xFF, 0xEF, 0x4D, 0x00, 0x00, 0x01, 0xB9, 0xFF, 0xFF, 0xFF, 0xFF, 0xFF, 0xFF,
  0xFF, 0xFF, 0xFF, 0xF5, 0x2C, 0x00, 0x46, 0xFF, 0xFF, 0xFF, 0xFF, 0xFB, 0xD3, 0xEF, 0xFF, 0xFF,
  0xFF, 0xFF, 0xA6, 0x00, 0x9D, 0xFF, 0xFF, 0xFF, 0xFF, 0x4B, 0x00, 0x0E, 0xD8, 0xFF, 0xFF, 0xFF,
  0xF6, 0x03, 0xC3, 0xFF, 0xFF, 0xFF, 0xE9, 0x00, 0x00, 0x00, 0x7F, 0xFF, 0xFF, 0xFF, 0xFF, 0x1A,
  0xD9, 0xFF, 0xFF, 0xFF, 0xCA, 0x00, 0x00, 0x00, 0x66, 0xFF, 0xFF, 0xFF, 0xFF, 0x27, 0xAB, 0xC8,
  0xC8, 0xC8, 0x99, 0x00, 0x00, 0x00, 0x76, 0xFF, 0xFF, 0xFF, 0xFF, 0x0D, 0x00, 0x00, 0x00, 0x00,
  0x00, 0x00, 0x00, 0x00, 0xAE, 0xFF, 0xFF, 0xFF, 0xD7, 0x00, 0x00, 0x00, 0x00, 0x00, 0x00, 0x00,
  0x0F, 0x64, 0xFC, 0xFF, 0xFF, 0xFF, 0x68, 0x00, 0x00, 0x00, 0x00, 0x00, 0x00, 0xE0, 0xFF, 0xFF,
  0xFF, 0xFF, 0xFF, 0xA9, 0x01, 0x00, 0x00, 0x00, 0x00, 0x00, 0x00, 0xE0, 0xFF, 0xFF, 0xFF, 0xFF,
  0x9D, 0x01, 0x00, 0x00, 0x00, 0x00, 0x00, 0x00, 0x00, 0xE0, 0xFF, 0xFF, 0xFF, 0xFF, 0xFF, 0x9B,
  0x00, 0x00, 0x00, 0x00, 0x00, 0x00, 0x00, 0x77, 0x98, 0xE5, 0xFF, 0xFF, 0xFF, 0xFF, 0x5D, 0x00,
  0x00, 0x00, 0x00, 0x00, 0x00, 0x00, 0x00, 0x15, 0xEE, 0xFF, 0xFF, 0xFF, 0xCA, 0x00, 0x00, 0x00,
  0x00, 0x00, 0x00, 0x00, 0x00, 0x00, 0x9D, 0xFF, 0xFF, 0xFF, 0xFC, 0x0A, 0x4B, 0x58, 0x58, 0x58,
  0x43, 0x00, 0x00, 0x00, 0x74, 0xFF, 0xFF, 0xFF, 0xFF, 0x22, 0xD9, 0xFF, 0xFF, 0xFF, 0xC5, 0x00,
  0x00, 0x00, 0x63, 0xFF, 0xFF, 0xFF, 0xFF, 0x2A, 0xC9, 0xFF, 0xFF, 0xFF, 0xD4, 0x00, 0x00, 0x00,
  0x6D, 0xFF, 0xFF, 0xFF, 0xFF, 0x19, 0xB2, 0xFF, 0xFF, 0xFF, 0xF5, 0x06, 0x00, 0x00, 0x92, 0xFF,
  0xFF, 0xFF, 0xFA, 0x06, 0x7A, 0xFF, 0xFF, 0xFF, 0xFF, 0x7F, 0x04, 0x27, 0xE9, 0xFF, 0xFF, 0xFF,
  0xC5, 0x00, 0x2D, 0xFE, 0xFF, 0xFF, 0xFF, 0xFF, 0xFE, 0xFF, 0xFF, 0xFF, 0xFF, 0xFF, 0x73, 0x00,
  0x00, 0xA5, 0xFF, 0xFF, 0xFF, 0xFF, 0xFF, 0xFF, 0xFF, 0xFF, 0xFF, 0xE2, 0x09, 0x00, 0x00, 0x0D,
  0xBF, 0xFF, 0xFF, 0xFF, 0xFF, 0xFF, 0xFF, 0xFF, 0xE4, 0x29, 0x00, 0x00, 0x00, 0x00, 0x06, 0x6A,
  0xC0, 0xED, 0xFB, 0xE8, 0xC9, 0x76, 0x11, 0x00, 0x00, 0x00, 0x00, 0x00, 0x00, 0x00, 0x00, 0x00,
  0x12, 0xF7, 0xFF, 0xFF, 0xFF, 0xFF, 0x90, 0x00, 0x00, 0x00, 0x00, 0x00, 0x00, 0x00, 0x00, 0x73,
  0xFF, 0xFF, 0xFF, 0xFF, 0xFF, 0x90, 0x00, 0x00, 0x00, 0x00, 0x00, 0x00, 0x00, 0x01, 0xDB, 0xFF,
  0xFF, 0xFF, 0xFF, 0xFF, 0x90, 0x00, 0x00, 0x00, 0x00, 0x00, 0x00, 0x00, 0x47, 0xFF, 0xFF, 0xFF,
  0xFF, 0xFF, 0xFF, 0x90, 0x00, 0x00, 0x00, 0x00, 0x00, 0x00, 0x00, 0xB1, 0xFF, 0xFF, 0xFF, 0xFF,
  0xFF, 0xFF, 0x90, 0x00, 0x00, 0x00, 0x00, 0x00, 0x00, 0x1D, 0xFC, 0xFF, 0xF3, 0xD2, 0xFF, 0xFF,
  0xFF, 0x90, 0x00, 0x00, 0x00, 0x00, 0x00, 0x00, 0x85, 0xFF, 0xFF, 0xA3, 0xC8, 0xFF, 0xFF, 0xFF,
  0x90, 0x00, 0x00, 0x00, 0x00, 0x00, 0x05, 0xE8, 0xFF, 0xFF, 0x49, 0xC8, 0xFF, 0xFF, 0xFF, 0x90,
  0x00, 0x00, 0x00, 0x00, 0x00, 0x59, 0xFF, 0xFF, 0xEA, 0x04, 0xC8, 0xFF, 0xFF, 0xFF, 0x90, 0x00,
  0x00, 0x00, 0x00, 0x00, 0xC3, 0xFF, 0xFF, 0x94, 0x00, 0xC8, 0xFF, 0xFF, 0xFF, 0x90, 0x00, 0x00,
  0x00, 0x00, 0x2C, 0xFF, 0xFF, 0xFF, 0x39, 0x00, 0xC8, 0xFF, 0xFF, 0xFF, 0x90, 0x00, 0x00, 0x00,
  0x00, 0x96, 0xFF, 0xFF, 0xDE, 0x00, 0x00, 0xC8, 0xFF, 0xFF, 0xFF, 0x90, 0x00, 0x00, 0x00, 0x0D,
  0xF2, 0xFF, 0xFF, 0x85, 0x00, 0x00, 0xC8, 0xFF, 0xFF, 0xFF, 0x90, 0x00, 0x00, 0x00, 0x6A, 0xFF,
  0xFF, 0xFF, 0x2A, 0x00, 0x00, 0xC8, 0xFF, 0xFF, 0xFF, 0x90, 0x00, 0x00, 0x00, 0xD3, 0xFF, 0xFF,
  0xD0, 0x00, 0x00, 0x00, 0xC8, 0xFF, 0xFF, 0xFF, 0x90, 0x00, 0x00, 0x23, 0xFF, 0xFF, 0xFF, 0xD4,
  0x9C, 0x9C, 0x9C, 0xEA, 0xFF, 0xFF, 0xFF, 0xD4, 0x9C, 0x8D, 0x28, 0xFF, 0xFF, 0xFF, 0xFF, 0xFF,
  0xFF, 0xFF, 0xFF, 0xFF, 0xFF, 0xFF, 0xFF, 0xFF, 0xE8, 0x28, 0xFF, 0xFF, 0xFF, 0xFF, 0xFF, 0xFF,
  0xFF, 0xFF, 0xFF, 0xFF, 0xFF, 0xFF, 0xFF, 0xE8, 0x28, 0xFF, 0xFF, 0xFF, 0xFF, 0xFF, 0xFF, 0xFF,
  0xFF, 0xFF, 0xFF, 0xFF, 0xFF, 0xFF, 0xE8, 0x00, 0x00, 0x00, 0x00, 0x00, 0x00, 0x00, 0x00, 0xC8,
  0xFF, 0xFF, 0xFF, 0x90, 0x00, 0x00, 0x00, 0x00, 0x00, 0x00, 0x00, 0x00, 0x00, 0x00, 0xC8, 0xFF,
  0xFF, 0xFF, 0x90, 0x00, 0x00, 0x00, 0x00, 0x00, 0x00, 0x00, 0x00, 0x00, 0x00, 0xC8, 0xFF, 0xFF,
  0xFF, 0x90, 0x00, 0x00, 0x00, 0x00, 0x00, 0x00, 0x00, 0x00, 0x00, 0x00, 0xC8, 0xFF, 0xFF, 0xFF,
  0x90, 0x00, 0x00, 0x00, 0x00, 0x00, 0x00, 0x00, 0x00, 0x00, 0x00, 0xC8, 0xFF, 0xFF, 0xFF, 0x90,
  0x00, 0x00, 0x00, 0x00, 0x00, 0x00, 0x00, 0x00, 0x00, 0x00, 0xC8, 0xFF, 0xFF, 0xFF, 0x90, 0x00,
  0x00, 0x20, 0xFF, 0xFF, 0xFF, 0xFF, 0xFF, 0xFF, 0xFF, 0xFF, 0xFF, 0xFF, 0xFF, 0x0C, 0x00, 0x26,
  0xFF, 0xFF, 0xFF, 0xFF, 0xFF, 0xFF, 0xFF, 0xFF, 0xFF, 0xFF, 0xFF, 0x0C, 0x00, 0x2C, 0xFF, 0xFF,
  0xFF, 0xFF, 0xFF, 0xFF, 0xFF, 0xFF, 0xFF, 0xFF, 0xFF, 0x0C, 0x00, 0x32, 0xFF, 0xFF, 0xFF, 0xFF,
  0xFF, 0xFF, 0xFF, 0xFF, 0xFF, 0xFF, 0xFF, 0x0C, 0x00, 0x38, 0xFF, 0xFF, 0xFF, 0xB3, 0x14, 0x14,
  0x14, 0x14, 0x14, 0x14, 0x14, 0x00, 0x00, 0x3E, 0xFF, 0xFF, 0xFF, 0xA0, 0x00, 0x00, 0x00, 0x00,
  0x00, 0x00, 0x00, 0x00, 0x00, 0x44, 0xFF, 0xFF, 0xFF, 0x93, 0x00, 0x00, 0x00, 0x00, 0x00, 0x00,
  0x00, 0x00, 0x00, 0x4A, 0xFF, 0xFF, 0xFF, 0x85, 0x00, 0x00, 0x00, 0x02, 0x00, 0x00, 0x00, 0x00,
  0x00, 0x50, 0xFF, 0xFF, 0xFF, 0x8A, 0x91, 0xE1, 0xFD, 0xFC, 0xCD, 0x4D, 0x00, 0x00, 0x00, 0x57,
  0xFF, 0xFF, 0xFF, 0xFC, 0xFF, 0xFF, 0xFF, 0xFF, 0xFF, 0xFD, 0x57, 0x00, 0x00, 0x5D, 0xFF, 0xFF,
  0xFF, 0xFF, 0xFF, 0xFF, 0xFF, 0xFF, 0xFF, 0xFF, 0xF0, 0x0E, 0x00, 0x63, 0xFF, 0xFF, 0xFF, 0xFF,
  0xD8, 0x81, 0xBB, 0xFF, 0xFF, 0xFF, 0xFF, 0x70, 0x00, 0x69, 0xFF, 0xFF, 0xFF, 0xED, 0x13, 0x00,
  0x01, 0xD2, 0xFF, 0xFF, 0xFF, 0xB1, 0x00, 0x4F, 0xB8, 0xB8, 0xB8, 0x74, 0x00, 0x00, 0x00, 0x85,
  0xFF, 0xFF, 0xFF, 0xE5, 0x00, 0x00, 0x00, 0x00, 0x00, 0x00, 0x00, 0x00, 0x00, 0x62, 0xFF, 0xFF,
  0xFF, 0xF9, 0x00, 0x00, 0x00, 0x00, 0x00, 0x00, 0x00, 0x00, 0x00, 0x55, 0xFF, 0xFF, 0xFF, 0xFF,
  0x09, 0x00, 0x00, 0x00, 0x00, 0x00, 0x00, 0x00, 0x00, 0x51, 0xFF, 0xFF, 0xFF, 0xFF, 0x0B, 0x75,
  0xB0, 0xB0, 0xB0, 0x8D, 0x00, 0x00, 0x00, 0x56, 0xFF, 0xFF, 0xFF, 0xFF, 0x03, 0x9F, 0xFF, 0xFF,
  0xFF, 0xD7, 0x00, 0x00, 0x00, 0x62, 0xFF, 0xFF, 0xFF, 0xEE, 0x00, 0x8B, 0xFF, 0xFF, 0xFF, 0xF2,
  0x02, 0x00, 0x00, 0x7D, 0xFF, 0xFF, 0xFF, 0xD0, 0x00, 0x5D, 0xFF, 0xFF, 0xFF, 0xFF, 0x46, 0x00,
  0x00, 0xC5, 0xFF, 0xFF, 0xFF, 0x9B, 0x00, 0x1F, 0xFD, 0xFF, 0xFF, 0xFF, 0xF0, 0x9B, 0xBC, 0xFF,
  0xFF, 0xFF, 0xFF, 0x4B, 0x00, 0x00, 0xA9, 0xFF, 0xFF, 0xFF, 0xFF, 0xFF, 0xFF, 0xFF, 0xFF, 0xFF,
  0xCB, 0x01, 0x00, 0x00, 0x12, 0xD0, 0xFF, 0xFF, 0xFF, 0xFF, 0xFF, 0xFF, 0xFF, 0xDB, 0x20, 0x00,
  0x00, 0x00, 0x00, 0x0C, 0x79, 0xC9, 0xF0, 0xFB, 0xEA, 0xC9, 0x77, 0x0C, 0x00, 0x00, 0x00, 0x00,
  0x00, 0x00, 0x2A, 0x9A, 0xDA, 0xF6, 0xF7, 0xE1, 0xB3, 0x58, 0x00, 0x00, 0x00, 0x00, 0x00, 0x4A,
  0xF9, 0xFF, 0xFF, 0xFF, 0xFF, 0xFF, 0xFF, 0xFF, 0xAE, 0x03, 0x00, 0x00, 0x25, 0xF6, 0xFF, 0xFF,
  0xFF, 0xFF, 0xFF, 0xFF, 0xFF, 0xFF, 0xFF, 0x71, 0x00, 0x00, 0x9A, 0xFF, 0xFF, 0xFF, 0xFF, 0xC8,
  0xAE, 0xF5, 0xFF, 0xFF, 0xFF, 0xD9, 0x00, 0x01, 0xF1, 0xFF, 0xFF, 0xFF, 0xC8, 0x00, 0x00, 0x66,
  0xFF, 0xFF, 0xFF, 0xFF, 0x19, 0x28, 0xFF, 0xFF, 0xFF, 0xFF, 0x7A, 0x00, 0x00, 0x29, 0xFF, 0xFF,
  0xFF, 0xFF, 0x31, 0x4B, 0xFF, 0xFF, 0xFF, 0xFF, 0x5C, 0x00, 0x00, 0x0E, 0x84, 0x84, 0x84, 0x84,
  0x21, 0x5B, 0xFF, 0xFF, 0xFF, 0xFF, 0x51, 0x00, 0x00, 0x00, 0x00, 0x00, 0x00, 0x00, 0x00, 0x67,
  0xFF, 0xFF, 0xFF, 0xFF, 0x4C, 0x00, 0x00, 0x00, 0x00, 0x00, 0x00, 0x00, 0x00, 0x68, 0xFF, 0xFF,
  0xFF, 0xFF, 0x4C, 0x31, 0x81, 0x94, 0x77, 0x32, 0x00, 0x00, 0x00, 0x68, 0xFF, 0xFF, 0xFF, 0xFF,
  0xB4, 0xFE, 0xFF, 0xFF, 0xFF, 0xFF, 0x9C, 0x02, 0x00, 0x68, 0xFF, 0xFF, 0xFF, 0xFF, 0xFF, 0xFF,
  0xFF, 0xFF, 0xFF, 0xFF, 0xFF, 0x7E, 0x00, 0x68, 0xFF, 0xFF, 0xFF, 0xFF, 0xFF, 0xFF, 0xFF, 0xFF,
  0xFF, 0xFF, 0xFF, 0xF0, 0x0C, 0x68, 0xFF, 0xFF, 0xFF, 0xFF, 0xCA, 0x2B, 0x11, 0xAA, 0xFF, 0xFF,
  0xFF, 0xFF, 0x4C, 0x68, 0xFF, 0xFF, 0xFF, 0xFF, 0x4D, 0x00, 0x00, 0x30, 0xFF, 0xFF, 0xFF, 0xFF,
  0x82, 0x68, 0xFF, 0xFF, 0xFF, 0xFF, 0x4C, 0x00, 0x00, 0x11, 0xFF, 0xFF, 0xFF, 0xFF, 0x9A, 0x68,
  0xFF, 0xFF, 0xFF, 0xFF, 0x4C, 0x00, 0x00, 0x07, 0xFF, 0xFF, 0xFF, 0xFF, 0xA7, 0x5E, 0xFF, 0xFF,
  0xFF, 0xFF, 0x4C, 0x00, 0x00, 0x06, 0xFF, 0xFF, 0xFF, 0xFF, 0x9B, 0x4B, 0xFF, 0xFF, 0xFF, 0xFF,
  0x57, 0x00, 0x00, 0x0F, 0xFF, 0xFF, 0xFF, 0xFF, 0x8A, 0x26, 0xFF, 0xFF, 0xFF, 0xFF, 0x71, 0x00,
  0x00, 0x2B, 0xFF, 0xFF, 0xFF, 0xFF, 0x5F, 0x00, 0xE4, 0xFF, 0xFF, 0xFF, 0xC1, 0x00, 0x00, 0x70,
  0xFF, 0xFF, 0xFF, 0xFF, 0x27, 0x00, 0x86, 0xFF, 0xFF, 0xFF, 0xFF, 0xBC, 0x99, 0xF6, 0xFF, 0xFF,
  0xFF, 0xCA, 0x00, 0x00, 0x0F, 0xE7, 0xFF, 0xFF, 0xFF, 0xFF, 0xFF, 0xFF, 0xFF, 0xFF, 0xFF, 0x4B,
  0x00, 0x00, 0x00, 0x2A, 0xE7, 0xFF, 0xFF, 0xFF, 0xFF, 0xFF, 0xFF, 0xFF, 0x71, 0x00, 0x00, 0x00,
  0x00, 0x00, 0x15, 0x88, 0xD3, 0xF6, 0xFA, 0xE4, 0xAB, 0x3F, 0x00, 0x00, 0x00, 0x68, 0xFF, 0xFF,
  0xFF, 0xFF, 0xFF, 0xFF, 0xFF, 0xFF, 0xFF, 0xFF, 0xC4, 0x68, 0xFF, 0xFF, 0xFF, 0xFF, 0xFF, 0xFF,
  0xFF, 0xFF, 0xFF, 0xFF, 0xC4, 0x68, 0xFF, 0xFF, 0xFF, 0xFF, 0xFF, 0xFF, 0xFF, 0xFF, 0xFF, 0xFF,
  0xC4, 0x3F, 0x9C, 0x9C, 0x9C, 0x9C, 0x9C, 0x9C, 0xED, 0xFF, 0xFF, 0xFF, 0xAC, 0x00, 0x00, 0x00,
  0x00, 0x00, 0x00, 0x05, 0xF5, 0xFF, 0xFF, 0xFF, 0x71, 0x00, 0x00, 0x00, 0x00, 0x00, 0x00, 0x38,
  0xFF, 0xFF, 0xFF, 0xFF, 0x35, 0x00, 0x00, 0x00, 0x00, 0x00, 0x00, 0x75, 0xFF, 0xFF, 0xFF, 0xF4,
  0x04, 0x00, 0x00, 0x00, 0x00, 0x00, 0x00, 0xB2, 0xFF, 0xFF, 0xFF, 0xBC, 0x00, 0x00, 0x00, 0x00,
  0x00, 0x00, 0x01, 0xED, 0xFF, 0xFF, 0xFF, 0x80, 0x00, 0x00, 0x00, 0x00, 0x00, 0x00, 0x2C, 0xFF,
  0xFF, 0xFF, 0xFF, 0x44, 0x00, 0x00, 0x00, 0x00, 0x00, 0x00, 0x69, 0xFF, 0xFF, 0xFF, 0xFC, 0x0C,
  0x00, 0x00, 0x00, 0x00, 0x00, 0x00, 0xA7, 0xFF, 0xFF, 0xFF, 0xCC, 0x00, 0x00, 0x00, 0x00, 0x00,
  0x00, 0x00, 0xE4, 0xFF, 0xFF, 0xFF, 0x8F, 0x00, 0x00, 0x00, 0x00, 0x00, 0x00, 0x21, 0xFF, 0xFF,
  0xFF, 0xFF, 0x53, 0x00, 0x00, 0x00, 0x00, 0x00, 0x00, 0x5E, 0xFF, 0xFF, 0xFF, 0xFF, 0x17, 0x00,
  0x00, 0x00, 0x00, 0x00, 0x00, 0x9B, 0xFF, 0xFF, 0xFF, 0xDB, 0x00, 0x00, 0x00, 0x00, 0x00, 0x00,
  0x00, 0xD8, 0xFF, 0xFF, 0xFF, 0x9F, 0x00, 0x00, 0x00, 0x00, 0x00, 0x00, 0x16, 0xFF, 0xFF, 0xFF,
  0xFF, 0x63, 0x00, 0x00, 0x00, 0x00, 0x00, 0x00, 0x53, 0xFF, 0xFF, 0xFF, 0xFF, 0x26, 0x00, 0x00,
  0x00, 0x00, 0x00, 0x00, 0x90, 0xFF, 0xFF, 0xFF, 0xE9, 0x00, 0x00, 0x00, 0x00, 0x00, 0x00, 0x00,
  0xCD, 0xFF, 0xFF, 0xFF, 0xAE, 0x00, 0x00, 0x00, 0x00, 0x00, 0x00, 0x0D, 0xFC, 0xFF, 0xFF, 0xFF,
  0x72, 0x00, 0x00, 0x00, 0x00, 0x00, 0x00, 0x47, 0xFF, 0xFF, 0xFF, 0xFF, 0x36, 0x00, 0x00, 0x00,
  0x00, 0x00, 0x00, 0x84, 0xFF, 0xFF, 0xFF, 0xF5, 0x04, 0x00, 0x00, 0x00, 0x00, 0x00, 0x00, 0xC1,
  0xFF, 0xFF, 0xFF, 0xBE, 0x00, 0x00, 0x00, 0x00, 0x00, 0x00, 0x00, 0x00, 0x45, 0xA9, 0xDE, 0xF7,
  0xEB, 0xCC, 0x79, 0x12, 0x00, 0x00, 0x00, 0x00, 0x01, 0x94, 0xFF, 0xFF, 0xFF, 0xFF, 0xFF, 0xFF,
  0xFF, 0xE1, 0x2E, 0x00, 0x00, 0x00, 0x6A, 0xFF, 0xFF, 0xFF, 0xFF, 0xFF, 0xFF, 0xFF, 0xFF, 0xFF,
  0xD7, 0x08, 0x00, 0x01, 0xE7, 0xFF, 0xFF, 0xFF, 0xF5, 0xA0, 0xCE, 0xFF, 0xFF, 0xFF, 0xFF, 0x5A,
  0x00, 0x35, 0xFF, 0xFF, 0xFF, 0xFF, 0x5F, 0x00, 0x09, 0xE4, 0xFF, 0xFF, 0xFF, 0xA3, 0x00, 0x55,
  0xFF, 0xFF, 0xFF, 0xFF, 0x0E, 0x00, 0x00, 0xA1, 0xFF, 0xFF, 0xFF, 0xC0, 0x00, 0x61, 0xFF, 0xFF,
  0xFF, 0xFB, 0x00, 0x00, 0x00, 0x90, 0xFF, 0xFF, 0xFF, 0xCD, 0x00, 0x4A, 0xFF, 0xFF, 0xFF, 0xFF,
  0x07, 0x00, 0x00, 0x9E, 0xFF, 0xFF, 0xFF, 0xB7, 0x00, 0x1D, 0xFE, 0xFF, 0xFF, 0xFF, 0x33, 0x00,
  0x00, 0xCE, 0xFF, 0xFF, 0xFF, 0x8C, 0x00, 0x00, 0xBB, 0xFF, 0xFF, 0xFF, 0xB3, 0x10, 0x54, 0xFF,
  0xFF, 0xFF, 0xFF, 0x31, 0x00, 0x00, 0x2A, 0xF7, 0xFF, 0xFF, 0xFF, 0xFF, 0xFF, 0xFF, 0xFF, 0xFF,
  0x9C, 0x00, 0x00, 0x00, 0x00, 0x49, 0xFE, 0xFF, 0xFF, 0xFF, 0xFF, 0xFF, 0xFF, 0xB8, 0x07, 0x00,
  0x00, 0x00, 0x16, 0xC4, 0xFF, 0xFF, 0xFF, 0xFF, 0xFF, 0xFF, 0xFF, 0xF4, 0x56, 0x00, 0x00, 0x00,
  0xB5, 0xFF, 0xFF, 0xFF, 0xFF, 0xEB, 0xFA, 0xFF, 0xFF, 0xFF, 0xF9, 0x2F, 0x00, 0x3A, 0xFF, 0xFF,
  0xFF, 0xFF, 0x7C, 0x00, 0x19, 0xE4, 0xFF, 0xFF, 0xFF, 0xAD, 0x00, 0x8B, 0xFF, 0xFF, 0xFF, 0xF6,
  0x07, 0x00, 0x00, 0x84, 0xFF, 0xFF, 0xFF, 0xF7, 0x08, 0xAE, 0xFF, 0xFF, 0xFF, 0xD8, 0x00, 0x00,
  0x00, 0x63, 0xFF, 0xFF, 0xFF, 0xFF, 0x25, 0xBF, 0xFF, 0xFF, 0xFF, 0xC8, 0x00, 0x00, 0x00, 0x55,
  0xFF, 0xFF, 0xFF, 0xFF, 0x3A, 0xB1, 0xFF, 0xFF, 0xFF, 0xD0, 0x00, 0x00, 0x00, 0x5F, 0xFF, 0xFF,
  0xFF, 0xFF, 0x30, 0x99, 0xFF, 0xFF, 0xFF, 0xE8, 0x00, 0x00, 0x00, 0x78, 0xFF, 0xFF, 0xFF, 0xFF,
  0x1C, 0x60, 0xFF, 0xFF, 0xFF, 0xFF, 0x3C, 0x00, 0x01, 0xC7, 0xFF, 0xFF, 0xFF, 0xE1, 0x00, 0x19,
  0xF8, 0xFF, 0xFF, 0xFF, 0xED, 0x96, 0xC1, 0xFF, 0xFF, 0xFF, 0xFF, 0x91, 0x00, 0x00, 0x8D, 0xFF,
  0xFF, 0xFF, 0xFF, 0xFF, 0xFF, 0xFF, 0xFF, 0xFF, 0xF2, 0x16, 0x00, 0x00, 0x06, 0xAC, 0xFF, 0xFF,
  0xFF, 0xFF, 0xFF, 0xFF, 0xFF, 0xF0, 0x3D, 0x00, 0x00, 0x00, 0x00, 0x02, 0x4E, 0xB3, 0xDD, 0xF8,
  0xF6, 0xD5, 0x91, 0x1F, 0x00, 0x00, 0x00, 0x00, 0x00, 0x00, 0x43, 0xAE, 0xDB, 0xF6, 0xE8, 0xC9,
  0x74, 0x0F, 0x00, 0x00, 0x00, 0x00, 0x02, 0x9C, 0xFF, 0xFF, 0xFF, 0xFF, 0xFF, 0xFF, 0xFF, 0xE2,
  0x27, 0x00, 0x00, 0x00, 0x7F, 0xFF, 0xFF, 0xFF, 0xFF, 0xFF, 0xFF, 0xFF, 0xFF, 0xFF, 0xE3, 0x09,
  0x00, 0x13, 0xF2, 0xFF, 0xFF, 0xFF, 0xEE, 0x92, 0xBE, 0xFF, 0xFF, 0xFF, 0xFF, 0x77, 0x00, 0x5A,
  0xFF, 0xFF, 0xFF, 0xFF, 0x53, 0x00, 0x02, 0xD2, 0xFF, 0xFF, 0xFF, 0xCC, 0x00, 0x95, 0xFF, 0xFF,
  0xFF, 0xFF, 0x0E, 0x00, 0x00, 0x8F, 0xFF, 0xFF, 0xFF, 0xFD, 0x0E, 0xB3, 0xFF, 0xFF, 0xFF, 0xF7,
  0x00, 0x00, 0x00, 0x76, 0xFF, 0xFF, 0xFF, 0xFF, 0x27, 0xC4, 0xFF, 0xFF, 0xFF, 0xF2, 0x00, 0x00,
  0x00, 0x70, 0xFF, 0xFF, 0xFF, 0xFF, 0x3A, 0xC3, 0xFF, 0xFF, 0xFF, 0xFB, 0x00, 0x00, 0x00, 0x70,
  0xFF, 0xFF, 0xFF, 0xFF, 0x40, 0xB1, 0xFF, 0xFF, 0xFF, 0xFF, 0x0D, 0x00, 0x00, 0x70, 0xFF, 0xFF,
  0xFF, 0xFF, 0x40, 0x88, 0xFF, 0xFF, 0xFF, 0xFF, 0x53, 0x00, 0x00, 0xA4, 0xFF, 0xFF, 0xFF, 0xFF,
  0x40, 0x49, 0xFF, 0xFF, 0xFF, 0xFF, 0xF5, 0xAD, 0xCB, 0xFF, 0xFF, 0xFF, 0xFF, 0xFF, 0x40, 0x02,
  0xD8, 0xFF, 0xFF, 0xFF, 0xFF, 0xFF, 0xFF, 0xFF, 0xFF, 0xFF, 0xFF, 0xFF, 0x40, 0x00, 0x33, 0xF3,
  0xFF, 0xFF, 0xFF, 0xFF, 0xFF, 0xEB, 0xFF, 0xFF, 0xFF, 0xFF, 0x40, 0x00, 0x00, 0x25, 0xA2, 0xDF,
  0xF9, 0xDF, 0x81, 0x75, 0xFF, 0xFF, 0xFF, 0xFF, 0x40, 0x00, 0x00, 0x00, 0x00, 0x00, 0x00, 0x00,
  0x00, 0x70, 0xFF, 0xFF, 0xFF, 0xFF, 0x40, 0x00, 0x00, 0x00, 0x00, 0x00, 0x00, 0x00, 0x00, 0x71,
  0xFF, 0xFF, 0xFF, 0xFF, 0x3E, 0x00, 0x00, 0x00, 0x00, 0x00, 0x00, 0x00, 0x00, 0x77, 0xFF, 0xFF,
  0xFF, 0xFF, 0x32, 0x50, 0xCC, 0xCC, 0xCC, 0xC9, 0x00, 0x00, 0x00, 0x87, 0xFF, 0xFF, 0xFF, 0xFF,
  0x23, 0x54, 0xFF, 0xFF, 0xFF, 0xFF, 0x0E, 0x00, 0x00, 0xA4, 0xFF, 0xFF, 0xFF, 0xF8, 0x05, 0x38,
  0xFF, 0xFF, 0xFF, 0xFF, 0x50, 0x00, 0x08, 0xE5, 0xFF, 0xFF, 0xFF, 0xCA, 0x00, 0x05, 0xF2, 0xFF,
  0xFF, 0xFF, 0xF2, 0xB0, 0xD6, 0xFF, 0xFF, 0xFF, 0xFF, 0x72, 0x00, 0x00, 0x8A, 0xFF, 0xFF, 0xFF,
  0xFF, 0xFF, 0xFF, 0xFF, 0xFF, 0xFF, 0xE8, 0x0E, 0x00, 0x00, 0x0B, 0xBD, 0xFF, 0xFF, 0xFF, 0xFF,
  0xFF, 0xFF, 0xFF, 0xEF, 0x30, 0x00, 0x00, 0x00, 0x00, 0x03, 0x63, 0xBB, 0xE3, 0xF9, 0xF5, 0xD5,
  0x8F, 0x1C, 0x00, 0x00, 0x00, 0x04, 0xFF, 0xFF, 0xFF, 0xFF, 0x3C, 0x04, 0xFF, 0xFF, 0xFF, 0xFF,
  0x3C, 0x04, 0xFF, 0xFF, 0xFF, 0xFF, 0x3C, 0x04, 0xFF, 0xFF, 0xFF, 0xFF, 0x3C, 0x01, 0x68, 0x68,
  0x68, 0x68, 0x18, 0x00, 0x00, 0x00, 0x00, 0x00, 0x00, 0x00, 0x00, 0x00, 0x00, 0x00, 0x00, 0x00,
  0x00, 0x00, 0x00, 0x00, 0x00, 0x00, 0x00, 0x00, 0x00, 0x00, 0x00, 0x00, 0x00, 0x00, 0x00, 0x00,
  0x00, 0x01, 0x60, 0x60, 0x60, 0x60, 0x16, 0x04, 0xFF, 0xFF, 0xFF, 0xFF, 0x3C, 0x04, 0xFF, 0xFF,
  0xFF, 0xFF, 0x3C, 0x04, 0xFF, 0xFF, 0xFF, 0xFF, 0x3C, 0x04, 0xFF, 0xFF, 0xFF, 0xFF, 0x3C,
};
constexpr size_t NumeralsVlwSize = sizeof(NumeralsVlw);

// Clock: Oswald-600, 15 px, 16 glyphs (the gauge's clock).
alignas(4) const uint8_t ClockVlw[] = {
  0x00, 0x00, 0x00, 0x10, 0x00, 0x00, 0x00, 0x0B, 0x00, 0x00, 0x00, 0x0F, 0x00, 0x00, 0x00, 0x00,
  0x00, 0x00, 0x00, 0x12, 0x00, 0x00, 0x00, 0x05, 0x00, 0x00, 0x00, 0x2B, 0x00, 0x00, 0x00, 0x07,
  0x00, 0x00, 0x00, 0x07, 0x00, 0x00, 0x00, 0x07, 0x00, 0x00, 0x00, 0x0A, 0x00, 0x00, 0x00, 0x00,
  0x00, 0x00, 0x00, 0x00, 0x00, 0x00, 0x00, 0x2C, 0x00, 0x00, 0x00, 0x06, 0x00, 0x00, 0x00, 0x03,
  0x00, 0x00, 0x00, 0x03, 0x00, 0x00, 0x00, 0x03, 0x00, 0x00, 0x00, 0x00, 0x00, 0x00, 0x00, 0x00,
  0x00, 0x00, 0x00, 0x2D, 0x00, 0x00, 0x00, 0x02, 0x00, 0x00, 0x00, 0x05, 0x00, 0x00, 0x00, 0x05,
  0x00, 0x00, 0x00, 0x06, 0x00, 0x00, 0x00, 0x00, 0x00, 0x00, 0x00, 0x00, 0x00, 0x00, 0x00, 0x2E,
  0x00, 0x00, 0x00, 0x03, 0x00, 0x00, 0x00, 0x03, 0x00, 0x00, 0x00, 0x03, 0x00, 0x00, 0x00, 0x03,
  0x00, 0x00, 0x00, 0x00, 0x00, 0x00, 0x00, 0x00, 0x00, 0x00, 0x00, 0x2F, 0x00, 0x00, 0x00, 0x0C,
  0x00, 0x00, 0x00, 0x06, 0x00, 0x00, 0x00, 0x06, 0x00, 0x00, 0x00, 0x0C, 0x00, 0x00, 0x00, 0x00,
  0x00, 0x00, 0x00, 0x00, 0x00, 0x00, 0x00, 0x30, 0x00, 0x00, 0x00, 0x0C, 0x00, 0x00, 0x00, 0x08,
  0x00, 0x00, 0x00, 0x08, 0x00, 0x00, 0x00, 0x0C, 0x00, 0x00, 0x00, 0x00, 0x00, 0x00, 0x00, 0x00,
  0x00, 0x00, 0x00, 0x31, 0x00, 0x00, 0x00, 0x0C, 0x00, 0x00, 0x00, 0x05, 0x00, 0x00, 0x00, 0x06,
  0x00, 0x00, 0x00, 0x0C, 0x00, 0x00, 0x00, 0x00, 0x00, 0x00, 0x00, 0x00, 0x00, 0x00, 0x00, 0x32,
  0x00, 0x00, 0x00, 0x0C, 0x00, 0x00, 0x00, 0x08, 0x00, 0x00, 0x00, 0x08, 0x00, 0x00, 0x00, 0x0C,
  0x00, 0x00, 0x00, 0x00, 0x00, 0x00, 0x00, 0x00, 0x00, 0x00, 0x00, 0x33, 0x00, 0x00, 0x00, 0x0C,
  0x00, 0x00, 0x00, 0x08, 0x00, 0x00, 0x00, 0x08, 0x00, 0x00, 0x00, 0x0C, 0x00, 0x00, 0x00, 0x00,
  0x00, 0x00, 0x00, 0x00, 0x00, 0x00, 0x00, 0x34, 0x00, 0x00, 0x00, 0x0C, 0x00, 0x00, 0x00, 0x08,
  0x00, 0x00, 0x00, 0x08, 0x00, 0x00, 0x00, 0x0C, 0x00, 0x00, 0x00, 0x00, 0x00, 0x00, 0x00, 0x00,
  0x00, 0x00, 0x00, 0x35, 0x00, 0x00, 0x00, 0x0C, 0x00, 0x00, 0x00, 0x08, 0x00, 0x00, 0x00, 0x08,
  0x00, 0x00, 0x00, 0x0C, 0x00, 0x00, 0x00, 0x00, 0x00, 0x00, 0x00, 0x00, 0x00, 0x00, 0x00, 0x36,
  0x00, 0x00, 0x00, 0x0C, 0x00, 0x00, 0x00, 0x08, 0x00, 0x00, 0x00, 0x08, 0x00, 0x00, 0x00, 0x0C,
  0x00, 0x00, 0x00, 0x00, 0x00, 0x00, 0x00, 0x00, 0x00, 0x00, 0x00, 0x37, 0x00, 0x00, 0x00, 0x0C,
  0x00, 0x00, 0x00, 0x06, 0x00, 0x00, 0x00, 0x06, 0x00, 0x00, 0x00, 0x0C, 0x00, 0x00, 0x00, 0x00,
  0x00, 0x00, 0x00, 0x00, 0x00, 0x00, 0x00, 0x38, 0x00, 0x00, 0x00, 0x0C, 0x00, 0x00, 0x00, 0x08,
  0x00, 0x00, 0x00, 0x08, 0x00, 0x00, 0x00, 0x0C, 0x00, 0x00, 0x00, 0x00, 0x00, 0x00, 0x00, 0x00,
  0x00, 0x00, 0x00, 0x39, 0x00, 0x00, 0x00, 0x0C, 0x00, 0x00, 0x00, 0x08, 0x00, 0x00, 0x00, 0x08,
  0x00, 0x00, 0x00, 0x0C, 0x00, 0x00, 0x00, 0x00, 0x00, 0x00, 0x00, 0x00, 0x00, 0x00, 0x00, 0x3A,
  0x00, 0x00, 0x00, 0x08, 0x00, 0x00, 0x00, 0x04, 0x00, 0x00, 0x00, 0x04, 0x00, 0x00, 0x00, 0x09,
  0x00, 0x00, 0x00, 0x00, 0x00, 0x00, 0x00, 0x00, 0x00, 0x00, 0x21, 0x48, 0x04, 0x00, 0x00, 0x00,
  0x00, 0x78, 0xFF, 0x10, 0x00, 0x00, 0x11, 0x1C, 0x86, 0xFF, 0x2A, 0x1C, 0x06, 0x9C, 0xFF, 0xFF,
  0xFF, 0xFF, 0xFF, 0x3C, 0x2E, 0x4C, 0xA0, 0xFF, 0x57, 0x4C, 0x11, 0x00, 0x00, 0x78, 0xFF, 0x10,
  0x00, 0x00, 0x00, 0x00, 0x78, 0xFF, 0x10, 0x00, 0x00, 0x15, 0x3C, 0x30, 0x5C, 0xFF, 0xD0, 0x5C,
  0xFF, 0xCE, 0x00, 0x4D, 0xB4, 0x16, 0xE4, 0x3D, 0x00, 0x04, 0x00, 0x41, 0x88, 0x88, 0x88, 0x28,
  0x7C, 0xFF, 0xFF, 0xFF, 0x4C, 0x13, 0x40, 0x37, 0x4C, 0xFF, 0xDC, 0x4C, 0xFF, 0xDC, 0x00, 0x00,
  0x00, 0x02, 0xE9, 0x68, 0x00, 0x00, 0x00, 0x39, 0xFF, 0x1C, 0x00, 0x00, 0x00, 0x87, 0xCD, 0x00,
  0x00, 0x00, 0x00, 0xD4, 0x7F, 0x00, 0x00, 0x00, 0x21, 0xFF, 0x32, 0x00, 0x00, 0x00, 0x70, 0xE3,
  0x00, 0x00, 0x00, 0x00, 0xBD, 0x96, 0x00, 0x00, 0x00, 0x0F, 0xFA, 0x49, 0x00, 0x00, 0x00, 0x59,
  0xF3, 0x07, 0x00, 0x00, 0x00, 0xA6, 0xAD, 0x00, 0x00, 0x00, 0x04, 0xEF, 0x60, 0x00, 0x00, 0x00,
  0x41, 0xFD, 0x15, 0x00, 0x00, 0x00, 0x00, 0x15, 0xA8, 0xEF, 0xF3, 0xB7, 0x22, 0x00, 0x00, 0xB8,
  0xFF, 0xFF, 0xFF, 0xFF, 0xD6, 0x01, 0x12, 0xFE, 0xFF, 0x7E, 0x5D, 0xFF, 0xFF, 0x33, 0x2A, 0xFF,
  0xFF, 0x32, 0x0B, 0xFF, 0xFF, 0x4D, 0x2C, 0xFF, 0xFF, 0x30, 0x08, 0xFF, 0xFF, 0x50, 0x2C, 0xFF,
  0xFF, 0x30, 0x08, 0xFF, 0xFF, 0x50, 0x2C, 0xFF, 0xFF, 0x30, 0x08, 0xFF, 0xFF, 0x50, 0x2C, 0xFF,
  0xFF, 0x30, 0x08, 0xFF, 0xFF, 0x50, 0x2A, 0xFF, 0xFF, 0x32, 0x0B, 0xFF, 0xFF, 0x4E, 0x12, 0xFE,
  0xFF, 0x80, 0x60, 0xFF, 0xFF, 0x33, 0x00, 0xB6, 0xFF, 0xFF, 0xFF, 0xFF, 0xD4, 0x01, 0x00, 0x14,
  0xA7, 0xF0, 0xF4, 0xB7, 0x21, 0x00, 0x00, 0x3C, 0xD8, 0xFF, 0x6C, 0x87, 0xFF, 0xFF, 0xFF, 0x6C,
  0x93, 0x9C, 0xEF, 0xFF, 0x6C, 0x00, 0x00, 0xE4, 0xFF, 0x6C, 0x00, 0x00, 0xE4, 0xFF, 0x6C, 0x00,
  0x00, 0xE4, 0xFF, 0x6C, 0x00, 0x00, 0xE4, 0xFF, 0x6C, 0x00, 0x00, 0xE4, 0xFF, 0x6C, 0x00, 0x00,
  0xE4, 0xFF, 0x6C, 0x00, 0x00, 0xE4, 0xFF, 0x6C, 0x00, 0x00, 0xE4, 0xFF, 0x6C, 0x00, 0x00, 0xE4,
  0xFF, 0x6C, 0x00, 0x26, 0xBA, 0xF3, 0xEA, 0xAB, 0x1C, 0x00, 0x05, 0xDC, 0xFF, 0xFF, 0xFF, 0xFF,
  0xC2, 0x00, 0x3F, 0xFF, 0xFE, 0x3A, 0x54, 0xFF, 0xFF, 0x10, 0x5F, 0xFF, 0xE6, 0x00, 0x36, 0xFF,
  0xFF, 0x15, 0x17, 0x3C, 0x34, 0x00, 0x85, 0xFF, 0xD8, 0x00, 0x00, 0x00, 0x00, 0x25, 0xF6, 0xFF,
  0x57, 0x00, 0x00, 0x00, 0x03, 0xC6, 0xFF, 0xB1, 0x00, 0x00, 0x00, 0x00, 0x78, 0xFF, 0xEB, 0x17,
  0x00, 0x00, 0x00, 0x2C, 0xF9, 0xFF, 0x52, 0x00, 0x00, 0x00, 0x05, 0xCE, 0xFF, 0xA2, 0x00, 0x00,
  0x00, 0x00, 0x5A, 0xFF, 0xFF, 0xE7, 0xE0, 0xE0, 0xB9, 0x00, 0x64, 0xFF, 0xFF, 0xFF, 0xFF, 0xFF,
  0xD4, 0x00, 0x00, 0x46, 0xCA, 0xF7, 0xEF, 0xAC, 0x1E, 0x00, 0x22, 0xF8, 0xFF, 0xF2, 0xFB, 0xFF,
  0xCC, 0x00, 0x65, 0xFF, 0xF7, 0x0B, 0x56, 0xFF, 0xFF, 0x0E, 0x2D, 0x68, 0x5B, 0x00, 0x4E, 0xFF,
  0xF1, 0x03, 0x00, 0x00, 0x00, 0xBC, 0xF5, 0xF5, 0x5F, 0x00, 0x00, 0x00, 0x00, 0xF0, 0xFF, 0xEF,
  0x4A, 0x00, 0x00, 0x00, 0x00, 0x07, 0x93, 0xFF, 0xDC, 0x00, 0x24, 0x54, 0x49, 0x00, 0x3C, 0xFF,
  0xFF, 0x0E, 0x69, 0xFF, 0xE8, 0x00, 0x38, 0xFF, 0xFF, 0x0F, 0x48, 0xFF, 0xFE, 0x31, 0x78, 0xFF,
  0xEB, 0x00, 0x09, 0xE5, 0xFF, 0xFF, 0xFF, 0xFF, 0x90, 0x00, 0x00, 0x30, 0xC3, 0xF5, 0xEC, 0x98,
  0x08, 0x00, 0x00, 0x00, 0x00, 0xA5, 0xFF, 0xFF, 0x48, 0x00, 0x00, 0x00, 0x1B, 0xFA, 0xFF, 0xFF,
  0x48, 0x00, 0x00, 0x00, 0x87, 0xF6, 0xEF, 0xFF, 0x48, 0x00, 0x00, 0x0A, 0xED, 0xA4, 0xE4, 0xFF,
  0x48, 0x00, 0x00, 0x69, 0xFF, 0x43, 0xE4, 0xFF, 0x48, 0x00, 0x01, 0xD8, 0xE0, 0x01, 0xE4, 0xFF,
  0x48, 0x00, 0x4C, 0xFF, 0x82, 0x00, 0xE4, 0xFF, 0x48, 0x00, 0x92, 0xFF, 0xDD, 0xD0, 0xFA, 0xFF,
  0xDD, 0x5E, 0x94, 0xFF, 0xFF, 0xFF, 0xFF, 0xFF, 0xFF, 0x74, 0x00, 0x00, 0x00, 0x00, 0xE4, 0xFF,
  0x48, 0x00, 0x00, 0x00, 0x00, 0x00, 0xE4, 0xFF, 0x48, 0x00, 0x00, 0x00, 0x00, 0x00, 0xE4, 0xFF,
  0x48, 0x00, 0x14, 0xFF, 0xFF, 0xFF, 0xFF, 0xFF, 0x88, 0x00, 0x1A, 0xFF, 0xFF, 0xFF, 0xFF, 0xFF,
  0x88, 0x00, 0x20, 0xFF, 0xD0, 0x08, 0x08, 0x08, 0x04, 0x00, 0x27, 0xFF, 0xD0, 0x92, 0xB6, 0x7D,
  0x02, 0x00, 0x2D, 0xFF, 0xFF, 0xFF, 0xFF, 0xFF, 0x78, 0x00, 0x34, 0xFF, 0xF8, 0x24, 0x83, 0xFF,
  0xD4, 0x00, 0x0A, 0x30, 0x26, 0x00, 0x37, 0xFF, 0xFB, 0x00, 0x00, 0x00, 0x00, 0x00, 0x2A, 0xFF,
  0xFF, 0x03, 0x4C, 0xF0, 0xDC, 0x00, 0x31, 0xFF, 0xF3, 0x00, 0x37, 0xFF, 0xFD, 0x18, 0x56, 0xFF,
  0xCE, 0x00, 0x05, 0xE6, 0xFF, 0xEB, 0xF0, 0xFF, 0x7A, 0x00, 0x00, 0x38, 0xCA, 0xF7, 0xEC, 0x95,
  0x07, 0x00, 0x00, 0x15, 0xAC, 0xEF, 0xF6, 0xC7, 0x35, 0x00, 0x00, 0xB7, 0xFF, 0xF6, 0xE8, 0xFF,
  0xDF, 0x01, 0x0E, 0xFE, 0xFF, 0x4C, 0x1E, 0xFF, 0xFF, 0x17, 0x2C, 0xFF, 0xFF, 0x2A, 0x00, 0x00,
  0x00, 0x00, 0x34, 0xFF, 0xFF, 0x88, 0xC1, 0xAB, 0x27, 0x00, 0x34, 0xFF, 0xFF, 0xFF, 0xFF, 0xFF,
  0xDC, 0x03, 0x34, 0xFF, 0xFF, 0x52, 0x41, 0xFF, 0xFF, 0x28, 0x34, 0xFF, 0xFF, 0x28, 0x07, 0xFF,
  0xFF, 0x49, 0x2D, 0xFF, 0xFF, 0x2A, 0x07, 0xFF, 0xFF, 0x47, 0x0E, 0xFC, 0xFF, 0x51, 0x2C, 0xFF,
  0xFF, 0x20, 0x00, 0xAA, 0xFF, 0xF4, 0xEA, 0xFF, 0xC4, 0x00, 0x00, 0x0E, 0xA1, 0xEE, 0xF3, 0xB5,
  0x1C, 0x00, 0xB4, 0xFF, 0xFF, 0xFF, 0xFF, 0xE0, 0x92, 0xD0, 0xD0, 0xE3, 0xFF, 0xD9, 0x00, 0x00,
  0x00, 0x91, 0xFF, 0xA4, 0x00, 0x00, 0x00, 0xD1, 0xFF, 0x65, 0x00, 0x00, 0x12, 0xFE, 0xFF, 0x26,
  0x00, 0x00, 0x51, 0xFF, 0xE8, 0x00, 0x00, 0x00, 0x91, 0xFF, 0xA9, 0x00, 0x00, 0x00, 0xD1, 0xFF,
  0x6A, 0x00, 0x00, 0x12, 0xFE, 0xFF, 0x2B, 0x00, 0x00, 0x51, 0xFF, 0xEB, 0x01, 0x00, 0x00, 0x91,
  0xFF, 0xAD, 0x00, 0x00, 0x00, 0xD0, 0xFF, 0x6F, 0x00, 0x00, 0x00, 0x37, 0xC6, 0xF7, 0xF0, 0xAA,
  0x16, 0x00, 0x07, 0xEB, 0xFF, 0xE3, 0xF1, 0xFF, 0xAB, 0x00, 0x2C, 0xFF, 0xFF, 0x15, 0x5F, 0xFF,
  0xE4, 0x00, 0x13, 0xFB, 0xFF, 0x28, 0x75, 0xFF, 0xC7, 0x00, 0x00, 0x6C, 0xFF, 0xFC, 0xFF, 0xF3,
  0x3F, 0x00, 0x00, 0x8D, 0xFF, 0xFF, 0xFF, 0xF9, 0x4C, 0x00, 0x25, 0xFF, 0xFF, 0x37, 0x78, 0xFF,
  0xDE, 0x00, 0x58, 0xFF, 0xEA, 0x00, 0x33, 0xFF, 0xFF, 0x14, 0x5B, 0xFF, 0xE6, 0x00, 0x2E, 0xFF,
  0xFF, 0x18, 0x37, 0xFF, 0xFC, 0x16, 0x5B, 0xFF, 0xF3, 0x03, 0x03, 0xD8, 0xFF, 0xE2, 0xF1, 0xFF,
  0x9B, 0x00, 0x00, 0x26, 0xBD, 0xF4, 0xED, 0x9F, 0x0B, 0x00, 0x00, 0x2F, 0xC0, 0xF4, 0xED, 0x9F,
  0x0D, 0x00, 0x0A, 0xE6, 0xFF, 0xE5, 0xF3, 0xFF, 0xA1, 0x00, 0x47, 0xFF, 0xFF, 0x18, 0x57, 0xFF,
  0xF6, 0x05, 0x61, 0xFF, 0xFB, 0x00, 0x38, 0xFF, 0xFF, 0x1A, 0x4A, 0xFF, 0xFF, 0x17, 0x41, 0xFF,
  0xFF, 0x20, 0x17, 0xF9, 0xFF, 0xE7, 0xF3, 0xFF, 0xFF, 0x20, 0x00, 0x5C, 0xE3, 0xF0, 0xB1, 0xFF,
  0xFF, 0x20, 0x00, 0x00, 0x00, 0x00, 0x38, 0xFF, 0xFF, 0x20, 0x13, 0x64, 0x63, 0x00, 0x3F, 0xFF,
  0xFF, 0x17, 0x24, 0xFF, 0xFF, 0x17, 0x64, 0xFF, 0xF3, 0x02, 0x01, 0xE0, 0xFF, 0xE9, 0xFA, 0xFF,
  0xA1, 0x00, 0x00, 0x35, 0xC9, 0xF7, 0xEE, 0xA6, 0x0F, 0x00, 0x04, 0xFF, 0xFF, 0x20, 0x04, 0xFF,
  0xFF, 0x20, 0x00, 0x34, 0x34, 0x06, 0x00, 0x00, 0x00, 0x00, 0x00, 0x00, 0x00, 0x00, 0x04, 0xFF,
  0xFF, 0x20, 0x04, 0xFF, 0xFF, 0x20, 0x00, 0x30, 0x30, 0x06,
};
constexpr size_t ClockVlwSize = sizeof(ClockVlw);

// Code: Oswald-600, 44 px, 17 glyphs (presence code digits).
alignas(4) const uint8_t CodeVlw[] = {
  0x00, 0x00, 0x00, 0x11, 0x00, 0x00, 0x00, 0x0B, 0x00, 0x00, 0x00, 0x2C, 0x00, 0x00, 0x00, 0x00,
  0x00, 0x00, 0x00, 0x35, 0x00, 0x00, 0x00, 0x0D, 0x00, 0x00, 0x00, 0x2B, 0x00, 0x00, 0x00, 0x13,
  0x00, 0x00, 0x00, 0x12, 0x00, 0x00, 0x00, 0x13, 0x00, 0x00, 0x00, 0x1C, 0x00, 0x00, 0x00, 0x01,
  0x00, 0x00, 0x00, 0x00, 0x00, 0x00, 0x00, 0x2C, 0x00, 0x00, 0x00, 0x0E, 0x00, 0x00, 0x00, 0x08,
  0x00, 0x00, 0x00, 0x0A, 0x00, 0x00, 0x00, 0x07, 0x00, 0x00, 0x00, 0x01, 0x00, 0x00, 0x00, 0x00,
  0x00, 0x00, 0x00, 0x2D, 0x00, 0x00, 0x00, 0x05, 0x00, 0x00, 0x00, 0x0C, 0x00, 0x00, 0x00, 0x0E,
  0x00, 0x00, 0x00, 0x10, 0x00, 0x00, 0x00, 0x01, 0x00, 0x00, 0x00, 0x00, 0x00, 0x00, 0x00, 0x2E,
  0x00, 0x00, 0x00, 0x07, 0x00, 0x00, 0x00, 0x07, 0x00, 0x00, 0x00, 0x0A, 0x00, 0x00, 0x00, 0x07,
  0x00, 0x00, 0x00, 0x02, 0x00, 0x00, 0x00, 0x00, 0x00, 0x00, 0x00, 0x2F, 0x00, 0x00, 0x00, 0x24,
  0x00, 0x00, 0x00, 0x10, 0x00, 0x00, 0x00, 0x12, 0x00, 0x00, 0x00, 0x24, 0x00, 0x00, 0x00, 0x01,
  0x00, 0x00, 0x00, 0x00, 0x00, 0x00, 0x00, 0x30, 0x00, 0x00, 0x00, 0x24, 0x00, 0x00, 0x00, 0x14,
  0x00, 0x00, 0x00, 0x18, 0x00, 0x00, 0x00, 0x24, 0x00, 0x00, 0x00, 0x02, 0x00, 0x00, 0x00, 0x00,
  0x00, 0x00, 0x00, 0x31, 0x00, 0x00, 0x00, 0x24, 0x00, 0x00, 0x00, 0x0C, 0x00, 0x00, 0x00, 0x11,
  0x00, 0x00, 0x00, 0x24, 0x00, 0x00, 0x00, 0x01, 0x00, 0x00, 0x00, 0x00, 0x00, 0x00, 0x00, 0x32,
  0x00, 0x00, 0x00, 0x24, 0x00, 0x00, 0x00, 0x14, 0x00, 0x00, 0x00, 0x16, 0x00, 0x00, 0x00, 0x24,
  0x00, 0x00, 0x00, 0x01, 0x00, 0x00, 0x00, 0x00, 0x00, 0x00, 0x00, 0x33, 0x00, 0x00, 0x00, 0x24,
  0x00, 0x00, 0x00, 0x14, 0x00, 0x00, 0x00, 0x16, 0x00, 0x00, 0x00, 0x24, 0x00, 0x00, 0x00, 0x01,
  0x00, 0x00, 0x00, 0x00, 0x00, 0x00, 0x00, 0x34, 0x00, 0x00, 0x00, 0x24, 0x00, 0x00, 0x00, 0x15,
  0x00, 0x00, 0x00, 0x17, 0x00, 0x00, 0x00, 0x24, 0x00, 0x00, 0x00, 0x01, 0x00, 0x00, 0x00, 0x00,
  0x00, 0x00, 0x00, 0x35, 0x00, 0x00, 0x00, 0x24, 0x00, 0x00, 0x00, 0x14, 0x00, 0x00, 0x00, 0x16,
  0x00, 0x00, 0x00, 0x24, 0x00, 0x00, 0x00, 0x01, 0x00, 0x00, 0x00, 0x00, 0x00, 0x00, 0x00, 0x36,
  0x00, 0x00, 0x00, 0x24, 0x00, 0x00, 0x00, 0x14, 0x00, 0x00, 0x00, 0x17, 0x00, 0x00, 0x00, 0x24,
  0x00, 0x00, 0x00, 0x02, 0x00, 0x00, 0x00, 0x00, 0x00, 0x00, 0x00, 0x37, 0x00, 0x00, 0x00, 0x24,
  0x00, 0x00, 0x00, 0x12, 0x00, 0x00, 0x00, 0x13, 0x00, 0x00, 0x00, 0x24, 0x00, 0x00, 0x00, 0x00,
  0x00, 0x00, 0x00, 0x00, 0x00, 0x00, 0x00, 0x38, 0x00, 0x00, 0x00, 0x24, 0x00, 0x00, 0x00, 0x14,
  0x00, 0x00, 0x00, 0x17, 0x00, 0x00, 0x00, 0x24, 0x00, 0x00, 0x00, 0x01, 0x00, 0x00, 0x00, 0x00,
  0x00, 0x00, 0x00, 0x39, 0x00, 0x00, 0x00, 0x24, 0x00, 0x00, 0x00, 0x14, 0x00, 0x00, 0x00, 0x17,
  0x00, 0x00, 0x00, 0x24, 0x00, 0x00, 0x00, 0x01, 0x00, 0x00, 0x00, 0x00, 0x00, 0x00, 0x00, 0x3A,
  0x00, 0x00, 0x00, 0x16, 0x00, 0x00, 0x00, 0x08, 0x00, 0x00, 0x00, 0x0B, 0x00, 0x00, 0x00, 0x19,
  0x00, 0x00, 0x00, 0x02, 0x00, 0x00, 0x00, 0x00, 0x00, 0x00, 0x00, 0x20, 0x00, 0x00, 0x00, 0x00,
  0x00, 0x00, 0x00, 0x00, 0x00, 0x00, 0x00, 0x0B, 0x00, 0x00, 0x00, 0x00, 0x00, 0x00, 0x00, 0x00,
  0x00, 0x00, 0x00, 0x00, 0x00, 0x00, 0x00, 0x00, 0x00, 0x00, 0x12, 0x20, 0x20, 0x20, 0x1D, 0x00,
  0x00, 0x00, 0x00, 0x00, 0x00, 0x00, 0x00, 0x00, 0x00, 0x00, 0x00, 0x00, 0x90, 0xFF, 0xFF, 0xFF,
  0xEC, 0x00, 0x00, 0x00, 0x00, 0x00, 0x00, 0x00, 0x00, 0x00, 0x00, 0x00, 0x00, 0x00, 0x90, 0xFF,
  0xFF, 0xFF, 0xEC, 0x00, 0x00, 0x00, 0x00, 0x00, 0x00, 0x00, 0x00, 0x00, 0x00, 0x00, 0x00, 0x00,
  0x90, 0xFF, 0xFF, 0xFF, 0xEC, 0x00, 0x00, 0x00, 0x00, 0x00, 0x00, 0x00, 0x00, 0x00, 0x00, 0x00,
  0x00, 0x00, 0x90, 0xFF, 0xFF, 0xFF, 0xEC, 0x00, 0x00, 0x00, 0x00, 0x00, 0x00, 0x00, 0x00, 0x00,
  0x00, 0x00, 0x00, 0x00, 0x90, 0xFF, 0xFF, 0xFF, 0xEC, 0x00, 0x00, 0x00, 0x00, 0x00, 0x00, 0x00,
  0x00, 0x00, 0x00, 0x00, 0x00, 0x00, 0x90, 0xFF, 0xFF, 0xFF, 0xEC, 0x00, 0x00, 0x00, 0x00, 0x00,
  0x00, 0x00, 0x0D, 0x10, 0x10, 0x10, 0x10, 0x10, 0x97, 0xFF, 0xFF, 0xFF, 0xED, 0x10, 0x10, 0x10,
  0x10, 0x10, 0x10, 0x04, 0xDC, 0xFF, 0xFF, 0xFF, 0xFF, 0xFF, 0xFF, 0xFF, 0xFF, 0xFF, 0xFF, 0xFF,
  0xFF, 0xFF, 0xFF, 0xFF, 0xFF, 0x4C, 0xDC, 0xFF, 0xFF, 0xFF, 0xFF, 0xFF, 0xFF, 0xFF, 0xFF, 0xFF,
  0xFF, 0xFF, 0xFF, 0xFF, 0xFF, 0xFF, 0xFF, 0x4C, 0xDC, 0xFF, 0xFF, 0xFF, 0xFF, 0xFF, 0xFF, 0xFF,
  0xFF, 0xFF, 0xFF, 0xFF, 0xFF, 0xFF, 0xFF, 0xFF, 0xFF, 0x4C, 0xDC, 0xFF, 0xFF, 0xFF, 0xFF, 0xFF,
  0xFF, 0xFF, 0xFF, 0xFF, 0xFF, 0xFF, 0xFF, 0xFF, 0xFF, 0xFF, 0xFF, 0x4C, 0x00, 0x00, 0x00, 0x00,
  0x00, 0x00, 0x90, 0xFF, 0xFF, 0xFF, 0xEC, 0x00, 0x00, 0x00, 0x00, 0x00, 0x00, 0x00, 0x00, 0x00,
  0x00, 0x00, 0x00, 0x00, 0x90, 0xFF, 0xFF, 0xFF, 0xEC, 0x00, 0x00, 0x00, 0x00, 0x00, 0x00, 0x00,
  0x00, 0x00, 0x00, 0x00, 0x00, 0x00, 0x90, 0xFF, 0xFF, 0xFF, 0xEC, 0x00, 0x00, 0x00, 0x00, 0x00,
  0x00, 0x00, 0x00, 0x00, 0x00, 0x00, 0x00, 0x00, 0x90, 0xFF, 0xFF, 0xFF, 0xEC, 0x00, 0x00, 0x00,
  0x00, 0x00, 0x00, 0x00, 0x00, 0x00, 0x00, 0x00, 0x00, 0x00, 0x90, 0xFF, 0xFF, 0xFF, 0xEC, 0x00,
  0x00, 0x00, 0x00, 0x00, 0x00, 0x00, 0x00, 0x00, 0x00, 0x00, 0x00, 0x00, 0x90, 0xFF, 0xFF, 0xFF,
  0xEC, 0x00, 0x00, 0x00, 0x00, 0x00, 0x00, 0x00, 0x00, 0x00, 0x00, 0x00, 0x00, 0x00, 0x90, 0xFF,
  0xFF, 0xFF, 0xEC, 0x00, 0x00, 0x00, 0x00, 0x00, 0x00, 0x00, 0x0C, 0x74, 0x74, 0x74, 0x74, 0x74,
  0x74, 0x1E, 0x1C, 0xFF, 0xFF, 0xFF, 0xFF, 0xFF, 0xFF, 0x44, 0x1C, 0xFF, 0xFF, 0xFF, 0xFF, 0xFF,
  0xFF, 0x44, 0x1C, 0xFF, 0xFF, 0xFF, 0xFF, 0xFF, 0xFF, 0x44, 0x1C, 0xFF, 0xFF, 0xFF, 0xFF, 0xFF,
  0xFF, 0x44, 0x1C, 0xFF, 0xFF, 0xFF, 0xFF, 0xFF, 0xFF, 0x44, 0x1C, 0xFF, 0xFF, 0xFF, 0xFF, 0xFF,
  0xFF, 0x3F, 0x00, 0x00, 0x00, 0x00, 0xB4, 0xFF, 0xFF, 0x2D, 0x00, 0x00, 0x00, 0x04, 0xE2, 0xFF,
  0xFA, 0x07, 0x00, 0x00, 0x00, 0x84, 0xFF, 0xFF, 0xB9, 0x00, 0x00, 0x2D, 0xB0, 0xFF, 0xFF, 0xFF,
  0x42, 0x00, 0x00, 0x79, 0xFF, 0xFF, 0xFF, 0x7E, 0x00, 0x00, 0x00, 0x3C, 0xF7, 0xBA, 0x45, 0x00,
  0x00, 0x00, 0x00, 0x02, 0x04, 0x00, 0x00, 0x00, 0x00, 0x00, 0x36, 0x6C, 0x6C, 0x6C, 0x6C, 0x6C,
  0x6C, 0x6C, 0x6C, 0x6C, 0x6C, 0x3E, 0x80, 0xFF, 0xFF, 0xFF, 0xFF, 0xFF, 0xFF, 0xFF, 0xFF, 0xFF,
  0xFF, 0x94, 0x80, 0xFF, 0xFF, 0xFF, 0xFF, 0xFF, 0xFF, 0xFF, 0xFF, 0xFF, 0xFF, 0x94, 0x80, 0xFF,
  0xFF, 0xFF, 0xFF, 0xFF, 0xFF, 0xFF, 0xFF, 0xFF, 0xFF, 0x94, 0x80, 0xFF, 0xFF, 0xFF, 0xFF, 0xFF,
  0xFF, 0xFF, 0xFF, 0xFF, 0xFF, 0x94, 0x78, 0x80, 0x80, 0x80, 0x80, 0x80, 0x34, 0xF0, 0xFF, 0xFF,
  0xFF, 0xFF, 0xFF, 0x68, 0xF0, 0xFF, 0xFF, 0xFF, 0xFF, 0xFF, 0x68, 0xF0, 0xFF, 0xFF, 0xFF, 0xFF,
  0xFF, 0x68, 0xF0, 0xFF, 0xFF, 0xFF, 0xFF, 0xFF, 0x68, 0xF0, 0xFF, 0xFF, 0xFF, 0xFF, 0xFF, 0x68,
  0xF0, 0xFF, 0xFF, 0xFF, 0xFF, 0xFF, 0x68, 0x00, 0x00, 0x00, 0x00, 0x00, 0x00, 0x00, 0x00, 0x00,
  0x00, 0x00, 0xBE, 0xFF, 0xFF, 0xFF, 0x2D, 0x00, 0x00, 0x00, 0x00, 0x00, 0x00, 0x00, 0x00, 0x00,
  0x00, 0x0F, 0xFA, 0xFF, 0xFF, 0xE1, 0x00, 0x00, 0x00, 0x00, 0x00, 0x00, 0x00, 0x00, 0x00, 0x00,
  0x00, 0x56, 0xFF, 0xFF, 0xFF, 0x95, 0x00, 0x00, 0x00, 0x00, 0x00, 0x00, 0x00, 0x00, 0x00, 0x00,
  0x00, 0xA1, 0xFF, 0xFF, 0xFF, 0x49, 0x00, 0x00, 0x00, 0x00, 0x00, 0x00, 0x00, 0x00, 0x00, 0x00,
  0x02, 0xEA, 0xFF, 0xFF, 0xF5, 0x08, 0x00, 0x00, 0x00, 0x00, 0x00, 0x00, 0x00, 0x00, 0x00, 0x00,
  0x39, 0xFF, 0xFF, 0xFF, 0xB1, 0x00, 0x00, 0x00, 0x00, 0x00, 0x00, 0x00, 0x00, 0x00, 0x00, 0x00,
  0x84, 0xFF, 0xFF, 0xFF, 0x65, 0x00, 0x00, 0x00, 0x00, 0x00, 0x00, 0x00, 0x00, 0x00, 0x00, 0x00,
  0xD0, 0xFF, 0xFF, 0xFE, 0x1A, 0x00, 0x00, 0x00, 0x00, 0x00, 0x00, 0x00, 0x00, 0x00, 0x00, 0x1C,
  0xFF, 0xFF, 0xFF, 0xCC, 0x00, 0x00, 0x00, 0x00, 0x00, 0x00, 0x00, 0x00, 0x00, 0x00, 0x00, 0x67,
  0xFF, 0xFF, 0xFF, 0x80, 0x00, 0x00, 0x00, 0x00, 0x00, 0x00, 0x00, 0x00, 0x00, 0x00, 0x00, 0xB3,
  0xFF, 0xFF, 0xFF, 0x34, 0x00, 0x00, 0x00, 0x00, 0x00, 0x00, 0x00, 0x00, 0x00, 0x00, 0x08, 0xF5,
  0xFF, 0xFF, 0xE7, 0x01, 0x00, 0x00, 0x00, 0x00, 0x00, 0x00, 0x00, 0x00, 0x00, 0x00, 0x4A, 0xFF,
  0xFF, 0xFF, 0x9C, 0x00, 0x00, 0x00, 0x00, 0x00, 0x00, 0x00, 0x00, 0x00, 0x00, 0x00, 0x96, 0xFF,
  0xFF, 0xFF, 0x50, 0x00, 0x00, 0x00, 0x00, 0x00, 0x00, 0x00, 0x00, 0x00, 0x00, 0x00, 0xE1, 0xFF,
  0xFF, 0xF8, 0x0B, 0x00, 0x00, 0x00, 0x00, 0x00, 0x00, 0x00, 0x00, 0x00, 0x00, 0x2D, 0xFF, 0xFF,
  0xFF, 0xB8, 0x00, 0x00, 0x00, 0x00, 0x00, 0x00, 0x00, 0x00, 0x00, 0x00, 0x00, 0x79, 0xFF, 0xFF,
  0xFF, 0x6C, 0x00, 0x00, 0x00, 0x00, 0x00, 0x00, 0x00, 0x00, 0x00, 0x00, 0x00, 0xC5, 0xFF, 0xFF,
  0xFF, 0x20, 0x00, 0x00, 0x00, 0x00, 0x00, 0x00, 0x00, 0x00, 0x00, 0x00, 0x13, 0xFC, 0xFF, 0xFF,
  0xD3, 0x00, 0x00, 0x00, 0x00, 0x00, 0x00, 0x00, 0x00, 0x00, 0x00, 0x00, 0x5C, 0xFF, 0xFF, 0xFF,
  0x87, 0x00, 0x00, 0x00, 0x00, 0x00, 0x00, 0x00, 0x00, 0x00, 0x00, 0x00, 0xA8, 0xFF, 0xFF, 0xFF,
  0x3B, 0x00, 0x00, 0x00, 0x00, 0x00, 0x00, 0x00, 0x00, 0x00, 0x00, 0x04, 0xEF, 0xFF, 0xFF, 0xEC,
  0x02, 0x00, 0x00, 0x00, 0x00, 0x00, 0x00, 0x00, 0x00, 0x00, 0x00, 0x3F, 0xFF, 0xFF, 0xFF, 0xA3,
  0x00, 0x00, 0x00, 0x00, 0x00, 0x00, 0x00, 0x00, 0x00, 0x00, 0x00, 0x8B, 0xFF, 0xFF, 0xFF, 0x57,
  0x00, 0x00, 0x00, 0x00, 0x00, 0x00, 0x00, 0x00, 0x00, 0x00, 0x00, 0xD6, 0xFF, 0xFF, 0xFB, 0x0F,
  0x00, 0x00, 0x00, 0x00, 0x00, 0x00, 0x00, 0x00, 0x00, 0x00, 0x21, 0xFF, 0xFF, 0xFF, 0xBF, 0x00,
  0x00, 0x00, 0x00, 0x00, 0x00, 0x00, 0x00, 0x00, 0x00, 0x00, 0x6E, 0xFF, 0xFF, 0xFF, 0x72, 0x00,
  0x00, 0x00, 0x00, 0x00, 0x00, 0x00, 0x00, 0x00, 0x00, 0x00, 0xB9, 0xFF, 0xFF, 0xFF, 0x26, 0x00,
  0x00, 0x00, 0x00, 0x00, 0x00, 0x00, 0x00, 0x00, 0x00, 0x0C, 0xF8, 0xFF, 0xFF, 0xDA, 0x00, 0x00,
  0x00, 0x00, 0x00, 0x00, 0x00, 0x00, 0x00, 0x00, 0x00, 0x51, 0xFF, 0xFF, 0xFF, 0x8E, 0x00, 0x00,
  0x00, 0x00, 0x00, 0x00, 0x00, 0x00, 0x00, 0x00, 0x00, 0x9C, 0xFF, 0xFF, 0xFF, 0x42, 0x00, 0x00,
  0x00, 0x00, 0x00, 0x00, 0x00, 0x00, 0x00, 0x00, 0x01, 0xE6, 0xFF, 0xFF, 0xF1, 0x05, 0x00, 0x00,
  0x00, 0x00, 0x00, 0x00, 0x00, 0x00, 0x00, 0x00, 0x34, 0xFF, 0xFF, 0xFF, 0xAA, 0x00, 0x00, 0x00,
  0x00, 0x00, 0x00, 0x00, 0x00, 0x00, 0x00, 0x00, 0x7F, 0xFF, 0xFF, 0xFF, 0x5E, 0x00, 0x00, 0x00,
  0x00, 0x00, 0x00, 0x00, 0x00, 0x00, 0x00, 0x00, 0xCB, 0xFF, 0xFF, 0xFD, 0x14, 0x00, 0x00, 0x00,
  0x00, 0x00, 0x00, 0x00, 0x00, 0x00, 0x00, 0x17, 0xFE, 0xFF, 0xFF, 0xC6, 0x00, 0x00, 0x00, 0x00,
  0x00, 0x00, 0x00, 0x00, 0x00, 0x00, 0x00, 0x00, 0x00, 0x00, 0x00, 0x00, 0x2C, 0x86, 0xC4, 0xEA,
  0xF9, 0xF8, 0xE7, 0xBF, 0x7D, 0x20, 0x00, 0x00, 0x00, 0x00, 0x00, 0x00, 0x00, 0x00, 0x11, 0xA5,
  0xFE, 0xFF, 0xFF, 0xFF, 0xFF, 0xFF, 0xFF, 0xFF, 0xFF, 0xFB, 0x8D, 0x07, 0x00, 0x00, 0x00, 0x00,
  0x00, 0x18, 0xD7, 0xFF, 0xFF, 0xFF, 0xFF, 0xFF, 0xFF, 0xFF, 0xFF, 0xFF, 0xFF, 0xFF, 0xFF, 0xBE,
  0x09, 0x00, 0x00, 0x00, 0x02, 0xC3, 0xFF, 0xFF, 0xFF, 0xFF, 0xFF, 0xFF, 0xFF, 0xFF, 0xFF, 0xFF,
  0xFF, 0xFF, 0xFF, 0xFF, 0x9B, 0x00, 0x00, 0x00, 0x5F, 0xFF, 0xFF, 0xFF, 0xFF, 0xFF, 0xFF, 0xFF,
  0xFF, 0xFF, 0xFF, 0xFF, 0xFF, 0xFF, 0xFF, 0xFF, 0xFF, 0x34, 0x00, 0x00, 0xC3, 0xFF, 0xFF, 0xFF,
  0xFF, 0xFF, 0xFF, 0xFF, 0xFF, 0xFF, 0xFF, 0xFF, 0xFF, 0xFF, 0xFF, 0xFF, 0xFF, 0xA1, 0x00, 0x13,
  0xFC, 0xFF, 0xFF, 0xFF, 0xFF, 0xFF, 0xFF, 0x89, 0x19, 0x1C, 0x9B, 0xFF, 0xFF, 0xFF, 0xFF, 0xFF,
  0xFF, 0xF0, 0x02, 0x52, 0xFF, 0xFF, 0xFF, 0xFF, 0xFF, 0xFF, 0xCD, 0x00, 0x00, 0x00, 0x05, 0xE3,
  0xFF, 0xFF, 0xFF, 0xFF, 0xFF, 0xFF, 0x2C, 0x6D, 0xFF, 0xFF, 0xFF, 0xFF, 0xFF, 0xFF, 0x83, 0x00,
  0x00, 0x00, 0x00, 0x9F, 0xFF, 0xFF, 0xFF, 0xFF, 0xFF, 0xFF, 0x50, 0x84, 0xFF, 0xFF, 0xFF, 0xFF,
  0xFF, 0xFF, 0x67, 0x00, 0x00, 0x00, 0x00, 0x84, 0xFF, 0xFF, 0xFF, 0xFF, 0xFF, 0xFF, 0x63, 0x93,
  0xFF, 0xFF, 0xFF, 0xFF, 0xFF, 0xFF, 0x56, 0x00, 0x00, 0x00, 0x00, 0x72, 0xFF, 0xFF, 0xFF, 0xFF,
  0xFF, 0xFF, 0x6B, 0x94, 0xFF, 0xFF, 0xFF, 0xFF, 0xFF, 0xFF, 0x54, 0x00, 0x00, 0x00, 0x00, 0x70,
  0xFF, 0xFF, 0xFF, 0xFF, 0xFF, 0xFF, 0x6C, 0x94, 0xFF, 0xFF, 0xFF, 0xFF, 0xFF, 0xFF, 0x54, 0x00,
  0x00, 0x00, 0x00, 0x70, 0xFF, 0xFF, 0xFF, 0xFF, 0xFF, 0xFF, 0x6C, 0x94, 0xFF, 0xFF, 0xFF, 0xFF,
  0xFF, 0xFF, 0x54, 0x00, 0x00, 0x00, 0x00, 0x70, 0xFF, 0xFF, 0xFF, 0xFF, 0xFF, 0xFF, 0x6C, 0x94,
  0xFF, 0xFF, 0xFF, 0xFF, 0xFF, 0xFF, 0x54, 0x00, 0x00, 0x00, 0x00, 0x70, 0xFF, 0xFF, 0xFF, 0xFF,
  0xFF, 0xFF, 0x6C, 0x94, 0xFF, 0xFF, 0xFF, 0xFF, 0xFF, 0xFF, 0x54, 0x00, 0x00, 0x00, 0x00, 0x70,
  0xFF, 0xFF, 0xFF, 0xFF, 0xFF, 0xFF, 0x6C, 0x94, 0xFF, 0xFF, 0xFF, 0xFF, 0xFF, 0xFF, 0x54, 0x00,
  0x00, 0x00, 0x00, 0x70, 0xFF, 0xFF, 0xFF, 0xFF, 0xFF, 0xFF, 0x6C, 0x94, 0xFF, 0xFF, 0xFF, 0xFF,
  0xFF, 0xFF, 0x54, 0x00, 0x00, 0x00, 0x00, 0x70, 0xFF, 0xFF, 0xFF, 0xFF, 0xFF, 0xFF, 0x6C, 0x94,
  0xFF, 0xFF, 0xFF, 0xFF, 0xFF, 0xFF, 0x54, 0x00, 0x00, 0x00, 0x00, 0x70, 0xFF, 0xFF, 0xFF, 0xFF,
  0xFF, 0xFF, 0x6C, 0x94, 0xFF, 0xFF, 0xFF, 0xFF, 0xFF, 0xFF, 0x54, 0x00, 0x00, 0x00, 0x00, 0x70,
  0xFF, 0xFF, 0xFF, 0xFF, 0xFF, 0xFF, 0x6C, 0x94, 0xFF, 0xFF, 0xFF, 0xFF, 0xFF, 0xFF, 0x54, 0x00,
  0x00, 0x00, 0x00, 0x70, 0xFF, 0xFF, 0xFF, 0xFF, 0xFF, 0xFF, 0x6C, 0x94, 0xFF, 0xFF, 0xFF, 0xFF,
  0xFF, 0xFF, 0x54, 0x00, 0x00, 0x00, 0x00, 0x70, 0xFF, 0xFF, 0xFF, 0xFF, 0xFF, 0xFF, 0x6C, 0x94,
  0xFF, 0xFF, 0xFF, 0xFF, 0xFF, 0xFF, 0x54, 0x00, 0x00, 0x00, 0x00, 0x70, 0xFF, 0xFF, 0xFF, 0xFF,
  0xFF, 0xFF, 0x6C, 0x94, 0xFF, 0xFF, 0xFF, 0xFF, 0xFF, 0xFF, 0x54, 0x00, 0x00, 0x00, 0x00, 0x70,
  0xFF, 0xFF, 0xFF, 0xFF, 0xFF, 0xFF, 0x6C, 0x94, 0xFF, 0xFF, 0xFF, 0xFF, 0xFF, 0xFF, 0x54, 0x00,
  0x00, 0x00, 0x00, 0x70, 0xFF, 0xFF, 0xFF, 0xFF, 0xFF, 0xFF, 0x6C, 0x93, 0xFF, 0xFF, 0xFF, 0xFF,
  0xFF, 0xFF, 0x55, 0x00, 0x00, 0x00, 0x00, 0x71, 0xFF, 0xFF, 0xFF, 0xFF, 0xFF, 0xFF, 0x6B, 0x8D,
  0xFF, 0xFF, 0xFF, 0xFF, 0xFF, 0xFF, 0x67, 0x00, 0x00, 0x00, 0x00, 0x84, 0xFF, 0xFF, 0xFF, 0xFF,
  0xFF, 0xFF, 0x64, 0x7C, 0xFF, 0xFF, 0xFF, 0xFF, 0xFF, 0xFF, 0x84, 0x00, 0x00, 0x00, 0x00, 0xA0,
  0xFF, 0xFF, 0xFF, 0xFF, 0xFF, 0xFF, 0x53, 0x57, 0xFF, 0xFF, 0xFF, 0xFF, 0xFF, 0xFF, 0xD2, 0x01,
  0x00, 0x00, 0x06, 0xE4, 0xFF, 0xFF, 0xFF, 0xFF, 0xFF, 0xFF, 0x2E, 0x1E, 0xFF, 0xFF, 0xFF, 0xFF,
  0xFF, 0xFF, 0xFF, 0x91, 0x19, 0x1B, 0x9D, 0xFF, 0xFF, 0xFF, 0xFF, 0xFF, 0xFF, 0xEF, 0x03, 0x00,
  0xCA, 0xFF, 0xFF, 0xFF, 0xFF, 0xFF, 0xFF, 0xFF, 0xFF, 0xFF, 0xFF, 0xFF, 0xFF, 0xFF, 0xFF, 0xFF,
  0xFF, 0x9E, 0x00, 0x00, 0x56, 0xFF, 0xFF, 0xFF, 0xFF, 0xFF, 0xFF, 0xFF, 0xFF, 0xFF, 0xFF, 0xFF,
  0xFF, 0xFF, 0xFF, 0xFF, 0xFD, 0x2D, 0x00, 0x00, 0x00, 0xB7, 0xFF, 0xFF, 0xFF, 0xFF, 0xFF, 0xFF,
  0xFF, 0xFF, 0xFF, 0xFF, 0xFF, 0xFF, 0xFF, 0xFF, 0x8C, 0x00, 0x00, 0x00, 0x00, 0x11, 0xCB, 0xFF,
  0xFF, 0xFF, 0xFF, 0xFF, 0xFF, 0xFF, 0xFF, 0xFF, 0xFF, 0xFF, 0xFF, 0xAE, 0x04, 0x00, 0x00, 0x00,
  0x00, 0x00, 0x0B, 0x97, 0xFC, 0xFF, 0xFF, 0xFF, 0xFF, 0xFF, 0xFF, 0xFF, 0xFF, 0xF6, 0x7C, 0x03,
  0x00, 0x00, 0x00, 0x00, 0x00, 0x00, 0x00, 0x00, 0x25, 0x82, 0xC2, 0xEA, 0xFA, 0xF9, 0xE7, 0xBC,
  0x76, 0x18, 0x00, 0x00, 0x00, 0x00, 0x00, 0x00, 0x00, 0x00, 0x00, 0x00, 0x16, 0xC5, 0xFF, 0xFF,
  0xFF, 0xFF, 0xFC, 0x00, 0x00, 0x00, 0x00, 0x5A, 0xE7, 0xFF, 0xFF, 0xFF, 0xFF, 0xFF, 0xFC, 0x00,
  0x00, 0x3A, 0xC1, 0xFF, 0xFF, 0xFF, 0xFF, 0xFF, 0xFF, 0xFF, 0xFC, 0x38, 0xB6, 0xFF, 0xFF, 0xFF,
  0xFF, 0xFF, 0xFF, 0xFF, 0xFF, 0xFF, 0xFC, 0xF0, 0xFF, 0xFF, 0xFF, 0xFF, 0xFF, 0xFF, 0xFF, 0xFF,
  0xFF, 0xFF, 0xFC, 0xF0, 0xFF, 0xFF, 0xFF, 0xFF, 0xFF, 0xFF, 0xFF, 0xFF, 0xFF, 0xFF, 0xFC, 0xF0,
  0xFF, 0xFF, 0xFF, 0xFF, 0xFF, 0xFF, 0xFF, 0xFF, 0xFF, 0xFF, 0xFC, 0xF0, 0xFF, 0xFF, 0xCE, 0x6D,
  0xD4, 0xFF, 0xFF, 0xFF, 0xFF, 0xFF, 0xFC, 0xD2, 0x87, 0x29, 0x00, 0x00, 0xCC, 0xFF, 0xFF, 0xFF,
  0xFF, 0xFF, 0xFC, 0x01, 0x00, 0x00, 0x00, 0x00, 0xCC, 0xFF, 0xFF, 0xFF, 0xFF, 0xFF, 0xFC, 0x00,
  0x00, 0x00, 0x00, 0x00, 0xCC, 0xFF, 0xFF, 0xFF, 0xFF, 0xFF, 0xFC, 0x00, 0x00, 0x00, 0x00, 0x00,
  0xCC, 0xFF, 0xFF, 0xFF, 0xFF, 0xFF, 0xFC, 0x00, 0x00, 0x00, 0x00, 0x00, 0xCC, 0xFF, 0xFF, 0xFF,
  0xFF, 0xFF, 0xFC, 0x00, 0x00, 0x00, 0x00, 0x00, 0xCC, 0xFF, 0xFF, 0xFF, 0xFF, 0xFF, 0xFC, 0x00,
  0x00, 0x00, 0x00, 0x00, 0xCC, 0xFF, 0xFF, 0xFF, 0xFF, 0xFF, 0xFC, 0x00, 0x00, 0x00, 0x00, 0x00,
  0xCC, 0xFF, 0xFF, 0xFF, 0xFF, 0xFF, 0xFC, 0x00, 0x00, 0x00, 0x00, 0x00, 0xCC, 0xFF, 0xFF, 0xFF,
  0xFF, 0xFF, 0xFC, 0x00, 0x00, 0x00, 0x00, 0x00, 0xCC, 0xFF, 0xFF, 0xFF, 0xFF, 0xFF, 0xFC, 0x00,
  0x00, 0x00, 0x00, 0x00, 0xCC, 0xFF, 0xFF, 0xFF, 0xFF, 0xFF, 0xFC, 0x00, 0x00, 0x00, 0x00, 0x00,
  0xCC, 0xFF, 0xFF, 0xFF, 0xFF, 0xFF, 0xFC, 0x00, 0x00, 0x00, 0x00, 0x00, 0xCC, 0xFF, 0xFF, 0xFF,
  0xFF, 0xFF, 0xFC, 0x00, 0x00, 0x00, 0x00, 0x00, 0xCC, 0xFF, 0xFF, 0xFF, 0xFF, 0xFF, 0xFC, 0x00,
  0x00, 0x00, 0x00, 0x00, 0xCC, 0xFF, 0xFF, 0xFF, 0xFF, 0xFF, 0xFC, 0x00, 0x00, 0x00, 0x00, 0x00,
  0xCC, 0xFF, 0xFF, 0xFF, 0xFF, 0xFF, 0xFC, 0x00, 0x00, 0x00, 0x00, 0x00, 0xCC, 0xFF, 0xFF, 0xFF,
  0xFF, 0xFF, 0xFC, 0x00, 0x00, 0x00, 0x00, 0x00, 0xCC, 0xFF, 0xFF, 0xFF, 0xFF, 0xFF, 0xFC, 0x00,
  0x00, 0x00, 0x00, 0x00, 0xCC, 0xFF, 0xFF, 0xFF, 0xFF, 0xFF, 0xFC, 0x00, 0x00, 0x00, 0x00, 0x00,
  0xCC, 0xFF, 0xFF, 0xFF, 0xFF, 0xFF, 0xFC, 0x00, 0x00, 0x00, 0x00, 0x00, 0xCC, 0xFF, 0xFF, 0xFF,
  0xFF, 0xFF, 0xFC, 0x00, 0x00, 0x00, 0x00, 0x00, 0xCC, 0xFF, 0xFF, 0xFF, 0xFF, 0xFF, 0xFC, 0x00,
  0x00, 0x00, 0x00, 0x00, 0xCC, 0xFF, 0xFF, 0xFF, 0xFF, 0xFF, 0xFC, 0x00, 0x00, 0x00, 0x00, 0x00,
  0xCC, 0xFF, 0xFF, 0xFF, 0xFF, 0xFF, 0xFC, 0x00, 0x00, 0x00, 0x00, 0x00, 0xCC, 0xFF, 0xFF, 0xFF,
  0xFF, 0xFF, 0xFC, 0x00, 0x00, 0x00, 0x00, 0x00, 0xCC, 0xFF, 0xFF, 0xFF, 0xFF, 0xFF, 0xFC, 0x00,
  0x00, 0x00, 0x00, 0x00, 0xCC, 0xFF, 0xFF, 0xFF, 0xFF, 0xFF, 0xFC, 0x00, 0x00, 0x00, 0x00, 0x00,
  0xCC, 0xFF, 0xFF, 0xFF, 0xFF, 0xFF, 0xFC, 0x00, 0x00, 0x00, 0x00, 0x00, 0x08, 0x5B, 0xA9, 0xD8,
  0xF1, 0xFB, 0xEE, 0xDA, 0xA8, 0x68, 0x0D, 0x00, 0x00, 0x00, 0x00, 0x00, 0x00, 0x00, 0x00, 0x4D,
  0xE3, 0xFF, 0xFF, 0xFF, 0xFF, 0xFF, 0xFF, 0xFF, 0xFF, 0xFF, 0xEE, 0x6C, 0x00, 0x00, 0x00, 0x00,
  0x00, 0x00, 0x6C, 0xFE, 0xFF, 0xFF, 0xFF, 0xFF, 0xFF, 0xFF, 0xFF, 0xFF, 0xFF, 0xFF, 0xFF, 0xFF,
  0x98, 0x00, 0x00, 0x00, 0x00, 0x42, 0xFE, 0xFF, 0xFF, 0xFF, 0xFF, 0xFF, 0xFF, 0xFF, 0xFF, 0xFF,
  0xFF, 0xFF, 0xFF, 0xFF, 0xFF, 0x68, 0x00, 0x00, 0x02, 0xD8, 0xFF, 0xFF, 0xFF, 0xFF, 0xFF, 0xFF,
  0xFF, 0xFF, 0xFF, 0xFF, 0xFF, 0xFF, 0xFF, 0xFF, 0xFF, 0xED, 0x0B, 0x00, 0x49, 0xFF, 0xFF, 0xFF,
  0xFF, 0xFF, 0xFF, 0xFF, 0xF2, 0xCC, 0xEA, 0xFF, 0xFF, 0xFF, 0xFF, 0xFF, 0xFF, 0xFF, 0x65, 0x00,
  0x93, 0xFF, 0xFF, 0xFF, 0xFF, 0xFF, 0xFF, 0xB1, 0x0E, 0x00, 0x03, 0x9E, 0xFF, 0xFF, 0xFF, 0xFF,
  0xFF, 0xFF, 0xA8, 0x00, 0xD9, 0xFF, 0xFF, 0xFF, 0xFF, 0xFF, 0xF5, 0x10, 0x00, 0x00, 0x00, 0x12,
  0xF7, 0xFF, 0xFF, 0xFF, 0xFF, 0xFF, 0xD9, 0x03, 0xFE, 0xFF, 0xFF, 0xFF, 0xFF, 0xFF, 0xB5, 0x00,
  0x00, 0x00, 0x00, 0x00, 0xD6, 0xFF, 0xFF, 0xFF, 0xFF, 0xFF, 0xEC, 0x17, 0xFF, 0xFF, 0xFF, 0xFF,
  0xFF, 0xFF, 0x97, 0x00, 0x00, 0x00, 0x00, 0x00, 0xC7, 0xFF, 0xFF, 0xFF, 0xFF, 0xFF, 0xF6, 0x2C,
  0xFF, 0xFF, 0xFF, 0xFF, 0xFF, 0xFF, 0x7E, 0x00, 0x00, 0x00, 0x00, 0x00, 0xDC, 0xFF, 0xFF, 0xFF,
  0xFF, 0xFF, 0xE4, 0x34, 0xFF, 0xFF, 0xFF, 0xFF, 0xFF, 0xFF, 0x74, 0x00, 0x00, 0x00, 0x00, 0x15,
  0xFE, 0xFF, 0xFF, 0xFF, 0xFF, 0xFF, 0xC7, 0x20, 0xA0, 0xA0, 0xA0, 0xA0, 0xA0, 0xA0, 0x48, 0x00,
  0x00, 0x00, 0x00, 0x65, 0xFF, 0xFF, 0xFF, 0xFF, 0xFF, 0xFF, 0x89, 0x00, 0x00, 0x00, 0x00, 0x00,
  0x00, 0x00, 0x00, 0x00, 0x00, 0x00, 0x01, 0xD4, 0xFF, 0xFF, 0xFF, 0xFF, 0xFF, 0xFF, 0x3D, 0x00,
  0x00, 0x00, 0x00, 0x00, 0x00, 0x00, 0x00, 0x00, 0x00, 0x00, 0x60, 0xFF, 0xFF, 0xFF, 0xFF, 0xFF,
  0xFF, 0xD1, 0x00, 0x00, 0x00, 0x00, 0x00, 0x00, 0x00, 0x00, 0x00, 0x00, 0x00, 0x11, 0xE8, 0xFF,
  0xFF, 0xFF, 0xFF, 0xFF, 0xFF, 0x55, 0x00, 0x00, 0x00, 0x00, 0x00, 0x00, 0x00, 0x00, 0x00, 0x00,
  0x00, 0xA0, 0xFF, 0xFF, 0xFF, 0xFF, 0xFF, 0xFF, 0xC4, 0x00, 0x00, 0x00, 0x00, 0x00, 0x00, 0x00,
  0x00, 0x00, 0x00, 0x00, 0x45, 0xFF, 0xFF, 0xFF, 0xFF, 0xFF, 0xFF, 0xF8, 0x2A, 0x00, 0x00, 0x00,
  0x00, 0x00, 0x00, 0x00, 0x00, 0x00, 0x00, 0x0B, 0xDF, 0xFF, 0xFF, 0xFF, 0xFF, 0xFF, 0xFF, 0x79,
  0x00, 0x00, 0x00, 0x00, 0x00, 0x00, 0x00, 0x00, 0x00, 0x00, 0x00, 0x92, 0xFF, 0xFF, 0xFF, 0xFF,
  0xFF, 0xFF, 0xCB, 0x03, 0x00, 0x00, 0x00, 0x00, 0x00, 0x00, 0x00, 0x00, 0x00, 0x00, 0x3B, 0xFD,
  0xFF, 0xFF, 0xFF, 0xFF, 0xFF, 0xF9, 0x2C, 0x00, 0x00, 0x00, 0x00, 0x00, 0x00, 0x00, 0x00, 0x00,
  0x00, 0x08, 0xD8, 0xFF, 0xFF, 0xFF, 0xFF, 0xFF, 0xFF, 0x7A, 0x00, 0x00, 0x00, 0x00, 0x00, 0x00,
  0x00, 0x00, 0x00, 0x00, 0x00, 0x88, 0xFF, 0xFF, 0xFF, 0xFF, 0xFF, 0xFF, 0xCC, 0x04, 0x00, 0x00,
  0x00, 0x00, 0x00, 0x00, 0x00, 0x00, 0x00, 0x00, 0x32, 0xFB, 0xFF, 0xFF, 0xFF, 0xFF, 0xFF, 0xF9,
  0x2C, 0x00, 0x00, 0x00, 0x00, 0x00, 0x00, 0x00, 0x00, 0x00, 0x00, 0x05, 0xD0, 0xFF, 0xFF, 0xFF,
  0xFF, 0xFF, 0xFF, 0x7C, 0x00, 0x00, 0x00, 0x00, 0x00, 0x00, 0x00, 0x00, 0x00, 0x00, 0x00, 0x7D,
  0xFF, 0xFF, 0xFF, 0xFF, 0xFF, 0xFF, 0xCD, 0x04, 0x00, 0x00, 0x00, 0x00, 0x00, 0x00, 0x00, 0x00,
  0x00, 0x00, 0x2B, 0xF9, 0xFF, 0xFF, 0xFF, 0xFF, 0xFF, 0xF9, 0x2D, 0x00, 0x00, 0x00, 0x00, 0x00,
  0x00, 0x00, 0x00, 0x00, 0x00, 0x02, 0xC8, 0xFF, 0xFF, 0xFF, 0xFF, 0xFF, 0xFF, 0x7D, 0x00, 0x00,
  0x00, 0x00, 0x00, 0x00, 0x00, 0x00, 0x00, 0x00, 0x00, 0x73, 0xFF, 0xFF, 0xFF, 0xFF, 0xFF, 0xFF,
  0xCE, 0x04, 0x00, 0x00, 0x00, 0x00, 0x00, 0x00, 0x00, 0x00, 0x00, 0x00, 0x23, 0xF6, 0xFF, 0xFF,
  0xFF, 0xFF, 0xFF, 0xFA, 0x2E, 0x00, 0x00, 0x00, 0x00, 0x00, 0x00, 0x00, 0x00, 0x00, 0x00, 0x01,
  0xBF, 0xFF, 0xFF, 0xFF, 0xFF, 0xFF, 0xFF, 0xC5, 0x64, 0x64, 0x64, 0x64, 0x64, 0x64, 0x64, 0x64,
  0x64, 0x64, 0x01, 0x31, 0xFF, 0xFF, 0xFF, 0xFF, 0xFF, 0xFF, 0xFF, 0xFF, 0xFF, 0xFF, 0xFF, 0xFF,
  0xFF, 0xFF, 0xFF, 0xFF, 0xFF, 0xFF, 0x04, 0x34, 0xFF, 0xFF, 0xFF, 0xFF, 0xFF, 0xFF, 0xFF, 0xFF,
  0xFF, 0xFF, 0xFF, 0xFF, 0xFF, 0xFF, 0xFF, 0xFF, 0xFF, 0xFF, 0x04, 0x34, 0xFF, 0xFF, 0xFF, 0xFF,
  0xFF, 0xFF, 0xFF, 0xFF, 0xFF, 0xFF, 0xFF, 0xFF, 0xFF, 0xFF, 0xFF, 0xFF, 0xFF, 0xFF, 0x04, 0x34,
  0xFF, 0xFF, 0xFF, 0xFF, 0xFF, 0xFF, 0xFF, 0xFF, 0xFF, 0xFF, 0xFF, 0xFF, 0xFF, 0xFF, 0xFF, 0xFF,
  0xFF, 0xFF, 0x04, 0x34, 0xFF, 0xFF, 0xFF, 0xFF, 0xFF, 0xFF, 0xFF, 0xFF, 0xFF, 0xFF, 0xFF, 0xFF,
  0xFF, 0xFF, 0xFF, 0xFF, 0xFF, 0xFF, 0x04, 0x00, 0x00, 0x00, 0x00, 0x00, 0x1E, 0x79, 0xBB, 0xE3,
  0xF6, 0xFB, 0xEF, 0xD1, 0x9E, 0x52, 0x05, 0x00, 0x00, 0x00, 0x00, 0x00, 0x00, 0x00, 0x05, 0x86,
  0xFC, 0xFF, 0xFF, 0xFF, 0xFF, 0xFF, 0xFF, 0xFF, 0xFF, 0xFF, 0xE1, 0x51, 0x00, 0x00, 0x00, 0x00,
  0x00, 0x0C, 0xCA, 0xFF, 0xFF, 0xFF, 0xFF, 0xFF, 0xFF, 0xFF, 0xFF, 0xFF, 0xFF, 0xFF, 0xFF, 0xFF,
  0x7D, 0x00, 0x00, 0x00, 0x00, 0xA8, 0xFF, 0xFF, 0xFF, 0xFF, 0xFF, 0xFF, 0xFF, 0xFF, 0xFF, 0xFF,
  0xFF, 0xFF, 0xFF, 0xFF, 0xFF, 0x55, 0x00, 0x00, 0x54, 0xFF, 0xFF, 0xFF, 0xFF, 0xFF, 0xFF, 0xFF,
  0xFF, 0xFF, 0xFF, 0xFF, 0xFF, 0xFF, 0xFF, 0xFF, 0xFF, 0xE4, 0x06, 0x00, 0xC0, 0xFF, 0xFF, 0xFF,
  0xFF, 0xFF, 0xFF, 0xE6, 0x88, 0x77, 0xAF, 0xFF, 0xFF, 0xFF, 0xFF, 0xFF, 0xFF, 0xFF, 0x4F, 0x0D,
  0xFC, 0xFF, 0xFF, 0xFF, 0xFF, 0xFF, 0xFA, 0x21, 0x00, 0x00, 0x00, 0x8B, 0xFF, 0xFF, 0xFF, 0xFF,
  0xFF, 0xFF, 0x92, 0x37, 0xFF, 0xFF, 0xFF, 0xFF, 0xFF, 0xFF, 0xBC, 0x00, 0x00, 0x00, 0x00, 0x21,
  0xFF, 0xFF, 0xFF, 0xFF, 0xFF, 0xFF, 0xB9, 0x4C, 0xFF, 0xFF, 0xFF, 0xFF, 0xFF, 0xFF, 0x8D, 0x00,
  0x00, 0x00, 0x00, 0x00, 0xF5, 0xFF, 0xFF, 0xFF, 0xFF, 0xFF, 0xCA, 0x53, 0xFF, 0xFF, 0xFF, 0xFF,
  0xFF, 0xFF, 0x77, 0x00, 0x00, 0x00, 0x00, 0x00, 0xE4, 0xFF, 0xFF, 0xFF, 0xFF, 0xFF, 0xC6, 0x50,
  0xF4, 0xF4, 0xF4, 0xF4, 0xF4, 0xF4, 0x6E, 0x00, 0x00, 0x00, 0x00, 0x00, 0xF1, 0xFF, 0xFF, 0xFF,
  0xFF, 0xFF, 0xAF, 0x00, 0x00, 0x00, 0x00, 0x00, 0x00, 0x00, 0x00, 0x00, 0x00, 0x00, 0x00, 0x1F,
  0xFF, 0xFF, 0xFF, 0xFF, 0xFF, 0xFF, 0x7D, 0x00, 0x00, 0x00, 0x00, 0x00, 0x00, 0x00, 0x00, 0x00,
  0x00, 0x00, 0x00, 0x84, 0xFF, 0xFF, 0xFF, 0xFF, 0xFF, 0xFF, 0x29, 0x00, 0x00, 0x00, 0x00, 0x00,
  0x00, 0x00, 0x00, 0x00, 0x07, 0x27, 0x85, 0xFD, 0xFF, 0xFF, 0xFF, 0xFF, 0xFF, 0xA7, 0x00, 0x00,
  0x00, 0x00, 0x00, 0x00, 0x00, 0x00, 0x08, 0xFF, 0xFF, 0xFF, 0xFF, 0xFF, 0xFF, 0xFF, 0xFF, 0xFF,
  0xD9, 0x11, 0x00, 0x00, 0x00, 0x00, 0x00, 0x00, 0x00, 0x00, 0x08, 0xFF, 0xFF, 0xFF, 0xFF, 0xFF,
  0xFF, 0xFF, 0xFF, 0xB1, 0x16, 0x00, 0x00, 0x00, 0x00, 0x00, 0x00, 0x00, 0x00, 0x00, 0x08, 0xFF,
  0xFF, 0xFF, 0xFF, 0xFF, 0xFF, 0xFF, 0xCE, 0x34, 0x00, 0x00, 0x00, 0x00, 0x00, 0x00, 0x00, 0x00,
  0x00, 0x00, 0x08, 0xFF, 0xFF, 0xFF, 0xFF, 0xFF, 0xFF, 0xFF, 0xFF, 0xFB, 0x67, 0x00, 0x00, 0x00,
  0x00, 0x00, 0x00, 0x00, 0x00, 0x00, 0x08, 0xFF, 0xFF, 0xFF, 0xFF, 0xFF, 0xFF, 0xFF, 0xFF, 0xFF,
  0xFD, 0x42, 0x00, 0x00, 0x00, 0x00, 0x00, 0x00, 0x00, 0x00, 0x00, 0x18, 0x20, 0x47, 0xB9, 0xFF,
  0xFF, 0xFF, 0xFF, 0xFF, 0xFF, 0xCF, 0x00, 0x00, 0x00, 0x00, 0x00, 0x00, 0x00, 0x00, 0x00, 0x00,
  0x00, 0x00, 0x03, 0xC6, 0xFF, 0xFF, 0xFF, 0xFF, 0xFF, 0xFF, 0x37, 0x00, 0x00, 0x00, 0x00, 0x00,
  0x00, 0x00, 0x00, 0x00, 0x00, 0x00, 0x00, 0x55, 0xFF, 0xFF, 0xFF, 0xFF, 0xFF, 0xFF, 0x77, 0x00,
  0x00, 0x00, 0x00, 0x00, 0x00, 0x00, 0x00, 0x00, 0x00, 0x00, 0x00, 0x15, 0xFF, 0xFF, 0xFF, 0xFF,
  0xFF, 0xFF, 0xA9, 0x16, 0x44, 0x44, 0x44, 0x44, 0x44, 0x44, 0x1E, 0x00, 0x00, 0x00, 0x00, 0x00,
  0xF2, 0xFF, 0xFF, 0xFF, 0xFF, 0xFF, 0xBC, 0x54, 0xFF, 0xFF, 0xFF, 0xFF, 0xFF, 0xFF, 0x74, 0x00,
  0x00, 0x00, 0x00, 0x00, 0xE4, 0xFF, 0xFF, 0xFF, 0xFF, 0xFF, 0xCA, 0x4B, 0xFF, 0xFF, 0xFF, 0xFF,
  0xFF, 0xFF, 0x7A, 0x00, 0x00, 0x00, 0x00, 0x00, 0xE5, 0xFF, 0xFF, 0xFF, 0xFF, 0xFF, 0xC1, 0x38,
  0xFF, 0xFF, 0xFF, 0xFF, 0xFF, 0xFF, 0x89, 0x00, 0x00, 0x00, 0x00, 0x00, 0xF0, 0xFF, 0xFF, 0xFF,
  0xFF, 0xFF, 0xAE, 0x24, 0xFF, 0xFF, 0xFF, 0xFF, 0xFF, 0xFF, 0xA9, 0x00, 0x00, 0x00, 0x00, 0x0E,
  0xFF, 0xFF, 0xFF, 0xFF, 0xFF, 0xFF, 0x9B, 0x06, 0xF6, 0xFF, 0xFF, 0xFF, 0xFF, 0xFF, 0xE8, 0x03,
  0x00, 0x00, 0x00, 0x4B, 0xFF, 0xFF, 0xFF, 0xFF, 0xFF, 0xFF, 0x6B, 0x00, 0xBC, 0xFF, 0xFF, 0xFF,
  0xFF, 0xFF, 0xFF, 0x84, 0x01, 0x00, 0x10, 0xCB, 0xFF, 0xFF, 0xFF, 0xFF, 0xFF, 0xFF, 0x2A, 0x00,
  0x78, 0xFF, 0xFF, 0xFF, 0xFF, 0xFF, 0xFF, 0xFF, 0xE4, 0xCA, 0xF1, 0xFF, 0xFF, 0xFF, 0xFF, 0xFF,
  0xFF, 0xE5, 0x00, 0x00, 0x19, 0xF9, 0xFF, 0xFF, 0xFF, 0xFF, 0xFF, 0xFF, 0xFF, 0xFF, 0xFF, 0xFF,
  0xFF, 0xFF, 0xFF, 0xFF, 0xFF, 0x7A, 0x00, 0x00, 0x00, 0x81, 0xFF, 0xFF, 0xFF, 0xFF, 0xFF, 0xFF,
  0xFF, 0xFF, 0xFF, 0xFF, 0xFF, 0xFF, 0xFF, 0xFF, 0xDB, 0x09, 0x00, 0x00, 0x00, 0x03, 0xB0, 0xFF,
  0xFF, 0xFF, 0xFF, 0xFF, 0xFF, 0xFF, 0xFF, 0xFF, 0xFF, 0xFF, 0xFF, 0xEA, 0x28, 0x00, 0x00, 0x00,
  0x00, 0x00, 0x04, 0x85, 0xF9, 0xFF, 0xFF, 0xFF, 0xFF, 0xFF, 0xFF, 0xFF, 0xFF, 0xFF, 0xBF, 0x1E,
  0x00, 0x00, 0x00, 0x00, 0x00, 0x00, 0x00, 0x00, 0x1D, 0x79, 0xBA, 0xE4, 0xF6, 0xFB, 0xEE, 0xCE,
  0x97, 0x40, 0x00, 0x00, 0x00, 0x00, 0x00, 0x00, 0x00, 0x00, 0x00, 0x00, 0x00, 0x00, 0x00, 0x00,
  0xB1, 0xFF, 0xFF, 0xFF, 0xFF, 0xFF, 0xFF, 0xFF, 0x70, 0x00, 0x00, 0x00, 0x00, 0x00, 0x00, 0x00,
  0x00, 0x00, 0x00, 0x00, 0x1C, 0xFC, 0xFF, 0xFF, 0xFF, 0xFF, 0xFF, 0xFF, 0xFF, 0x70, 0x00, 0x00,
  0x00, 0x00, 0x00, 0x00, 0x00, 0x00, 0x00, 0x00, 0x00, 0x82, 0xFF, 0xFF, 0xFF, 0xFF, 0xFF, 0xFF,
  0xFF, 0xFF, 0x70, 0x00, 0x00, 0x00, 0x00, 0x00, 0x00, 0x00, 0x00, 0x00, 0x00, 0x04, 0xE6, 0xFF,
  0xFF, 0xFF, 0xFF, 0xFF, 0xFF, 0xFF, 0xFF, 0x70, 0x00, 0x00, 0x00, 0x00, 0x00, 0x00, 0x00, 0x00,
  0x00, 0x00, 0x54, 0xFF, 0xFF, 0xFF, 0xFF, 0xFF, 0xFF, 0xFF, 0xFF, 0xFF, 0x70, 0x00, 0x00, 0x00,
  0x00, 0x00, 0x00, 0x00, 0x00, 0x00, 0x00, 0xBD, 0xFF, 0xFF, 0xFF, 0xFF, 0xFF, 0xFF, 0xFF, 0xFF,
  0xFF, 0x70, 0x00, 0x00, 0x00, 0x00, 0x00, 0x00, 0x00, 0x00, 0x00, 0x27, 0xFF, 0xFF, 0xFF, 0xFF,
  0xFF, 0xFF, 0xFF, 0xFF, 0xFF, 0xFF, 0x70, 0x00, 0x00, 0x00, 0x00, 0x00, 0x00, 0x00, 0x00, 0x00,
  0x8F, 0xFF, 0xFF, 0xFF, 0xEE, 0xF4, 0xFF, 0xFF, 0xFF, 0xFF, 0xFF, 0x70, 0x00, 0x00, 0x00, 0x00,
  0x00, 0x00, 0x00, 0x00, 0x09, 0xEE, 0xFF, 0xFF, 0xFF, 0x9B, 0xF0, 0xFF, 0xFF, 0xFF, 0xFF, 0xFF,
  0x70, 0x00, 0x00, 0x00, 0x00, 0x00, 0x00, 0x00, 0x00, 0x61, 0xFF, 0xFF, 0xFF, 0xFF, 0x41, 0xF0,
  0xFF, 0xFF, 0xFF, 0xFF, 0xFF, 0x70, 0x00, 0x00, 0x00, 0x00, 0x00, 0x00, 0x00, 0x00, 0xCA, 0xFF,
  0xFF, 0xFF, 0xE5, 0x02, 0xF0, 0xFF, 0xFF, 0xFF, 0xFF, 0xFF, 0x70, 0x00, 0x00, 0x00, 0x00, 0x00,
  0x00, 0x00, 0x33, 0xFF, 0xFF, 0xFF, 0xFF, 0x8D, 0x00, 0xF0, 0xFF, 0xFF, 0xFF, 0xFF, 0xFF, 0x70,
  0x00, 0x00, 0x00, 0x00, 0x00, 0x00, 0x00, 0x9C, 0xFF, 0xFF, 0xFF, 0xFF, 0x33, 0x00, 0xF0, 0xFF,
  0xFF, 0xFF, 0xFF, 0xFF, 0x70, 0x00, 0x00, 0x00, 0x00, 0x00, 0x00, 0x0F, 0xF5, 0xFF, 0xFF, 0xFF,
  0xD9, 0x00, 0x00, 0xF0, 0xFF, 0xFF, 0xFF, 0xFF, 0xFF, 0x70, 0x00, 0x00, 0x00, 0x00, 0x00, 0x00,
  0x6E, 0xFF, 0xFF, 0xFF, 0xFF, 0x80, 0x00, 0x00, 0xF0, 0xFF, 0xFF, 0xFF, 0xFF, 0xFF, 0x70, 0x00,
  0x00, 0x00, 0x00, 0x00, 0x00, 0xD6, 0xFF, 0xFF, 0xFF, 0xFF, 0x26, 0x00, 0x00, 0xF0, 0xFF, 0xFF,
  0xFF, 0xFF, 0xFF, 0x70, 0x00, 0x00, 0x00, 0x00, 0x00, 0x40, 0xFF, 0xFF, 0xFF, 0xFF, 0xCC, 0x00,
  0x00, 0x00, 0xF0, 0xFF, 0xFF, 0xFF, 0xFF, 0xFF, 0x70, 0x00, 0x00, 0x00, 0x00, 0x00, 0xA9, 0xFF,
  0xFF, 0xFF, 0xFF, 0x72, 0x00, 0x00, 0x00, 0xF0, 0xFF, 0xFF, 0xFF, 0xFF, 0xFF, 0x70, 0x00, 0x00,
  0x00, 0x00, 0x17, 0xFA, 0xFF, 0xFF, 0xFF, 0xFD, 0x1A, 0x00, 0x00, 0x00, 0xF0, 0xFF, 0xFF, 0xFF,
  0xFF, 0xFF, 0x70, 0x00, 0x00, 0x00, 0x00, 0x7A, 0xFF, 0xFF, 0xFF, 0xFF, 0xBE, 0x00, 0x00, 0x00,
  0x00, 0xF0, 0xFF, 0xFF, 0xFF, 0xFF, 0xFF, 0x70, 0x00, 0x00, 0x00, 0x02, 0xE0, 0xFF, 0xFF, 0xFF,
  0xFF, 0x64, 0x00, 0x00, 0x00, 0x00, 0xF0, 0xFF, 0xFF, 0xFF, 0xFF, 0xFF, 0x70, 0x00, 0x00, 0x00,
  0x4C, 0xFF, 0xFF, 0xFF, 0xFF, 0xF9, 0x11, 0x00, 0x00, 0x00, 0x00, 0xF0, 0xFF, 0xFF, 0xFF, 0xFF,
  0xFF, 0x70, 0x00, 0x00, 0x00, 0xAE, 0xFF, 0xFF, 0xFF, 0xFF, 0xCA, 0x38, 0x38, 0x38, 0x38, 0x38,
  0xF3, 0xFF, 0xFF, 0xFF, 0xFF, 0xFF, 0x8F, 0x38, 0x38, 0x31, 0xC4, 0xFF, 0xFF, 0xFF, 0xFF, 0xFF,
  0xFF, 0xFF, 0xFF, 0xFF, 0xFF, 0xFF, 0xFF, 0xFF, 0xFF, 0xFF, 0xFF, 0xFF, 0xFF, 0xFF, 0xE0, 0xC4,
  0xFF, 0xFF, 0xFF, 0xFF, 0xFF, 0xFF, 0xFF, 0xFF, 0xFF, 0xFF, 0xFF, 0xFF, 0xFF, 0xFF, 0xFF, 0xFF,
  0xFF, 0xFF, 0xFF, 0xE0, 0xC4, 0xFF, 0xFF, 0xFF, 0xFF, 0xFF, 0xFF, 0xFF, 0xFF, 0xFF, 0xFF, 0xFF,
  0xFF, 0xFF, 0xFF, 0xFF, 0xFF, 0xFF, 0xFF, 0xFF, 0xE0, 0xC4, 0xFF, 0xFF, 0xFF, 0xFF, 0xFF, 0xFF,
  0xFF, 0xFF, 0xFF, 0xFF, 0xFF, 0xFF, 0xFF, 0xFF, 0xFF, 0xFF, 0xFF, 0xFF, 0xFF, 0xE0, 0xC4, 0xFF,
  0xFF, 0xFF, 0xFF, 0xFF, 0xFF, 0xFF, 0xFF, 0xFF, 0xFF, 0xFF, 0xFF, 0xFF, 0xFF, 0xFF, 0xFF, 0xFF,
  0xFF, 0xFF, 0xE0, 0x00, 0x00, 0x00, 0x00, 0x00, 0x00, 0x00, 0x00, 0x00, 0x00, 0x00, 0xF0, 0xFF,
  0xFF, 0xFF, 0xFF, 0xFF, 0x70, 0x00, 0x00, 0x00, 0x00, 0x00, 0x00, 0x00, 0x00, 0x00, 0x00, 0x00,
  0x00, 0x00, 0x00, 0xF0, 0xFF, 0xFF, 0xFF, 0xFF, 0xFF, 0x70, 0x00, 0x00, 0x00, 0x00, 0x00, 0x00,
  0x00, 0x00, 0x00, 0x00, 0x00, 0x00, 0x00, 0x00, 0xF0, 0xFF, 0xFF, 0xFF, 0xFF, 0xFF, 0x70, 0x00,
  0x00, 0x00, 0x00, 0x00, 0x00, 0x00, 0x00, 0x00, 0x00, 0x00, 0x00, 0x00, 0x00, 0xF0, 0xFF, 0xFF,
  0xFF, 0xFF, 0xFF, 0x70, 0x00, 0x00, 0x00, 0x00, 0x00, 0x00, 0x00, 0x00, 0x00, 0x00, 0x00, 0x00,
  0x00, 0x00, 0xF0, 0xFF, 0xFF, 0xFF, 0xFF, 0xFF, 0x70, 0x00, 0x00, 0x00, 0x00, 0x00, 0x00, 0x00,
  0x00, 0x00, 0x00, 0x00, 0x00, 0x00, 0x00, 0xF0, 0xFF, 0xFF, 0xFF, 0xFF, 0xFF, 0x70, 0x00, 0x00,
  0x00, 0x00, 0x00, 0x00, 0x00, 0x00, 0x00, 0x00, 0x00, 0x00, 0x00, 0x00, 0xF0, 0xFF, 0xFF, 0xFF,
  0xFF, 0xFF, 0x70, 0x00, 0x00, 0x00, 0x00, 0x00, 0x00, 0x00, 0x00, 0x00, 0x00, 0x00, 0x00, 0x00,
  0x00, 0xF0, 0xFF, 0xFF, 0xFF, 0xFF, 0xFF, 0x70, 0x00, 0x00, 0x00, 0x00, 0x40, 0xFF, 0xFF, 0xFF,
  0xFF, 0xFF, 0xFF, 0xFF, 0xFF, 0xFF, 0xFF, 0xFF, 0xFF, 0xFF, 0xFF, 0xFF, 0xFF, 0x24, 0x00, 0x00,
  0x46, 0xFF, 0xFF, 0xFF, 0xFF, 0xFF, 0xFF, 0xFF, 0xFF, 0xFF, 0xFF, 0xFF, 0xFF, 0xFF, 0xFF, 0xFF,
  0xFF, 0x24, 0x00, 0x00, 0x4C, 0xFF, 0xFF, 0xFF, 0xFF, 0xFF, 0xFF, 0xFF, 0xFF, 0xFF, 0xFF, 0xFF,
  0xFF, 0xFF, 0xFF, 0xFF, 0xFF, 0x24, 0x00, 0x00, 0x52, 0xFF, 0xFF, 0xFF, 0xFF, 0xFF, 0xFF, 0xFF,
  0xFF, 0xFF, 0xFF, 0xFF, 0xFF, 0xFF, 0xFF, 0xFF, 0xFF, 0x24, 0x00, 0x00, 0x58, 0xFF, 0xFF, 0xFF,
  0xFF, 0xFF, 0xFF, 0xFF, 0xFF, 0xFF, 0xFF, 0xFF, 0xFF, 0xFF, 0xFF, 0xFF, 0xFF, 0x24, 0x00, 0x00,
  0x5E, 0xFF, 0xFF, 0xFF, 0xFF, 0xFF, 0xEB, 0xE0, 0xE0, 0xE0, 0xE0, 0xE0, 0xE0, 0xE0, 0xE0, 0xE0,
  0xE0, 0x1F, 0x00, 0x00, 0x64, 0xFF, 0xFF, 0xFF, 0xFF, 0xFF, 0x53, 0x00, 0x00, 0x00, 0x00, 0x00,
  0x00, 0x00, 0x00, 0x00, 0x00, 0x00, 0x00, 0x00, 0x6B, 0xFF, 0xFF, 0xFF, 0xFF, 0xFF, 0x46, 0x00,
  0x00, 0x00, 0x00, 0x00, 0x00, 0x00, 0x00, 0x00, 0x00, 0x00, 0x00, 0x00, 0x71, 0xFF, 0xFF, 0xFF,
  0xFF, 0xFF, 0x39, 0x00, 0x00, 0x00, 0x00, 0x00, 0x00, 0x00, 0x00, 0x00, 0x00, 0x00, 0x00, 0x00,
  0x77, 0xFF, 0xFF, 0xFF, 0xFF, 0xFF, 0x2D, 0x00, 0x00, 0x00, 0x00, 0x00, 0x00, 0x00, 0x00, 0x00,
  0x00, 0x00, 0x00, 0x00, 0x7D, 0xFF, 0xFF, 0xFF, 0xFF, 0xFF, 0x20, 0x00, 0x00, 0x00, 0x00, 0x00,
  0x00, 0x00, 0x00, 0x00, 0x00, 0x00, 0x00, 0x00, 0x83, 0xFF, 0xFF, 0xFF, 0xFF, 0xFF, 0x13, 0x00,
  0x00, 0x00, 0x00, 0x05, 0x00, 0x00, 0x00, 0x00, 0x00, 0x00, 0x00, 0x00, 0x89, 0xFF, 0xFF, 0xFF,
  0xFF, 0xFF, 0x0A, 0x5E, 0xB7, 0xE9, 0xFD, 0xFF, 0xEF, 0xB2, 0x43, 0x00, 0x00, 0x00, 0x00, 0x00,
  0x8F, 0xFF, 0xFF, 0xFF, 0xFF, 0xFD, 0xC3, 0xFF, 0xFF, 0xFF, 0xFF, 0xFF, 0xFF, 0xFF, 0xFF, 0x90,
  0x01, 0x00, 0x00, 0x00, 0x96, 0xFF, 0xFF, 0xFF, 0xFF, 0xFF, 0xFF, 0xFF, 0xFF, 0xFF, 0xFF, 0xFF,
  0xFF, 0xFF, 0xFF, 0xFF, 0x7D, 0x00, 0x00, 0x00, 0x9C, 0xFF, 0xFF, 0xFF, 0xFF, 0xFF, 0xFF, 0xFF,
  0xFF, 0xFF, 0xFF, 0xFF, 0xFF, 0xFF, 0xFF, 0xFF, 0xFA, 0x25, 0x00, 0x00, 0xA2, 0xFF, 0xFF, 0xFF,
  0xFF, 0xFF, 0xFF, 0xFF, 0xFF, 0xFF, 0xFF, 0xFF, 0xFF, 0xFF, 0xFF, 0xFF, 0xFF, 0x95, 0x00, 0x00,
  0xA8, 0xFF, 0xFF, 0xFF, 0xFF, 0xFF, 0xFF, 0xA3, 0x21, 0x10, 0x60, 0xF6, 0xFF, 0xFF, 0xFF, 0xFF,
  0xFF, 0xEA, 0x02, 0x00, 0xAE, 0xFF, 0xFF, 0xFF, 0xFF, 0xFF, 0xC3, 0x02, 0x00, 0x00, 0x00, 0x83,
  0xFF, 0xFF, 0xFF, 0xFF, 0xFF, 0xFF, 0x2F, 0x00, 0xB4, 0xFF, 0xFF, 0xFF, 0xFF, 0xFF, 0x51, 0x00,
  0x00, 0x00, 0x00, 0x2A, 0xFF, 0xFF, 0xFF, 0xFF, 0xFF, 0xFF, 0x5F, 0x00, 0x1C, 0x28, 0x28, 0x28,
  0x28, 0x28, 0x04, 0x00, 0x00, 0x00, 0x00, 0x00, 0xF6, 0xFF, 0xFF, 0xFF, 0xFF, 0xFF, 0x7F, 0x00,
  0x00, 0x00, 0x00, 0x00, 0x00, 0x00, 0x00, 0x00, 0x00, 0x00, 0x00, 0x00, 0xDB, 0xFF, 0xFF, 0xFF,
  0xFF, 0xFF, 0x95, 0x00, 0x00, 0x00, 0x00, 0x00, 0x00, 0x00, 0x00, 0x00, 0x00, 0x00, 0x00, 0x00,
  0xD0, 0xFF, 0xFF, 0xFF, 0xFF, 0xFF, 0x9E, 0x00, 0x00, 0x00, 0x00, 0x00, 0x00, 0x00, 0x00, 0x00,
  0x00, 0x00, 0x00, 0x00, 0xC9, 0xFF, 0xFF, 0xFF, 0xFF, 0xFF, 0xA0, 0x00, 0x00, 0x00, 0x00, 0x00,
  0x00, 0x00, 0x00, 0x00, 0x00, 0x00, 0x00, 0x00, 0xCD, 0xFF, 0xFF, 0xFF, 0xFF, 0xFF, 0x97, 0x08,
  0xE0, 0xE0, 0xE0, 0xE0, 0xE0, 0xE0, 0x6F, 0x00, 0x00, 0x00, 0x00, 0x00, 0xD2, 0xFF, 0xFF, 0xFF,
  0xFF, 0xFF, 0x8E, 0x00, 0xFB, 0xFF, 0xFF, 0xFF, 0xFF, 0xFF, 0x87, 0x00, 0x00, 0x00, 0x00, 0x00,
  0xE0, 0xFF, 0xFF, 0xFF, 0xFF, 0xFF, 0x79, 0x00, 0xEC, 0xFF, 0xFF, 0xFF, 0xFF, 0xFF, 0x9E, 0x00,
  0x00, 0x00, 0x00, 0x00, 0xF3, 0xFF, 0xFF, 0xFF, 0xFF, 0xFF, 0x5D, 0x00, 0xD1, 0xFF, 0xFF, 0xFF,
  0xFF, 0xFF, 0xC9, 0x00, 0x00, 0x00, 0x00, 0x1C, 0xFF, 0xFF, 0xFF, 0xFF, 0xFF, 0xFF, 0x38, 0x00,
  0x9E, 0xFF, 0xFF, 0xFF, 0xFF, 0xFF, 0xFE, 0x29, 0x00, 0x00, 0x00, 0x70, 0xFF, 0xFF, 0xFF, 0xFF,
  0xFF, 0xF8, 0x06, 0x00, 0x69, 0xFF, 0xFF, 0xFF, 0xFF, 0xFF, 0xFF, 0xDA, 0x53, 0x2E, 0x63, 0xF3,
  0xFF, 0xFF, 0xFF, 0xFF, 0xFF, 0xBB, 0x00, 0x00, 0x1B, 0xFC, 0xFF, 0xFF, 0xFF, 0xFF, 0xFF, 0xFF,
  0xFF, 0xFF, 0xFF, 0xFF, 0xFF, 0xFF, 0xFF, 0xFF, 0xFF, 0x4E, 0x00, 0x00, 0x00, 0x9B, 0xFF, 0xFF,
  0xFF, 0xFF, 0xFF, 0xFF, 0xFF, 0xFF, 0xFF, 0xFF, 0xFF, 0xFF, 0xFF, 0xFF, 0xC6, 0x01, 0x00, 0x00,
  0x00, 0x0E, 0xD3, 0xFF, 0xFF, 0xFF, 0xFF, 0xFF, 0xFF, 0xFF, 0xFF, 0xFF, 0xFF, 0xFF, 0xFF, 0xE5,
  0x19, 0x00, 0x00, 0x00, 0x00, 0x00, 0x12, 0xB3, 0xFF, 0xFF, 0xFF, 0xFF, 0xFF, 0xFF, 0xFF, 0xFF,
  0xFF, 0xFF, 0xB5, 0x18, 0x00, 0x00, 0x00, 0x00, 0x00, 0x00, 0x00, 0x00, 0x3A, 0x90, 0xC8, 0xEB,
  0xF9, 0xFB, 0xEE, 0xCE, 0x97, 0x42, 0x00, 0x00, 0x00, 0x00, 0x00, 0x00, 0x00, 0x00, 0x00, 0x00,
  0x3C, 0x94, 0xC9, 0xEB, 0xF9, 0xF9, 0xEC, 0xCD, 0x99, 0x48, 0x02, 0x00, 0x00, 0x00, 0x00, 0x00,
  0x00, 0x00, 0x19, 0xB9, 0xFF, 0xFF, 0xFF, 0xFF, 0xFF, 0xFF, 0xFF, 0xFF, 0xFF, 0xFF, 0xCD, 0x2A,
  0x00, 0x00, 0x00, 0x00, 0x00, 0x1A, 0xE0, 0xFF, 0xFF, 0xFF, 0xFF, 0xFF, 0xFF, 0xFF, 0xFF, 0xFF,
  0xFF, 0xFF, 0xFF, 0xEF, 0x28, 0x00, 0x00, 0x00, 0x01, 0xC3, 0xFF, 0xFF, 0xFF, 0xFF, 0xFF, 0xFF,
  0xFF, 0xFF, 0xFF, 0xFF, 0xFF, 0xFF, 0xFF, 0xFF, 0xC8, 0x00, 0x00, 0x00, 0x54, 0xFF, 0xFF, 0xFF,
  0xFF, 0xFF, 0xFF, 0xFF, 0xFF, 0xFF, 0xFF, 0xFF, 0xFF, 0xFF, 0xFF, 0xFF, 0xFF, 0x33, 0x00, 0x00,
  0xBA, 0xFF, 0xFF, 0xFF, 0xFF, 0xFF, 0xFF, 0xB8, 0x4B, 0x45, 0x9C, 0xFF, 0xFF, 0xFF, 0xFF, 0xFF,
  0xFF, 0x82, 0x00, 0x06, 0xF9, 0xFF, 0xFF, 0xFF, 0xFF, 0xFF, 0xE0, 0x08, 0x00, 0x00, 0x00, 0xD8,
  0xFF, 0xFF, 0xFF, 0xFF, 0xFF, 0xB8, 0x00, 0x35, 0xFF, 0xFF, 0xFF, 0xFF, 0xFF, 0xFF, 0x90, 0x00,
  0x00, 0x00, 0x00, 0x9B, 0xFF, 0xFF, 0xFF, 0xFF, 0xFF, 0xCE, 0x00, 0x69, 0xFF, 0xFF, 0xFF, 0xFF,
  0xFF, 0xFF, 0x61, 0x00, 0x00, 0x00, 0x00, 0x87, 0xFF, 0xFF, 0xFF, 0xFF, 0xFF, 0xE3, 0x00, 0x85,
  0xFF, 0xFF, 0xFF, 0xFF, 0xFF, 0xFF, 0x4C, 0x00, 0x00, 0x00, 0x00, 0x0F, 0x20, 0x20, 0x20, 0x20,
  0x20, 0x1D, 0x00, 0x95, 0xFF, 0xFF, 0xFF, 0xFF, 0xFF, 0xFF, 0x40, 0x00, 0x00, 0x00, 0x00, 0x00,
  0x00, 0x00, 0x00, 0x00, 0x00, 0x00, 0x00, 0xA4, 0xFF, 0xFF, 0xFF, 0xFF, 0xFF, 0xFF, 0x3C, 0x00,
  0x00, 0x00, 0x00, 0x00, 0x00, 0x00, 0x00, 0x00, 0x00, 0x00, 0x00, 0xAC, 0xFF, 0xFF, 0xFF, 0xFF,
  0xFF, 0xFF, 0x3C, 0x00, 0x00, 0x00, 0x00, 0x00, 0x00, 0x00, 0x00, 0x00, 0x00, 0x00, 0x00, 0xAC,
  0xFF, 0xFF, 0xFF, 0xFF, 0xFF, 0xFF, 0x3C, 0x28, 0x9A, 0xDD, 0xF7, 0xF4, 0xD6, 0x95, 0x2A, 0x00,
  0x00, 0x00, 0x00, 0xAC, 0xFF, 0xFF, 0xFF, 0xFF, 0xFF, 0xFF, 0x87, 0xF9, 0xFF, 0xFF, 0xFF, 0xFF,
  0xFF, 0xFF, 0xFB, 0x72, 0x00, 0x00, 0x00, 0xAC, 0xFF, 0xFF, 0xFF, 0xFF, 0xFF, 0xFF, 0xFF, 0xFF,
  0xFF, 0xFF, 0xFF, 0xFF, 0xFF, 0xFF, 0xFF, 0xFF, 0x67, 0x00, 0x00, 0xAC, 0xFF, 0xFF, 0xFF, 0xFF,
  0xFF, 0xFF, 0xFF, 0xFF, 0xFF, 0xFF, 0xFF, 0xFF, 0xFF, 0xFF, 0xFF, 0xFF, 0xF5, 0x1A, 0x00, 0xAC,
  0xFF, 0xFF, 0xFF, 0xFF, 0xFF, 0xFF, 0xFF, 0xFF, 0xFF, 0xFF, 0xFF, 0xFF, 0xFF, 0xFF, 0xFF, 0xFF,
  0xFF, 0x87, 0x00, 0xAC, 0xFF, 0xFF, 0xFF, 0xFF, 0xFF, 0xFF, 0xFF, 0xAD, 0x51, 0x51, 0xBC, 0xFF,
  0xFF, 0xFF, 0xFF, 0xFF, 0xFF, 0xD9, 0x00, 0xAC, 0xFF, 0xFF, 0xFF, 0xFF, 0xFF, 0xFF, 0x8C, 0x00,
  0x00, 0x00, 0x06, 0xE3, 0xFF, 0xFF, 0xFF, 0xFF, 0xFF, 0xFF, 0x13, 0xAC, 0xFF, 0xFF, 0xFF, 0xFF,
  0xFF, 0xFF, 0x3C, 0x00, 0x00, 0x00, 0x00, 0x97, 0xFF, 0xFF, 0xFF, 0xFF, 0xFF, 0xFF, 0x49, 0xAC,
  0xFF, 0xFF, 0xFF, 0xFF, 0xFF, 0xFF, 0x3C, 0x00, 0x00, 0x00, 0x00, 0x72, 0xFF, 0xFF, 0xFF, 0xFF,
  0xFF, 0xFF, 0x62, 0xAC, 0xFF, 0xFF, 0xFF, 0xFF, 0xFF, 0xFF, 0x3C, 0x00, 0x00, 0x00, 0x00, 0x63,
  0xFF, 0xFF, 0xFF, 0xFF, 0xFF, 0xFF, 0x73, 0xAC, 0xFF, 0xFF, 0xFF, 0xFF, 0xFF, 0xFF, 0x3C, 0x00,
  0x00, 0x00, 0x00, 0x5D, 0xFF, 0xFF, 0xFF, 0xFF, 0xFF, 0xFF, 0x7F, 0xA9, 0xFF, 0xFF, 0xFF, 0xFF,
  0xFF, 0xFF, 0x3C, 0x00, 0x00, 0x00, 0x00, 0x59, 0xFF, 0xFF, 0xFF, 0xFF, 0xFF, 0xFF, 0x72, 0x98,
  0xFF, 0xFF, 0xFF, 0xFF, 0xFF, 0xFF, 0x3C, 0x00, 0x00, 0x00, 0x00, 0x5E, 0xFF, 0xFF, 0xFF, 0xFF,
  0xFF, 0xFF, 0x62, 0x84, 0xFF, 0xFF, 0xFF, 0xFF, 0xFF, 0xFF, 0x4D, 0x00, 0x00, 0x00, 0x00, 0x68,
  0xFF, 0xFF, 0xFF, 0xFF, 0xFF, 0xFF, 0x51, 0x6C, 0xFF, 0xFF, 0xFF, 0xFF, 0xFF, 0xFF, 0x65, 0x00,
  0x00, 0x00, 0x00, 0x80, 0xFF, 0xFF, 0xFF, 0xFF, 0xFF, 0xFF, 0x2A, 0x32, 0xFF, 0xFF, 0xFF, 0xFF,
  0xFF, 0xFF, 0x8B, 0x00, 0x00, 0x00, 0x00, 0xAB, 0xFF, 0xFF, 0xFF, 0xFF, 0xFF, 0xF1, 0x01, 0x02,
  0xEC, 0xFF, 0xFF, 0xFF, 0xFF, 0xFF, 0xE1, 0x08, 0x00, 0x00, 0x0C, 0xED, 0xFF, 0xFF, 0xFF, 0xFF,
  0xFF, 0xBB, 0x00, 0x00, 0xA2, 0xFF, 0xFF, 0xFF, 0xFF, 0xFF, 0xFF, 0xAF, 0x2E, 0x2A, 0xAD, 0xFF,
  0xFF, 0xFF, 0xFF, 0xFF, 0xFF, 0x6D, 0x00, 0x00, 0x2F, 0xFD, 0xFF, 0xFF, 0xFF, 0xFF, 0xFF, 0xFF,
  0xFF, 0xFF, 0xFF, 0xFF, 0xFF, 0xFF, 0xFF, 0xFF, 0xEF, 0x11, 0x00, 0x00, 0x00, 0x8E, 0xFF, 0xFF,
  0xFF, 0xFF, 0xFF, 0xFF, 0xFF, 0xFF, 0xFF, 0xFF, 0xFF, 0xFF, 0xFF, 0xFF, 0x6C, 0x00, 0x00, 0x00,
  0x00, 0x04, 0xB3, 0xFF, 0xFF, 0xFF, 0xFF, 0xFF, 0xFF, 0xFF, 0xFF, 0xFF, 0xFF, 0xFF, 0xFF, 0xA0,
  0x00, 0x00, 0x00, 0x00, 0x00, 0x00, 0x03, 0x86, 0xF9, 0xFF, 0xFF, 0xFF, 0xFF, 0xFF, 0xFF, 0xFF,
  0xFF, 0xF9, 0x80, 0x01, 0x00, 0x00, 0x00, 0x00, 0x00, 0x00, 0x00, 0x00, 0x20, 0x7D, 0xBF, 0xE9,
  0xF9, 0xF8, 0xE7, 0xBE, 0x7D, 0x1E, 0x00, 0x00, 0x00, 0x00, 0x00, 0x20, 0xFF, 0xFF, 0xFF, 0xFF,
  0xFF, 0xFF, 0xFF, 0xFF, 0xFF, 0xFF, 0xFF, 0xFF, 0xFF, 0xFF, 0xFF, 0xFF, 0x40, 0x20, 0xFF, 0xFF,
  0xFF, 0xFF, 0xFF, 0xFF, 0xFF, 0xFF, 0xFF, 0xFF, 0xFF, 0xFF, 0xFF, 0xFF, 0xFF, 0xFF, 0x40, 0x20,
  0xFF, 0xFF, 0xFF, 0xFF, 0xFF, 0xFF, 0xFF, 0xFF, 0xFF, 0xFF, 0xFF, 0xFF, 0xFF, 0xFF, 0xFF, 0xFF,
  0x40, 0x20, 0xFF, 0xFF, 0xFF, 0xFF, 0xFF, 0xFF, 0xFF, 0xFF, 0xFF, 0xFF, 0xFF, 0xFF, 0xFF, 0xFF,
  0xFF, 0xFF, 0x40, 0x20, 0xFF, 0xFF, 0xFF, 0xFF, 0xFF, 0xFF, 0xFF, 0xFF, 0xFF, 0xFF, 0xFF, 0xFF,
  0xFF, 0xFF, 0xFF, 0xFF, 0x38, 0x07, 0x38, 0x38, 0x38, 0x38, 0x38, 0x38, 0x38, 0x38, 0x38, 0x99,
  0xFF, 0xFF, 0xFF, 0xFF, 0xFF, 0xFA, 0x09, 0x00, 0x00, 0x00, 0x00, 0x00, 0x00, 0x00, 0x00, 0x00,
  0x00, 0xB4, 0xFF, 0xFF, 0xFF, 0xFF, 0xFF, 0xC6, 0x00, 0x00, 0x00, 0x00, 0x00, 0x00, 0x00, 0x00,
  0x00, 0x00, 0x02, 0xEF, 0xFF, 0xFF, 0xFF, 0xFF, 0xFF, 0x88, 0x00, 0x00, 0x00, 0x00, 0x00, 0x00,
  0x00, 0x00, 0x00, 0x00, 0x31, 0xFF, 0xFF, 0xFF, 0xFF, 0xFF, 0xFF, 0x4B, 0x00, 0x00, 0x00, 0x00,
  0x00, 0x00, 0x00, 0x00, 0x00, 0x00, 0x6F, 0xFF, 0xFF, 0xFF, 0xFF, 0xFF, 0xFD, 0x10, 0x00, 0x00,
  0x00, 0x00, 0x00, 0x00, 0x00, 0x00, 0x00, 0x00, 0xAD, 0xFF, 0xFF, 0xFF, 0xFF, 0xFF, 0xD1, 0x00,
  0x00, 0x00, 0x00, 0x00, 0x00, 0x00, 0x00, 0x00, 0x00, 0x00, 0xEA, 0xFF, 0xFF, 0xFF, 0xFF, 0xFF,
  0x93, 0x00, 0x00, 0x00, 0x00, 0x00, 0x00, 0x00, 0x00, 0x00, 0x00, 0x2A, 0xFF, 0xFF, 0xFF, 0xFF,
  0xFF, 0xFF, 0x56, 0x00, 0x00, 0x00, 0x00, 0x00, 0x00, 0x00, 0x00, 0x00, 0x00, 0x68, 0xFF, 0xFF,
  0xFF, 0xFF, 0xFF, 0xFF, 0x19, 0x00, 0x00, 0x00, 0x00, 0x00, 0x00, 0x00, 0x00, 0x00, 0x00, 0xA6,
  0xFF, 0xFF, 0xFF, 0xFF, 0xFF, 0xDC, 0x00, 0x00, 0x00, 0x00, 0x00, 0x00, 0x00, 0x00, 0x00, 0x00,
  0x00, 0xE3, 0xFF, 0xFF, 0xFF, 0xFF, 0xFF, 0x9E, 0x00, 0x00, 0x00, 0x00, 0x00, 0x00, 0x00, 0x00,
  0x00, 0x00, 0x23, 0xFF, 0xFF, 0xFF, 0xFF, 0xFF, 0xFF, 0x61, 0x00, 0x00, 0x00, 0x00, 0x00, 0x00,
  0x00, 0x00, 0x00, 0x00, 0x61, 0xFF, 0xFF, 0xFF, 0xFF, 0xFF, 0xFF, 0x24, 0x00, 0x00, 0x00, 0x00,
  0x00, 0x00, 0x00, 0x00, 0x00, 0x00, 0x9F, 0xFF, 0xFF, 0xFF, 0xFF, 0xFF, 0xE7, 0x00, 0x00, 0x00,
  0x00, 0x00, 0x00, 0x00, 0x00, 0x00, 0x00, 0x00, 0xDD, 0xFF, 0xFF, 0xFF, 0xFF, 0xFF, 0xAA, 0x00,
  0x00, 0x00, 0x00, 0x00, 0x00, 0x00, 0x00, 0x00, 0x00, 0x1B, 0xFF, 0xFF, 0xFF, 0xFF, 0xFF, 0xFF,
  0x6C, 0x00, 0x00, 0x00, 0x00, 0x00, 0x00, 0x00, 0x00, 0x00, 0x00, 0x5A, 0xFF, 0xFF, 0xFF, 0xFF,
  0xFF, 0xFF, 0x2F, 0x00, 0x00, 0x00, 0x00, 0x00, 0x00, 0x00, 0x00, 0x00, 0x00, 0x98, 0xFF, 0xFF,
  0xFF, 0xFF, 0xFF, 0xF0, 0x02, 0x00, 0x00, 0x00, 0x00, 0x00, 0x00, 0x00, 0x00, 0x00, 0x00, 0xD6,
  0xFF, 0xFF, 0xFF, 0xFF, 0xFF, 0xB5, 0x00, 0x00, 0x00, 0x00, 0x00, 0x00, 0x00, 0x00, 0x00, 0x00,
  0x15, 0xFF, 0xFF, 0xFF, 0xFF, 0xFF, 0xFF, 0x77, 0x00, 0x00, 0x00, 0x00, 0x00, 0x00, 0x00, 0x00,
  0x00, 0x00, 0x53, 0xFF, 0xFF, 0xFF, 0xFF, 0xFF, 0xFF, 0x3A, 0x00, 0x00, 0x00, 0x00, 0x00, 0x00,
  0x00, 0x00, 0x00, 0x00, 0x91, 0xFF, 0xFF, 0xFF, 0xFF, 0xFF, 0xF7, 0x06, 0x00, 0x00, 0x00, 0x00,
  0x00, 0x00, 0x00, 0x00, 0x00, 0x00, 0xCF, 0xFF, 0xFF, 0xFF, 0xFF, 0xFF, 0xC0, 0x00, 0x00, 0x00,
  0x00, 0x00, 0x00, 0x00, 0x00, 0x00, 0x00, 0x0F, 0xFD, 0xFF, 0xFF, 0xFF, 0xFF, 0xFF, 0x82, 0x00,
  0x00, 0x00, 0x00, 0x00, 0x00, 0x00, 0x00, 0x00, 0x00, 0x4C, 0xFF, 0xFF, 0xFF, 0xFF, 0xFF, 0xFF,
  0x45, 0x00, 0x00, 0x00, 0x00, 0x00, 0x00, 0x00, 0x00, 0x00, 0x00, 0x8A, 0xFF, 0xFF, 0xFF, 0xFF,
  0xFF, 0xFC, 0x0C, 0x00, 0x00, 0x00, 0x00, 0x00, 0x00, 0x00, 0x00, 0x00, 0x00, 0xC8, 0xFF, 0xFF,
  0xFF, 0xFF, 0xFF, 0xCB, 0x00, 0x00, 0x00, 0x00, 0x00, 0x00, 0x00, 0x00, 0x00, 0x00, 0x0B, 0xFB,
  0xFF, 0xFF, 0xFF, 0xFF, 0xFF, 0x8D, 0x00, 0x00, 0x00, 0x00, 0x00, 0x00, 0x00, 0x00, 0x00, 0x00,
  0x45, 0xFF, 0xFF, 0xFF, 0xFF, 0xFF, 0xFF, 0x50, 0x00, 0x00, 0x00, 0x00, 0x00, 0x00, 0x00, 0x00,
  0x00, 0x00, 0x83, 0xFF, 0xFF, 0xFF, 0xFF, 0xFF, 0xFF, 0x14, 0x00, 0x00, 0x00, 0x00, 0x00, 0x00,
  0x00, 0x00, 0x00, 0x00, 0xC1, 0xFF, 0xFF, 0xFF, 0xFF, 0xFF, 0xD6, 0x00, 0x00, 0x00, 0x00, 0x00,
  0x00, 0x00, 0x00, 0x00, 0x00, 0x00, 0x00, 0x00, 0x0B, 0x65, 0xAF, 0xDD, 0xF5, 0xFC, 0xF1, 0xD2,
  0x9E, 0x4B, 0x01, 0x00, 0x00, 0x00, 0x00, 0x00, 0x00, 0x00, 0x00, 0x49, 0xEB, 0xFF, 0xFF, 0xFF,
  0xFF, 0xFF, 0xFF, 0xFF, 0xFF, 0xFF, 0xCF, 0x2E, 0x00, 0x00, 0x00, 0x00, 0x00, 0x00, 0x71, 0xFE,
  0xFF, 0xFF, 0xFF, 0xFF, 0xFF, 0xFF, 0xFF, 0xFF, 0xFF, 0xFF, 0xFF, 0xF2, 0x38, 0x00, 0x00, 0x00,
  0x00, 0x36, 0xFB, 0xFF, 0xFF, 0xFF, 0xFF, 0xFF, 0xFF, 0xFF, 0xFF, 0xFF, 0xFF, 0xFF, 0xFF, 0xFF,
  0xE3, 0x0B, 0x00, 0x00, 0x00, 0xCF, 0xFF, 0xFF, 0xFF, 0xFF, 0xFF, 0xFF, 0xFF, 0xFF, 0xFF, 0xFF,
  0xFF, 0xFF, 0xFF, 0xFF, 0xFF, 0x76, 0x00, 0x00, 0x32, 0xFF, 0xFF, 0xFF, 0xFF, 0xFF, 0xFF, 0xE2,
  0x4D, 0x28, 0x74, 0xFD, 0xFF, 0xFF, 0xFF, 0xFF, 0xFF, 0xD3, 0x00, 0x00, 0x72, 0xFF, 0xFF, 0xFF,
  0xFF, 0xFF, 0xFF, 0x47, 0x00, 0x00, 0x00, 0xA2, 0xFF, 0xFF, 0xFF, 0xFF, 0xFF, 0xFF, 0x12, 0x00,
  0x98, 0xFF, 0xFF, 0xFF, 0xFF, 0xFF, 0xEB, 0x01, 0x00, 0x00, 0x00, 0x4F, 0xFF, 0xFF, 0xFF, 0xFF,
  0xFF, 0xFF, 0x34, 0x00, 0xA8, 0xFF, 0xFF, 0xFF, 0xFF, 0xFF, 0xCC, 0x00, 0x00, 0x00, 0x00, 0x30,
  0xFF, 0xFF, 0xFF, 0xFF, 0xFF, 0xFF, 0x43, 0x00, 0xA5, 0xFF, 0xFF, 0xFF, 0xFF, 0xFF, 0xC5, 0x00,
  0x00, 0x00, 0x00, 0x2A, 0xFF, 0xFF, 0xFF, 0xFF, 0xFF, 0xFF, 0x3B, 0x00, 0x90, 0xFF, 0xFF, 0xFF,
  0xFF, 0xFF, 0xD4, 0x00, 0x00, 0x00, 0x00, 0x3A, 0xFF, 0xFF, 0xFF, 0xFF, 0xFF, 0xFF, 0x1E, 0x00,
  0x62, 0xFF, 0xFF, 0xFF, 0xFF, 0xFF, 0xF5, 0x04, 0x00, 0x00, 0x00, 0x63, 0xFF, 0xFF, 0xFF, 0xFF,
  0xFF, 0xF9, 0x04, 0x00, 0x1B, 0xFD, 0xFF, 0xFF, 0xFF, 0xFF, 0xFF, 0x49, 0x00, 0x00, 0x00, 0xB4,
  0xFF, 0xFF, 0xFF, 0xFF, 0xFF, 0xAD, 0x00, 0x00, 0x00, 0xA5, 0xFF, 0xFF, 0xFF, 0xFF, 0xFF, 0xDD,
  0x36, 0x0C, 0x6B, 0xFF, 0xFF, 0xFF, 0xFF, 0xFF, 0xFF, 0x4A, 0x00, 0x00, 0x00, 0x15, 0xE7, 0xFF,
  0xFF, 0xFF, 0xFF, 0xFF, 0xFF, 0xFF, 0xFF, 0xFF, 0xFF, 0xFF, 0xFF, 0xFF, 0xAE, 0x00, 0x00, 0x00,
  0x00, 0x00, 0x3C, 0xF1, 0xFF, 0xFF, 0xFF, 0xFF, 0xFF, 0xFF, 0xFF, 0xFF, 0xFF, 0xFF, 0xFF, 0xCE,
  0x12, 0x00, 0x00, 0x00, 0x00, 0x00, 0x00, 0x59, 0xFF, 0xFF, 0xFF, 0xFF, 0xFF, 0xFF, 0xFF, 0xFF,
  0xFF, 0xFF, 0xEB, 0x17, 0x00, 0x00, 0x00, 0x00, 0x00, 0x00, 0x63, 0xFA, 0xFF, 0xFF, 0xFF, 0xFF,
  0xFF, 0xFF, 0xFF, 0xFF, 0xFF, 0xFF, 0xFF, 0xDE, 0x27, 0x00, 0x00, 0x00, 0x00, 0x40, 0xFE, 0xFF,
  0xFF, 0xFF, 0xFF, 0xFF, 0xFF, 0xFF, 0xFF, 0xFF, 0xFF, 0xFF, 0xFF, 0xFF, 0xDA, 0x0A, 0x00, 0x00,
  0x0D, 0xE0, 0xFF, 0xFF, 0xFF, 0xFF, 0xFF, 0xFF, 0xC5, 0xA1, 0xDB, 0xFF, 0xFF, 0xFF, 0xFF, 0xFF,
  0xFF, 0x95, 0x00, 0x00, 0x6E, 0xFF, 0xFF, 0xFF, 0xFF, 0xFF, 0xFF, 0x83, 0x00, 0x00, 0x09, 0xC3,
  0xFF, 0xFF, 0xFF, 0xFF, 0xFF, 0xF9, 0x10, 0x00, 0xC3, 0xFF, 0xFF, 0xFF, 0xFF, 0xFF, 0xEB, 0x06,
  0x00, 0x00, 0x00, 0x40, 0xFF, 0xFF, 0xFF, 0xFF, 0xFF, 0xFF, 0x62, 0x03, 0xF9, 0xFF, 0xFF, 0xFF,
  0xFF, 0xFF, 0xAD, 0x00, 0x00, 0x00, 0x00, 0x05, 0xF9, 0xFF, 0xFF, 0xFF, 0xFF, 0xFF, 0xAA, 0x20,
  0xFF, 0xFF, 0xFF, 0xFF, 0xFF, 0xFF, 0x93, 0x00, 0x00, 0x00, 0x00, 0x00, 0xE6, 0xFF, 0xFF, 0xFF,
  0xFF, 0xFF, 0xD1, 0x2F, 0xFF, 0xFF, 0xFF, 0xFF, 0xFF, 0xFF, 0x82, 0x00, 0x00, 0x00, 0x00, 0x00,
  0xD6, 0xFF, 0xFF, 0xFF, 0xFF, 0xFF, 0xE2, 0x29, 0xFF, 0xFF, 0xFF, 0xFF, 0xFF, 0xFF, 0x78, 0x00,
  0x00, 0x00, 0x00, 0x00, 0xCD, 0xFF, 0xFF, 0xFF, 0xFF, 0xFF, 0xE5, 0x16, 0xFF, 0xFF, 0xFF, 0xFF,
  0xFF, 0xFF, 0x87, 0x00, 0x00, 0x00, 0x00, 0x00, 0xDE, 0xFF, 0xFF, 0xFF, 0xFF, 0xFF, 0xDD, 0x04,
  0xFE, 0xFF, 0xFF, 0xFF, 0xFF, 0xFF, 0x99, 0x00, 0x00, 0x00, 0x00, 0x00, 0xF1, 0xFF, 0xFF, 0xFF,
  0xFF, 0xFF, 0xC6, 0x00, 0xD8, 0xFF, 0xFF, 0xFF, 0xFF, 0xFF, 0xC7, 0x00, 0x00, 0x00, 0x00, 0x21,
  0xFF, 0xFF, 0xFF, 0xFF, 0xFF, 0xFF, 0x9D, 0x00, 0x98, 0xFF, 0xFF, 0xFF, 0xFF, 0xFF, 0xFC, 0x28,
  0x00, 0x00, 0x00, 0x7E, 0xFF, 0xFF, 0xFF, 0xFF, 0xFF, 0xFF, 0x63, 0x00, 0x54, 0xFF, 0xFF, 0xFF,
  0xFF, 0xFF, 0xFF, 0xD7, 0x42, 0x21, 0x67, 0xF7, 0xFF, 0xFF, 0xFF, 0xFF, 0xFF, 0xFC, 0x17, 0x00,
  0x06, 0xE7, 0xFF, 0xFF, 0xFF, 0xFF, 0xFF, 0xFF, 0xFF, 0xFF, 0xFF, 0xFF, 0xFF, 0xFF, 0xFF, 0xFF,
  0xFF, 0xA6, 0x00, 0x00, 0x00, 0x5C, 0xFF, 0xFF, 0xFF, 0xFF, 0xFF, 0xFF, 0xFF, 0xFF, 0xFF, 0xFF,
  0xFF, 0xFF, 0xFF, 0xFF, 0xF3, 0x1F, 0x00, 0x00, 0x00, 0x00, 0x8F, 0xFF, 0xFF, 0xFF, 0xFF, 0xFF,
  0xFF, 0xFF, 0xFF, 0xFF, 0xFF, 0xFF, 0xFF, 0xFA, 0x4B, 0x00, 0x00, 0x00, 0x00, 0x00, 0x00, 0x6D,
  0xF2, 0xFF, 0xFF, 0xFF, 0xFF, 0xFF, 0xFF, 0xFF, 0xFF, 0xFF, 0xDC, 0x3B, 0x00, 0x00, 0x00, 0x00,
  0x00, 0x00, 0x00, 0x00, 0x14, 0x6E, 0xB4, 0xE0, 0xF5, 0xFC, 0xF1, 0xD6, 0xA5, 0x56, 0x05, 0x00,
  0x00, 0x00, 0x00, 0x00, 0x00, 0x00, 0x00, 0x00, 0x0D, 0x64, 0xAF, 0xDD, 0xF3, 0xFB, 0xEF, 0xD0,
  0x9A, 0x44, 0x00, 0x00, 0x00, 0x00, 0x00, 0x00, 0x00, 0x00, 0x00, 0x59, 0xE9, 0xFF, 0xFF, 0xFF,
  0xFF, 0xFF, 0xFF, 0xFF, 0xFF, 0xFF, 0xC6, 0x24, 0x00, 0x00, 0x00, 0x00, 0x00, 0x00, 0x76, 0xFF,
  0xFF, 0xFF, 0xFF, 0xFF, 0xFF, 0xFF, 0xFF, 0xFF, 0xFF, 0xFF, 0xFF, 0xEF, 0x30, 0x00, 0x00, 0x00,
  0x00, 0x47, 0xFE, 0xFF, 0xFF, 0xFF, 0xFF, 0xFF, 0xFF, 0xFF, 0xFF, 0xFF, 0xFF, 0xFF, 0xFF, 0xFF,
  0xE3, 0x0F, 0x00, 0x00, 0x02, 0xDA, 0xFF, 0xFF, 0xFF, 0xFF, 0xFF, 0xFF, 0xFF, 0xFF, 0xFF, 0xFF,
  0xFF, 0xFF, 0xFF, 0xFF, 0xFF, 0x8B, 0x00, 0x00, 0x48, 0xFF, 0xFF, 0xFF, 0xFF, 0xFF, 0xFF, 0xDF,
  0x46, 0x20, 0x67, 0xF9, 0xFF, 0xFF, 0xFF, 0xFF, 0xFF, 0xF2, 0x06, 0x00, 0x8E, 0xFF, 0xFF, 0xFF,
  0xFF, 0xFF, 0xFF, 0x4A, 0x00, 0x00, 0x00, 0x8C, 0xFF, 0xFF, 0xFF, 0xFF, 0xFF, 0xFF, 0x3F, 0x00,
  0xCC, 0xFF, 0xFF, 0xFF, 0xFF, 0xFF, 0xF5, 0x05, 0x00, 0x00, 0x00, 0x37, 0xFF, 0xFF, 0xFF, 0xFF,
  0xFF, 0xFF, 0x83, 0x04, 0xFC, 0xFF, 0xFF, 0xFF, 0xFF, 0xFF, 0xD5, 0x00, 0x00, 0x00, 0x00, 0x19,
  0xFF, 0xFF, 0xFF, 0xFF, 0xFF, 0xFF, 0xB2, 0x16, 0xFF, 0xFF, 0xFF, 0xFF, 0xFF, 0xFF, 0xC2, 0x00,
  0x00, 0x00, 0x00, 0x03, 0xFD, 0xFF, 0xFF, 0xFF, 0xFF, 0xFF, 0xC6, 0x28, 0xFF, 0xFF, 0xFF, 0xFF,
  0xFF, 0xFF, 0xBA, 0x00, 0x00, 0x00, 0x00, 0x00, 0xF8, 0xFF, 0xFF, 0xFF, 0xFF, 0xFF, 0xD9, 0x37,
  0xFF, 0xFF, 0xFF, 0xFF, 0xFF, 0xFF, 0xBA, 0x00, 0x00, 0x00, 0x00, 0x00, 0xF8, 0xFF, 0xFF, 0xFF,
  0xFF, 0xFF, 0xE7, 0x2E, 0xFF, 0xFF, 0xFF, 0xFF, 0xFF, 0xFF, 0xC1, 0x00, 0x00, 0x00, 0x00, 0x00,
  0xF8, 0xFF, 0xFF, 0xFF, 0xFF, 0xFF, 0xE8, 0x1D, 0xFF, 0xFF, 0xFF, 0xFF, 0xFF, 0xFF, 0xD0, 0x00,
  0x00, 0x00, 0x00, 0x00, 0xF8, 0xFF, 0xFF, 0xFF, 0xFF, 0xFF, 0xE8, 0x08, 0xFC, 0xFF, 0xFF, 0xFF,
  0xFF, 0xFF, 0xF1, 0x01, 0x00, 0x00, 0x00, 0x00, 0xF8, 0xFF, 0xFF, 0xFF, 0xFF, 0xFF, 0xE8, 0x00,
  0xD1, 0xFF, 0xFF, 0xFF, 0xFF, 0xFF, 0xFF, 0x41, 0x00, 0x00, 0x00, 0x3A, 0xFD, 0xFF, 0xFF, 0xFF,
  0xFF, 0xFF, 0xE8, 0x00, 0x98, 0xFF, 0xFF, 0xFF, 0xFF, 0xFF, 0xFF, 0xE5, 0x62, 0x41, 0x76, 0xF2,
  0xFF, 0xFF, 0xFF, 0xFF, 0xFF, 0xFF, 0xE8, 0x00, 0x3A, 0xFF, 0xFF, 0xFF, 0xFF, 0xFF, 0xFF, 0xFF,
  0xFF, 0xFF, 0xFF, 0xFF, 0xFF, 0xFF, 0xFF, 0xFF, 0xFF, 0xFF, 0xE8, 0x00, 0x00, 0xC3, 0xFF, 0xFF,
  0xFF, 0xFF, 0xFF, 0xFF, 0xFF, 0xFF, 0xFF, 0xFF, 0xFF, 0xFF, 0xFF, 0xFF, 0xFF, 0xFF, 0xE8, 0x00,
  0x00, 0x26, 0xEB, 0xFF, 0xFF, 0xFF, 0xFF, 0xFF, 0xFF, 0xFF, 0xFF, 0xFF, 0xFF, 0xFF, 0xFF, 0xFF,
  0xFF, 0xFF, 0xE8, 0x00, 0x00, 0x00, 0x37, 0xE9, 0xFF, 0xFF, 0xFF, 0xFF, 0xFF, 0xFF, 0xFF, 0x84,
  0xF8, 0xFF, 0xFF, 0xFF, 0xFF, 0xFF, 0xE8, 0x00, 0x00, 0x00, 0x00, 0x12, 0x7B, 0xC7, 0xEF, 0xFB,
  0xE7, 0xB1, 0x47, 0x00, 0xF8, 0xFF, 0xFF, 0xFF, 0xFF, 0xFF, 0xE8, 0x00, 0x00, 0x00, 0x00, 0x00,
  0x00, 0x00, 0x00, 0x00, 0x00, 0x00, 0x00, 0x00, 0xF8, 0xFF, 0xFF, 0xFF, 0xFF, 0xFF, 0xE8, 0x00,
  0x00, 0x00, 0x00, 0x00, 0x00, 0x00, 0x00, 0x00, 0x00, 0x00, 0x00, 0x00, 0xF8, 0xFF, 0xFF, 0xFF,
  0xFF, 0xFF, 0xE8, 0x00, 0x00, 0x00, 0x00, 0x00, 0x00, 0x00, 0x00, 0x00, 0x00, 0x00, 0x00, 0x00,
  0xFB, 0xFF, 0xFF, 0xFF, 0xFF, 0xFF, 0xDF, 0x00, 0x00, 0x00, 0x00, 0x00, 0x00, 0x00, 0x00, 0x00,
  0x00, 0x00, 0x00, 0x02, 0xFF, 0xFF, 0xFF, 0xFF, 0xFF, 0xFF, 0xD0, 0x00, 0x65, 0x98, 0x98, 0x98,
  0x98, 0x98, 0x72, 0x00, 0x00, 0x00, 0x00, 0x0E, 0xFF, 0xFF, 0xFF, 0xFF, 0xFF, 0xFF, 0xC0, 0x00,
  0x9E, 0xFF, 0xFF, 0xFF, 0xFF, 0xFF, 0xC9, 0x00, 0x00, 0x00, 0x00, 0x25, 0xFF, 0xFF, 0xFF, 0xFF,
  0xFF, 0xFF, 0xA6, 0x00, 0x8A, 0xFF, 0xFF, 0xFF, 0xFF, 0xFF, 0xE7, 0x00, 0x00, 0x00, 0x00, 0x55,
  0xFF, 0xFF, 0xFF, 0xFF, 0xFF, 0xFF, 0x72, 0x00, 0x70, 0xFF, 0xFF, 0xFF, 0xFF, 0xFF, 0xFF, 0x29,
  0x00, 0x00, 0x00, 0xA7, 0xFF, 0xFF, 0xFF, 0xFF, 0xFF, 0xFF, 0x3E, 0x00, 0x2F, 0xFF, 0xFF, 0xFF,
  0xFF, 0xFF, 0xFF, 0xD3, 0x56, 0x41, 0x88, 0xFE, 0xFF, 0xFF, 0xFF, 0xFF, 0xFF, 0xF1, 0x09, 0x00,
  0x00, 0xE3, 0xFF, 0xFF, 0xFF, 0xFF, 0xFF, 0xFF, 0xFF, 0xFF, 0xFF, 0xFF, 0xFF, 0xFF, 0xFF, 0xFF,
  0xFF, 0x94, 0x00, 0x00, 0x00, 0x72, 0xFF, 0xFF, 0xFF, 0xFF, 0xFF, 0xFF, 0xFF, 0xFF, 0xFF, 0xFF,
  0xFF, 0xFF, 0xFF, 0xFF, 0xED, 0x17, 0x00, 0x00, 0x00, 0x03, 0xB9, 0xFF, 0xFF, 0xFF, 0xFF, 0xFF,
  0xFF, 0xFF, 0xFF, 0xFF, 0xFF, 0xFF, 0xFF, 0xF8, 0x45, 0x00, 0x00, 0x00, 0x00, 0x00, 0x07, 0x97,
  0xFE, 0xFF, 0xFF, 0xFF, 0xFF, 0xFF, 0xFF, 0xFF, 0xFF, 0xFF, 0xDB, 0x3C, 0x00, 0x00, 0x00, 0x00,
  0x00, 0x00, 0x00, 0x00, 0x25, 0x82, 0xBF, 0xE5, 0xF8, 0xFC, 0xF1, 0xD6, 0xA6, 0x57, 0x06, 0x00,
  0x00, 0x00, 0x00, 0x18, 0xFF, 0xFF, 0xFF, 0xFF, 0xFF, 0xFF, 0x28, 0x18, 0xFF, 0xFF, 0xFF, 0xFF,
  0xFF, 0xFF, 0x28, 0x18, 0xFF, 0xFF, 0xFF, 0xFF, 0xFF, 0xFF, 0x28, 0x18, 0xFF, 0xFF, 0xFF, 0xFF,
  0xFF, 0xFF, 0x28, 0x18, 0xFF, 0xFF, 0xFF, 0xFF, 0xFF, 0xFF, 0x28, 0x18, 0xFF, 0xFF, 0xFF, 0xFF,
  0xFF, 0xFF, 0x28, 0x08, 0x5C, 0x5C, 0x5C, 0x5C, 0x5C, 0x5C, 0x0E, 0x00, 0x00, 0x00, 0x00, 0x00,
  0x00, 0x00, 0x00, 0x00, 0x00, 0x00, 0x00, 0x00, 0x00, 0x00, 0x00, 0x00, 0x00, 0x00, 0x00, 0x00,
  0x00, 0x00, 0x00, 0x00, 0x00, 0x00, 0x00, 0x00, 0x00, 0x00, 0x00, 0x00, 0x00, 0x00, 0x00, 0x00,
  0x00, 0x00, 0x00, 0x00, 0x00, 0x00, 0x00, 0x00, 0x00, 0x00, 0x00, 0x00, 0x00, 0x00, 0x00, 0x00,
  0x00, 0x00, 0x00, 0x00, 0x00, 0x00, 0x00, 0x00, 0x00, 0x00, 0x00, 0x07, 0x54, 0x54, 0x54, 0x54,
  0x54, 0x54, 0x0D, 0x18, 0xFF, 0xFF, 0xFF, 0xFF, 0xFF, 0xFF, 0x28, 0x18, 0xFF, 0xFF, 0xFF, 0xFF,
  0xFF, 0xFF, 0x28, 0x18, 0xFF, 0xFF, 0xFF, 0xFF, 0xFF, 0xFF, 0x28, 0x18, 0xFF, 0xFF, 0xFF, 0xFF,
  0xFF, 0xFF, 0x28, 0x18, 0xFF, 0xFF, 0xFF, 0xFF, 0xFF, 0xFF, 0x28, 0x18, 0xFF, 0xFF, 0xFF, 0xFF,
  0xFF, 0xFF, 0x28,
};
constexpr size_t CodeVlwSize = sizeof(CodeVlw);

// Wordmark: Cinzel-900, 34 px, 8 glyphs (splash wordmark TURNHUB).
alignas(4) const uint8_t WordmarkVlw[] = {
  0x00, 0x00, 0x00, 0x08, 0x00, 0x00, 0x00, 0x0B, 0x00, 0x00, 0x00, 0x22, 0x00, 0x00, 0x00, 0x00,
  0x00, 0x00, 0x00, 0x22, 0x00, 0x00, 0x00, 0x0D, 0x00, 0x00, 0x00, 0x20, 0x00, 0x00, 0x00, 0x00,
  0x00, 0x00, 0x00, 0x00, 0x00, 0x00, 0x00, 0x09, 0x00, 0x00, 0x00, 0x00, 0x00, 0x00, 0x00, 0x00,
  0x00, 0x00, 0x00, 0x00, 0x00, 0x00, 0x00, 0x41, 0x00, 0x00, 0x00, 0x19, 0x00, 0x00, 0x00, 0x1C,
  0x00, 0x00, 0x00, 0x18, 0x00, 0x00, 0x00, 0x19, 0xFF, 0xFF, 0xFF, 0xFE, 0x00, 0x00, 0x00, 0x00,
  0x00, 0x00, 0x00, 0x42, 0x00, 0x00, 0x00, 0x18, 0x00, 0x00, 0x00, 0x18, 0x00, 0x00, 0x00, 0x19,
  0x00, 0x00, 0x00, 0x18, 0x00, 0x00, 0x00, 0x01, 0x00, 0x00, 0x00, 0x00, 0x00, 0x00, 0x00, 0x48,
  0x00, 0x00, 0x00, 0x18, 0x00, 0x00, 0x00, 0x1D, 0x00, 0x00, 0x00, 0x1E, 0x00, 0x00, 0x00, 0x18,
  0x00, 0x00, 0x00, 0x01, 0x00, 0x00, 0x00, 0x00, 0x00, 0x00, 0x00, 0x4E, 0x00, 0x00, 0x00, 0x1A,
  0x00, 0x00, 0x00, 0x1E, 0x00, 0x00, 0x00, 0x1E, 0x00, 0x00, 0x00, 0x1A, 0x00, 0x00, 0x00, 0x00,
  0x00, 0x00, 0x00, 0x00, 0x00, 0x00, 0x00, 0x52, 0x00, 0x00, 0x00, 0x18, 0x00, 0x00, 0x00, 0x1D,
  0x00, 0x00, 0x00, 0x1B, 0x00, 0x00, 0x00, 0x18, 0x00, 0x00, 0x00, 0x01, 0x00, 0x00, 0x00, 0x00,
  0x00, 0x00, 0x00, 0x54, 0x00, 0x00, 0x00, 0x19, 0x00, 0x00, 0x00, 0x18, 0x00, 0x00, 0x00, 0x18,
  0x00, 0x00, 0x00, 0x19, 0x00, 0x00, 0x00, 0x00, 0x00, 0x00, 0x00, 0x00, 0x00, 0x00, 0x00, 0x55,
  0x00, 0x00, 0x00, 0x18, 0x00, 0x00, 0x00, 0x1C, 0x00, 0x00, 0x00, 0x1D, 0x00, 0x00, 0x00, 0x18,
  0x00, 0x00, 0x00, 0x01, 0x00, 0x00, 0x00, 0x00, 0x00, 0x00, 0x00, 0x00, 0x00, 0x00, 0x00, 0x00,
  0x00, 0x00, 0x00, 0x00, 0x00, 0x3D, 0x06, 0x00, 0x00, 0x00, 0x00, 0x00, 0x00, 0x00, 0x00, 0x00,
  0x00, 0x00, 0x00, 0x00, 0x00, 0x00, 0x00, 0x00, 0x00, 0x00, 0x00, 0x00, 0x00, 0x00, 0x00, 0x00,
  0x00, 0xF3, 0x66, 0x00, 0x00, 0x00, 0x00, 0x00, 0x00, 0x00, 0x00, 0x00, 0x00, 0x00, 0x00, 0x00,
  0x00, 0x00, 0x00, 0x00, 0x00, 0x00, 0x00, 0x00, 0x00, 0x00, 0x00, 0x00, 0x0B, 0xFF, 0xDD, 0x03,
  0x00, 0x00, 0x00, 0x00, 0x00, 0x00, 0x00, 0x00, 0x00, 0x00, 0x00, 0x00, 0x00, 0x00, 0x00, 0x00,
  0x00, 0x00, 0x00, 0x00, 0x00, 0x00, 0x00, 0x00, 0x7A, 0xFF, 0xFF, 0x5C, 0x00, 0x00, 0x00, 0x00,
  0x00, 0x00, 0x00, 0x00, 0x00, 0x00, 0x00, 0x00, 0x00, 0x00, 0x00, 0x00, 0x00, 0x00, 0x00, 0x00,
  0x00, 0x00, 0x00, 0x00, 0xFF, 0xFF, 0xFF, 0xD5, 0x01, 0x00, 0x00, 0x00, 0x00, 0x00, 0x00, 0x00,
  0x00, 0x00, 0x00, 0x00, 0x00, 0x00, 0x00, 0x00, 0x00, 0x00, 0x00, 0x00, 0x00, 0x00, 0x00, 0x45,
  0xFF, 0xFF, 0xFF, 0xFF, 0x53, 0x00, 0x00, 0x00, 0x00, 0x00, 0x00, 0x00, 0x00, 0x00, 0x00, 0x00,
  0x00, 0x00, 0x00, 0x00, 0x00, 0x00, 0x00, 0x00, 0x00, 0x00, 0x00, 0xD4, 0xFF, 0xFF, 0xFF, 0xFF,
  0xCD, 0x00, 0x00, 0x00, 0x00, 0x00, 0x00, 0x00, 0x00, 0x00, 0x00, 0x00, 0x00, 0x00, 0x00, 0x00,
  0x00, 0x00, 0x00, 0x00, 0x00, 0x00, 0x31, 0xFF, 0xFF, 0xFF, 0xFF, 0xFF, 0xFF, 0x49, 0x00, 0x00,
  0x00, 0x00, 0x00, 0x00, 0x00, 0x00, 0x00, 0x00, 0x00, 0x00, 0x00, 0x00, 0x00, 0x00, 0x00, 0x00,
  0x00, 0x00, 0xA6, 0xFF, 0xFF, 0xFF, 0xFF, 0xFF, 0xFF, 0xC4, 0x00, 0x00, 0x00, 0x00, 0x00, 0x00,
  0x00, 0x00, 0x00, 0x00, 0x00, 0x00, 0x00, 0x00, 0x00, 0x00, 0x00, 0x00, 0x00, 0x1F, 0xFC, 0xFF,
  0xFF, 0xFF, 0xFF, 0xFF, 0xFF, 0xFF, 0x3F, 0x00, 0x00, 0x00, 0x00, 0x00, 0x00, 0x00, 0x00, 0x00,
  0x00, 0x00, 0x00, 0x00, 0x00, 0x00, 0x00, 0x00, 0x00, 0x90, 0xFF, 0xFF, 0xFF, 0xFF, 0xFF, 0xFF,
  0xFF, 0xFF, 0xBA, 0x00, 0x00, 0x00, 0x00, 0x00, 0x00, 0x00, 0x00, 0x00, 0x00, 0x00, 0x00, 0x00,
  0x00, 0x00, 0x00, 0x00, 0x11, 0xF3, 0xFF, 0x99, 0xFD, 0xFF, 0xFF, 0xFF, 0xFF, 0xFF, 0xFF, 0x35,
  0x00, 0x00, 0x00, 0x00, 0x00, 0x00, 0x00, 0x00, 0x00, 0x00, 0x00, 0x00, 0x00, 0x00, 0x00, 0x00,
  0x7A, 0xFF, 0xF6, 0x13, 0xB3, 0xFF, 0xFF, 0xFF, 0xFF, 0xFF, 0xFF, 0xB0, 0x00, 0x00, 0x00, 0x00,
  0x00, 0x00, 0x00, 0x00, 0x00, 0x00, 0x00, 0x00, 0x00, 0x00, 0x00, 0x07, 0xE7, 0xFF, 0x99, 0x00,
  0x48, 0xFF, 0xFF, 0xFF, 0xFF, 0xFF, 0xFF, 0xFE, 0x2D, 0x00, 0x00, 0x00, 0x00, 0x00, 0x00, 0x00,
  0x00, 0x00, 0x00, 0x00, 0x00, 0x00, 0x00, 0x64, 0xFF, 0xFF, 0x2A, 0x00, 0x01, 0xDB, 0xFF, 0xFF,
  0xFF, 0xFF, 0xFF, 0xFF, 0xA7, 0x00, 0x00, 0x00, 0x00, 0x00, 0x00, 0x00, 0x00, 0x00, 0x00, 0x00,
  0x00, 0x00, 0x01, 0xD7, 0xFF, 0xB8, 0x00, 0x00, 0x00, 0x71, 0xFF, 0xFF, 0xFF, 0xFF, 0xFF, 0xFF,
  0xFC, 0x25, 0x00, 0x00, 0x00, 0x00, 0x00, 0x00, 0x00, 0x00, 0x00, 0x00, 0x00, 0x00, 0x4E, 0xFF,
  0xFF, 0x48, 0x00, 0x00, 0x00, 0x10, 0xF5, 0xFF, 0xFF, 0xFF, 0xFF, 0xFF, 0xFF, 0x9D, 0x00, 0x00,
  0x00, 0x00, 0x00, 0x00, 0x00, 0x00, 0x00, 0x00, 0x00, 0x00, 0xC3, 0xFF, 0xD7, 0x01, 0x00, 0x00,
  0x00, 0x00, 0x9B, 0xFF, 0xFF, 0xFF, 0xFF, 0xFF, 0xFF, 0xFA, 0x1E, 0x00, 0x00, 0x00, 0x00, 0x00,
  0x00, 0x00, 0x00, 0x00, 0x00, 0x37, 0xFF, 0xFF, 0xFF, 0xFF, 0xFF, 0xFF, 0xFF, 0xFF, 0xFF, 0xFF,
  0xFF, 0xFF, 0xFF, 0xFF, 0xFF, 0xFF, 0x93, 0x00, 0x00, 0x00, 0x00, 0x00, 0x00, 0x00, 0x00, 0x00,
  0x00, 0xAD, 0xFF, 0xFF, 0xC2, 0xB8, 0xB8, 0xB8, 0xB8, 0xB8, 0xB8, 0xFF, 0xFF, 0xFF, 0xFF, 0xFF,
  0xFF, 0xFF, 0xF7, 0x17, 0x00, 0x00, 0x00, 0x00, 0x00, 0x00, 0x00, 0x00, 0x24, 0xFD, 0xFF, 0x88,
  0x00, 0x00, 0x00, 0x00, 0x00, 0x00, 0x00, 0x5A, 0xFF, 0xFF, 0xFF, 0xFF, 0xFF, 0xFF, 0xFF, 0x89,
  0x00, 0x00, 0x00, 0x00, 0x00, 0x00, 0x00, 0x00, 0x97, 0xFF, 0xFB, 0x1C, 0x00, 0x00, 0x00, 0x00,
  0x00, 0x00, 0x00, 0x06, 0xE8, 0xFF, 0xFF, 0xFF, 0xFF, 0xFF, 0xFF, 0xF2, 0x11, 0x00, 0x00, 0x00,
  0x00, 0x00, 0x00, 0x21, 0xFF, 0xFF, 0xD4, 0x00, 0x00, 0x00, 0x00, 0x00, 0x00, 0x00, 0x00, 0x00,
  0xA4, 0xFF, 0xFF, 0xFF, 0xFF, 0xFF, 0xFF, 0xFF, 0xB2, 0x00, 0x00, 0x00, 0x00, 0x00, 0x00, 0xFF,
  0xFF, 0xFF, 0xB2, 0x00, 0x00, 0x00, 0x00, 0x00, 0x00, 0x00, 0x00, 0x00, 0x6F, 0xFF, 0xFF, 0xFF,
  0xFF, 0xFF, 0xFF, 0xFF, 0xFF, 0x34, 0x00, 0x00, 0x0C, 0x3C, 0xB0, 0xFF, 0xFF, 0xFF, 0xE4, 0x44,
  0x07, 0x00, 0x00, 0x00, 0x00, 0x00, 0x01, 0x33, 0xC2, 0xFF, 0xFF, 0xFF, 0xFF, 0xFF, 0xFF, 0xFF,
  0xFF, 0xFF, 0x66, 0x24, 0x5D, 0xAD, 0xFF, 0xFF, 0xFF, 0xFF, 0xFF, 0xFF, 0xFF, 0xFF, 0xFF, 0xFF,
  0xF7, 0xE9, 0xD3, 0xA7, 0x74, 0x1D, 0x00, 0x00, 0x00, 0x00, 0x00, 0x00, 0x00, 0x00, 0xCA, 0xFF,
  0xFF, 0xFF, 0xFF, 0xFF, 0xFF, 0xFF, 0xC4, 0xF1, 0xFF, 0xFF, 0xFF, 0xFF, 0xFF, 0xFD, 0xAC, 0x13,
  0x00, 0x00, 0x00, 0x00, 0x00, 0x00, 0x70, 0xFF, 0xFF, 0xFF, 0xFF, 0xFF, 0xFF, 0x9C, 0x00, 0x08,
  0x84, 0xFF, 0xFF, 0xFF, 0xFF, 0xFF, 0xFF, 0xE2, 0x20, 0x00, 0x00, 0x00, 0x00, 0x00, 0x5C, 0xFF,
  0xFF, 0xFF, 0xFF, 0xFF, 0xFF, 0x9C, 0x00, 0x00, 0x00, 0xAD, 0xFF, 0xFF, 0xFF, 0xFF, 0xFF, 0xFF,
  0xB9, 0x00, 0x00, 0x00, 0x00, 0x00, 0x5C, 0xFF, 0xFF, 0xFF, 0xFF, 0xFF, 0xFF, 0x9C, 0x00, 0x00,
  0x00, 0x47, 0xFF, 0xFF, 0xFF, 0xFF, 0xFF, 0xFF, 0xFF, 0x16, 0x00, 0x00, 0x00, 0x00, 0x5C, 0xFF,
  0xFF, 0xFF, 0xFF, 0xFF, 0xFF, 0x9C, 0x00, 0x00, 0x00, 0x18, 0xFF, 0xFF, 0xFF, 0xFF, 0xFF, 0xFF,
  0xFF, 0x3F, 0x00, 0x00, 0x00, 0x00, 0x5C, 0xFF, 0xFF, 0xFF, 0xFF, 0xFF, 0xFF, 0x9C, 0x00, 0x00,
  0x00, 0x06, 0xFF, 0xFF, 0xFF, 0xFF, 0xFF, 0xFF, 0xFF, 0x42, 0x00, 0x00, 0x00, 0x00, 0x5C, 0xFF,
  0xFF, 0xFF, 0xFF, 0xFF, 0xFF, 0x9C, 0x00, 0x00, 0x00, 0x16, 0xFF, 0xFF, 0xFF, 0xFF, 0xFF, 0xFF,
  0xFF, 0x27, 0x00, 0x00, 0x00, 0x00, 0x5C, 0xFF, 0xFF, 0xFF, 0xFF, 0xFF, 0xFF, 0x9C, 0x00, 0x00,
  0x00, 0x33, 0xFF, 0xFF, 0xFF, 0xFF, 0xFF, 0xFF, 0xDA, 0x00, 0x00, 0x00, 0x00, 0x00, 0x5C, 0xFF,
  0xFF, 0xFF, 0xFF, 0xFF, 0xFF, 0x9C, 0x00, 0x00, 0x00, 0x81, 0xFF, 0xFF, 0xFF, 0xFF, 0xFF, 0xFF,
  0x4F, 0x00, 0x00, 0x00, 0x00, 0x00, 0x5C, 0xFF, 0xFF, 0xFF, 0xFF, 0xFF, 0xFF, 0x9C, 0x00, 0x00,
  0x49, 0xF5, 0xFF, 0xFF, 0xFF, 0xFF, 0xEA, 0x58, 0x00, 0x00, 0x00, 0x00, 0x00, 0x00, 0x5C, 0xFF,
  0xFF, 0xFF, 0xFF, 0xFF, 0xFF, 0x9C, 0x16, 0x83, 0xEF, 0xFF, 0xFF, 0xFF, 0xFF, 0xD4, 0x78, 0x1B,
  0x00, 0x00, 0x00, 0x00, 0x00, 0x00, 0x5C, 0xFF, 0xFF, 0xFF, 0xFF, 0xFF, 0xFF, 0x9C, 0x00, 0x00,
  0x0A, 0x98, 0xFF, 0xFF, 0xFF, 0xFF, 0xFF, 0xFC, 0x89, 0x06, 0x00, 0x00, 0x00, 0x00, 0x5C, 0xFF,
  0xFF, 0xFF, 0xFF, 0xFF, 0xFF, 0x9C, 0x00, 0x00, 0x00, 0x00, 0xC0, 0xFF, 0xFF, 0xFF, 0xFF, 0xFF,
  0xFF, 0xA8, 0x01, 0x00, 0x00, 0x00, 0x5C, 0xFF, 0xFF, 0xFF, 0xFF, 0xFF, 0xFF, 0x9C, 0x00, 0x00,
  0x00, 0x00, 0x4F, 0xFF, 0xFF, 0xFF, 0xFF, 0xFF, 0xFF, 0xFF, 0x58, 0x00, 0x00, 0x00, 0x5C, 0xFF,
  0xFF, 0xFF, 0xFF, 0xFF, 0xFF, 0x9C, 0x00, 0x00, 0x00, 0x00, 0x11, 0xFF, 0xFF, 0xFF, 0xFF, 0xFF,
  0xFF, 0xFF, 0xC1, 0x00, 0x00, 0x00, 0x5C, 0xFF, 0xFF, 0xFF, 0xFF, 0xFF, 0xFF, 0x9C, 0x00, 0x00,
  0x00, 0x00, 0x00, 0xF9, 0xFF, 0xFF, 0xFF, 0xFF, 0xFF, 0xFF, 0xEE, 0x00, 0x00, 0x00, 0x5C, 0xFF,
  0xFF, 0xFF, 0xFF, 0xFF, 0xFF, 0x9C, 0x00, 0x00, 0x00, 0x00, 0x06, 0xFE, 0xFF, 0xFF, 0xFF, 0xFF,
  0xFF, 0xFF, 0xFF, 0x02, 0x00, 0x00, 0x5C, 0xFF, 0xFF, 0xFF, 0xFF, 0xFF, 0xFF, 0x9C, 0x00, 0x00,
  0x00, 0x00, 0x23, 0xFF, 0xFF, 0xFF, 0xFF, 0xFF, 0xFF, 0xFF, 0xE8, 0x00, 0x00, 0x00, 0x5C, 0xFF,
  0xFF, 0xFF, 0xFF, 0xFF, 0xFF, 0x9C, 0x00, 0x00, 0x00, 0x00, 0x75, 0xFF, 0xFF, 0xFF, 0xFF, 0xFF,
  0xFF, 0xFF, 0xA0, 0x00, 0x00, 0x00, 0x5C, 0xFF, 0xFF, 0xFF, 0xFF, 0xFF, 0xFF, 0x9C, 0x00, 0x00,
  0x00, 0x1C, 0xEA, 0xFF, 0xFF, 0xFF, 0xFF, 0xFF, 0xFF, 0xF4, 0x25, 0x00, 0x00, 0x00, 0x6F, 0xFF,
  0xFF, 0xFF, 0xFF, 0xFF, 0xFF, 0x9C, 0x00, 0x03, 0x4C, 0xE0, 0xFF, 0xFF, 0xFF, 0xFF, 0xFF, 0xFF,
  0xF2, 0x46, 0x00, 0x00, 0x00, 0x00, 0xC8, 0xFF, 0xFF, 0xFF, 0xFF, 0xFF, 0xFF, 0xFF, 0xCB, 0xEE,
  0xFF, 0xFF, 0xFF, 0xFF, 0xFF, 0xFF, 0xFC, 0xA8, 0x20, 0x00, 0x00, 0x00, 0x5D, 0xAB, 0xFF, 0xFF,
  0xFF, 0xFF, 0xFF, 0xFF, 0xFF, 0xFF, 0xFF, 0xFF, 0xFD, 0xEF, 0xE0, 0xC7, 0x95, 0x5F, 0x17, 0x00,
  0x00, 0x00, 0x00, 0x00, 0x5D, 0xAB, 0xFF, 0xFF, 0xFF, 0xFF, 0xFF, 0xFF, 0xFF, 0xFF, 0xCD, 0x67,
  0x13, 0x00, 0x00, 0x00, 0x50, 0x9A, 0xFF, 0xFF, 0xFF, 0xFF, 0xFF, 0xFF, 0xFF, 0xFF, 0xDC, 0x6C,
  0x1E, 0x00, 0x00, 0xC7, 0xFF, 0xFF, 0xFF, 0xFF, 0xFF, 0xFF, 0xFF, 0x0C, 0x00, 0x00, 0x00, 0x00,
  0x00, 0x00, 0x00, 0xA8, 0xFF, 0xFF, 0xFF, 0xFF, 0xFF, 0xFF, 0xFF, 0x1A, 0x00, 0x00, 0x00, 0x00,
  0x6D, 0xFF, 0xFF, 0xFF, 0xFF, 0xFF, 0xFF, 0xB0, 0x00, 0x00, 0x00, 0x00, 0x00, 0x00, 0x00, 0x00,
  0x52, 0xFF, 0xFF, 0xFF, 0xFF, 0xFF, 0xFF, 0xCB, 0x00, 0x00, 0x00, 0x00, 0x00, 0x5C, 0xFF, 0xFF,
  0xFF, 0xFF, 0xFF, 0xFF, 0x9C, 0x00, 0x00, 0x00, 0x00, 0x00, 0x00, 0x00, 0x00, 0x40, 0xFF, 0xFF,
  0xFF, 0xFF, 0xFF, 0xFF, 0xB8, 0x00, 0x00, 0x00, 0x00, 0x00, 0x5C, 0xFF, 0xFF, 0xFF, 0xFF, 0xFF,
  0xFF, 0x9C, 0x00, 0x00, 0x00, 0x00, 0x00, 0x00, 0x00, 0x00, 0x40, 0xFF, 0xFF, 0xFF, 0xFF, 0xFF,
  0xFF, 0xB8, 0x00, 0x00, 0x00, 0x00, 0x00, 0x5C, 0xFF, 0xFF, 0xFF, 0xFF, 0xFF, 0xFF, 0x9C, 0x00,
  0x00, 0x00, 0x00, 0x00, 0x00, 0x00, 0x00, 0x40, 0xFF, 0xFF, 0xFF, 0xFF, 0xFF, 0xFF, 0xB8, 0x00,
  0x00, 0x00, 0x00, 0x00, 0x5C, 0xFF, 0xFF, 0xFF, 0xFF, 0xFF, 0xFF, 0x9C, 0x00, 0x00, 0x00, 0x00,
  0x00, 0x00, 0x00, 0x00, 0x40, 0xFF, 0xFF, 0xFF, 0xFF, 0xFF, 0xFF, 0xB8, 0x00, 0x00, 0x00, 0x00,
  0x00, 0x5C, 0xFF, 0xFF, 0xFF, 0xFF, 0xFF, 0xFF, 0x9C, 0x00, 0x00, 0x00, 0x00, 0x00, 0x00, 0x00,
  0x00, 0x40, 0xFF, 0xFF, 0xFF, 0xFF, 0xFF, 0xFF, 0xB8, 0x00, 0x00, 0x00, 0x00, 0x00, 0x5C, 0xFF,
  0xFF, 0xFF, 0xFF, 0xFF, 0xFF, 0x9C, 0x00, 0x00, 0x00, 0x00, 0x00, 0x00, 0x00, 0x00, 0x40, 0xFF,
  0xFF, 0xFF, 0xFF, 0xFF, 0xFF, 0xB8, 0x00, 0x00, 0x00, 0x00, 0x00, 0x5C, 0xFF, 0xFF, 0xFF, 0xFF,
  0xFF, 0xFF, 0x9C, 0x00, 0x00, 0x00, 0x00, 0x00, 0x00, 0x00, 0x00, 0x40, 0xFF, 0xFF, 0xFF, 0xFF,
  0xFF, 0xFF, 0xB8, 0x00, 0x00, 0x00, 0x00, 0x00, 0x5C, 0xFF, 0xFF, 0xFF, 0xFF, 0xFF, 0xFF, 0x9C,
  0x00, 0x00, 0x00, 0x00, 0x00, 0x00, 0x00, 0x00, 0x40, 0xFF, 0xFF, 0xFF, 0xFF, 0xFF, 0xFF, 0xB8,
  0x00, 0x00, 0x00, 0x00, 0x00, 0x5C, 0xFF, 0xFF, 0xFF, 0xFF, 0xFF, 0xFF, 0xFF, 0xFF, 0xFF, 0xFF,
  0xFF, 0xFF, 0xFF, 0xFF, 0xFF, 0xFF, 0xFF, 0xFF, 0xFF, 0xFF, 0xFF, 0xFF, 0xB8, 0x00, 0x00, 0x00,
  0x00, 0x00, 0x5C, 0xFF, 0xFF, 0xFF, 0xFF, 0xFF, 0xFF, 0xFF, 0xB4, 0xB4, 0xB4, 0xB4, 0xB4, 0xB4,
  0xB4, 0xB4, 0xF4, 0xFF, 0xFF, 0xFF, 0xFF, 0xFF, 0xFF, 0xB8, 0x00, 0x00, 0x00, 0x00, 0x00, 0x5C,
  0xFF, 0xFF, 0xFF, 0xFF, 0xFF, 0xFF, 0x9C, 0x00, 0x00, 0x00, 0x00, 0x00, 0x00, 0x00, 0x00, 0x40,
  0xFF, 0xFF, 0xFF, 0xFF, 0xFF, 0xFF, 0xB8, 0x00, 0x00, 0x00, 0x00, 0x00, 0x5C, 0xFF, 0xFF, 0xFF,
  0xFF, 0xFF, 0xFF, 0x9C, 0x00, 0x00, 0x00, 0x00, 0x00, 0x00, 0x00, 0x00, 0x40, 0xFF, 0xFF, 0xFF,
  0xFF, 0xFF, 0xFF, 0xB8, 0x00, 0x00, 0x00, 0x00, 0x00, 0x5C, 0xFF, 0xFF, 0xFF, 0xFF, 0xFF, 0xFF,
  0x9C, 0x00, 0x00, 0x00, 0x00, 0x00, 0x00, 0x00, 0x00, 0x40, 0xFF, 0xFF, 0xFF, 0xFF, 0xFF, 0xFF,
  0xB8, 0x00, 0x00, 0x00, 0x00, 0x00, 0x5C, 0xFF, 0xFF, 0xFF, 0xFF, 0xFF, 0xFF, 0x9C, 0x00, 0x00,
  0x00, 0x00, 0x00, 0x00, 0x00, 0x00, 0x40, 0xFF, 0xFF, 0xFF, 0xFF, 0xFF, 0xFF, 0xB8, 0x00, 0x00,
  0x00, 0x00, 0x00, 0x5C, 0xFF, 0xFF, 0xFF, 0xFF, 0xFF, 0xFF, 0x9C, 0x00, 0x00, 0x00, 0x00, 0x00,
  0x00, 0x00, 0x00, 0x40, 0xFF, 0xFF, 0xFF, 0xFF, 0xFF, 0xFF, 0xB8, 0x00, 0x00, 0x00, 0x00, 0x00,
  0x5C, 0xFF, 0xFF, 0xFF, 0xFF, 0xFF, 0xFF, 0x9C, 0x00, 0x00, 0x00, 0x00, 0x00, 0x00, 0x00, 0x00,
  0x40, 0xFF, 0xFF, 0xFF, 0xFF, 0xFF, 0xFF, 0xB8, 0x00, 0x00, 0x00, 0x00, 0x00, 0x5C, 0xFF, 0xFF,
  0xFF, 0xFF, 0xFF, 0xFF, 0x9C, 0x00, 0x00, 0x00, 0x00, 0x00, 0x00, 0x00, 0x00, 0x40, 0xFF, 0xFF,
  0xFF, 0xFF, 0xFF, 0xFF, 0xB8, 0x00, 0x00, 0x00, 0x00, 0x00, 0x5C, 0xFF, 0xFF, 0xFF, 0xFF, 0xFF,
  0xFF, 0x9C, 0x00, 0x00, 0x00, 0x00, 0x00, 0x00, 0x00, 0x00, 0x40, 0xFF, 0xFF, 0xFF, 0xFF, 0xFF,
  0xFF, 0xB8, 0x00, 0x00, 0x00, 0x00, 0x00, 0x6F, 0xFF, 0xFF, 0xFF, 0xFF, 0xFF, 0xFF, 0xB2, 0x00,
  0x00, 0x00, 0x00, 0x00, 0x00, 0x00, 0x00, 0x54, 0xFF, 0xFF, 0xFF, 0xFF, 0xFF, 0xFF, 0xCC, 0x00,
  0x00, 0x00, 0x00, 0x00, 0xC8, 0xFF, 0xFF, 0xFF, 0xFF, 0xFF, 0xFF, 0xFF, 0x0C, 0x00, 0x00, 0x00,
  0x00, 0x00, 0x00, 0x00, 0xAA, 0xFF, 0xFF, 0xFF, 0xFF, 0xFF, 0xFF, 0xFF, 0x1B, 0x00, 0x00, 0x5D,
  0xAB, 0xFF, 0xFF, 0xFF, 0xFF, 0xFF, 0xFF, 0xFF, 0xFF, 0xCD, 0x67, 0x13, 0x00, 0x00, 0x00, 0x4F,
  0x99, 0xFF, 0xFF, 0xFF, 0xFF, 0xFF, 0xFF, 0xFF, 0xFF, 0xDC, 0x6C, 0x1E, 0x00, 0x00, 0x00, 0x00,
  0x00, 0x00, 0x00, 0x00, 0x00, 0x00, 0x00, 0x00, 0x00, 0x00, 0x00, 0x00, 0x00, 0x00, 0x00, 0x00,
  0x00, 0x00, 0x00, 0x00, 0x00, 0x00, 0x00, 0x00, 0x00, 0x00, 0x00, 0x00, 0x00, 0x71, 0x14, 0x00,
  0x00, 0x00, 0x00, 0x00, 0x00, 0x00, 0x00, 0x00, 0x00, 0x00, 0x00, 0x00, 0x00, 0x00, 0x00, 0x00,
  0x00, 0x00, 0x00, 0x00, 0x00, 0x00, 0x00, 0x00, 0x00, 0x00, 0x01, 0xFF, 0xE6, 0x21, 0x00, 0x00,
  0x00, 0x00, 0x00, 0x00, 0x00, 0x00, 0x00, 0x00, 0x0F, 0x5E, 0xAA, 0xFF, 0xFF, 0xFF, 0xFF, 0xFF,
  0xFF, 0xFF, 0xFF, 0xBF, 0x62, 0x18, 0x00, 0x00, 0x00, 0xFF, 0xFF, 0xF7, 0x31, 0x00, 0x00, 0x00,
  0x00, 0x00, 0x00, 0x00, 0x00, 0x00, 0x00, 0x00, 0x00, 0xC9, 0xFF, 0xFF, 0xFF, 0xFF, 0xFF, 0xFF,
  0xED, 0x05, 0x00, 0x00, 0x00, 0x00, 0x00, 0xFF, 0xFF, 0xFF, 0xFF, 0x44, 0x00, 0x00, 0x00, 0x00,
  0x00, 0x00, 0x00, 0x00, 0x00, 0x00, 0x00, 0x7A, 0xFF, 0xFF, 0xFF, 0xFF, 0xFF, 0xFF, 0x9B, 0x00,
  0x00, 0x00, 0x00, 0x00, 0x00, 0xC8, 0xFF, 0xFF, 0xFF, 0xFF, 0x5A, 0x00, 0x00, 0x00, 0x00, 0x00,
  0x00, 0x00, 0x00, 0x00, 0x00, 0x6C, 0xFF, 0xFF, 0xFF, 0xFF, 0xFF, 0xFF, 0x8C, 0x00, 0x00, 0x00,
  0x00, 0x00, 0x00, 0x98, 0xFF, 0xFF, 0xFF, 0xFF, 0xFF, 0x73, 0x00, 0x00, 0x00, 0x00, 0x00, 0x00,
  0x00, 0x00, 0x00, 0x6C, 0xFF, 0xFF, 0xFF, 0xFF, 0xFF, 0xFF, 0x8C, 0x00, 0x00, 0x00, 0x00, 0x00,
  0x00, 0x98, 0xFF, 0xFF, 0xFF, 0xFF, 0xFF, 0xFF, 0x8D, 0x01, 0x00, 0x00, 0x00, 0x00, 0x00, 0x00,
  0x00, 0x6C, 0xFF, 0xFF, 0xFF, 0xFF, 0xFF, 0xFF, 0x8C, 0x00, 0x00, 0x00, 0x00, 0x00, 0x00, 0x98,
  0xFF, 0xFF, 0xFF, 0xFF, 0xFF, 0xFF, 0xFF, 0xA5, 0x06, 0x00, 0x00, 0x00, 0x00, 0x00, 0x00, 0x6C,
  0xFF, 0xFF, 0xFF, 0xFF, 0xFF, 0xFF, 0x8C, 0x00, 0x00, 0x00, 0x00, 0x00, 0x00, 0x98, 0xFF, 0xFF,
  0xFF, 0xFF, 0xFF, 0xFF, 0xFF, 0xFF, 0xBB, 0x0D, 0x00, 0x00, 0x00, 0x00, 0x00, 0x6C, 0xFF, 0xFF,
  0xFF, 0xFF, 0xFF, 0xFF, 0x8C, 0x00, 0x00, 0x00, 0x00, 0x00, 0x00, 0x98, 0xFF, 0xFF, 0xFF, 0xFF,
  0xFF, 0xFF, 0xFF, 0xFF, 0xFF, 0xCE, 0x17, 0x00, 0x00, 0x00, 0x00, 0x6C, 0xFF, 0xFF, 0xFF, 0xFF,
  0xFF, 0xFF, 0x8C, 0x00, 0x00, 0x00, 0x00, 0x00, 0x00, 0x98, 0xFF, 0xFF, 0xFF, 0xFF, 0xFF, 0xFF,
  0xE3, 0xFF, 0xFF, 0xFF, 0xDE, 0x25, 0x00, 0x00, 0x00, 0x6C, 0xFF, 0xFF, 0xFF, 0xFF, 0xFF, 0xFF,
  0x8C, 0x00, 0x00, 0x00, 0x00, 0x00, 0x00, 0x98, 0xFF, 0xFF, 0xFF, 0xFF, 0xFF, 0xFF, 0x61, 0x68,
  0xFC, 0xFF, 0xFF, 0xEB, 0x36, 0x00, 0x00, 0x6C, 0xFF, 0xFF, 0xFF, 0xFF, 0xFF, 0xFF, 0x8C, 0x00,
  0x00, 0x00, 0x00, 0x00, 0x00, 0x98, 0xFF, 0xFF, 0xFF, 0xFF, 0xFF, 0xFF, 0x61, 0x00, 0x50, 0xF7,
  0xFF, 0xFF, 0xF4, 0x49, 0x00, 0x6C, 0xFF, 0xFF, 0xFF, 0xFF, 0xFF, 0xFF, 0x8C, 0x00, 0x00, 0x00,
  0x00, 0x00, 0x00, 0x98, 0xFF, 0xFF, 0xFF, 0xFF, 0xFF, 0xFF, 0x62, 0x00, 0x00, 0x3B, 0xED, 0xFF,
  0xFF, 0xFB, 0x60, 0x6C, 0xFF, 0xFF, 0xFF, 0xFF, 0xFF, 0xFF, 0x8C, 0x00, 0x00, 0x00, 0x00, 0x00,
  0x00, 0x98, 0xFF, 0xFF, 0xFF, 0xFF, 0xFF, 0xFF, 0x62, 0x00, 0x00, 0x00, 0x29, 0xE1, 0xFF, 0xFF,
  0xFF, 0xE6, 0xFF, 0xFF, 0xFF, 0xFF, 0xFF, 0xFF, 0x8C, 0x00, 0x00, 0x00, 0x00, 0x00, 0x00, 0x98,
  0xFF, 0xFF, 0xFF, 0xFF, 0xFF, 0xFF, 0x63, 0x00, 0x00, 0x00, 0x00, 0x1A, 0xD2, 0xFF, 0xFF, 0xFF,
  0xFF, 0xFF, 0xFF, 0xFF, 0xFF, 0xFF, 0x8C, 0x00, 0x00, 0x00, 0x00, 0x00, 0x00, 0x98, 0xFF, 0xFF,
  0xFF, 0xFF, 0xFF, 0xFF, 0x63, 0x00, 0x00, 0x00, 0x00, 0x00, 0x0F, 0xBF, 0xFF, 0xFF, 0xFF, 0xFF,
  0xFF, 0xFF, 0xFF, 0xFF, 0x8C, 0x00, 0x00, 0x00, 0x00, 0x00, 0x00, 0x98, 0xFF, 0xFF, 0xFF, 0xFF,
  0xFF, 0xFF, 0x64, 0x00, 0x00, 0x00, 0x00, 0x00, 0x00, 0x07, 0xAA, 0xFF, 0xFF, 0xFF, 0xFF, 0xFF,
  0xFF, 0xFF, 0x8C, 0x00, 0x00, 0x00, 0x00, 0x00, 0x00, 0x98, 0xFF, 0xFF, 0xFF, 0xFF, 0xFF, 0xFF,
  0x64, 0x00, 0x00, 0x00, 0x00, 0x00, 0x00, 0x00, 0x02, 0x91, 0xFF, 0xFF, 0xFF, 0xFF, 0xFF, 0xFF,
  0x8C, 0x00, 0x00, 0x00, 0x00, 0x00, 0x00, 0x98, 0xFF, 0xFF, 0xFF, 0xFF, 0xFF, 0xFF, 0x65, 0x00,
  0x00, 0x00, 0x00, 0x00, 0x00, 0x00, 0x00, 0x00, 0x76, 0xFF, 0xFF, 0xFF, 0xFF, 0xFF, 0x8C, 0x00,
  0x00, 0x00, 0x00, 0x00, 0x00, 0x98, 0xFF, 0xFF, 0xFF, 0xFF, 0xFF, 0xFF, 0x65, 0x00, 0x00, 0x00,
  0x00, 0x00, 0x00, 0x00, 0x00, 0x00, 0x00, 0x5D, 0xFF, 0xFF, 0xFF, 0xFF, 0xB0, 0x00, 0x00, 0x00,
  0x00, 0x00, 0x00, 0x98, 0xFF, 0xFF, 0xFF, 0xFF, 0xFF, 0xFF, 0x66, 0x00, 0x00, 0x00, 0x00, 0x00,
  0x00, 0x00, 0x00, 0x00, 0x00, 0x00, 0x47, 0xFF, 0xFF, 0xFF, 0xE7, 0x00, 0x00, 0x00, 0x00, 0x00,
  0x00, 0xA7, 0xFF, 0xFF, 0xFF, 0xFF, 0xFF, 0xFF, 0x77, 0x00, 0x00, 0x00, 0x00, 0x00, 0x00, 0x00,
  0x00, 0x00, 0x00, 0x00, 0x00, 0x36, 0xFF, 0xFF, 0xFF, 0x00, 0x00, 0x00, 0x00, 0x00, 0x06, 0xF1,
  0xFF, 0xFF, 0xFF, 0xFF, 0xFF, 0xFF, 0xC9, 0x00, 0x00, 0x00, 0x00, 0x00, 0x00, 0x00, 0x00, 0x00,
  0x00, 0x00, 0x00, 0x00, 0x28, 0xFF, 0xFF, 0x00, 0x00, 0x00, 0x1B, 0x63, 0xC1, 0xFF, 0xFF, 0xFF,
  0xFF, 0xFF, 0xFF, 0xFF, 0xFF, 0xA5, 0x5D, 0x0B, 0x00, 0x00, 0x00, 0x00, 0x00, 0x00, 0x00, 0x00,
  0x00, 0x00, 0x00, 0x1E, 0xFF, 0x00, 0x00, 0x00, 0x4B, 0x97, 0xFF, 0xFF, 0xFF, 0xFF, 0xFF, 0xFF,
  0xFF, 0xFF, 0xFF, 0xFF, 0xFF, 0xFE, 0xF3, 0xDD, 0xB9, 0x7F, 0x2F, 0x00, 0x00, 0x00, 0x00, 0x00,
  0x00, 0x00, 0x00, 0x00, 0x00, 0x00, 0x00, 0x9D, 0xFF, 0xFF, 0xFF, 0xFF, 0xFF, 0xFF, 0xFF, 0xC8,
  0xD2, 0xF9, 0xFF, 0xFF, 0xFF, 0xFF, 0xFF, 0xFF, 0xBB, 0x1F, 0x00, 0x00, 0x00, 0x00, 0x00, 0x00,
  0x00, 0x00, 0x00, 0x00, 0x43, 0xFF, 0xFF, 0xFF, 0xFF, 0xFF, 0xFF, 0xD0, 0x00, 0x00, 0x08, 0x82,
  0xFD, 0xFF, 0xFF, 0xFF, 0xFF, 0xFF, 0xEC, 0x23, 0x00, 0x00, 0x00, 0x00, 0x00, 0x00, 0x00, 0x00,
  0x00, 0x30, 0xFF, 0xFF, 0xFF, 0xFF, 0xFF, 0xFF, 0xD0, 0x00, 0x00, 0x00, 0x00, 0x89, 0xFF, 0xFF,
  0xFF, 0xFF, 0xFF, 0xFF, 0xC6, 0x00, 0x00, 0x00, 0x00, 0x00, 0x00, 0x00, 0x00, 0x00, 0x30, 0xFF,
  0xFF, 0xFF, 0xFF, 0xFF, 0xFF, 0xD0, 0x00, 0x00, 0x00, 0x00, 0x1D, 0xFF, 0xFF, 0xFF, 0xFF, 0xFF,
  0xFF, 0xFF, 0x32, 0x00, 0x00, 0x00, 0x00, 0x00, 0x00, 0x00, 0x00, 0x30, 0xFF, 0xFF, 0xFF, 0xFF,
  0xFF, 0xFF, 0xD0, 0x00, 0x00, 0x00, 0x00, 0x00, 0xE8, 0xFF, 0xFF, 0xFF, 0xFF, 0xFF, 0xFF, 0x62,
  0x00, 0x00, 0x00, 0x00, 0x00, 0x00, 0x00, 0x00, 0x30, 0xFF, 0xFF, 0xFF, 0xFF, 0xFF, 0xFF, 0xD0,
  0x00, 0x00, 0x00, 0x00, 0x00, 0xD1, 0xFF, 0xFF, 0xFF, 0xFF, 0xFF, 0xFF, 0x79, 0x00, 0x00, 0x00,
  0x00, 0x00, 0x00, 0x00, 0x00, 0x30, 0xFF, 0xFF, 0xFF, 0xFF, 0xFF, 0xFF, 0xD0, 0x00, 0x00, 0x00,
  0x00, 0x00, 0xDD, 0xFF, 0xFF, 0xFF, 0xFF, 0xFF, 0xFF, 0x66, 0x00, 0x00, 0x00, 0x00, 0x00, 0x00,
  0x00, 0x00, 0x30, 0xFF, 0xFF, 0xFF, 0xFF, 0xFF, 0xFF, 0xD0, 0x00, 0x00, 0x00, 0x00, 0x0B, 0xFD,
  0xFF, 0xFF, 0xFF, 0xFF, 0xFF, 0xFF, 0x31, 0x00, 0x00, 0x00, 0x00, 0x00, 0x00, 0x00, 0x00, 0x30,
  0xFF, 0xFF, 0xFF, 0xFF, 0xFF, 0xFF, 0xD0, 0x00, 0x00, 0x00, 0x00, 0x50, 0xFF, 0xFF, 0xFF, 0xFF,
  0xFF, 0xFF, 0xD7, 0x01, 0x00, 0x00, 0x00, 0x00, 0x00, 0x00, 0x00, 0x00, 0x30, 0xFF, 0xFF, 0xFF,
  0xFF, 0xFF, 0xFF, 0xD0, 0x00, 0x00, 0x00, 0x06, 0xCE, 0xFF, 0xFF, 0xFF, 0xFF, 0xFF, 0xFE, 0x4F,
  0x00, 0x00, 0x00, 0x00, 0x00, 0x00, 0x00, 0x00, 0x00, 0x30, 0xFF, 0xFF, 0xFF, 0xFF, 0xFF, 0xFF,
  0xD0, 0x01, 0x14, 0x3D, 0xC1, 0xFF, 0xFF, 0xFF, 0xFF, 0xFF, 0xFA, 0x6F, 0x00, 0x00, 0x00, 0x00,
  0x00, 0x00, 0x00, 0x00, 0x00, 0x00, 0x30, 0xFF, 0xFF, 0xFF, 0xFF, 0xFF, 0xFF, 0xD0, 0x04, 0xA0,
  0xFF, 0xFF, 0xFF, 0xFF, 0xFF, 0xE0, 0x9A, 0x2B, 0x00, 0x00, 0x00, 0x00, 0x00, 0x00, 0x00, 0x00,
  0x00, 0x00, 0x00, 0x30, 0xFF, 0xFF, 0xFF, 0xFF, 0xFF, 0xFF, 0xD0, 0x00, 0x00, 0xBD, 0xFF, 0xFF,
  0xFF, 0xFF, 0xCE, 0x52, 0x00, 0x00, 0x00, 0x00, 0x00, 0x00, 0x00, 0x00, 0x00, 0x00, 0x00, 0x00,
  0x30, 0xFF, 0xFF, 0xFF, 0xFF, 0xFF, 0xFF, 0xD0, 0x00, 0x00, 0x56, 0xFF, 0xFF, 0xFF, 0xFF, 0xFF,
  0xFF, 0x91, 0x00, 0x00, 0x00, 0x00, 0x00, 0x00, 0x00, 0x00, 0x00, 0x00, 0x00, 0x30, 0xFF, 0xFF,
  0xFF, 0xFF, 0xFF, 0xFF, 0xD0, 0x00, 0x00, 0x13, 0xFF, 0xFF, 0xFF, 0xFF, 0xFF, 0xFF, 0xFF, 0x84,
  0x00, 0x00, 0x00, 0x00, 0x00, 0x00, 0x00, 0x00, 0x00, 0x00, 0x30, 0xFF, 0xFF, 0xFF, 0xFF, 0xFF,
  0xFF, 0xD0, 0x00, 0x00, 0x00, 0xD9, 0xFF, 0xFF, 0xFF, 0xFF, 0xFF, 0xFF, 0xFD, 0x3B, 0x00, 0x00,
  0x00, 0x00, 0x00, 0x00, 0x00, 0x00, 0x00, 0x30, 0xFF, 0xFF, 0xFF, 0xFF, 0xFF, 0xFF, 0xD0, 0x00,
  0x00, 0x00, 0x95, 0xFF, 0xFF, 0xFF, 0xFF, 0xFF, 0xFF, 0xFF, 0xCD, 0x02, 0x00, 0x00, 0x00, 0x00,
  0x00, 0x00, 0x00, 0x00, 0x30, 0xFF, 0xFF, 0xFF, 0xFF, 0xFF, 0xFF, 0xD0, 0x00, 0x00, 0x00, 0x43,
  0xFF, 0xFF, 0xFF, 0xFF, 0xFF, 0xFF, 0xFF, 0xFF, 0x68, 0x00, 0x00, 0x00, 0x00, 0x00, 0x00, 0x00,
  0x00, 0x30, 0xFF, 0xFF, 0xFF, 0xFF, 0xFF, 0xFF, 0xD0, 0x00, 0x00, 0x00, 0x01, 0xD1, 0xFF, 0xFF,
  0xFF, 0xFF, 0xFF, 0xFF, 0xFF, 0xEE, 0x17, 0x00, 0x00, 0x00, 0x00, 0x00, 0x00, 0x00, 0x30, 0xFF,
  0xFF, 0xFF, 0xFF, 0xFF, 0xFF, 0xD0, 0x00, 0x00, 0x00, 0x00, 0x3E, 0xFC, 0xFF, 0xFF, 0xFF, 0xFF,
  0xFF, 0xFF, 0xFF, 0xB1, 0x00, 0x00, 0x00, 0x00, 0x00, 0x00, 0x00, 0x43, 0xFF, 0xFF, 0xFF, 0xFF,
  0xFF, 0xFF, 0xE4, 0x00, 0x00, 0x00, 0x00, 0x00, 0x76, 0xFF, 0xFF, 0xFF, 0xFF, 0xFF, 0xFF, 0xFF,
  0xFF, 0x6B, 0x00, 0x00, 0x00, 0x00, 0x00, 0x00, 0x9C, 0xFF, 0xFF, 0xFF, 0xFF, 0xFF, 0xFF, 0xFF,
  0x22, 0x00, 0x00, 0x00, 0x00, 0x00, 0x5E, 0xEE, 0xFF, 0xFF, 0xFF, 0xFF, 0xFF, 0xFF, 0xFA, 0x4D,
  0x00, 0x00, 0x00, 0x4A, 0x95, 0xFF, 0xFF, 0xFF, 0xFF, 0xFF, 0xFF, 0xFF, 0xFF, 0xE2, 0x71, 0x22,
  0x00, 0x00, 0x00, 0x00, 0x0B, 0x64, 0xA5, 0xD0, 0xE8, 0xF7, 0xFE, 0xFF, 0xFC, 0xA1, 0x6B, 0x02,
  0x6B, 0x67, 0x34, 0x13, 0x02, 0x00, 0x00, 0x00, 0x00, 0x00, 0x00, 0x00, 0x00, 0x00, 0x00, 0x00,
  0x00, 0x00, 0x00, 0x05, 0x18, 0x3F, 0x74, 0x48, 0xCC, 0xFF, 0xFF, 0xFF, 0xFF, 0xFF, 0xFF, 0xFF,
  0xFF, 0xFF, 0xFF, 0xFF, 0xFF, 0xFF, 0xFF, 0xFF, 0xFF, 0xFF, 0xFF, 0xFF, 0xFF, 0xFF, 0xFF, 0x84,
  0xAF, 0xFF, 0xFF, 0xD0, 0x9F, 0x94, 0x94, 0x94, 0xFF, 0xFF, 0xFF, 0xFF, 0xFF, 0xFF, 0xFF, 0xF4,
  0x94, 0x94, 0x95, 0xA9, 0xE7, 0xFF, 0xFF, 0x71, 0xA8, 0xEB, 0x3C, 0x00, 0x00, 0x00, 0x00, 0x00,
  0x9C, 0xFF, 0xFF, 0xFF, 0xFF, 0xFF, 0xFF, 0x60, 0x00, 0x00, 0x00, 0x00, 0x01, 0x6B, 0xFD, 0x6C,
  0xA8, 0x4F, 0x00, 0x00, 0x00, 0x00, 0x00, 0x00, 0x9C, 0xFF, 0xFF, 0xFF, 0xFF, 0xFF, 0xFF, 0x60,
  0x00, 0x00, 0x00, 0x00, 0x00, 0x00, 0x8D, 0x6C, 0x8D, 0x00, 0x00, 0x00, 0x00, 0x00, 0x00, 0x00,
  0x9C, 0xFF, 0xFF, 0xFF, 0xFF, 0xFF, 0xFF, 0x60, 0x00, 0x00, 0x00, 0x00, 0x00, 0x00, 0x1F, 0x6C,
  0x62, 0x00, 0x00, 0x00, 0x00, 0x00, 0x00, 0x00, 0x9C, 0xFF, 0xFF, 0xFF, 0xFF, 0xFF, 0xFF, 0x60,
  0x00, 0x00, 0x00, 0x00, 0x00, 0x00, 0x00, 0x5F, 0x1A, 0x00, 0x00, 0x00, 0x00, 0x00, 0x00, 0x00,
  0x9C, 0xFF, 0xFF, 0xFF, 0xFF, 0xFF, 0xFF, 0x60, 0x00, 0x00, 0x00, 0x00, 0x00, 0x00, 0x00, 0x1A,
  0x00, 0x00, 0x00, 0x00, 0x00, 0x00, 0x00, 0x00, 0x9C, 0xFF, 0xFF, 0xFF, 0xFF, 0xFF, 0xFF, 0x60,
  0x00, 0x00, 0x00, 0x00, 0x00, 0x00, 0x00, 0x00, 0x00, 0x00, 0x00, 0x00, 0x00, 0x00, 0x00, 0x00,
  0x9C, 0xFF, 0xFF, 0xFF, 0xFF, 0xFF, 0xFF, 0x60, 0x00, 0x00, 0x00, 0x00, 0x00, 0x00, 0x00, 0x00,
  0x00, 0x00, 0x00, 0x00, 0x00, 0x00, 0x00, 0x00, 0x9C, 0xFF, 0xFF, 0xFF, 0xFF, 0xFF, 0xFF, 0x60,
  0x00, 0x00, 0x00, 0x00, 0x00, 0x00, 0x00, 0x00, 0x00, 0x00, 0x00, 0x00, 0x00, 0x00, 0x00, 0x00,
  0x9C, 0xFF, 0xFF, 0xFF, 0xFF, 0xFF, 0xFF, 0x60, 0x00, 0x00, 0x00, 0x00, 0x00, 0x00, 0x00, 0x00,
  0x00, 0x00, 0x00, 0x00, 0x00, 0x00, 0x00, 0x00, 0x9C, 0xFF, 0xFF, 0xFF, 0xFF, 0xFF, 0xFF, 0x60,
  0x00, 0x00, 0x00, 0x00, 0x00, 0x00, 0x00, 0x00, 0x00, 0x00, 0x00, 0x00, 0x00, 0x00, 0x00, 0x00,
  0x9C, 0xFF, 0xFF, 0xFF, 0xFF, 0xFF, 0xFF, 0x60, 0x00, 0x00, 0x00, 0x00, 0x00, 0x00, 0x00, 0x00,
  0x00, 0x00, 0x00, 0x00, 0x00, 0x00, 0x00, 0x00, 0x9C, 0xFF, 0xFF, 0xFF, 0xFF, 0xFF, 0xFF, 0x60,
  0x00, 0x00, 0x00, 0x00, 0x00, 0x00, 0x00, 0x00, 0x00, 0x00, 0x00, 0x00, 0x00, 0x00, 0x00, 0x00,
  0x9C, 0xFF, 0xFF, 0xFF, 0xFF, 0xFF, 0xFF, 0x60, 0x00, 0x00, 0x00, 0x00, 0x00, 0x00, 0x00, 0x00,
  0x00, 0x00, 0x00, 0x00, 0x00, 0x00, 0x00, 0x00, 0x9C, 0xFF, 0xFF, 0xFF, 0xFF, 0xFF, 0xFF, 0x60,
  0x00, 0x00, 0x00, 0x00, 0x00, 0x00, 0x00, 0x00, 0x00, 0x00, 0x00, 0x00, 0x00, 0x00, 0x00, 0x00,
  0x9C, 0xFF, 0xFF, 0xFF, 0xFF, 0xFF, 0xFF, 0x60, 0x00, 0x00, 0x00, 0x00, 0x00, 0x00, 0x00, 0x00,
  0x00, 0x00, 0x00, 0x00, 0x00, 0x00, 0x00, 0x00, 0x9C, 0xFF, 0xFF, 0xFF, 0xFF, 0xFF, 0xFF, 0x60,
  0x00, 0x00, 0x00, 0x00, 0x00, 0x00, 0x00, 0x00, 0x00, 0x00, 0x00, 0x00, 0x00, 0x00, 0x00, 0x00,
  0x9C, 0xFF, 0xFF, 0xFF, 0xFF, 0xFF, 0xFF, 0x60, 0x00, 0x00, 0x00, 0x00, 0x00, 0x00, 0x00, 0x00,
  0x00, 0x00, 0x00, 0x00, 0x00, 0x00, 0x00, 0x00, 0x9C, 0xFF, 0xFF, 0xFF, 0xFF, 0xFF, 0xFF, 0x60,
  0x00, 0x00, 0x00, 0x00, 0x00, 0x00, 0x00, 0x00, 0x00, 0x00, 0x00, 0x00, 0x00, 0x00, 0x00, 0x00,
  0x9C, 0xFF, 0xFF, 0xFF, 0xFF, 0xFF, 0xFF, 0x60, 0x00, 0x00, 0x00, 0x00, 0x00, 0x00, 0x00, 0x00,
  0x00, 0x00, 0x00, 0x00, 0x00, 0x00, 0x00, 0x00, 0xB1, 0xFF, 0xFF, 0xFF, 0xFF, 0xFF, 0xFF, 0x75,
  0x00, 0x00, 0x00, 0x00, 0x00, 0x00, 0x00, 0x00, 0x00, 0x00, 0x00, 0x00, 0x00, 0x00, 0x00, 0x0B,
  0xFE, 0xFF, 0xFF, 0xFF, 0xFF, 0xFF, 0xFF, 0xCF, 0x00, 0x00, 0x00, 0x00, 0x00, 0x00, 0x00, 0x00,
  0x00, 0x00, 0x00, 0x00, 0x00, 0x13, 0x66, 0xCB, 0xFF, 0xFF, 0xFF, 0xFF, 0xFF, 0xFF, 0xFF, 0xFF,
  0xAD, 0x5E, 0x00, 0x00, 0x00, 0x00, 0x00, 0x00, 0x5A, 0xA2, 0xFF, 0xFF, 0xFF, 0xFF, 0xFF, 0xFF,
  0xFF, 0xFF, 0x80, 0x3C, 0x00, 0x00, 0x00, 0x00, 0x00, 0x00, 0x00, 0x34, 0x77, 0xFF, 0xFF, 0xFF,
  0xFF, 0xAE, 0x5D, 0x04, 0x00, 0x00, 0xE2, 0xFF, 0xFF, 0xFF, 0xFF, 0xFF, 0xFF, 0x90, 0x00, 0x00,
  0x00, 0x00, 0x00, 0x00, 0x00, 0x00, 0x00, 0x00, 0x00, 0x7A, 0xFF, 0xFF, 0xE7, 0x02, 0x00, 0x00,
  0x00, 0x00, 0xA4, 0xFF, 0xFF, 0xFF, 0xFF, 0xFF, 0xFF, 0x59, 0x00, 0x00, 0x00, 0x00, 0x00, 0x00,
  0x00, 0x00, 0x00, 0x00, 0x00, 0x40, 0xFF, 0xFF, 0xB5, 0x00, 0x00, 0x00, 0x00, 0x00, 0xA4, 0xFF,
  0xFF, 0xFF, 0xFF, 0xFF, 0xFF, 0x58, 0x00, 0x00, 0x00, 0x00, 0x00, 0x00, 0x00, 0x00, 0x00, 0x00,
  0x00, 0x40, 0xFF, 0xFF, 0xB4, 0x00, 0x00, 0x00, 0x00, 0x00, 0xA4, 0xFF, 0xFF, 0xFF, 0xFF, 0xFF,
  0xFF, 0x58, 0x00, 0x00, 0x00, 0x00, 0x00, 0x00, 0x00, 0x00, 0x00, 0x00, 0x00, 0x40, 0xFF, 0xFF,
  0xB4, 0x00, 0x00, 0x00, 0x00, 0x00, 0xA4, 0xFF, 0xFF, 0xFF, 0xFF, 0xFF, 0xFF, 0x58, 0x00, 0x00,
  0x00, 0x00, 0x00, 0x00, 0x00, 0x00, 0x00, 0x00, 0x00, 0x40, 0xFF, 0xFF, 0xB4, 0x00, 0x00, 0x00,
  0x00, 0x00, 0xA4, 0xFF, 0xFF, 0xFF, 0xFF, 0xFF, 0xFF, 0x58, 0x00, 0x00, 0x00, 0x00, 0x00, 0x00,
  0x00, 0x00, 0x00, 0x00, 0x00, 0x40, 0xFF, 0xFF, 0xB4, 0x00, 0x00, 0x00, 0x00, 0x00, 0xA4, 0xFF,
  0xFF, 0xFF, 0xFF, 0xFF, 0xFF, 0x58, 0x00, 0x00, 0x00, 0x00, 0x00, 0x00, 0x00, 0x00, 0x00, 0x00,
  0x00, 0x40, 0xFF, 0xFF, 0xB4, 0x00, 0x00, 0x00, 0x00, 0x00, 0xA4, 0xFF, 0xFF, 0xFF, 0xFF, 0xFF,
  0xFF, 0x58, 0x00, 0x00, 0x00, 0x00, 0x00, 0x00, 0x00, 0x00, 0x00, 0x00, 0x00, 0x40, 0xFF, 0xFF,
  0xB4, 0x00, 0x00, 0x00, 0x00, 0x00, 0xA4, 0xFF, 0xFF, 0xFF, 0xFF, 0xFF, 0xFF, 0x58, 0x00, 0x00,
  0x00, 0x00, 0x00, 0x00, 0x00, 0x00, 0x00, 0x00, 0x00, 0x40, 0xFF, 0xFF, 0xB4, 0x00, 0x00, 0x00,
  0x00, 0x00, 0xA4, 0xFF, 0xFF, 0xFF, 0xFF, 0xFF, 0xFF, 0x58, 0x00, 0x00, 0x00, 0x00, 0x00, 0x00,
  0x00, 0x00, 0x00, 0x00, 0x00, 0x40, 0xFF, 0xFF, 0xB4, 0x00, 0x00, 0x00, 0x00, 0x00, 0xA4, 0xFF,
  0xFF, 0xFF, 0xFF, 0xFF, 0xFF, 0x58, 0x00, 0x00, 0x00, 0x00, 0x00, 0x00, 0x00, 0x00, 0x00, 0x00,
  0x00, 0x40, 0xFF, 0xFF, 0xB4, 0x00, 0x00, 0x00, 0x00, 0x00, 0xA4, 0xFF, 0xFF, 0xFF, 0xFF, 0xFF,
  0xFF, 0x58, 0x00, 0x00, 0x00, 0x00, 0x00, 0x00, 0x00, 0x00, 0x00, 0x00, 0x00, 0x40, 0xFF, 0xFF,
  0xB4, 0x00, 0x00, 0x00, 0x00, 0x00, 0xA4, 0xFF, 0xFF, 0xFF, 0xFF, 0xFF, 0xFF, 0x58, 0x00, 0x00,
  0x00, 0x00, 0x00, 0x00, 0x00, 0x00, 0x00, 0x00, 0x00, 0x40, 0xFF, 0xFF, 0xB4, 0x00, 0x00, 0x00,
  0x00, 0x00, 0xA3, 0xFF, 0xFF, 0xFF, 0xFF, 0xFF, 0xFF, 0x58, 0x00, 0x00, 0x00, 0x00, 0x00, 0x00,
  0x00, 0x00, 0x00, 0x00, 0x00, 0x40, 0xFF, 0xFF, 0xB3, 0x00, 0x00, 0x00, 0x00, 0x00, 0x9C, 0xFF,
  0xFF, 0xFF, 0xFF, 0xFF, 0xFF, 0x67, 0x00, 0x00, 0x00, 0x00, 0x00, 0x00, 0x00, 0x00, 0x00, 0x00,
  0x00, 0x47, 0xFF, 0xFF, 0xAB, 0x00, 0x00, 0x00, 0x00, 0x00, 0x84, 0xFF, 0xFF, 0xFF, 0xFF, 0xFF,
  0xFF, 0x7D, 0x00, 0x00, 0x00, 0x00, 0x00, 0x00, 0x00, 0x00, 0x00, 0x00, 0x00, 0x5E, 0xFF, 0xFF,
  0x94, 0x00, 0x00, 0x00, 0x00, 0x00, 0x4F, 0xFF, 0xFF, 0xFF, 0xFF, 0xFF, 0xFF, 0xB1, 0x00, 0x00,
  0x00, 0x00, 0x00, 0x00, 0x00, 0x00, 0x00, 0x00, 0x00, 0x86, 0xFF, 0xFF, 0x64, 0x00, 0x00, 0x00,
  0x00, 0x00, 0x09, 0xF1, 0xFF, 0xFF, 0xFF, 0xFF, 0xFF, 0xF5, 0x09, 0x00, 0x00, 0x00, 0x00, 0x00,
  0x00, 0x00, 0x00, 0x00, 0x00, 0xD7, 0xFF, 0xFC, 0x19, 0x00, 0x00, 0x00, 0x00, 0x00, 0x00, 0x7D,
  0xFF, 0xFF, 0xFF, 0xFF, 0xFF, 0xFF, 0x82, 0x00, 0x00, 0x00, 0x00, 0x00, 0x00, 0x00, 0x00, 0x00,
  0x53, 0xFF, 0xFF, 0xA3, 0x00, 0x00, 0x00, 0x00, 0x00, 0x00, 0x00, 0x05, 0xC3, 0xFF, 0xFF, 0xFF,
  0xFF, 0xFF, 0xF8, 0x48, 0x00, 0x00, 0x00, 0x00, 0x00, 0x00, 0x00, 0x2C, 0xE9, 0xFF, 0xE8, 0x17,
  0x00, 0x00, 0x00, 0x00, 0x00, 0x00, 0x00, 0x00, 0x0C, 0xB2, 0xFF, 0xFF, 0xFF, 0xFF, 0xFF, 0xFB,
  0x84, 0x18, 0x00, 0x00, 0x00, 0x10, 0x70, 0xF2, 0xFF, 0xE7, 0x2F, 0x00, 0x00, 0x00, 0x00, 0x00,
  0x00, 0x00, 0x00, 0x00, 0x00, 0x00, 0x56, 0xD2, 0xFF, 0xFF, 0xFF, 0xFF, 0xFF, 0xFC, 0xE0, 0xC7,
  0xDC, 0xFA, 0xFF, 0xFE, 0xA6, 0x18, 0x00, 0x00, 0x00, 0x00, 0x00, 0x00, 0x00, 0x00, 0x00, 0x00,
  0x00, 0x00, 0x00, 0x00, 0x30, 0x78, 0xAD, 0xD1, 0xEC, 0xF8, 0xFD, 0xF5, 0xDF, 0xB7, 0x79, 0x21,
  0x00, 0x00, 0x00, 0x00, 0x00, 0x00, 0x00, 0x00,
};
constexpr size_t WordmarkVlwSize = sizeof(WordmarkVlw);

}  // namespace BrassFonts
