// GENERATED by tools/fonts/make_modern_fonts.py; do not edit.
// Inter, Copyright 2020 The Inter Project Authors (https://github.com/rsms/inter).
// SIL Open Font License 1.1: design/fonts/OFL-Inter.txt.

#pragma once

#include <stddef.h>
#include <stdint.h>

namespace ModernFonts {

// Title: Inter-600, 22 px, 95 glyphs (hero titles).
alignas(4) const uint8_t TitleVlw[] = {
  0x00, 0x00, 0x00, 0x5F, 0x00, 0x00, 0x00, 0x0B, 0x00, 0x00, 0x00, 0x16, 0x00, 0x00, 0x00, 0x00,
  0x00, 0x00, 0x00, 0x16, 0x00, 0x00, 0x00, 0x06, 0x00, 0x00, 0x00, 0x20, 0x00, 0x00, 0x00, 0x00,
  0x00, 0x00, 0x00, 0x00, 0x00, 0x00, 0x00, 0x06, 0x00, 0x00, 0x00, 0x00, 0x00, 0x00, 0x00, 0x00,
  0x00, 0x00, 0x00, 0x00, 0x00, 0x00, 0x00, 0x21, 0x00, 0x00, 0x00, 0x10, 0x00, 0x00, 0x00, 0x05,
  0x00, 0x00, 0x00, 0x07, 0x00, 0x00, 0x00, 0x10, 0x00, 0x00, 0x00, 0x01, 0x00, 0x00, 0x00, 0x00,
  0x00, 0x00, 0x00, 0x22, 0x00, 0x00, 0x00, 0x07, 0x00, 0x00, 0x00, 0x08, 0x00, 0x00, 0x00, 0x0C,
  0x00, 0x00, 0x00, 0x10, 0x00, 0x00, 0x00, 0x02, 0x00, 0x00, 0x00, 0x00, 0x00, 0x00, 0x00, 0x23,
  0x00, 0x00, 0x00, 0x10, 0x00, 0x00, 0x00, 0x0E, 0x00, 0x00, 0x00, 0x0E, 0x00, 0x00, 0x00, 0x10,
  0x00, 0x00, 0x00, 0x00, 0x00, 0x00, 0x00, 0x00, 0x00, 0x00, 0x00, 0x24, 0x00, 0x00, 0x00, 0x14,
  0x00, 0x00, 0x00, 0x0D, 0x00, 0x00, 0x00, 0x0E, 0x00, 0x00, 0x00, 0x12, 0x00, 0x00, 0x00, 0x01,
  0x00, 0x00, 0x00, 0x00, 0x00, 0x00, 0x00, 0x25, 0x00, 0x00, 0x00, 0x10, 0x00, 0x00, 0x00, 0x12,
  0x00, 0x00, 0x00, 0x16, 0x00, 0x00, 0x00, 0x10, 0x00, 0x00, 0x00, 0x02, 0x00, 0x00, 0x00, 0x00,
  0x00, 0x00, 0x00, 0x26, 0x00, 0x00, 0x00, 0x10, 0x00, 0x00, 0x00, 0x0F, 0x00, 0x00, 0x00, 0x0F,
  0x00, 0x00, 0x00, 0x10, 0x00, 0x00, 0x00, 0x00, 0x00, 0x00, 0x00, 0x00, 0x00, 0x00, 0x00, 0x27,
  0x00, 0x00, 0x00, 0x07, 0x00, 0x00, 0x00, 0x03, 0x00, 0x00, 0x00, 0x07, 0x00, 0x00, 0x00, 0x10,
  0x00, 0x00, 0x00, 0x02, 0x00, 0x00, 0x00, 0x00, 0x00, 0x00, 0x00, 0x28, 0x00, 0x00, 0x00, 0x14,
  0x00, 0x00, 0x00, 0x06, 0x00, 0x00, 0x00, 0x08, 0x00, 0x00, 0x00, 0x11, 0x00, 0x00, 0x00, 0x02,
  0x00, 0x00, 0x00, 0x00, 0x00, 0x00, 0x00, 0x29, 0x00, 0x00, 0x00, 0x14, 0x00, 0x00, 0x00, 0x07,
  0x00, 0x00, 0x00, 0x08, 0x00, 0x00, 0x00, 0x11, 0x00, 0x00, 0x00, 0x00, 0x00, 0x00, 0x00, 0x00,
  0x00, 0x00, 0x00, 0x2A, 0x00, 0x00, 0x00, 0x09, 0x00, 0x00, 0x00, 0x0A, 0x00, 0x00, 0x00, 0x0C,
  0x00, 0x00, 0x00, 0x10, 0x00, 0x00, 0x00, 0x01, 0x00, 0x00, 0x00, 0x00, 0x00, 0x00, 0x00, 0x2B,
  0x00, 0x00, 0x00, 0x0B, 0x00, 0x00, 0x00, 0x0B, 0x00, 0x00, 0x00, 0x0F, 0x00, 0x00, 0x00, 0x0C,
  0x00, 0x00, 0x00, 0x02, 0x00, 0x00, 0x00, 0x00, 0x00, 0x00, 0x00, 0x2C, 0x00, 0x00, 0x00, 0x07,
  0x00, 0x00, 0x00, 0x05, 0x00, 0x00, 0x00, 0x07, 0x00, 0x00, 0x00, 0x03, 0x00, 0x00, 0x00, 0x01,
  0x00, 0x00, 0x00, 0x00, 0x00, 0x00, 0x00, 0x2D, 0x00, 0x00, 0x00, 0x03, 0x00, 0x00, 0x00, 0x08,
  0x00, 0x00, 0x00, 0x0A, 0x00, 0x00, 0x00, 0x08, 0x00, 0x00, 0x00, 0x01, 0x00, 0x00, 0x00, 0x00,
  0x00, 0x00, 0x00, 0x2E, 0x00, 0x00, 0x00, 0x04, 0x00, 0x00, 0x00, 0x05, 0x00, 0x00, 0x00, 0x07,
  0x00, 0x00, 0x00, 0x04, 0x00, 0x00, 0x00, 0x01, 0x00, 0x00, 0x00, 0x00, 0x00, 0x00, 0x00, 0x2F,
  0x00, 0x00, 0x00, 0x13, 0x00, 0x00, 0x00, 0x08, 0x00, 0x00, 0x00, 0x08, 0x00, 0x00, 0x00, 0x11,
  0x00, 0x00, 0x00, 0x00, 0x00, 0x00, 0x00, 0x00, 0x00, 0x00, 0x00, 0x30, 0x00, 0x00, 0x00, 0x10,
  0x00, 0x00, 0x00, 0x0D, 0x00, 0x00, 0x00, 0x0F, 0x00, 0x00, 0x00, 0x10, 0x00, 0x00, 0x00, 0x01,
  0x00, 0x00, 0x00, 0x00, 0x00, 0x00, 0x00, 0x31, 0x00, 0x00, 0x00, 0x10, 0x00, 0x00, 0x00, 0x07,
  0x00, 0x00, 0x00, 0x0F, 0x00, 0x00, 0x00, 0x10, 0x00, 0x00, 0x00, 0x04, 0x00, 0x00, 0x00, 0x00,
  0x00, 0x00, 0x00, 0x32, 0x00, 0x00, 0x00, 0x10, 0x00, 0x00, 0x00, 0x0C, 0x00, 0x00, 0x00, 0x0F,
  0x00, 0x00, 0x00, 0x10, 0x00, 0x00, 0x00, 0x01, 0x00, 0x00, 0x00, 0x00, 0x00, 0x00, 0x00, 0x33,
  0x00, 0x00, 0x00, 0x10, 0x00, 0x00, 0x00, 0x0C, 0x00, 0x00, 0x00, 0x0F, 0x00, 0x00, 0x00, 0x10,
  0x00, 0x00, 0x00, 0x01, 0x00, 0x00, 0x00, 0x00, 0x00, 0x00, 0x00, 0x34, 0x00, 0x00, 0x00, 0x10,
  0x00, 0x00, 0x00, 0x0D, 0x00, 0x00, 0x00, 0x0F, 0x00, 0x00, 0x00, 0x10, 0x00, 0x00, 0x00, 0x01,
  0x00, 0x00, 0x00, 0x00, 0x00, 0x00, 0x00, 0x35, 0x00, 0x00, 0x00, 0x10, 0x00, 0x00, 0x00, 0x0C,
  0x00, 0x00, 0x00, 0x0F, 0x00, 0x00, 0x00, 0x10, 0x00, 0x00, 0x00, 0x02, 0x00, 0x00, 0x00, 0x00,
  0x00, 0x00, 0x00, 0x36, 0x00, 0x00, 0x00, 0x10, 0x00, 0x00, 0x00, 0x0C, 0x00, 0x00, 0x00, 0x0F,
  0x00, 0x00, 0x00, 0x10, 0x00, 0x00, 0x00, 0x01, 0x00, 0x00, 0x00, 0x00, 0x00, 0x00, 0x00, 0x37,
  0x00, 0x00, 0x00, 0x10, 0x00, 0x00, 0x00, 0x0C, 0x00, 0x00, 0x00, 0x0F, 0x00, 0x00, 0x00, 0x10,
  0x00, 0x00, 0x00, 0x01, 0x00, 0x00, 0x00, 0x00, 0x00, 0x00, 0x00, 0x38, 0x00, 0x00, 0x00, 0x10,
  0x00, 0x00, 0x00, 0x0C, 0x00, 0x00, 0x00, 0x0F, 0x00, 0x00, 0x00, 0x10, 0x00, 0x00, 0x00, 0x01,
  0x00, 0x00, 0x00, 0x00, 0x00, 0x00, 0x00, 0x39, 0x00, 0x00, 0x00, 0x10, 0x00, 0x00, 0x00, 0x0C,
  0x00, 0x00, 0x00, 0x0F, 0x00, 0x00, 0x00, 0x10, 0x00, 0x00, 0x00, 0x01, 0x00, 0x00, 0x00, 0x00,
  0x00, 0x00, 0x00, 0x3A, 0x00, 0x00, 0x00, 0x0C, 0x00, 0x00, 0x00, 0x05, 0x00, 0x00, 0x00, 0x07,
  0x00, 0x00, 0x00, 0x0C, 0x00, 0x00, 0x00, 0x01, 0x00, 0x00, 0x00, 0x00, 0x00, 0x00, 0x00, 0x3B,
  0x00, 0x00, 0x00, 0x10, 0x00, 0x00, 0x00, 0x05, 0x00, 0x00, 0x00, 0x07, 0x00, 0x00, 0x00, 0x0C,
  0x00, 0x00, 0x00, 0x01, 0x00, 0x00, 0x00, 0x00, 0x00, 0x00, 0x00, 0x3C, 0x00, 0x00, 0x00, 0x0D,
  0x00, 0x00, 0x00, 0x0C, 0x00, 0x00, 0x00, 0x0F, 0x00, 0x00, 0x00, 0x0D, 0x00, 0x00, 0x00, 0x01,
  0x00, 0x00, 0x00, 0x00, 0x00, 0x00, 0x00, 0x3D, 0x00, 0x00, 0x00, 0x08, 0x00, 0x00, 0x00, 0x0B,
  0x00, 0x00, 0x00, 0x0F, 0x00, 0x00, 0x00, 0x0B, 0x00, 0x00, 0x00, 0x02, 0x00, 0x00, 0x00, 0x00,
  0x00, 0x00, 0x00, 0x3E, 0x00, 0x00, 0x00, 0x0D, 0x00, 0x00, 0x00, 0x0B, 0x00, 0x00, 0x00, 0x0F,
  0x00, 0x00, 0x00, 0x0D, 0x00, 0x00, 0x00, 0x02, 0x00, 0x00, 0x00, 0x00, 0x00, 0x00, 0x00, 0x3F,
  0x00, 0x00, 0x00, 0x10, 0x00, 0x00, 0x00, 0x0B, 0x00, 0x00, 0x00, 0x0C, 0x00, 0x00, 0x00, 0x10,
  0x00, 0x00, 0x00, 0x00, 0x00, 0x00, 0x00, 0x00, 0x00, 0x00, 0x00, 0x40, 0x00, 0x00, 0x00, 0x14,
  0x00, 0x00, 0x00, 0x14, 0x00, 0x00, 0x00, 0x16, 0x00, 0x00, 0x00, 0x10, 0x00, 0x00, 0x00, 0x01,
  0x00, 0x00, 0x00, 0x00, 0x00, 0x00, 0x00, 0x41, 0x00, 0x00, 0x00, 0x10, 0x00, 0x00, 0x00, 0x10,
  0x00, 0x00, 0x00, 0x10, 0x00, 0x00, 0x00, 0x10, 0x00, 0x00, 0x00, 0x00, 0x00, 0x00, 0x00, 0x00,
  0x00, 0x00, 0x00, 0x42, 0x00, 0x00, 0x00, 0x10, 0x00, 0x00, 0x00, 0x0D, 0x00, 0x00, 0x00, 0x0F,
  0x00, 0x00, 0x00, 0x10, 0x00, 0x00, 0x00, 0x01, 0x00, 0x00, 0x00, 0x00, 0x00, 0x00, 0x00, 0x43,
  0x00, 0x00, 0x00, 0x10, 0x00, 0x00, 0x00, 0x0F, 0x00, 0x00, 0x00, 0x10, 0x00, 0x00, 0x00, 0x10,
  0x00, 0x00, 0x00, 0x01, 0x00, 0x00, 0x00, 0x00, 0x00, 0x00, 0x00, 0x44, 0x00, 0x00, 0x00, 0x10,
  0x00, 0x00, 0x00, 0x0E, 0x00, 0x00, 0x00, 0x10, 0x00, 0x00, 0x00, 0x10, 0x00, 0x00, 0x00, 0x01,
  0x00, 0x00, 0x00, 0x00, 0x00, 0x00, 0x00, 0x45, 0x00, 0x00, 0x00, 0x10, 0x00, 0x00, 0x00, 0x0C,
  0x00, 0x00, 0x00, 0x0D, 0x00, 0x00, 0x00, 0x10, 0x00, 0x00, 0x00, 0x01, 0x00, 0x00, 0x00, 0x00,
  0x00, 0x00, 0x00, 0x46, 0x00, 0x00, 0x00, 0x10, 0x00, 0x00, 0x00, 0x0B, 0x00, 0x00, 0x00, 0x0D,
  0x00, 0x00, 0x00, 0x10, 0x00, 0x00, 0x00, 0x01, 0x00, 0x00, 0x00, 0x00, 0x00, 0x00, 0x00, 0x47,
  0x00, 0x00, 0x00, 0x10, 0x00, 0x00, 0x00, 0x0F, 0x00, 0x00, 0x00, 0x10, 0x00, 0x00, 0x00, 0x10,
  0x00, 0x00, 0x00, 0x01, 0x00, 0x00, 0x00, 0x00, 0x00, 0x00, 0x00, 0x48, 0x00, 0x00, 0x00, 0x10,
  0x00, 0x00, 0x00, 0x0E, 0x00, 0x00, 0x00, 0x10, 0x00, 0x00, 0x00, 0x10, 0x00, 0x00, 0x00, 0x01,
  0x00, 0x00, 0x00, 0x00, 0x00, 0x00, 0x00, 0x49, 0x00, 0x00, 0x00, 0x10, 0x00, 0x00, 0x00, 0x04,
  0x00, 0x00, 0x00, 0x06, 0x00, 0x00, 0x00, 0x10, 0x00, 0x00, 0x00, 0x01, 0x00, 0x00, 0x00, 0x00,
  0x00, 0x00, 0x00, 0x4A, 0x00, 0x00, 0x00, 0x10, 0x00, 0x00, 0x00, 0x0C, 0x00, 0x00, 0x00, 0x0D,
  0x00, 0x00, 0x00, 0x10, 0x00, 0x00, 0x00, 0x00, 0x00, 0x00, 0x00, 0x00, 0x00, 0x00, 0x00, 0x4B,
  0x00, 0x00, 0x00, 0x10, 0x00, 0x00, 0x00, 0x0E, 0x00, 0x00, 0x00, 0x0F, 0x00, 0x00, 0x00, 0x10,
  0x00, 0x00, 0x00, 0x01, 0x00, 0x00, 0x00, 0x00, 0x00, 0x00, 0x00, 0x4C, 0x00, 0x00, 0x00, 0x10,
  0x00, 0x00, 0x00, 0x0B, 0x00, 0x00, 0x00, 0x0C, 0x00, 0x00, 0x00, 0x10, 0x00, 0x00, 0x00, 0x01,
  0x00, 0x00, 0x00, 0x00, 0x00, 0x00, 0x00, 0x4D, 0x00, 0x00, 0x00, 0x10, 0x00, 0x00, 0x00, 0x12,
  0x00, 0x00, 0x00, 0x14, 0x00, 0x00, 0x00, 0x10, 0x00, 0x00, 0x00, 0x01, 0x00, 0x00, 0x00, 0x00,
  0x00, 0x00, 0x00, 0x4E, 0x00, 0x00, 0x00, 0x10, 0x00, 0x00, 0x00, 0x0F, 0x00, 0x00, 0x00, 0x11,
  0x00, 0x00, 0x00, 0x10, 0x00, 0x00, 0x00, 0x01, 0x00, 0x00, 0x00, 0x00, 0x00, 0x00, 0x00, 0x4F,
  0x00, 0x00, 0x00, 0x10, 0x00, 0x00, 0x00, 0x0F, 0x00, 0x00, 0x00, 0x11, 0x00, 0x00, 0x00, 0x10,
  0x00, 0x00, 0x00, 0x01, 0x00, 0x00, 0x00, 0x00, 0x00, 0x00, 0x00, 0x50, 0x00, 0x00, 0x00, 0x10,
  0x00, 0x00, 0x00, 0x0D, 0x00, 0x00, 0x00, 0x0E, 0x00, 0x00, 0x00, 0x10, 0x00, 0x00, 0x00, 0x01,
  0x00, 0x00, 0x00, 0x00, 0x00, 0x00, 0x00, 0x51, 0x00, 0x00, 0x00, 0x11, 0x00, 0x00, 0x00, 0x0F,
  0x00, 0x00, 0x00, 0x11, 0x00, 0x00, 0x00, 0x10, 0x00, 0x00, 0x00, 0x01, 0x00, 0x00, 0x00, 0x00,
  0x00, 0x00, 0x00, 0x52, 0x00, 0x00, 0x00, 0x10, 0x00, 0x00, 0x00, 0x0D, 0x00, 0x00, 0x00, 0x0E,
  0x00, 0x00, 0x00, 0x10, 0x00, 0x00, 0x00, 0x01, 0x00, 0x00, 0x00, 0x00, 0x00, 0x00, 0x00, 0x53,
  0x00, 0x00, 0x00, 0x10, 0x00, 0x00, 0x00, 0x0D, 0x00, 0x00, 0x00, 0x0E, 0x00, 0x00, 0x00, 0x10,
  0x00, 0x00, 0x00, 0x01, 0x00, 0x00, 0x00, 0x00, 0x00, 0x00, 0x00, 0x54, 0x00, 0x00, 0x00, 0x10,
  0x00, 0x00, 0x00, 0x0E, 0x00, 0x00, 0x00, 0x0F, 0x00, 0x00, 0x00, 0x10, 0x00, 0x00, 0x00, 0x00,
  0x00, 0x00, 0x00, 0x00, 0x00, 0x00, 0x00, 0x55, 0x00, 0x00, 0x00, 0x10, 0x00, 0x00, 0x00, 0x0E,
  0x00, 0x00, 0x00, 0x10, 0x00, 0x00, 0x00, 0x10, 0x00, 0x00, 0x00, 0x01, 0x00, 0x00, 0x00, 0x00,
  0x00, 0x00, 0x00, 0x56, 0x00, 0x00, 0x00, 0x10, 0x00, 0x00, 0x00, 0x10, 0x00, 0x00, 0x00, 0x10,
  0x00, 0x00, 0x00, 0x10, 0x00, 0x00, 0x00, 0x00, 0x00, 0x00, 0x00, 0x00, 0x00, 0x00, 0x00, 0x57,
  0x00, 0x00, 0x00, 0x10, 0x00, 0x00, 0x00, 0x16, 0x00, 0x00, 0x00, 0x16, 0x00, 0x00, 0x00, 0x10,
  0x00, 0x00, 0x00, 0x00, 0x00, 0x00, 0x00, 0x00, 0x00, 0x00, 0x00, 0x58, 0x00, 0x00, 0x00, 0x10,
  0x00, 0x00, 0x00, 0x10, 0x00, 0x00, 0x00, 0x10, 0x00, 0x00, 0x00, 0x10, 0x00, 0x00, 0x00, 0x00,
  0x00, 0x00, 0x00, 0x00, 0x00, 0x00, 0x00, 0x59, 0x00, 0x00, 0x00, 0x10, 0x00, 0x00, 0x00, 0x10,
  0x00, 0x00, 0x00, 0x10, 0x00, 0x00, 0x00, 0x10, 0x00, 0x00, 0x00, 0x00, 0x00, 0x00, 0x00, 0x00,
  0x00, 0x00, 0x00, 0x5A, 0x00, 0x00, 0x00, 0x10, 0x00, 0x00, 0x00, 0x0D, 0x00, 0x00, 0x00, 0x0E,
  0x00, 0x00, 0x00, 0x10, 0x00, 0x00, 0x00, 0x01, 0x00, 0x00, 0x00, 0x00, 0x00, 0x00, 0x00, 0x5B,
  0x00, 0x00, 0x00, 0x14, 0x00, 0x00, 0x00, 0x06, 0x00, 0x00, 0x00, 0x08, 0x00, 0x00, 0x00, 0x11,
  0x00, 0x00, 0x00, 0x02, 0x00, 0x00, 0x00, 0x00, 0x00, 0x00, 0x00, 0x5C, 0x00, 0x00, 0x00, 0x13,
  0x00, 0x00, 0x00, 0x08, 0x00, 0x00, 0x00, 0x08, 0x00, 0x00, 0x00, 0x11, 0x00, 0x00, 0x00, 0x00,
  0x00, 0x00, 0x00, 0x00, 0x00, 0x00, 0x00, 0x5D, 0x00, 0x00, 0x00, 0x14, 0x00, 0x00, 0x00, 0x06,
  0x00, 0x00, 0x00, 0x08, 0x00, 0x00, 0x00, 0x11, 0x00, 0x00, 0x00, 0x01, 0x00, 0x00, 0x00, 0x00,
  0x00, 0x00, 0x00, 0x5E, 0x00, 0x00, 0x00, 0x08, 0x00, 0x00, 0x00, 0x0A, 0x00, 0x00, 0x00, 0x0B,
  0x00, 0x00, 0x00, 0x10, 0x00, 0x00, 0x00, 0x00, 0x00, 0x00, 0x00, 0x00, 0x00, 0x00, 0x00, 0x5F,
  0x00, 0x00, 0x00, 0x03, 0x00, 0x00, 0x00, 0x0B, 0x00, 0x00, 0x00, 0x0A, 0x00, 0x00, 0x00, 0x01,
  0x00, 0x00, 0x00, 0x00, 0x00, 0x00, 0x00, 0x00, 0x00, 0x00, 0x00, 0x60, 0x00, 0x00, 0x00, 0x04,
  0x00, 0x00, 0x00, 0x05, 0x00, 0x00, 0x00, 0x08, 0x00, 0x00, 0x00, 0x11, 0x00, 0x00, 0x00, 0x01,
  0x00, 0x00, 0x00, 0x00, 0x00, 0x00, 0x00, 0x61, 0x00, 0x00, 0x00, 0x0C, 0x00, 0x00, 0x00, 0x0C,
  0x00, 0x00, 0x00, 0x0D, 0x00, 0x00, 0x00, 0x0C, 0x00, 0x00, 0x00, 0x00, 0x00, 0x00, 0x00, 0x00,
  0x00, 0x00, 0x00, 0x62, 0x00, 0x00, 0x00, 0x10, 0x00, 0x00, 0x00, 0x0C, 0x00, 0x00, 0x00, 0x0E,
  0x00, 0x00, 0x00, 0x10, 0x00, 0x00, 0x00, 0x01, 0x00, 0x00, 0x00, 0x00, 0x00, 0x00, 0x00, 0x63,
  0x00, 0x00, 0x00, 0x0C, 0x00, 0x00, 0x00, 0x0C, 0x00, 0x00, 0x00, 0x0D, 0x00, 0x00, 0x00, 0x0C,
  0x00, 0x00, 0x00, 0x00, 0x00, 0x00, 0x00, 0x00, 0x00, 0x00, 0x00, 0x64, 0x00, 0x00, 0x00, 0x10,
  0x00, 0x00, 0x00, 0x0D, 0x00, 0x00, 0x00, 0x0E, 0x00, 0x00, 0x00, 0x10, 0x00, 0x00, 0x00, 0x00,
  0x00, 0x00, 0x00, 0x00, 0x00, 0x00, 0x00, 0x65, 0x00, 0x00, 0x00, 0x0C, 0x00, 0x00, 0x00, 0x0D,
  0x00, 0x00, 0x00, 0x0D, 0x00, 0x00, 0x00, 0x0C, 0x00, 0x00, 0x00, 0x00, 0x00, 0x00, 0x00, 0x00,
  0x00, 0x00, 0x00, 0x66, 0x00, 0x00, 0x00, 0x11, 0x00, 0x00, 0x00, 0x09, 0x00, 0x00, 0x00, 0x09,
  0x00, 0x00, 0x00, 0x11, 0x00, 0x00, 0x00, 0x00, 0x00, 0x00, 0x00, 0x00, 0x00, 0x00, 0x00, 0x67,
  0x00, 0x00, 0x00, 0x10, 0x00, 0x00, 0x00, 0x0D, 0x00, 0x00, 0x00, 0x0E, 0x00, 0x00, 0x00, 0x0C,
  0x00, 0x00, 0x00, 0x00, 0x00, 0x00, 0x00, 0x00, 0x00, 0x00, 0x00, 0x68, 0x00, 0x00, 0x00, 0x10,
  0x00, 0x00, 0x00, 0x0B, 0x00, 0x00, 0x00, 0x0D, 0x00, 0x00, 0x00, 0x10, 0x00, 0x00, 0x00, 0x01,
  0x00, 0x00, 0x00, 0x00, 0x00, 0x00, 0x00, 0x69, 0x00, 0x00, 0x00, 0x11, 0x00, 0x00, 0x00, 0x04,
  0x00, 0x00, 0x00, 0x06, 0x00, 0x00, 0x00, 0x11, 0x00, 0x00, 0x00, 0x01, 0x00, 0x00, 0x00, 0x00,
  0x00, 0x00, 0x00, 0x6A, 0x00, 0x00, 0x00, 0x15, 0x00, 0x00, 0x00, 0x06, 0x00, 0x00, 0x00, 0x06,
  0x00, 0x00, 0x00, 0x11, 0xFF, 0xFF, 0xFF, 0xFF, 0x00, 0x00, 0x00, 0x00, 0x00, 0x00, 0x00, 0x6B,
  0x00, 0x00, 0x00, 0x10, 0x00, 0x00, 0x00, 0x0C, 0x00, 0x00, 0x00, 0x0D, 0x00, 0x00, 0x00, 0x10,
  0x00, 0x00, 0x00, 0x01, 0x00, 0x00, 0x00, 0x00, 0x00, 0x00, 0x00, 0x6C, 0x00, 0x00, 0x00, 0x10,
  0x00, 0x00, 0x00, 0x04, 0x00, 0x00, 0x00, 0x06, 0x00, 0x00, 0x00, 0x10, 0x00, 0x00, 0x00, 0x01,
  0x00, 0x00, 0x00, 0x00, 0x00, 0x00, 0x00, 0x6D, 0x00, 0x00, 0x00, 0x0C, 0x00, 0x00, 0x00, 0x12,
  0x00, 0x00, 0x00, 0x14, 0x00, 0x00, 0x00, 0x0C, 0x00, 0x00, 0x00, 0x01, 0x00, 0x00, 0x00, 0x00,
  0x00, 0x00, 0x00, 0x6E, 0x00, 0x00, 0x00, 0x0C, 0x00, 0x00, 0x00, 0x0B, 0x00, 0x00, 0x00, 0x0D,
  0x00, 0x00, 0x00, 0x0C, 0x00, 0x00, 0x00, 0x01, 0x00, 0x00, 0x00, 0x00, 0x00, 0x00, 0x00, 0x6F,
  0x00, 0x00, 0x00, 0x0C, 0x00, 0x00, 0x00, 0x0D, 0x00, 0x00, 0x00, 0x0D, 0x00, 0x00, 0x00, 0x0C,
  0x00, 0x00, 0x00, 0x00, 0x00, 0x00, 0x00, 0x00, 0x00, 0x00, 0x00, 0x70, 0x00, 0x00, 0x00, 0x10,
  0x00, 0x00, 0x00, 0x0C, 0x00, 0x00, 0x00, 0x0E, 0x00, 0x00, 0x00, 0x0C, 0x00, 0x00, 0x00, 0x01,
  0x00, 0x00, 0x00, 0x00, 0x00, 0x00, 0x00, 0x71, 0x00, 0x00, 0x00, 0x10, 0x00, 0x00, 0x00, 0x0D,
  0x00, 0x00, 0x00, 0x0E, 0x00, 0x00, 0x00, 0x0C, 0x00, 0x00, 0x00, 0x00, 0x00, 0x00, 0x00, 0x00,
  0x00, 0x00, 0x00, 0x72, 0x00, 0x00, 0x00, 0x0D, 0x00, 0x00, 0x00, 0x08, 0x00, 0x00, 0x00, 0x09,
  0x00, 0x00, 0x00, 0x0D, 0x00, 0x00, 0x00, 0x01, 0x00, 0x00, 0x00, 0x00, 0x00, 0x00, 0x00, 0x73,
  0x00, 0x00, 0x00, 0x0C, 0x00, 0x00, 0x00, 0x0C, 0x00, 0x00, 0x00, 0x0C, 0x00, 0x00, 0x00, 0x0C,
  0x00, 0x00, 0x00, 0x00, 0x00, 0x00, 0x00, 0x00, 0x00, 0x00, 0x00, 0x74, 0x00, 0x00, 0x00, 0x0F,
  0x00, 0x00, 0x00, 0x08, 0x00, 0x00, 0x00, 0x08, 0x00, 0x00, 0x00, 0x0F, 0x00, 0x00, 0x00, 0x00,
  0x00, 0x00, 0x00, 0x00, 0x00, 0x00, 0x00, 0x75, 0x00, 0x00, 0x00, 0x0C, 0x00, 0x00, 0x00, 0x0B,
  0x00, 0x00, 0x00, 0x0D, 0x00, 0x00, 0x00, 0x0C, 0x00, 0x00, 0x00, 0x01, 0x00, 0x00, 0x00, 0x00,
  0x00, 0x00, 0x00, 0x76, 0x00, 0x00, 0x00, 0x0C, 0x00, 0x00, 0x00, 0x0D, 0x00, 0x00, 0x00, 0x0D,
  0x00, 0x00, 0x00, 0x0C, 0x00, 0x00, 0x00, 0x00, 0x00, 0x00, 0x00, 0x00, 0x00, 0x00, 0x00, 0x77,
  0x00, 0x00, 0x00, 0x0C, 0x00, 0x00, 0x00, 0x12, 0x00, 0x00, 0x00, 0x12, 0x00, 0x00, 0x00, 0x0C,
  0x00, 0x00, 0x00, 0x00, 0x00, 0x00, 0x00, 0x00, 0x00, 0x00, 0x00, 0x78, 0x00, 0x00, 0x00, 0x0C,
  0x00, 0x00, 0x00, 0x0C, 0x00, 0x00, 0x00, 0x0D, 0x00, 0x00, 0x00, 0x0C, 0x00, 0x00, 0x00, 0x00,
  0x00, 0x00, 0x00, 0x00, 0x00, 0x00, 0x00, 0x79, 0x00, 0x00, 0x00, 0x10, 0x00, 0x00, 0x00, 0x0D,
  0x00, 0x00, 0x00, 0x0D, 0x00, 0x00, 0x00, 0x0C, 0x00, 0x00, 0x00, 0x00, 0x00, 0x00, 0x00, 0x00,
  0x00, 0x00, 0x00, 0x7A, 0x00, 0x00, 0x00, 0x0C, 0x00, 0x00, 0x00, 0x0B, 0x00, 0x00, 0x00, 0x0C,
  0x00, 0x00, 0x00, 0x0C, 0x00, 0x00, 0x00, 0x01, 0x00, 0x00, 0x00, 0x00, 0x00, 0x00, 0x00, 0x7B,
  0x00, 0x00, 0x00, 0x14, 0x00, 0x00, 0x00, 0x08, 0x00, 0x00, 0x00, 0x0A, 0x00, 0x00, 0x00, 0x11,
  0x00, 0x00, 0x00, 0x01, 0x00, 0x00, 0x00, 0x00, 0x00, 0x00, 0x00, 0x7C, 0x00, 0x00, 0x00, 0x1A,
  0x00, 0x00, 0x00, 0x04, 0x00, 0x00, 0x00, 0x08, 0x00, 0x00, 0x00, 0x15, 0x00, 0x00, 0x00, 0x02,
  0x00, 0x00, 0x00, 0x00, 0x00, 0x00, 0x00, 0x7D, 0x00, 0x00, 0x00, 0x14, 0x00, 0x00, 0x00, 0x08,
  0x00, 0x00, 0x00, 0x0A, 0x00, 0x00, 0x00, 0x11, 0x00, 0x00, 0x00, 0x01, 0x00, 0x00, 0x00, 0x00,
  0x00, 0x00, 0x00, 0x7E, 0x00, 0x00, 0x00, 0x05, 0x00, 0x00, 0x00, 0x0D, 0x00, 0x00, 0x00, 0x0F,
  0x00, 0x00, 0x00, 0x09, 0x00, 0x00, 0x00, 0x01, 0x00, 0x00, 0x00, 0x00, 0x00, 0xFA, 0xFF, 0xFF,
  0x09, 0x00, 0xF6, 0xFF, 0xFF, 0x04, 0x00, 0xF1, 0xFF, 0xFF, 0x00, 0x00, 0xED, 0xFF, 0xFA, 0x00,
  0x00, 0xE8, 0xFF, 0xF5, 0x00, 0x00, 0xE4, 0xFF, 0xF1, 0x00, 0x00, 0xDF, 0xFF, 0xEC, 0x00, 0x00,
  0xDB, 0xFF, 0xE7, 0x00, 0x00, 0xD6, 0xFF, 0xE2, 0x00, 0x00, 0xD2, 0xFF, 0xDD, 0x00, 0x00, 0x9D,
  0xC4, 0xA6, 0x00, 0x00, 0x00, 0x00, 0x00, 0x00, 0x00, 0x14, 0x4C, 0x18, 0x00, 0x0C, 0xE6, 0xFF,
  0xED, 0x14, 0x2A, 0xFF, 0xFF, 0xFF, 0x3A, 0x01, 0xA3, 0xF5, 0xAD, 0x03, 0xC7, 0xFF, 0xF1, 0x00,
  0x6F, 0xFF, 0xFF, 0x45, 0xBB, 0xFF, 0xE6, 0x00, 0x63, 0xFF, 0xFF, 0x3A, 0xAF, 0xFF, 0xDA, 0x00,
  0x58, 0xFF, 0xFF, 0x2F, 0xA3, 0xFF, 0xCE, 0x00, 0x4D, 0xFF, 0xFF, 0x24, 0x97, 0xFF, 0xC2, 0x00,
  0x41, 0xFF, 0xFF, 0x18, 0x8B, 0xFF, 0xB6, 0x00, 0x36, 0xFF, 0xFF, 0x0D, 0x32, 0x64, 0x43, 0x00,
  0x12, 0x64, 0x64, 0x02, 0x00, 0x00, 0x00, 0x00, 0x99, 0xFF, 0x92, 0x00, 0x00, 0x01, 0xF4, 0xFF,
  0x36, 0x00, 0x00, 0x00, 0x00, 0x00, 0xC3, 0xFF, 0x69, 0x00, 0x00, 0x20, 0xFF, 0xFF, 0x0D, 0x00,
  0x00, 0x00, 0x00, 0x00, 0xEC, 0xFF, 0x3F, 0x00, 0x00, 0x4A, 0xFF, 0xE2, 0x00, 0x00, 0x00, 0x00,
  0x00, 0x17, 0xFF, 0xFF, 0x15, 0x00, 0x00, 0x74, 0xFF, 0xB7, 0x00, 0x00, 0x00, 0x82, 0xFF, 0xFF,
  0xFF, 0xFF, 0xFF, 0xFF, 0xFF, 0xFF, 0xFF, 0xFF, 0xFF, 0xCA, 0x00, 0xAC, 0xFF, 0xFF, 0xFF, 0xFF,
  0xFF, 0xFF, 0xFF, 0xFF, 0xFF, 0xFF, 0xFF, 0x9F, 0x00, 0x1E, 0x28, 0xBC, 0xFF, 0xC0, 0x28, 0x28,
  0x28, 0xFF, 0xFF, 0x61, 0x28, 0x15, 0x00, 0x00, 0x00, 0xBE, 0xFF, 0x6E, 0x00, 0x00, 0x1D, 0xFF,
  0xFF, 0x0F, 0x00, 0x00, 0x00, 0x00, 0x00, 0xE7, 0xFF, 0x44, 0x00, 0x00, 0x48, 0xFF, 0xE4, 0x00,
  0x00, 0x00, 0x0D, 0x24, 0x34, 0xFF, 0xFF, 0x3F, 0x24, 0x24, 0x96, 0xFF, 0xDE, 0x24, 0x21, 0x00,
  0x78, 0xFF, 0xFF, 0xFF, 0xFF, 0xFF, 0xFF, 0xFF, 0xFF, 0xFF, 0xFF, 0xFF, 0xD7, 0x00, 0xA3, 0xFF,
  0xFF, 0xFF, 0xFF, 0xFF, 0xFF, 0xFF, 0xFF, 0xFF, 0xFF, 0xFF, 0xAD, 0x00, 0x00, 0x00, 0x8E, 0xFF,
  0x9D, 0x00, 0x00, 0x00, 0xF0, 0xFF, 0x3B, 0x00, 0x00, 0x00, 0x00, 0x00, 0xB8, 0xFF, 0x74, 0x00,
  0x00, 0x1B, 0xFF, 0xFF, 0x11, 0x00, 0x00, 0x00, 0x00, 0x00, 0xE2, 0xFF, 0x4A, 0x00, 0x00, 0x45,
  0xFF, 0xE7, 0x00, 0x00, 0x00, 0x00, 0x00, 0x0C, 0xFE, 0xFF, 0x20, 0x00, 0x00, 0x6F, 0xFF, 0xBD,
  0x00, 0x00, 0x00, 0x00, 0x00, 0x00, 0x00, 0x00, 0x00, 0x6C, 0xDC, 0x00, 0x00, 0x00, 0x00, 0x00,
  0x00, 0x00, 0x00, 0x00, 0x00, 0x00, 0x6C, 0xDC, 0x00, 0x00, 0x00, 0x00, 0x00, 0x00, 0x00, 0x00,
  0x0D, 0x78, 0xC7, 0xFF, 0xFF, 0xE4, 0xAB, 0x49, 0x00, 0x00, 0x00, 0x00, 0x30, 0xE7, 0xFF, 0xFF,
  0xFF, 0xFF, 0xFF, 0xFF, 0xFF, 0xA1, 0x02, 0x00, 0x0A, 0xE6, 0xFF, 0xFF, 0xCB, 0xE8, 0xFF, 0x99,
  0xF3, 0xFF, 0xFF, 0x76, 0x00, 0x5C, 0xFF, 0xFF, 0xB0, 0x01, 0x6C, 0xDC, 0x00, 0x2C, 0xF8, 0xFF,
  0xE5, 0x00, 0x80, 0xFF, 0xFF, 0x66, 0x00, 0x6C, 0xDC, 0x00, 0x00, 0x64, 0x80, 0x7F, 0x04, 0x67,
  0xFF, 0xFF, 0xC6, 0x16, 0x6C, 0xDC, 0x00, 0x00, 0x00, 0x00, 0x00, 0x00, 0x12, 0xEA, 0xFF, 0xFF,
  0xEE, 0xFF, 0xFF, 0x12, 0x00, 0x00, 0x00, 0x00, 0x00, 0x00, 0x2C, 0xCF, 0xFF, 0xFF, 0xFF, 0xFF,
  0xFC, 0xC1, 0x60, 0x02, 0x00, 0x00, 0x00, 0x00, 0x04, 0x4F, 0xA7, 0xFF, 0xFF, 0xFF, 0xFF, 0xFF,
  0xCC, 0x1B, 0x00, 0x00, 0x00, 0x00, 0x00, 0x00, 0x6D, 0xFF, 0x80, 0xE2, 0xFF, 0xFF, 0xC4, 0x00,
  0x00, 0x00, 0x00, 0x00, 0x00, 0x6C, 0xDC, 0x00, 0x0E, 0xD7, 0xFF, 0xFF, 0x28, 0xC2, 0xD4, 0xC6,
  0x01, 0x00, 0x6C, 0xDC, 0x00, 0x00, 0x9F, 0xFF, 0xFF, 0x3F, 0xBC, 0xFF, 0xFF, 0x6D, 0x00, 0x6C,
  0xDC, 0x00, 0x1F, 0xEB, 0xFF, 0xFF, 0x1C, 0x4B, 0xFF, 0xFF, 0xFF, 0xBD, 0xE8, 0xFF, 0x9A, 0xF2,
  0xFF, 0xFF, 0xB1, 0x00, 0x00, 0x73, 0xFC, 0xFF, 0xFF, 0xFF, 0xFF, 0xFF, 0xFF, 0xFF, 0xCA, 0x12,
  0x00, 0x00, 0x00, 0x2B, 0x94, 0xD6, 0xFF, 0xFF, 0xE6, 0xB6, 0x61, 0x03, 0x00, 0x00, 0x00, 0x00,
  0x00, 0x00, 0x00, 0x6C, 0xDC, 0x00, 0x00, 0x00, 0x00, 0x00, 0x00, 0x00, 0x00, 0x00, 0x00, 0x00,
  0x6C, 0xDC, 0x00, 0x00, 0x00, 0x00, 0x00, 0x00, 0x00, 0x6B, 0xDA, 0xF8, 0xDE, 0x74, 0x01, 0x00,
  0x00, 0x00, 0x00, 0x00, 0x0A, 0xDA, 0xFC, 0x37, 0x00, 0x00, 0x5F, 0xFF, 0xF8, 0xC7, 0xF4, 0xFF,
  0x6C, 0x00, 0x00, 0x00, 0x00, 0x00, 0x95, 0xFF, 0x83, 0x00, 0x00, 0x00, 0xC2, 0xFF, 0x61, 0x00,
  0x4D, 0xFF, 0xCD, 0x00, 0x00, 0x00, 0x00, 0x45, 0xFE, 0xCE, 0x05, 0x00, 0x00, 0x00, 0xD7, 0xFF,
  0x34, 0x00, 0x24, 0xFF, 0xE3, 0x00, 0x00, 0x00, 0x10, 0xE3, 0xF8, 0x2B, 0x00, 0x00, 0x00, 0x00,
  0xC1, 0xFF, 0x60, 0x00, 0x52, 0xFF, 0xCD, 0x00, 0x00, 0x00, 0xA5, 0xFF, 0x73, 0x00, 0x00, 0x00,
  0x00, 0x00, 0x5F, 0xFF, 0xF9, 0xCE, 0xF7, 0xFF, 0x6D, 0x00, 0x00, 0x54, 0xFF, 0xC1, 0x02, 0x00,
  0x00, 0x00, 0x00, 0x00, 0x00, 0x6A, 0xDB, 0xF9, 0xDE, 0x75, 0x01, 0x00, 0x18, 0xEC, 0xF2, 0x21,
  0x00, 0x00, 0x00, 0x00, 0x00, 0x00, 0x00, 0x00, 0x00, 0x00, 0x00, 0x00, 0x00, 0x00, 0xB3, 0xFF,
  0x63, 0x00, 0x00, 0x00, 0x00, 0x00, 0x00, 0x00, 0x00, 0x00, 0x00, 0x00, 0x00, 0x00, 0x00, 0x65,
  0xFF, 0xB3, 0x00, 0x00, 0x20, 0x91, 0xB8, 0x9D, 0x31, 0x00, 0x00, 0x00, 0x00, 0x00, 0x00, 0x00,
  0x21, 0xF3, 0xEB, 0x17, 0x00, 0x22, 0xED, 0xFF, 0xFF, 0xFF, 0xF8, 0x3B, 0x00, 0x00, 0x00, 0x00,
  0x00, 0x02, 0xC1, 0xFF, 0x53, 0x00, 0x00, 0x9A, 0xFF, 0xA3, 0x0E, 0x80, 0xFF, 0xB9, 0x00, 0x00,
  0x00, 0x00, 0x00, 0x75, 0xFF, 0xA3, 0x00, 0x00, 0x00, 0xC9, 0xFF, 0x44, 0x00, 0x23, 0xFF, 0xE8,
  0x00, 0x00, 0x00, 0x00, 0x2B, 0xF8, 0xE3, 0x10, 0x00, 0x00, 0x00, 0xCD, 0xFF, 0x3E, 0x00, 0x1F,
  0xFF, 0xED, 0x00, 0x00, 0x00, 0x05, 0xCE, 0xFE, 0x44, 0x00, 0x00, 0x00, 0x00, 0xAC, 0xFF, 0x77,
  0x00, 0x54, 0xFF, 0xCB, 0x00, 0x00, 0x00, 0x85, 0xFF, 0x93, 0x00, 0x00, 0x00, 0x00, 0x00, 0x43,
  0xFF, 0xFC, 0xCC, 0xF6, 0xFF, 0x63, 0x00, 0x00, 0x37, 0xFC, 0xD9, 0x0A, 0x00, 0x00, 0x00, 0x00,
  0x00, 0x00, 0x56, 0xD3, 0xF8, 0xDD, 0x6C, 0x00, 0x00, 0x00, 0x00, 0x0D, 0x8B, 0xDF, 0xF8, 0xE2,
  0x8E, 0x0E, 0x00, 0x00, 0x00, 0x00, 0x00, 0x00, 0x00, 0x08, 0xCD, 0xFF, 0xFF, 0xFF, 0xFF, 0xFF,
  0xCE, 0x07, 0x00, 0x00, 0x00, 0x00, 0x00, 0x00, 0x67, 0xFF, 0xFF, 0xA4, 0x50, 0x92, 0xFF, 0xFF,
  0x5F, 0x00, 0x00, 0x00, 0x00, 0x00, 0x00, 0xA0, 0xFF, 0xEB, 0x00, 0x00, 0x00, 0xE4, 0xFF, 0x8B,
  0x00, 0x00, 0x00, 0x00, 0x00, 0x00, 0x9A, 0xFF, 0xED, 0x04, 0x00, 0x1F, 0xFB, 0xFF, 0x6C, 0x00,
  0x00, 0x00, 0x00, 0x00, 0x00, 0x55, 0xFF, 0xFF, 0x75, 0x30, 0xDB, 0xFF, 0xE1, 0x0C, 0x00, 0x00,
  0x00, 0x00, 0x00, 0x00, 0x01, 0xC3, 0xFF, 0xFF, 0xFF, 0xFF, 0xE5, 0x2F, 0x00, 0x00, 0x00, 0x00,
  0x00, 0x00, 0x00, 0x00, 0x50, 0xFF, 0xFF, 0xFF, 0xDC, 0x19, 0x00, 0x00, 0x00, 0x00, 0x00, 0x00,
  0x00, 0x00, 0x5B, 0xF5, 0xFF, 0xFF, 0xFF, 0xD9, 0x11, 0x00, 0x00, 0xA2, 0xA4, 0x46, 0x00, 0x00,
  0x50, 0xFE, 0xFF, 0xDE, 0x8F, 0xFF, 0xFF, 0xC1, 0x06, 0x18, 0xFF, 0xFF, 0x60, 0x00, 0x00, 0xD6,
  0xFF, 0xF5, 0x1F, 0x00, 0x7F, 0xFF, 0xFF, 0xA4, 0x62, 0xFF, 0xFF, 0x35, 0x00, 0x04, 0xFF, 0xFF,
  0xC1, 0x00, 0x00, 0x00, 0x9C, 0xFF, 0xFF, 0xFF, 0xFF, 0xE4, 0x03, 0x00, 0x00, 0xEE, 0xFF, 0xE8,
  0x0C, 0x00, 0x00, 0x04, 0xC2, 0xFF, 0xFF, 0xFF, 0x69, 0x00, 0x00, 0x00, 0x96, 0xFF, 0xFF, 0xD0,
  0x59, 0x48, 0x78, 0xEF, 0xFF, 0xFF, 0xFF, 0x44, 0x00, 0x00, 0x00, 0x0E, 0xCC, 0xFF, 0xFF, 0xFF,
  0xFF, 0xFF, 0xFF, 0xFF, 0xFF, 0xFF, 0xF0, 0x2B, 0x00, 0x00, 0x00, 0x06, 0x71, 0xC8, 0xEF, 0xF9,
  0xDC, 0x9B, 0x2E, 0x27, 0xED, 0xFF, 0xE0, 0x18, 0xC7, 0xFF, 0xF1, 0xBB, 0xFF, 0xE6, 0xAF, 0xFF,
  0xDA, 0xA3, 0xFF, 0xCE, 0x97, 0xFF, 0xC2, 0x8B, 0xFF, 0xB6, 0x32, 0x64, 0x43, 0x00, 0x00, 0x4F,
  0xB8, 0xB8, 0x2A, 0x00, 0x05, 0xDF, 0xFF, 0xE2, 0x02, 0x00, 0x57, 0xFF, 0xFF, 0x80, 0x00, 0x00,
  0xB9, 0xFF, 0xFE, 0x1E, 0x00, 0x10, 0xFA, 0xFF, 0xD3, 0x00, 0x00, 0x52, 0xFF, 0xFF, 0x94, 0x00,
  0x00, 0x8C, 0xFF, 0xFF, 0x54, 0x00, 0x00, 0xBB, 0xFF, 0xFF, 0x1D, 0x00, 0x00, 0xDE, 0xFF, 0xF7,
  0x01, 0x00, 0x00, 0xF3, 0xFF, 0xE1, 0x00, 0x00, 0x00, 0xFC, 0xFF, 0xD6, 0x00, 0x00, 0x00, 0xEF,
  0xFF, 0xDE, 0x00, 0x00, 0x00, 0xDC, 0xFF, 0xF5, 0x00, 0x00, 0x00, 0xB6, 0xFF, 0xFF, 0x1D, 0x00,
  0x00, 0x7D, 0xFF, 0xFF, 0x57, 0x00, 0x00, 0x3C, 0xFF, 0xFF, 0x9F, 0x00, 0x00, 0x01, 0xDF, 0xFF,
  0xEC, 0x05, 0x00, 0x00, 0x80, 0xFF, 0xFF, 0x52, 0x00, 0x00, 0x13, 0xF1, 0xFF, 0xB9, 0x00, 0x00,
  0x00, 0x7F, 0xFF, 0xFE, 0x29, 0x09, 0xB4, 0xB8, 0x74, 0x00, 0x00, 0x00, 0x00, 0xB1, 0xFF, 0xF9,
  0x1F, 0x00, 0x00, 0x00, 0x4D, 0xFF, 0xFF, 0x8A, 0x00, 0x00, 0x00, 0x03, 0xE5, 0xFF, 0xEA, 0x03,
  0x00, 0x00, 0x00, 0x98, 0xFF, 0xFF, 0x3D, 0x00, 0x00, 0x00, 0x51, 0xFF, 0xFF, 0x84, 0x00, 0x00,
  0x00, 0x19, 0xFF, 0xFF, 0xBD, 0x00, 0x00, 0x00, 0x00, 0xE9, 0xFF, 0xEB, 0x00, 0x00, 0x00, 0x00,
  0xC5, 0xFF, 0xFF, 0x10, 0x00, 0x00, 0x00, 0xAE, 0xFF, 0xFF, 0x25, 0x00, 0x00, 0x00, 0xA3, 0xFF,
  0xFF, 0x30, 0x00, 0x00, 0x00, 0xAB, 0xFF, 0xFF, 0x22, 0x00, 0x00, 0x00, 0xC4, 0xFF, 0xFF, 0x10,
  0x00, 0x00, 0x00, 0xEB, 0xFF, 0xEA, 0x00, 0x00, 0x00, 0x24, 0xFF, 0xFF, 0xB2, 0x00, 0x00, 0x00,
  0x6C, 0xFF, 0xFF, 0x72, 0x00, 0x00, 0x00, 0xBE, 0xFF, 0xFC, 0x1A, 0x00, 0x00, 0x20, 0xFE, 0xFF,
  0xB6, 0x00, 0x00, 0x00, 0x85, 0xFF, 0xFF, 0x3B, 0x00, 0x00, 0x08, 0xEB, 0xFF, 0xB3, 0x00, 0x00,
  0x00, 0x00, 0x00, 0x00, 0x00, 0xFB, 0xD8, 0x00, 0x00, 0x00, 0x00, 0x00, 0x50, 0x0F, 0x00, 0xED,
  0xCA, 0x00, 0x18, 0x46, 0x00, 0x23, 0xF9, 0xE5, 0x4F, 0xDE, 0xBC, 0x62, 0xEF, 0xED, 0x11, 0x12,
  0x85, 0xF1, 0xFF, 0xFD, 0xFD, 0xFF, 0xE9, 0x77, 0x0A, 0x00, 0x00, 0x30, 0xEB, 0xFF, 0xFF, 0xDE,
  0x1F, 0x00, 0x00, 0x1A, 0x9A, 0xFA, 0xFD, 0xF8, 0xF5, 0xFF, 0xF4, 0x8B, 0x0F, 0x1B, 0xF4, 0xD3,
  0x36, 0xDF, 0xBE, 0x47, 0xE0, 0xE5, 0x0B, 0x00, 0x3A, 0x05, 0x00, 0xEF, 0xCC, 0x00, 0x0B, 0x34,
  0x00, 0x00, 0x00, 0x00, 0x00, 0xE1, 0xC1, 0x00, 0x00, 0x00, 0x00, 0x00, 0x00, 0x00, 0x00, 0xD0,
  0xFF, 0x9C, 0x00, 0x00, 0x00, 0x00, 0x00, 0x00, 0x00, 0x00, 0xD0, 0xFF, 0x9C, 0x00, 0x00, 0x00,
  0x00, 0x00, 0x00, 0x00, 0x00, 0xD0, 0xFF, 0x9C, 0x00, 0x00, 0x00, 0x00, 0x00, 0x00, 0x00, 0x00,
  0xD0, 0xFF, 0x9C, 0x00, 0x00, 0x00, 0x00, 0xFC, 0xFF, 0xFF, 0xFF, 0xFF, 0xFF, 0xFF, 0xFF, 0xFF,
  0xFF, 0xD0, 0xFC, 0xFF, 0xFF, 0xFF, 0xFF, 0xFF, 0xFF, 0xFF, 0xFF, 0xFF, 0xD0, 0x42, 0x44, 0x44,
  0x44, 0xFF, 0xFF, 0xE0, 0x44, 0x44, 0x44, 0x37, 0x00, 0x00, 0x00, 0x00, 0xD0, 0xFF, 0x9C, 0x00,
  0x00, 0x00, 0x00, 0x00, 0x00, 0x00, 0x00, 0xD0, 0xFF, 0x9C, 0x00, 0x00, 0x00, 0x00, 0x00, 0x00,
  0x00, 0x00, 0xD0, 0xFF, 0x9C, 0x00, 0x00, 0x00, 0x00, 0x00, 0x00, 0x00, 0x00, 0x68, 0x80, 0x4E,
  0x00, 0x00, 0x00, 0x00, 0x00, 0x4C, 0x64, 0x64, 0x08, 0x00, 0xDE, 0xFF, 0xE1, 0x00, 0x06, 0xFC,
  0xFF, 0x96, 0x00, 0x29, 0xFF, 0xFF, 0x4C, 0x00, 0x4E, 0xFF, 0xF7, 0x0A, 0x00, 0x74, 0xFF, 0xB7,
  0x00, 0x00, 0x99, 0xFF, 0x6D, 0x00, 0x00, 0x22, 0x48, 0x48, 0x48, 0x48, 0x48, 0x48, 0x33, 0x7C,
  0xFF, 0xFF, 0xFF, 0xFF, 0xFF, 0xFF, 0xB8, 0x7C, 0xFF, 0xFF, 0xFF, 0xFF, 0xFF, 0xFF, 0xB8, 0x00,
  0x1A, 0x58, 0x1B, 0x00, 0x0D, 0xE8, 0xFF, 0xEA, 0x0F, 0x29, 0xFF, 0xFF, 0xFF, 0x2D, 0x00, 0x9E,
  0xF4, 0xA1, 0x01, 0x00, 0x00, 0x00, 0x00, 0x00, 0x9F, 0xFF, 0xD4, 0x00, 0x00, 0x00, 0x00, 0x00,
  0xE4, 0xFF, 0x8F, 0x00, 0x00, 0x00, 0x00, 0x2A, 0xFF, 0xFF, 0x4A, 0x00, 0x00, 0x00, 0x00, 0x6F,
  0xFF, 0xF9, 0x0B, 0x00, 0x00, 0x00, 0x00, 0xB5, 0xFF, 0xBF, 0x00, 0x00, 0x00, 0x00, 0x06, 0xF4,
  0xFF, 0x79, 0x00, 0x00, 0x00, 0x00, 0x40, 0xFF, 0xFF, 0x34, 0x00, 0x00, 0x00, 0x00, 0x85, 0xFF,
  0xEC, 0x02, 0x00, 0x00, 0x00, 0x00, 0xCB, 0xFF, 0xA9, 0x00, 0x00, 0x00, 0x00, 0x12, 0xFD, 0xFF,
  0x63, 0x00, 0x00, 0x00, 0x00, 0x56, 0xFF, 0xFF, 0x1E, 0x00, 0x00, 0x00, 0x00, 0x9B, 0xFF, 0xD8,
  0x00, 0x00, 0x00, 0x00, 0x00, 0xE0, 0xFF, 0x93, 0x00, 0x00, 0x00, 0x00, 0x26, 0xFF, 0xFF, 0x4D,
  0x00, 0x00, 0x00, 0x00, 0x6C, 0xFF, 0xFA, 0x0D, 0x00, 0x00, 0x00, 0x00, 0xB1, 0xFF, 0xC2, 0x00,
  0x00, 0x00, 0x00, 0x04, 0xF1, 0xFF, 0x7D, 0x00, 0x00, 0x00, 0x00, 0x3C, 0xFF, 0xFF, 0x37, 0x00,
  0x00, 0x00, 0x00, 0x81, 0xFF, 0xEF, 0x03, 0x00, 0x00, 0x00, 0x00, 0x00, 0x00, 0x01, 0x4F, 0xBB,
  0xE6, 0xF5, 0xD5, 0x8D, 0x1B, 0x00, 0x00, 0x00, 0x00, 0x02, 0x9E, 0xFF, 0xFF, 0xFF, 0xFF, 0xFF,
  0xFF, 0xEE, 0x36, 0x00, 0x00, 0x00, 0x7A, 0xFF, 0xFF, 0xEF, 0x85, 0x6D, 0xB9, 0xFF, 0xFF, 0xED,
  0x11, 0x00, 0x14, 0xF3, 0xFF, 0xF4, 0x2A, 0x00, 0x00, 0x00, 0x9D, 0xFF, 0xFF, 0x8B, 0x00, 0x62,
  0xFF, 0xFF, 0x91, 0x00, 0x00, 0x00, 0x00, 0x16, 0xF9, 0xFF, 0xE4, 0x00, 0xA6, 0xFF, 0xFF, 0x43,
  0x00, 0x00, 0x00, 0x00, 0x00, 0xC3, 0xFF, 0xFF, 0x29, 0xC6, 0xFF, 0xFF, 0x17, 0x00, 0x00, 0x00,
  0x00, 0x00, 0x95, 0xFF, 0xFF, 0x49, 0xDA, 0xFF, 0xFF, 0x07, 0x00, 0x00, 0x00, 0x00, 0x00, 0x84,
  0xFF, 0xFF, 0x5D, 0xDB, 0xFF, 0xFF, 0x07, 0x00, 0x00, 0x00, 0x00, 0x00, 0x84, 0xFF, 0xFF, 0x5D,
  0xC7, 0xFF, 0xFF, 0x17, 0x00, 0x00, 0x00, 0x00, 0x00, 0x95, 0xFF, 0xFF, 0x49, 0xA8, 0xFF, 0xFF,
  0x43, 0x00, 0x00, 0x00, 0x00, 0x00, 0xC3, 0xFF, 0xFF, 0x2A, 0x66, 0xFF, 0xFF, 0x90, 0x00, 0x00,
  0x00, 0x00, 0x17, 0xF9, 0xFF, 0xE6, 0x00, 0x18, 0xF6, 0xFF, 0xF3, 0x28, 0x00, 0x00, 0x00, 0x9E,
  0xFF, 0xFF, 0x8F, 0x00, 0x00, 0x81, 0xFF, 0xFF, 0xEE, 0x85, 0x6D, 0xB9, 0xFF, 0xFF, 0xEF, 0x13,
  0x00, 0x00, 0x03, 0xA3, 0xFF, 0xFF, 0xFF, 0xFF, 0xFF, 0xFF, 0xF0, 0x39, 0x00, 0x00, 0x00, 0x00,
  0x01, 0x53, 0xBD, 0xE7, 0xF6, 0xD7, 0x8F, 0x1D, 0x00, 0x00, 0x00, 0x00, 0x00, 0x46, 0xE7, 0xFF,
  0xFF, 0xB4, 0x06, 0x8D, 0xFE, 0xFF, 0xFF, 0xFF, 0xB4, 0xCC, 0xFF, 0xFF, 0xD1, 0xFF, 0xFF, 0xB4,
  0xFC, 0xF9, 0x75, 0x25, 0xFF, 0xFF, 0xB4, 0xD4, 0x32, 0x00, 0x24, 0xFF, 0xFF, 0xB4, 0x09, 0x00,
  0x00, 0x24, 0xFF, 0xFF, 0xB4, 0x00, 0x00, 0x00, 0x24, 0xFF, 0xFF, 0xB4, 0x00, 0x00, 0x00, 0x24,
  0xFF, 0xFF, 0xB4, 0x00, 0x00, 0x00, 0x24, 0xFF, 0xFF, 0xB4, 0x00, 0x00, 0x00, 0x24, 0xFF, 0xFF,
  0xB4, 0x00, 0x00, 0x00, 0x24, 0xFF, 0xFF, 0xB4, 0x00, 0x00, 0x00, 0x24, 0xFF, 0xFF, 0xB4, 0x00,
  0x00, 0x00, 0x24, 0xFF, 0xFF, 0xB4, 0x00, 0x00, 0x00, 0x24, 0xFF, 0xFF, 0xB4, 0x00, 0x00, 0x00,
  0x24, 0xFF, 0xFF, 0xB4, 0x00, 0x00, 0x00, 0x24, 0xFF, 0xFF, 0xB4, 0x00, 0x00, 0x21, 0x94, 0xDC,
  0xF7, 0xED, 0xC3, 0x67, 0x03, 0x00, 0x00, 0x00, 0x44, 0xF3, 0xFF, 0xFF, 0xFF, 0xFF, 0xFF, 0xFF,
  0xC2, 0x0A, 0x00, 0x10, 0xEE, 0xFF, 0xFD, 0x98, 0x58, 0x6D, 0xD8, 0xFF, 0xFF, 0x94, 0x00, 0x6B,
  0xFF, 0xFF, 0x7B, 0x00, 0x00, 0x00, 0x11, 0xE9, 0xFF, 0xF7, 0x05, 0x8C, 0xF0, 0xF0, 0x23, 0x00,
  0x00, 0x00, 0x00, 0xA5, 0xFF, 0xFF, 0x1F, 0x00, 0x00, 0x00, 0x00, 0x00, 0x00, 0x00, 0x00, 0xBE,
  0xFF, 0xFC, 0x0D, 0x00, 0x00, 0x00, 0x00, 0x00, 0x00, 0x00, 0x38, 0xFE, 0xFF, 0xB6, 0x00, 0x00,
  0x00, 0x00, 0x00, 0x00, 0x00, 0x1E, 0xE3, 0xFF, 0xF8, 0x2D, 0x00, 0x00, 0x00, 0x00, 0x00, 0x00,
  0x19, 0xDA, 0xFF, 0xFF, 0x62, 0x00, 0x00, 0x00, 0x00, 0x00, 0x00, 0x1C, 0xDA, 0xFF, 0xFF, 0x78,
  0x00, 0x00, 0x00, 0x00, 0x00, 0x00, 0x20, 0xDE, 0xFF, 0xFF, 0x78, 0x00, 0x00, 0x00, 0x00, 0x00,
  0x00, 0x25, 0xE2, 0xFF, 0xFF, 0x7A, 0x00, 0x00, 0x00, 0x00, 0x00, 0x00, 0x29, 0xE6, 0xFF, 0xFF,
  0x7D, 0x00, 0x00, 0x00, 0x00, 0x00, 0x00, 0x2D, 0xEA, 0xFF, 0xFF, 0xD4, 0x6C, 0x6C, 0x6C, 0x6C,
  0x6C, 0x6C, 0x2A, 0x90, 0xFF, 0xFF, 0xFF, 0xFF, 0xFF, 0xFF, 0xFF, 0xFF, 0xFF, 0xFF, 0x64, 0x90,
  0xFF, 0xFF, 0xFF, 0xFF, 0xFF, 0xFF, 0xFF, 0xFF, 0xFF, 0xFF, 0x64, 0x00, 0x00, 0x0F, 0x7E, 0xCF,
  0xF1, 0xF3, 0xD4, 0x83, 0x10, 0x00, 0x00, 0x00, 0x30, 0xE8, 0xFF, 0xFF, 0xFF, 0xFF, 0xFF, 0xFF,
  0xE5, 0x25, 0x00, 0x0A, 0xE5, 0xFF, 0xFF, 0xB6, 0x5F, 0x5E, 0xB8, 0xFF, 0xFF, 0xCD, 0x00, 0x5B,
  0xFF, 0xFF, 0x92, 0x00, 0x00, 0x00, 0x01, 0xC3, 0xFF, 0xFF, 0x2E, 0x37, 0x74, 0x74, 0x21, 0x00,
  0x00, 0x00, 0x00, 0x84, 0xFF, 0xFF, 0x44, 0x00, 0x00, 0x00, 0x00, 0x00, 0x00, 0x00, 0x01, 0xBF,
  0xFF, 0xFC, 0x1A, 0x00, 0x00, 0x00, 0x00, 0x1F, 0x2D, 0x46, 0xAF, 0xFF, 0xFF, 0x84, 0x00, 0x00,
  0x00, 0x00, 0x00, 0xB8, 0xFF, 0xFF, 0xFF, 0xD4, 0x55, 0x00, 0x00, 0x00, 0x00, 0x00, 0x00, 0xB8,
  0xFF, 0xFF, 0xFF, 0xFF, 0xD1, 0x4B, 0x00, 0x00, 0x00, 0x00, 0x00, 0x00, 0x00, 0x13, 0x5C, 0xE9,
  0xFF, 0xFE, 0x45, 0x00, 0x00, 0x00, 0x00, 0x00, 0x00, 0x00, 0x00, 0x48, 0xFF, 0xFF, 0xBA, 0x54,
  0x68, 0x68, 0x09, 0x00, 0x00, 0x00, 0x00, 0x1A, 0xFF, 0xFF, 0xDB, 0xAE, 0xFF, 0xFF, 0x68, 0x00,
  0x00, 0x00, 0x00, 0x79, 0xFF, 0xFF, 0xB9, 0x45, 0xFF, 0xFF, 0xFD, 0xAC, 0x75, 0x6C, 0xAE, 0xFF,
  0xFF, 0xFF, 0x4A, 0x00, 0x70, 0xFC, 0xFF, 0xFF, 0xFF, 0xFF, 0xFF, 0xFF, 0xFB, 0x71, 0x00, 0x00,
  0x00, 0x2B, 0x96, 0xD9, 0xF5, 0xF5, 0xD9, 0x96, 0x2A, 0x00, 0x00, 0x00, 0x00, 0x00, 0x00, 0x00,
  0x00, 0x5D, 0xFF, 0xFF, 0xFF, 0x84, 0x00, 0x00, 0x00, 0x00, 0x00, 0x00, 0x00, 0x13, 0xEB, 0xFF,
  0xFF, 0xFF, 0x84, 0x00, 0x00, 0x00, 0x00, 0x00, 0x00, 0x00, 0xA1, 0xFF, 0xFF, 0xFF, 0xFF, 0x84,
  0x00, 0x00, 0x00, 0x00, 0x00, 0x00, 0x43, 0xFF, 0xFF, 0xC0, 0xFF, 0xFF, 0x84, 0x00, 0x00, 0x00,
  0x00, 0x00, 0x08, 0xDB, 0xFF, 0xDB, 0x38, 0xFF, 0xFF, 0x84, 0x00, 0x00, 0x00, 0x00, 0x00, 0x87,
  0xFF, 0xFF, 0x44, 0x30, 0xFF, 0xFF, 0x84, 0x00, 0x00, 0x00, 0x00, 0x2D, 0xFA, 0xFF, 0xA3, 0x00,
  0x30, 0xFF, 0xFF, 0x84, 0x00, 0x00, 0x00, 0x02, 0xC7, 0xFF, 0xEE, 0x16, 0x00, 0x30, 0xFF, 0xFF,
  0x84, 0x00, 0x00, 0x00, 0x6C, 0xFF, 0xFF, 0x64, 0x00, 0x00, 0x30, 0xFF, 0xFF, 0x84, 0x00, 0x00,
  0x1B, 0xF1, 0xFF, 0xC3, 0x01, 0x00, 0x00, 0x30, 0xFF, 0xFF, 0x84, 0x00, 0x00, 0xAA, 0xFF, 0xFF,
  0x8D, 0x64, 0x64, 0x64, 0x94, 0xFF, 0xFF, 0xE8, 0x64, 0x39, 0xD8, 0xFF, 0xFF, 0xFF, 0xFF, 0xFF,
  0xFF, 0xFF, 0xFF, 0xFF, 0xFF, 0xFF, 0x94, 0xD8, 0xFF, 0xFF, 0xFF, 0xFF, 0xFF, 0xFF, 0xFF, 0xFF,
  0xFF, 0xFF, 0xFF, 0x94, 0x00, 0x00, 0x00, 0x00, 0x00, 0x00, 0x00, 0x3C, 0xFF, 0xFF, 0x84, 0x00,
  0x00, 0x00, 0x00, 0x00, 0x00, 0x00, 0x00, 0x00, 0x3C, 0xFF, 0xFF, 0x84, 0x00, 0x00, 0x00, 0x00,
  0x00, 0x00, 0x00, 0x00, 0x00, 0x3C, 0xFF, 0xFF, 0x84, 0x00, 0x00, 0x00, 0xCA, 0xFF, 0xFF, 0xFF,
  0xFF, 0xFF, 0xFF, 0xFF, 0xFF, 0x88, 0x00, 0x00, 0xE6, 0xFF, 0xFF, 0xFF, 0xFF, 0xFF, 0xFF, 0xFF,
  0xFF, 0x88, 0x00, 0x04, 0xFD, 0xFF, 0xC0, 0x60, 0x60, 0x60, 0x60, 0x60, 0x60, 0x33, 0x00, 0x1E,
  0xFF, 0xFF, 0x81, 0x00, 0x00, 0x00, 0x00, 0x00, 0x00, 0x00, 0x00, 0x39, 0xFF, 0xFF, 0x63, 0x00,
  0x00, 0x00, 0x00, 0x00, 0x00, 0x00, 0x00, 0x55, 0xFF, 0xFF, 0x60, 0xA0, 0xE9, 0xF8, 0xD6, 0x7C,
  0x09, 0x00, 0x00, 0x71, 0xFF, 0xFF, 0xF7, 0xFF, 0xFF, 0xFF, 0xFF, 0xFF, 0xCB, 0x0D, 0x00, 0x72,
  0xF4, 0xFF, 0xD2, 0x5F, 0x37, 0x5D, 0xDC, 0xFF, 0xFF, 0x9A, 0x00, 0x00, 0x01, 0x21, 0x08, 0x00,
  0x00, 0x00, 0x18, 0xEC, 0xFF, 0xFA, 0x10, 0x00, 0x00, 0x00, 0x00, 0x00, 0x00, 0x00, 0x00, 0x92,
  0xFF, 0xFF, 0x46, 0x00, 0x00, 0x00, 0x00, 0x00, 0x00, 0x00, 0x00, 0x73, 0xFF, 0xFF, 0x54, 0x86,
  0xA4, 0x9F, 0x00, 0x00, 0x00, 0x00, 0x00, 0x96, 0xFF, 0xFF, 0x39, 0xA9, 0xFF, 0xFF, 0x59, 0x00,
  0x00, 0x00, 0x1F, 0xF0, 0xFF, 0xEB, 0x07, 0x3B, 0xFE, 0xFF, 0xFC, 0x8F, 0x57, 0x77, 0xE7, 0xFF,
  0xFF, 0x73, 0x00, 0x00, 0x6D, 0xFC, 0xFF, 0xFF, 0xFF, 0xFF, 0xFF, 0xFF, 0x99, 0x01, 0x00, 0x00,
  0x00, 0x32, 0xA1, 0xE2, 0xF9, 0xE7, 0xB5, 0x4B, 0x00, 0x00, 0x00, 0x00, 0x00, 0x00, 0x3C, 0xAC,
  0xE7, 0xF8, 0xE3, 0xA3, 0x32, 0x00, 0x00, 0x00, 0x00, 0x7D, 0xFE, 0xFF, 0xFF, 0xFF, 0xFF, 0xFF,
  0xFD, 0x6F, 0x00, 0x00, 0x5A, 0xFF, 0xFF, 0xF2, 0x99, 0x7C, 0xA9, 0xFC, 0xFF, 0xFE, 0x3B, 0x05,
  0xE6, 0xFF, 0xE6, 0x22, 0x00, 0x00, 0x00, 0x58, 0xFF, 0xFF, 0xA7, 0x50, 0xFF, 0xFF, 0x65, 0x00,
  0x00, 0x00, 0x00, 0x00, 0x10, 0x10, 0x0C, 0x94, 0xFF, 0xFF, 0x16, 0x3F, 0xBD, 0xF4, 0xEF, 0xBD,
  0x49, 0x00, 0x00, 0xC2, 0xFF, 0xF4, 0x66, 0xFF, 0xFF, 0xFF, 0xFF, 0xFF, 0xFF, 0x78, 0x00, 0xD6,
  0xFF, 0xFB, 0xFB, 0xCE, 0x4C, 0x37, 0x81, 0xFB, 0xFF, 0xFD, 0x39, 0xE0, 0xFF, 0xFF, 0xD5, 0x07,
  0x00, 0x00, 0x00, 0x65, 0xFF, 0xFF, 0xA7, 0xD3, 0xFF, 0xFF, 0x63, 0x00, 0x00, 0x00, 0x00, 0x04,
  0xEF, 0xFF, 0xDF, 0xBA, 0xFF, 0xFF, 0x40, 0x00, 0x00, 0x00, 0x00, 0x00, 0xD7, 0xFF, 0xEF, 0x81,
  0xFF, 0xFF, 0x69, 0x00, 0x00, 0x00, 0x00, 0x0A, 0xF5, 0xFF, 0xD4, 0x2B, 0xFE, 0xFF, 0xDE, 0x11,
  0x00, 0x00, 0x00, 0x83, 0xFF, 0xFF, 0x8B, 0x00, 0xA1, 0xFF, 0xFF, 0xDB, 0x6E, 0x5A, 0xA7, 0xFF,
  0xFF, 0xEF, 0x1D, 0x00, 0x0B, 0xBD, 0xFF, 0xFF, 0xFF, 0xFF, 0xFF, 0xFF, 0xEF, 0x44, 0x00, 0x00,
  0x00, 0x03, 0x64, 0xC3, 0xF1, 0xF6, 0xD9, 0x8E, 0x1E, 0x00, 0x00, 0x1C, 0xFF, 0xFF, 0xFF, 0xFF,
  0xFF, 0xFF, 0xFF, 0xFF, 0xFF, 0xFF, 0xC8, 0x1C, 0xFF, 0xFF, 0xFF, 0xFF, 0xFF, 0xFF, 0xFF, 0xFF,
  0xFF, 0xFF, 0xC8, 0x0B, 0x6C, 0x6C, 0x6C, 0x6C, 0x6C, 0x6C, 0x6C, 0x9F, 0xFF, 0xFF, 0xB3, 0x00,
  0x00, 0x00, 0x00, 0x00, 0x00, 0x00, 0x00, 0xBF, 0xFF, 0xFF, 0x3F, 0x00, 0x00, 0x00, 0x00, 0x00,
  0x00, 0x00, 0x3F, 0xFF, 0xFF, 0xBE, 0x00, 0x00, 0x00, 0x00, 0x00, 0x00, 0x00, 0x00, 0xC0, 0xFF,
  0xFF, 0x3E, 0x00, 0x00, 0x00, 0x00, 0x00, 0x00, 0x00, 0x40, 0xFF, 0xFF, 0xBD, 0x00, 0x00, 0x00,
  0x00, 0x00, 0x00, 0x00, 0x00, 0xC0, 0xFF, 0xFF, 0x3D, 0x00, 0x00, 0x00, 0x00, 0x00, 0x00, 0x00,
  0x41, 0xFF, 0xFF, 0xBC, 0x00, 0x00, 0x00, 0x00, 0x00, 0x00, 0x00, 0x00, 0xC0, 0xFF, 0xFF, 0x3C,
  0x00, 0x00, 0x00, 0x00, 0x00, 0x00, 0x00, 0x42, 0xFF, 0xFF, 0xBA, 0x00, 0x00, 0x00, 0x00, 0x00,
  0x00, 0x00, 0x00, 0xC1, 0xFF, 0xFF, 0x3A, 0x00, 0x00, 0x00, 0x00, 0x00, 0x00, 0x00, 0x43, 0xFF,
  0xFF, 0xB9, 0x00, 0x00, 0x00, 0x00, 0x00, 0x00, 0x00, 0x00, 0xC2, 0xFF, 0xFF, 0x39, 0x00, 0x00,
  0x00, 0x00, 0x00, 0x00, 0x00, 0x44, 0xFF, 0xFF, 0xB8, 0x00, 0x00, 0x00, 0x00, 0x00, 0x00, 0x00,
  0x00, 0xC3, 0xFF, 0xFF, 0x38, 0x00, 0x00, 0x00, 0x00, 0x00, 0x00, 0x00, 0x00, 0x0F, 0x7F, 0xD0,
  0xF2, 0xF4, 0xD4, 0x85, 0x13, 0x00, 0x00, 0x00, 0x29, 0xE6, 0xFF, 0xFF, 0xFF, 0xFF, 0xFF, 0xFF,
  0xEC, 0x33, 0x00, 0x02, 0xD5, 0xFF, 0xFF, 0xB5, 0x4C, 0x4A, 0xA2, 0xFF, 0xFF, 0xE2, 0x07, 0x33,
  0xFF, 0xFF, 0xBE, 0x02, 0x00, 0x00, 0x00, 0xB0, 0xFF, 0xFF, 0x46, 0x43, 0xFF, 0xFF, 0x83, 0x00,
  0x00, 0x00, 0x00, 0x74, 0xFF, 0xFF, 0x56, 0x15, 0xF8, 0xFF, 0xBA, 0x00, 0x00, 0x00, 0x00, 0xAB,
  0xFF, 0xFD, 0x23, 0x00, 0x7A, 0xFF, 0xFF, 0xA6, 0x35, 0x32, 0x9B, 0xFF, 0xFF, 0x8B, 0x00, 0x00,
  0x00, 0x59, 0xE3, 0xFF, 0xFF, 0xFF, 0xFF, 0xEB, 0x64, 0x00, 0x00, 0x00, 0x3D, 0xD4, 0xFF, 0xFF,
  0xFF, 0xFF, 0xFF, 0xFF, 0xDC, 0x47, 0x00, 0x2F, 0xF8, 0xFF, 0xEC, 0x5D, 0x0F, 0x0C, 0x55, 0xE6,
  0xFF, 0xFC, 0x40, 0xAC, 0xFF, 0xFF, 0x4C, 0x00, 0x00, 0x00, 0x00, 0x3C, 0xFF, 0xFF, 0xC2, 0xDB,
  0xFF, 0xFF, 0x14, 0x00, 0x00, 0x00, 0x00, 0x05, 0xFF, 0xFF, 0xF2, 0xC1, 0xFF, 0xFF, 0x57, 0x00,
  0x00, 0x00, 0x00, 0x4A, 0xFF, 0xFF, 0xD8, 0x5B, 0xFF, 0xFF, 0xF5, 0x7F, 0x3C, 0x3A, 0x7A, 0xF2,
  0xFF, 0xFF, 0x6F, 0x00, 0x81, 0xFD, 0xFF, 0xFF, 0xFF, 0xFF, 0xFF, 0xFF, 0xFF, 0x92, 0x01, 0x00,
  0x00, 0x2F, 0x98, 0xDA, 0xF5, 0xF5, 0xDD, 0x9E, 0x38, 0x00, 0x00, 0x00, 0x00, 0x1E, 0x8B, 0xD7,
  0xF4, 0xF2, 0xC5, 0x6A, 0x06, 0x00, 0x00, 0x00, 0x49, 0xF0, 0xFF, 0xFF, 0xFF, 0xFF, 0xFF, 0xFF,
  0xC8, 0x12, 0x00, 0x22, 0xF3, 0xFF, 0xFF, 0xAB, 0x5C, 0x66, 0xC7, 0xFF, 0xFF, 0xB6, 0x00, 0x91,
  0xFF, 0xFF, 0x7F, 0x00, 0x00, 0x00, 0x03, 0xB5, 0xFF, 0xFF, 0x3D, 0xCC, 0xFF, 0xFA, 0x09, 0x00,
  0x00, 0x00, 0x00, 0x3C, 0xFF, 0xFF, 0x95, 0xDA, 0xFF, 0xF3, 0x00, 0x00, 0x00, 0x00, 0x00, 0x34,
  0xFF, 0xFF, 0xCE, 0xB7, 0xFF, 0xFF, 0x43, 0x00, 0x00, 0x00, 0x00, 0x8E, 0xFF, 0xFF, 0xE6, 0x59,
  0xFF, 0xFF, 0xE9, 0x53, 0x0B, 0x20, 0x88, 0xFE, 0xFF, 0xFF, 0xF3, 0x00, 0xAB, 0xFF, 0xFF, 0xFF,
  0xFF, 0xFF, 0xFF, 0xA2, 0xD9, 0xFF, 0xE9, 0x00, 0x03, 0x79, 0xE7, 0xFF, 0xFF, 0xEE, 0x79, 0x06,
  0xEB, 0xFF, 0xD5, 0x00, 0x00, 0x00, 0x02, 0x1B, 0x23, 0x03, 0x00, 0x1D, 0xFF, 0xFF, 0xA6, 0x69,
  0x9C, 0x9C, 0x20, 0x00, 0x00, 0x00, 0x00, 0x76, 0xFF, 0xFF, 0x62, 0x73, 0xFF, 0xFF, 0xA1, 0x00,
  0x00, 0x00, 0x27, 0xEE, 0xFF, 0xF0, 0x0D, 0x0E, 0xEA, 0xFF, 0xFF, 0xC2, 0x7F, 0x97, 0xF3, 0xFF,
  0xFF, 0x6A, 0x00, 0x00, 0x3A, 0xF0, 0xFF, 0xFF, 0xFF, 0xFF, 0xFF, 0xFF, 0x8F, 0x00, 0x00, 0x00,
  0x00, 0x1C, 0x92, 0xDC, 0xF8, 0xEB, 0xB6, 0x4A, 0x00, 0x00, 0x00, 0x00, 0x17, 0x54, 0x18, 0x00,
  0x0D, 0xE7, 0xFF, 0xE9, 0x0F, 0x2A, 0xFF, 0xFF, 0xFF, 0x2D, 0x01, 0x9F, 0xF4, 0xA1, 0x01, 0x00,
  0x00, 0x00, 0x00, 0x00, 0x00, 0x00, 0x00, 0x00, 0x00, 0x00, 0x00, 0x00, 0x00, 0x00, 0x00, 0x00,
  0x00, 0x00, 0x00, 0x00, 0x1A, 0x58, 0x1B, 0x00, 0x0D, 0xE8, 0xFF, 0xEA, 0x0F, 0x29, 0xFF, 0xFF,
  0xFF, 0x2D, 0x00, 0x9E, 0xF4, 0xA1, 0x01, 0x00, 0x08, 0x51, 0x2A, 0x00, 0x00, 0xB8, 0xFF, 0xFC,
  0x37, 0x00, 0xEE, 0xFF, 0xFF, 0x69, 0x00, 0x6B, 0xF1, 0xC7, 0x13, 0x00, 0x00, 0x00, 0x00, 0x00,
  0x00, 0x00, 0x00, 0x00, 0x00, 0x00, 0x00, 0x00, 0x00, 0x00, 0x00, 0x00, 0x00, 0x00, 0x00, 0x00,
  0x00, 0x00, 0x00, 0x00, 0x00, 0x4C, 0x64, 0x64, 0x08, 0x00, 0xDE, 0xFF, 0xE1, 0x00, 0x06, 0xFC,
  0xFF, 0x96, 0x00, 0x29, 0xFF, 0xFF, 0x4C, 0x00, 0x4E, 0xFF, 0xF7, 0x0A, 0x00, 0x74, 0xFF, 0xB7,
  0x00, 0x00, 0x99, 0xFF, 0x6D, 0x00, 0x00, 0x00, 0x00, 0x00, 0x00, 0x00, 0x00, 0x00, 0x00, 0x00,
  0x00, 0x00, 0x11, 0x00, 0x00, 0x00, 0x00, 0x00, 0x00, 0x00, 0x00, 0x03, 0x55, 0xCA, 0x80, 0x00,
  0x00, 0x00, 0x00, 0x00, 0x00, 0x0A, 0x6A, 0xDD, 0xFF, 0xFF, 0x80, 0x00, 0x00, 0x00, 0x00, 0x15,
  0x80, 0xEB, 0xFF, 0xFF, 0xFF, 0xE4, 0x4B, 0x00, 0x00, 0x24, 0x96, 0xF6, 0xFF, 0xFF, 0xFF, 0xC3,
  0x56, 0x04, 0x00, 0x13, 0xAC, 0xFD, 0xFF, 0xFF, 0xF6, 0x9C, 0x2F, 0x00, 0x00, 0x00, 0x00, 0x30,
  0xFF, 0xFF, 0xFF, 0x7F, 0x12, 0x00, 0x00, 0x00, 0x00, 0x00, 0x00, 0x29, 0xFD, 0xFF, 0xFF, 0xEC,
  0x89, 0x1F, 0x00, 0x00, 0x00, 0x00, 0x00, 0x00, 0x27, 0x9A, 0xF8, 0xFF, 0xFF, 0xFD, 0xB1, 0x44,
  0x00, 0x00, 0x00, 0x00, 0x00, 0x00, 0x17, 0x84, 0xED, 0xFF, 0xFF, 0xFF, 0xD7, 0x6C, 0x0D, 0x00,
  0x00, 0x00, 0x00, 0x00, 0x0B, 0x6E, 0xDF, 0xFF, 0xFF, 0xFF, 0x80, 0x00, 0x00, 0x00, 0x00, 0x00,
  0x00, 0x00, 0x03, 0x59, 0xCE, 0xFF, 0x80, 0x00, 0x00, 0x00, 0x00, 0x00, 0x00, 0x00, 0x00, 0x00,
  0x00, 0x43, 0x4D, 0x47, 0x5C, 0x5C, 0x5C, 0x5C, 0x5C, 0x5C, 0x5C, 0x5C, 0x5C, 0x36, 0xC8, 0xFF,
  0xFF, 0xFF, 0xFF, 0xFF, 0xFF, 0xFF, 0xFF, 0xFF, 0x98, 0xC8, 0xFF, 0xFF, 0xFF, 0xFF, 0xFF, 0xFF,
  0xFF, 0xFF, 0xFF, 0x98, 0x00, 0x00, 0x00, 0x00, 0x00, 0x00, 0x00, 0x00, 0x00, 0x00, 0x00, 0x00,
  0x00, 0x00, 0x00, 0x00, 0x00, 0x00, 0x00, 0x00, 0x00, 0x00, 0x4B, 0x60, 0x60, 0x60, 0x60, 0x60,
  0x60, 0x60, 0x60, 0x60, 0x39, 0xC8, 0xFF, 0xFF, 0xFF, 0xFF, 0xFF, 0xFF, 0xFF, 0xFF, 0xFF, 0x98,
  0xC8, 0xFF, 0xFF, 0xFF, 0xFF, 0xFF, 0xFF, 0xFF, 0xFF, 0xFF, 0x98, 0x11, 0x00, 0x00, 0x00, 0x00,
  0x00, 0x00, 0x00, 0x00, 0x00, 0x00, 0xAB, 0xB6, 0x40, 0x00, 0x00, 0x00, 0x00, 0x00, 0x00, 0x00,
  0x00, 0xAC, 0xFF, 0xFF, 0xCA, 0x55, 0x03, 0x00, 0x00, 0x00, 0x00, 0x00, 0x6C, 0xF0, 0xFF, 0xFF,
  0xFF, 0xDC, 0x6A, 0x09, 0x00, 0x00, 0x00, 0x00, 0x0B, 0x69, 0xD5, 0xFF, 0xFF, 0xFF, 0xEB, 0x7F,
  0x14, 0x00, 0x00, 0x00, 0x00, 0x00, 0x43, 0xB0, 0xFD, 0xFF, 0xFF, 0xF5, 0x93, 0x00, 0x00, 0x00,
  0x00, 0x00, 0x00, 0x20, 0xA2, 0xFF, 0xFF, 0xFC, 0x00, 0x00, 0x00, 0x00, 0x00, 0x31, 0x9D, 0xF6,
  0xFF, 0xFF, 0xF3, 0x00, 0x00, 0x05, 0x57, 0xC4, 0xFF, 0xFF, 0xFF, 0xED, 0x83, 0x15, 0x18, 0x7E,
  0xE6, 0xFF, 0xFF, 0xFF, 0xDF, 0x6E, 0x0A, 0x00, 0x00, 0xAC, 0xFF, 0xFF, 0xFF, 0xCD, 0x59, 0x03,
  0x00, 0x00, 0x00, 0x00, 0xAC, 0xFF, 0xB9, 0x44, 0x00, 0x00, 0x00, 0x00, 0x00, 0x00, 0x00, 0x61,
  0x2F, 0x00, 0x00, 0x00, 0x00, 0x00, 0x00, 0x00, 0x00, 0x00, 0x00, 0x00, 0x12, 0x88, 0xD6, 0xF6,
  0xF0, 0xC9, 0x70, 0x06, 0x00, 0x00, 0x1F, 0xE3, 0xFF, 0xFF, 0xFF, 0xFF, 0xFF, 0xFF, 0xC8, 0x0B,
  0x00, 0xB2, 0xFF, 0xFF, 0xBE, 0x59, 0x6A, 0xE2, 0xFF, 0xFF, 0x81, 0x06, 0xFD, 0xFF, 0xD3, 0x04,
  0x00, 0x00, 0x27, 0xFF, 0xFF, 0xCC, 0x0B, 0x60, 0x60, 0x3C, 0x00, 0x00, 0x00, 0x06, 0xFE, 0xFF,
  0xD7, 0x00, 0x00, 0x00, 0x00, 0x00, 0x00, 0x00, 0x6D, 0xFF, 0xFF, 0xA6, 0x00, 0x00, 0x00, 0x00,
  0x00, 0x02, 0x82, 0xFF, 0xFF, 0xF4, 0x2C, 0x00, 0x00, 0x00, 0x00, 0x0A, 0xBF, 0xFF, 0xFF, 0xE3,
  0x3B, 0x00, 0x00, 0x00, 0x00, 0x00, 0x79, 0xFF, 0xFF, 0xB5, 0x11, 0x00, 0x00, 0x00, 0x00, 0x00,
  0x00, 0xBB, 0xFF, 0xED, 0x0E, 0x00, 0x00, 0x00, 0x00, 0x00, 0x00, 0x00, 0xCF, 0xFF, 0xC1, 0x00,
  0x00, 0x00, 0x00, 0x00, 0x00, 0x00, 0x00, 0x03, 0x04, 0x02, 0x00, 0x00, 0x00, 0x00, 0x00, 0x00,
  0x00, 0x00, 0x19, 0x4C, 0x14, 0x00, 0x00, 0x00, 0x00, 0x00, 0x00, 0x00, 0x17, 0xEE, 0xFF, 0xE5,
  0x0C, 0x00, 0x00, 0x00, 0x00, 0x00, 0x00, 0x3E, 0xFF, 0xFF, 0xFF, 0x2A, 0x00, 0x00, 0x00, 0x00,
  0x00, 0x00, 0x05, 0xAF, 0xF5, 0xA1, 0x01, 0x00, 0x00, 0x00, 0x00, 0x00, 0x00, 0x00, 0x00, 0x1B,
  0x70, 0xB4, 0xDD, 0xF1, 0xF8, 0xE4, 0xC4, 0x80, 0x2A, 0x00, 0x00, 0x00, 0x00, 0x00, 0x00, 0x00,
  0x00, 0x0C, 0x93, 0xF8, 0xFF, 0xFF, 0xFF, 0xFF, 0xFF, 0xFF, 0xFF, 0xFF, 0xFD, 0xA5, 0x15, 0x00,
  0x00, 0x00, 0x00, 0x00, 0x1E, 0xD3, 0xFF, 0xFF, 0xDF, 0x85, 0x47, 0x2D, 0x22, 0x35, 0x63, 0xB4,
  0xFF, 0xFF, 0xE0, 0x2A, 0x00, 0x00, 0x00, 0x09, 0xD0, 0xFF, 0xFB, 0x73, 0x05, 0x00, 0x00, 0x00,
  0x00, 0x00, 0x00, 0x00, 0x39, 0xE4, 0xFF, 0xDE, 0x12, 0x00, 0x00, 0x8B, 0xFF, 0xFF, 0x54, 0x00,
  0x00, 0x00, 0x02, 0x1B, 0x0B, 0x00, 0x0F, 0x24, 0x15, 0x1F, 0xED, 0xFF, 0x9E, 0x00, 0x13, 0xF4,
  0xFF, 0x9C, 0x00, 0x00, 0x07, 0x8F, 0xF4, 0xFF, 0xFC, 0xAB, 0x80, 0xFF, 0x98, 0x00, 0x61, 0xFF,
  0xFB, 0x1F, 0x62, 0xFF, 0xFF, 0x23, 0x00, 0x01, 0xB8, 0xFF, 0xFF, 0xFF, 0xFF, 0xFF, 0xFA, 0xFF,
  0x98, 0x00, 0x06, 0xEB, 0xFF, 0x71, 0xA1, 0xFF, 0xD6, 0x00, 0x00, 0x5C, 0xFF, 0xFB, 0x69, 0x0C,
  0x17, 0x8C, 0xFF, 0xFF, 0x98, 0x00, 0x00, 0xAA, 0xFF, 0xB1, 0xC6, 0xFF, 0xA5, 0x00, 0x00, 0xB9,
  0xFF, 0x90, 0x00, 0x00, 0x00, 0x00, 0xD2, 0xFF, 0x98, 0x00, 0x00, 0x83, 0xFF, 0xCD, 0xD9, 0xFF,
  0x91, 0x00, 0x00, 0xE7, 0xFF, 0x42, 0x00, 0x00, 0x00, 0x00, 0x95, 0xFF, 0x98, 0x00, 0x00, 0x73,
  0xFF, 0xD9, 0xDB, 0xFF, 0x90, 0x00, 0x00, 0xF6, 0xFF, 0x30, 0x00, 0x00, 0x00, 0x00, 0x88, 0xFF,
  0x98, 0x00, 0x00, 0x77, 0xFF, 0xC7, 0xC8, 0xFF, 0xA2, 0x00, 0x00, 0xE4, 0xFF, 0x46, 0x00, 0x00,
  0x00, 0x00, 0x9C, 0xFF, 0x98, 0x00, 0x00, 0x8B, 0xFF, 0xB2, 0xAA, 0xFF, 0xD1, 0x00, 0x00, 0xB2,
  0xFF, 0x8D, 0x00, 0x00, 0x00, 0x02, 0xDC, 0xFF, 0x99, 0x00, 0x00, 0xB4, 0xFF, 0x84, 0x6B, 0xFF,
  0xFE, 0x1D, 0x00, 0x57, 0xFF, 0xF7, 0x4A, 0x00, 0x08, 0x8B, 0xFF, 0xFF, 0xC9, 0x04, 0x2F, 0xF9,
  0xFF, 0x2F, 0x1F, 0xFB, 0xFF, 0x94, 0x00, 0x00, 0xB3, 0xFF, 0xFF, 0xF0, 0xF9, 0xFF, 0xA4, 0xFD,
  0xFF, 0xF2, 0xFE, 0xFF, 0xA2, 0x00, 0x00, 0xA0, 0xFF, 0xFE, 0x4D, 0x00, 0x06, 0x7D, 0xDB, 0xF8,
  0xE0, 0x7E, 0x03, 0x52, 0xD0, 0xF6, 0xE5, 0x89, 0x06, 0x00, 0x00, 0x16, 0xE2, 0xFF, 0xFA, 0x71,
  0x05, 0x00, 0x00, 0x00, 0x00, 0x00, 0x00, 0x00, 0x00, 0x00, 0x00, 0x00, 0x00, 0x00, 0x00, 0x00,
  0x2F, 0xE3, 0xFF, 0xFF, 0xE2, 0x8B, 0x51, 0x35, 0x27, 0x31, 0x48, 0x74, 0x97, 0x00, 0x00, 0x00,
  0x00, 0x00, 0x00, 0x00, 0x00, 0x13, 0xA3, 0xFB, 0xFF, 0xFF, 0xFF, 0xFF, 0xFF, 0xFF, 0xFF, 0xFF,
  0xFF, 0x42, 0x00, 0x00, 0x00, 0x00, 0x00, 0x00, 0x00, 0x00, 0x00, 0x20, 0x77, 0xB5, 0xDE, 0xF1,
  0xFB, 0xEB, 0xD1, 0x9E, 0x5C, 0x0B, 0x00, 0x00, 0x00, 0x00, 0x00, 0x00, 0x00, 0x00, 0x00, 0x12,
  0xFA, 0xFF, 0xFF, 0xEB, 0x05, 0x00, 0x00, 0x00, 0x00, 0x00, 0x00, 0x00, 0x00, 0x00, 0x00, 0x67,
  0xFF, 0xFF, 0xFF, 0xFF, 0x4C, 0x00, 0x00, 0x00, 0x00, 0x00, 0x00, 0x00, 0x00, 0x00, 0x00, 0xC0,
  0xFF, 0xE3, 0xF8, 0xFF, 0xA8, 0x00, 0x00, 0x00, 0x00, 0x00, 0x00, 0x00, 0x00, 0x00, 0x1B, 0xFD,
  0xFF, 0x97, 0xBC, 0xFF, 0xF6, 0x0D, 0x00, 0x00, 0x00, 0x00, 0x00, 0x00, 0x00, 0x00, 0x73, 0xFF,
  0xFF, 0x54, 0x77, 0xFF, 0xFF, 0x5F, 0x00, 0x00, 0x00, 0x00, 0x00, 0x00, 0x00, 0x00, 0xCD, 0xFF,
  0xFD, 0x11, 0x2F, 0xFF, 0xFF, 0xBA, 0x00, 0x00, 0x00, 0x00, 0x00, 0x00, 0x00, 0x26, 0xFF, 0xFF,
  0xC6, 0x00, 0x00, 0xE2, 0xFF, 0xFC, 0x19, 0x00, 0x00, 0x00, 0x00, 0x00, 0x00, 0x80, 0xFF, 0xFF,
  0x79, 0x00, 0x00, 0x93, 0xFF, 0xFF, 0x71, 0x00, 0x00, 0x00, 0x00, 0x00, 0x00, 0xD8, 0xFF, 0xFF,
  0x27, 0x00, 0x00, 0x3D, 0xFF, 0xFF, 0xCD, 0x00, 0x00, 0x00, 0x00, 0x00, 0x33, 0xFF, 0xFF, 0xFF,
  0x48, 0x48, 0x48, 0x49, 0xFF, 0xFF, 0xFF, 0x28, 0x00, 0x00, 0x00, 0x00, 0x8C, 0xFF, 0xFF, 0xFF,
  0xFF, 0xFF, 0xFF, 0xFF, 0xFF, 0xFF, 0xFF, 0x84, 0x00, 0x00, 0x00, 0x01, 0xE3, 0xFF, 0xFF, 0xFF,
  0xFF, 0xFF, 0xFF, 0xFF, 0xFF, 0xFF, 0xFF, 0xDE, 0x00, 0x00, 0x00, 0x3F, 0xFF, 0xFF, 0xD4, 0x00,
  0x00, 0x00, 0x00, 0x00, 0x00, 0xDE, 0xFF, 0xFF, 0x3B, 0x00, 0x00, 0x99, 0xFF, 0xFF, 0x7F, 0x00,
  0x00, 0x00, 0x00, 0x00, 0x00, 0x87, 0xFF, 0xFF, 0x96, 0x00, 0x05, 0xEC, 0xFF, 0xFF, 0x2A, 0x00,
  0x00, 0x00, 0x00, 0x00, 0x00, 0x30, 0xFF, 0xFF, 0xEC, 0x05, 0x4B, 0xFF, 0xFF, 0xD6, 0x00, 0x00,
  0x00, 0x00, 0x00, 0x00, 0x00, 0x00, 0xD7, 0xFF, 0xFF, 0x4E, 0x64, 0xFF, 0xFF, 0xFF, 0xFF, 0xFF,
  0xFF, 0xEE, 0xC9, 0x72, 0x06, 0x00, 0x00, 0x64, 0xFF, 0xFF, 0xFF, 0xFF, 0xFF, 0xFF, 0xFF, 0xFF,
  0xFF, 0xCB, 0x0B, 0x00, 0x64, 0xFF, 0xFF, 0xA9, 0x58, 0x58, 0x5D, 0x88, 0xF2, 0xFF, 0xFF, 0x83,
  0x00, 0x64, 0xFF, 0xFF, 0x7C, 0x00, 0x00, 0x00, 0x00, 0x49, 0xFF, 0xFF, 0xD0, 0x00, 0x64, 0xFF,
  0xFF, 0x7C, 0x00, 0x00, 0x00, 0x00, 0x04, 0xFE, 0xFF, 0xDE, 0x00, 0x64, 0xFF, 0xFF, 0x7C, 0x00,
  0x00, 0x00, 0x00, 0x31, 0xFF, 0xFF, 0xAD, 0x00, 0x64, 0xFF, 0xFF, 0x82, 0x0C, 0x0C, 0x11, 0x47,
  0xDC, 0xFF, 0xEC, 0x29, 0x00, 0x64, 0xFF, 0xFF, 0xFF, 0xFF, 0xFF, 0xFF, 0xFF, 0xFF, 0x9E, 0x18,
  0x00, 0x00, 0x64, 0xFF, 0xFF, 0xFF, 0xFF, 0xFF, 0xFF, 0xFF, 0xFF, 0xFF, 0xBF, 0x20, 0x00, 0x64,
  0xFF, 0xFF, 0x7C, 0x00, 0x00, 0x01, 0x1A, 0x83, 0xFF, 0xFF, 0xD9, 0x08, 0x64, 0xFF, 0xFF, 0x7C,
  0x00, 0x00, 0x00, 0x00, 0x00, 0xA3, 0xFF, 0xFF, 0x57, 0x64, 0xFF, 0xFF, 0x7C, 0x00, 0x00, 0x00,
  0x00, 0x00, 0x6F, 0xFF, 0xFF, 0x7F, 0x64, 0xFF, 0xFF, 0x7C, 0x00, 0x00, 0x00, 0x00, 0x00, 0xB7,
  0xFF, 0xFF, 0x6C, 0x64, 0xFF, 0xFF, 0xAB, 0x5C, 0x5C, 0x5E, 0x75, 0xC4, 0xFF, 0xFF, 0xFB, 0x1D,
  0x64, 0xFF, 0xFF, 0xFF, 0xFF, 0xFF, 0xFF, 0xFF, 0xFF, 0xFF, 0xFD, 0x66, 0x00, 0x64, 0xFF, 0xFF,
  0xFF, 0xFF, 0xFF, 0xFF, 0xF6, 0xDF, 0xA0, 0x33, 0x00, 0x00, 0x00, 0x00, 0x00, 0x09, 0x60, 0xBC,
  0xE2, 0xF9, 0xEA, 0xBA, 0x63, 0x05, 0x00, 0x00, 0x00, 0x00, 0x00, 0x29, 0xD8, 0xFF, 0xFF, 0xFF,
  0xFF, 0xFF, 0xFF, 0xFF, 0xD3, 0x22, 0x00, 0x00, 0x00, 0x21, 0xF0, 0xFF, 0xFF, 0xF4, 0xAA, 0x91,
  0xB1, 0xF7, 0xFF, 0xFF, 0xE2, 0x12, 0x00, 0x00, 0xC5, 0xFF, 0xFF, 0xB9, 0x12, 0x00, 0x00, 0x00,
  0x19, 0xC9, 0xFF, 0xFF, 0x91, 0x00, 0x3A, 0xFF, 0xFF, 0xDD, 0x09, 0x00, 0x00, 0x00, 0x00, 0x00,
  0x18, 0xFA, 0xFF, 0xF0, 0x03, 0x93, 0xFF, 0xFF, 0x69, 0x00, 0x00, 0x00, 0x00, 0x00, 0x00, 0x00,
  0x51, 0x68, 0x68, 0x0C, 0xBD, 0xFF, 0xFF, 0x22, 0x00, 0x00, 0x00, 0x00, 0x00, 0x00, 0x00, 0x00,
  0x00, 0x00, 0x00, 0xD7, 0xFF, 0xFF, 0x07, 0x00, 0x00, 0x00, 0x00, 0x00, 0x00, 0x00, 0x00, 0x00,
  0x00, 0x00, 0xD7, 0xFF, 0xFF, 0x07, 0x00, 0x00, 0x00, 0x00, 0x00, 0x00, 0x00, 0x00, 0x00, 0x00,
  0x00, 0xBD, 0xFF, 0xFF, 0x21, 0x00, 0x00, 0x00, 0x00, 0x00, 0x00, 0x00, 0x00, 0x00, 0x00, 0x00,
  0x94, 0xFF, 0xFF, 0x67, 0x00, 0x00, 0x00, 0x00, 0x00, 0x00, 0x00, 0x55, 0x6C, 0x6C, 0x0E, 0x3B,
  0xFF, 0xFF, 0xD9, 0x08, 0x00, 0x00, 0x00, 0x00, 0x00, 0x18, 0xFA, 0xFF, 0xF1, 0x04, 0x00, 0xC8,
  0xFF, 0xFF, 0xB4, 0x10, 0x00, 0x00, 0x00, 0x18, 0xC9, 0xFF, 0xFF, 0x8D, 0x00, 0x00, 0x23, 0xF1,
  0xFF, 0xFF, 0xF3, 0xAC, 0x94, 0xB1, 0xF7, 0xFF, 0xFF, 0xDA, 0x0D, 0x00, 0x00, 0x00, 0x2C, 0xDA,
  0xFF, 0xFF, 0xFF, 0xFF, 0xFF, 0xFF, 0xFF, 0xCB, 0x1D, 0x00, 0x00, 0x00, 0x00, 0x00, 0x09, 0x62,
  0xBE, 0xE4, 0xFA, 0xE9, 0xB6, 0x5B, 0x04, 0x00, 0x00, 0x00, 0x64, 0xFF, 0xFF, 0xFF, 0xFF, 0xFF,
  0xF5, 0xD9, 0xAE, 0x4F, 0x04, 0x00, 0x00, 0x00, 0x64, 0xFF, 0xFF, 0xFF, 0xFF, 0xFF, 0xFF, 0xFF,
  0xFF, 0xFF, 0xC9, 0x1E, 0x00, 0x00, 0x64, 0xFF, 0xFF, 0xF0, 0x74, 0x74, 0x82, 0xA5, 0xF2, 0xFF,
  0xFF, 0xE7, 0x15, 0x00, 0x64, 0xFF, 0xFF, 0x7C, 0x00, 0x00, 0x00, 0x00, 0x0F, 0xB1, 0xFF, 0xFF,
  0xAF, 0x00, 0x64, 0xFF, 0xFF, 0x7C, 0x00, 0x00, 0x00, 0x00, 0x00, 0x09, 0xDA, 0xFF, 0xFE, 0x20,
  0x64, 0xFF, 0xFF, 0x7C, 0x00, 0x00, 0x00, 0x00, 0x00, 0x00, 0x71, 0xFF, 0xFF, 0x76, 0x64, 0xFF,
  0xFF, 0x7C, 0x00, 0x00, 0x00, 0x00, 0x00, 0x00, 0x2F, 0xFF, 0xFF, 0x9E, 0x64, 0xFF, 0xFF, 0x7C,
  0x00, 0x00, 0x00, 0x00, 0x00, 0x00, 0x16, 0xFF, 0xFF, 0xB7, 0x64, 0xFF, 0xFF, 0x7C, 0x00, 0x00,
  0x00, 0x00, 0x00, 0x00, 0x18, 0xFF, 0xFF, 0xB6, 0x64, 0xFF, 0xFF, 0x7C, 0x00, 0x00, 0x00, 0x00,
  0x00, 0x00, 0x30, 0xFF, 0xFF, 0x9C, 0x64, 0xFF, 0xFF, 0x7C, 0x00, 0x00, 0x00, 0x00, 0x00, 0x00,
  0x72, 0xFF, 0xFF, 0x74, 0x64, 0xFF, 0xFF, 0x7C, 0x00, 0x00, 0x00, 0x00, 0x00, 0x09, 0xDC, 0xFF,
  0xFE, 0x1E, 0x64, 0xFF, 0xFF, 0x7C, 0x00, 0x00, 0x00, 0x00, 0x10, 0xB4, 0xFF, 0xFF, 0xAD, 0x00,
  0x64, 0xFF, 0xFF, 0xF0, 0x74, 0x74, 0x83, 0xA7, 0xF3, 0xFF, 0xFF, 0xE7, 0x15, 0x00, 0x64, 0xFF,
  0xFF, 0xFF, 0xFF, 0xFF, 0xFF, 0xFF, 0xFF, 0xFF, 0xCA, 0x1F, 0x00, 0x00, 0x64, 0xFF, 0xFF, 0xFF,
  0xFF, 0xFF, 0xF3, 0xD8, 0xAC, 0x50, 0x04, 0x00, 0x00, 0x00, 0x64, 0xFF, 0xFF, 0xFF, 0xFF, 0xFF,
  0xFF, 0xFF, 0xFF, 0xFF, 0xFF, 0x04, 0x64, 0xFF, 0xFF, 0xFF, 0xFF, 0xFF, 0xFF, 0xFF, 0xFF, 0xFF,
  0xFF, 0x04, 0x64, 0xFF, 0xFF, 0xAD, 0x60, 0x60, 0x60, 0x60, 0x60, 0x60, 0x60, 0x01, 0x64, 0xFF,
  0xFF, 0x7C, 0x00, 0x00, 0x00, 0x00, 0x00, 0x00, 0x00, 0x00, 0x64, 0xFF, 0xFF, 0x7C, 0x00, 0x00,
  0x00, 0x00, 0x00, 0x00, 0x00, 0x00, 0x64, 0xFF, 0xFF, 0x7C, 0x00, 0x00, 0x00, 0x00, 0x00, 0x00,
  0x00, 0x00, 0x64, 0xFF, 0xFF, 0x7C, 0x00, 0x00, 0x00, 0x00, 0x00, 0x00, 0x00, 0x00, 0x64, 0xFF,
  0xFF, 0xFF, 0xFF, 0xFF, 0xFF, 0xFF, 0xFF, 0xFF, 0x74, 0x00, 0x64, 0xFF, 0xFF, 0xFF, 0xFF, 0xFF,
  0xFF, 0xFF, 0xFF, 0xFF, 0x74, 0x00, 0x64, 0xFF, 0xFF, 0xAB, 0x5C, 0x5C, 0x5C, 0x5C, 0x5C, 0x5C,
  0x29, 0x00, 0x64, 0xFF, 0xFF, 0x7C, 0x00, 0x00, 0x00, 0x00, 0x00, 0x00, 0x00, 0x00, 0x64, 0xFF,
  0xFF, 0x7C, 0x00, 0x00, 0x00, 0x00, 0x00, 0x00, 0x00, 0x00, 0x64, 0xFF, 0xFF, 0x7C, 0x00, 0x00,
  0x00, 0x00, 0x00, 0x00, 0x00, 0x00, 0x64, 0xFF, 0xFF, 0xAF, 0x64, 0x64, 0x64, 0x64, 0x64, 0x64,
  0x64, 0x04, 0x64, 0xFF, 0xFF, 0xFF, 0xFF, 0xFF, 0xFF, 0xFF, 0xFF, 0xFF, 0xFF, 0x0C, 0x64, 0xFF,
  0xFF, 0xFF, 0xFF, 0xFF, 0xFF, 0xFF, 0xFF, 0xFF, 0xFF, 0x0C, 0x64, 0xFF, 0xFF, 0xFF, 0xFF, 0xFF,
  0xFF, 0xFF, 0xFF, 0xFF, 0xDC, 0x64, 0xFF, 0xFF, 0xFF, 0xFF, 0xFF, 0xFF, 0xFF, 0xFF, 0xFF, 0xDC,
  0x64, 0xFF, 0xFF, 0xAD, 0x60, 0x60, 0x60, 0x60, 0x60, 0x60, 0x52, 0x64, 0xFF, 0xFF, 0x7C, 0x00,
  0x00, 0x00, 0x00, 0x00, 0x00, 0x00, 0x64, 0xFF, 0xFF, 0x7C, 0x00, 0x00, 0x00, 0x00, 0x00, 0x00,
  0x00, 0x64, 0xFF, 0xFF, 0x7C, 0x00, 0x00, 0x00, 0x00, 0x00, 0x00, 0x00, 0x64, 0xFF, 0xFF, 0x7C,
  0x00, 0x00, 0x00, 0x00, 0x00, 0x00, 0x00, 0x64, 0xFF, 0xFF, 0xAB, 0x5C, 0x5C, 0x5C, 0x5C, 0x5C,
  0x5C, 0x0C, 0x64, 0xFF, 0xFF, 0xFF, 0xFF, 0xFF, 0xFF, 0xFF, 0xFF, 0xFF, 0x24, 0x64, 0xFF, 0xFF,
  0xFF, 0xFF, 0xFF, 0xFF, 0xFF, 0xFF, 0xFF, 0x24, 0x64, 0xFF, 0xFF, 0x7C, 0x00, 0x00, 0x00, 0x00,
  0x00, 0x00, 0x00, 0x64, 0xFF, 0xFF, 0x7C, 0x00, 0x00, 0x00, 0x00, 0x00, 0x00, 0x00, 0x64, 0xFF,
  0xFF, 0x7C, 0x00, 0x00, 0x00, 0x00, 0x00, 0x00, 0x00, 0x64, 0xFF, 0xFF, 0x7C, 0x00, 0x00, 0x00,
  0x00, 0x00, 0x00, 0x00, 0x64, 0xFF, 0xFF, 0x7C, 0x00, 0x00, 0x00, 0x00, 0x00, 0x00, 0x00, 0x64,
  0xFF, 0xFF, 0x7C, 0x00, 0x00, 0x00, 0x00, 0x00, 0x00, 0x00, 0x00, 0x00, 0x00, 0x09, 0x60, 0xBC,
  0xE2, 0xF9, 0xE8, 0xB4, 0x5A, 0x03, 0x00, 0x00, 0x00, 0x00, 0x00, 0x29, 0xD8, 0xFF, 0xFF, 0xFF,
  0xFF, 0xFF, 0xFF, 0xFF, 0xCC, 0x1E, 0x00, 0x00, 0x00, 0x21, 0xF0, 0xFF, 0xFF, 0xF4, 0xAA, 0x91,
  0xAF, 0xF8, 0xFF, 0xFF, 0xDE, 0x0F, 0x00, 0x00, 0xC5, 0xFF, 0xFF, 0xB8, 0x12, 0x00, 0x00, 0x00,
  0x1C, 0xD4, 0xFF, 0xFF, 0x90, 0x00, 0x3A, 0xFF, 0xFF, 0xDB, 0x09, 0x00, 0x00, 0x00, 0x00, 0x00,
  0x25, 0xFD, 0xFF, 0xF2, 0x04, 0x93, 0xFF, 0xFF, 0x68, 0x00, 0x00, 0x00, 0x00, 0x00, 0x00, 0x00,
  0x3B, 0x48, 0x48, 0x09, 0xBD, 0xFF, 0xFF, 0x21, 0x00, 0x00, 0x00, 0x00, 0x00, 0x00, 0x00, 0x00,
  0x00, 0x00, 0x00, 0xD7, 0xFF, 0xFF, 0x07, 0x00, 0x00, 0x00, 0x0A, 0x3C, 0x3C, 0x3C, 0x3C, 0x3C,
  0x3C, 0x12, 0xD7, 0xFF, 0xFF, 0x07, 0x00, 0x00, 0x00, 0x2C, 0xFF, 0xFF, 0xFF, 0xFF, 0xFF, 0xFF,
  0x50, 0xBE, 0xFF, 0xFF, 0x22, 0x00, 0x00, 0x00, 0x2C, 0xFF, 0xFF, 0xFF, 0xFF, 0xFF, 0xFF, 0x4D,
  0x94, 0xFF, 0xFF, 0x69, 0x00, 0x00, 0x00, 0x00, 0x00, 0x00, 0x00, 0x8B, 0xFF, 0xFF, 0x34, 0x3D,
  0xFF, 0xFF, 0xDC, 0x09, 0x00, 0x00, 0x00, 0x00, 0x00, 0x02, 0xD7, 0xFF, 0xFA, 0x10, 0x01, 0xC8,
  0xFF, 0xFF, 0xB8, 0x12, 0x00, 0x00, 0x00, 0x08, 0x9B, 0xFF, 0xFF, 0xA6, 0x00, 0x00, 0x24, 0xF2,
  0xFF, 0xFF, 0xF5, 0xAE, 0x92, 0xA6, 0xE9, 0xFF, 0xFF, 0xEB, 0x1F, 0x00, 0x00, 0x00, 0x2B, 0xDB,
  0xFF, 0xFF, 0xFF, 0xFF, 0xFF, 0xFF, 0xFF, 0xDC, 0x34, 0x00, 0x00, 0x00, 0x00, 0x00, 0x09, 0x61,
  0xBC, 0xE2, 0xF9, 0xE7, 0xC0, 0x6C, 0x0C, 0x00, 0x00, 0x00, 0x64, 0xFF, 0xFF, 0x7C, 0x00, 0x00,
  0x00, 0x00, 0x00, 0x00, 0x14, 0xFF, 0xFF, 0xCC, 0x64, 0xFF, 0xFF, 0x7C, 0x00, 0x00, 0x00, 0x00,
  0x00, 0x00, 0x14, 0xFF, 0xFF, 0xCC, 0x64, 0xFF, 0xFF, 0x7C, 0x00, 0x00, 0x00, 0x00, 0x00, 0x00,
  0x14, 0xFF, 0xFF, 0xCC, 0x64, 0xFF, 0xFF, 0x7C, 0x00, 0x00, 0x00, 0x00, 0x00, 0x00, 0x14, 0xFF,
  0xFF, 0xCC, 0x64, 0xFF, 0xFF, 0x7C, 0x00, 0x00, 0x00, 0x00, 0x00, 0x00, 0x14, 0xFF, 0xFF, 0xCC,
  0x64, 0xFF, 0xFF, 0x7C, 0x00, 0x00, 0x00, 0x00, 0x00, 0x00, 0x14, 0xFF, 0xFF, 0xCC, 0x64, 0xFF,
  0xFF, 0xAF, 0x64, 0x64, 0x64, 0x64, 0x64, 0x64, 0x70, 0xFF, 0xFF, 0xCC, 0x64, 0xFF, 0xFF, 0xFF,
  0xFF, 0xFF, 0xFF, 0xFF, 0xFF, 0xFF, 0xFF, 0xFF, 0xFF, 0xCC, 0x64, 0xFF, 0xFF, 0xFF, 0xFF, 0xFF,
  0xFF, 0xFF, 0xFF, 0xFF, 0xFF, 0xFF, 0xFF, 0xCC, 0x64, 0xFF, 0xFF, 0x7C, 0x00, 0x00, 0x00, 0x00,
  0x00, 0x00, 0x14, 0xFF, 0xFF, 0xCC, 0x64, 0xFF, 0xFF, 0x7C, 0x00, 0x00, 0x00, 0x00, 0x00, 0x00,
  0x14, 0xFF, 0xFF, 0xCC, 0x64, 0xFF, 0xFF, 0x7C, 0x00, 0x00, 0x00, 0x00, 0x00, 0x00, 0x14, 0xFF,
  0xFF, 0xCC, 0x64, 0xFF, 0xFF, 0x7C, 0x00, 0x00, 0x00, 0x00, 0x00, 0x00, 0x14, 0xFF, 0xFF, 0xCC,
  0x64, 0xFF, 0xFF, 0x7C, 0x00, 0x00, 0x00, 0x00, 0x00, 0x00, 0x14, 0xFF, 0xFF, 0xCC, 0x64, 0xFF,
  0xFF, 0x7C, 0x00, 0x00, 0x00, 0x00, 0x00, 0x00, 0x14, 0xFF, 0xFF, 0xCC, 0x64, 0xFF, 0xFF, 0x7C,
  0x00, 0x00, 0x00, 0x00, 0x00, 0x00, 0x14, 0xFF, 0xFF, 0xCC, 0x64, 0xFF, 0xFF, 0x7C, 0x64, 0xFF,
  0xFF, 0x7C, 0x64, 0xFF, 0xFF, 0x7C, 0x64, 0xFF, 0xFF, 0x7C, 0x64, 0xFF, 0xFF, 0x7C, 0x64, 0xFF,
  0xFF, 0x7C, 0x64, 0xFF, 0xFF, 0x7C, 0x64, 0xFF, 0xFF, 0x7C, 0x64, 0xFF, 0xFF, 0x7C, 0x64, 0xFF,
  0xFF, 0x7C, 0x64, 0xFF, 0xFF, 0x7C, 0x64, 0xFF, 0xFF, 0x7C, 0x64, 0xFF, 0xFF, 0x7C, 0x64, 0xFF,
  0xFF, 0x7C, 0x64, 0xFF, 0xFF, 0x7C, 0x64, 0xFF, 0xFF, 0x7C, 0x00, 0x00, 0x00, 0x00, 0x00, 0x00,
  0x00, 0x00, 0xB4, 0xFF, 0xFF, 0x28, 0x00, 0x00, 0x00, 0x00, 0x00, 0x00, 0x00, 0x00, 0xB4, 0xFF,
  0xFF, 0x28, 0x00, 0x00, 0x00, 0x00, 0x00, 0x00, 0x00, 0x00, 0xB4, 0xFF, 0xFF, 0x28, 0x00, 0x00,
  0x00, 0x00, 0x00, 0x00, 0x00, 0x00, 0xB4, 0xFF, 0xFF, 0x28, 0x00, 0x00, 0x00, 0x00, 0x00, 0x00,
  0x00, 0x00, 0xB4, 0xFF, 0xFF, 0x28, 0x00, 0x00, 0x00, 0x00, 0x00, 0x00, 0x00, 0x00, 0xB4, 0xFF,
  0xFF, 0x28, 0x00, 0x00, 0x00, 0x00, 0x00, 0x00, 0x00, 0x00, 0xB4, 0xFF, 0xFF, 0x28, 0x00, 0x00,
  0x00, 0x00, 0x00, 0x00, 0x00, 0x00, 0xB4, 0xFF, 0xFF, 0x28, 0x00, 0x00, 0x00, 0x00, 0x00, 0x00,
  0x00, 0x00, 0xB4, 0xFF, 0xFF, 0x28, 0x00, 0x00, 0x00, 0x00, 0x00, 0x00, 0x00, 0x00, 0xB4, 0xFF,
  0xFF, 0x28, 0x1F, 0xC8, 0xC8, 0x8C, 0x00, 0x00, 0x00, 0x00, 0xB4, 0xFF, 0xFF, 0x28, 0x20, 0xFF,
  0xFF, 0xC1, 0x00, 0x00, 0x00, 0x00, 0xC1, 0xFF, 0xFF, 0x1F, 0x06, 0xF6, 0xFF, 0xF2, 0x15, 0x00,
  0x00, 0x15, 0xF2, 0xFF, 0xF6, 0x06, 0x00, 0xA4, 0xFF, 0xFF, 0xD7, 0x6E, 0x6D, 0xD6, 0xFF, 0xFF,
  0xA3, 0x00, 0x00, 0x17, 0xDB, 0xFF, 0xFF, 0xFF, 0xFF, 0xFF, 0xFF, 0xDB, 0x17, 0x00, 0x00, 0x00,
  0x0F, 0x83, 0xD4, 0xF7, 0xF7, 0xD5, 0x84, 0x0F, 0x00, 0x00, 0x64, 0xFF, 0xFF, 0x7C, 0x00, 0x00,
  0x00, 0x00, 0x00, 0x3F, 0xF9, 0xFF, 0xFE, 0x5B, 0x64, 0xFF, 0xFF, 0x7C, 0x00, 0x00, 0x00, 0x00,
  0x29, 0xEE, 0xFF, 0xFF, 0x76, 0x00, 0x64, 0xFF, 0xFF, 0x7C, 0x00, 0x00, 0x00, 0x18, 0xE0, 0xFF,
  0xFF, 0x94, 0x00, 0x00, 0x64, 0xFF, 0xFF, 0x7C, 0x00, 0x00, 0x0B, 0xCC, 0xFF, 0xFF, 0xAD, 0x02,
  0x00, 0x00, 0x64, 0xFF, 0xFF, 0x7B, 0x00, 0x03, 0xB5, 0xFF, 0xFF, 0xC4, 0x08, 0x00, 0x00, 0x00,
  0x64, 0xFF, 0xFF, 0x78, 0x00, 0x90, 0xFF, 0xFF, 0xD7, 0x12, 0x00, 0x00, 0x00, 0x00, 0x64, 0xFF,
  0xFF, 0x74, 0x5E, 0xFF, 0xFF, 0xFF, 0x1F, 0x00, 0x00, 0x00, 0x00, 0x00, 0x64, 0xFF, 0xFF, 0x95,
  0xF3, 0xFF, 0xFF, 0xFF, 0x1C, 0x00, 0x00, 0x00, 0x00, 0x00, 0x64, 0xFF, 0xFF, 0xFF, 0xFF, 0xFF,
  0xFF, 0xFF, 0xBB, 0x01, 0x00, 0x00, 0x00, 0x00, 0x64, 0xFF, 0xFF, 0xFF, 0xE6, 0x29, 0xD8, 0xFF,
  0xFF, 0x6D, 0x00, 0x00, 0x00, 0x00, 0x64, 0xFF, 0xFF, 0xFF, 0x2D, 0x00, 0x37, 0xFC, 0xFF, 0xF6,
  0x27, 0x00, 0x00, 0x00, 0x64, 0xFF, 0xFF, 0xB8, 0x00, 0x00, 0x00, 0x87, 0xFF, 0xFF, 0xCA, 0x04,
  0x00, 0x00, 0x64, 0xFF, 0xFF, 0x7C, 0x00, 0x00, 0x00, 0x06, 0xD3, 0xFF, 0xFF, 0x7E, 0x00, 0x00,
  0x64, 0xFF, 0xFF, 0x7C, 0x00, 0x00, 0x00, 0x00, 0x32, 0xFB, 0xFF, 0xFB, 0x33, 0x00, 0x64, 0xFF,
  0xFF, 0x7C, 0x00, 0x00, 0x00, 0x00, 0x00, 0x80, 0xFF, 0xFF, 0xD6, 0x08, 0x64, 0xFF, 0xFF, 0x7C,
  0x00, 0x00, 0x00, 0x00, 0x00, 0x05, 0xCD, 0xFF, 0xFF, 0x8F, 0x64, 0xFF, 0xFF, 0x7C, 0x00, 0x00,
  0x00, 0x00, 0x00, 0x00, 0x00, 0x64, 0xFF, 0xFF, 0x7C, 0x00, 0x00, 0x00, 0x00, 0x00, 0x00, 0x00,
  0x64, 0xFF, 0xFF, 0x7C, 0x00, 0x00, 0x00, 0x00, 0x00, 0x00, 0x00, 0x64, 0xFF, 0xFF, 0x7C, 0x00,
  0x00, 0x00, 0x00, 0x00, 0x00, 0x00, 0x64, 0xFF, 0xFF, 0x7C, 0x00, 0x00, 0x00, 0x00, 0x00, 0x00,
  0x00, 0x64, 0xFF, 0xFF, 0x7C, 0x00, 0x00, 0x00, 0x00, 0x00, 0x00, 0x00, 0x64, 0xFF, 0xFF, 0x7C,
  0x00, 0x00, 0x00, 0x00, 0x00, 0x00, 0x00, 0x64, 0xFF, 0xFF, 0x7C, 0x00, 0x00, 0x00, 0x00, 0x00,
  0x00, 0x00, 0x64, 0xFF, 0xFF, 0x7C, 0x00, 0x00, 0x00, 0x00, 0x00, 0x00, 0x00, 0x64, 0xFF, 0xFF,
  0x7C, 0x00, 0x00, 0x00, 0x00, 0x00, 0x00, 0x00, 0x64, 0xFF, 0xFF, 0x7C, 0x00, 0x00, 0x00, 0x00,
  0x00, 0x00, 0x00, 0x64, 0xFF, 0xFF, 0x7C, 0x00, 0x00, 0x00, 0x00, 0x00, 0x00, 0x00, 0x64, 0xFF,
  0xFF, 0x7C, 0x00, 0x00, 0x00, 0x00, 0x00, 0x00, 0x00, 0x64, 0xFF, 0xFF, 0xAF, 0x64, 0x64, 0x64,
  0x64, 0x64, 0x64, 0x36, 0x64, 0xFF, 0xFF, 0xFF, 0xFF, 0xFF, 0xFF, 0xFF, 0xFF, 0xFF, 0x8C, 0x64,
  0xFF, 0xFF, 0xFF, 0xFF, 0xFF, 0xFF, 0xFF, 0xFF, 0xFF, 0x8C, 0x64, 0xFF, 0xFF, 0xFF, 0xFE, 0x1F,
  0x00, 0x00, 0x00, 0x00, 0x00, 0x00, 0x00, 0xD3, 0xFF, 0xFF, 0xFF, 0xB0, 0x64, 0xFF, 0xFF, 0xFF,
  0xFF, 0x7C, 0x00, 0x00, 0x00, 0x00, 0x00, 0x00, 0x30, 0xFF, 0xFF, 0xFF, 0xFF, 0xB0, 0x64, 0xFF,
  0xFF, 0xFF, 0xFF, 0xD9, 0x00, 0x00, 0x00, 0x00, 0x00, 0x00, 0x8D, 0xFF, 0xFF, 0xFF, 0xFF, 0xB0,
  0x64, 0xFF, 0xFF, 0xD3, 0xFF, 0xFF, 0x37, 0x00, 0x00, 0x00, 0x00, 0x03, 0xE7, 0xFF, 0xD0, 0xFF,
  0xFF, 0xB0, 0x64, 0xFF, 0xFF, 0x8E, 0xFF, 0xFF, 0x95, 0x00, 0x00, 0x00, 0x00, 0x48, 0xFF, 0xFF,
  0x8E, 0xFF, 0xFF, 0xB0, 0x64, 0xFF, 0xFF, 0x62, 0xE4, 0xFF, 0xEC, 0x06, 0x00, 0x00, 0x00, 0xA5,
  0xFF, 0xFF, 0x48, 0xFF, 0xFF, 0xB0, 0x64, 0xFF, 0xFF, 0x66, 0x95, 0xFF, 0xFF, 0x50, 0x00, 0x00,
  0x0C, 0xF5, 0xFF, 0xD3, 0x2A, 0xFF, 0xFF, 0xB0, 0x64, 0xFF, 0xFF, 0x69, 0x3F, 0xFF, 0xFF, 0xAE,
  0x00, 0x00, 0x5F, 0xFF, 0xFF, 0x7E, 0x2C, 0xFF, 0xFF, 0xB0, 0x64, 0xFF, 0xFF, 0x6B, 0x01, 0xE1,
  0xFF, 0xF9, 0x0F, 0x00, 0xB9, 0xFF, 0xFF, 0x24, 0x2C, 0xFF, 0xFF, 0xB0, 0x64, 0xFF, 0xFF, 0x6C,
  0x00, 0x84, 0xFF, 0xFF, 0x55, 0x0B, 0xF9, 0xFF, 0xC4, 0x00, 0x2C, 0xFF, 0xFF, 0xB0, 0x64, 0xFF,
  0xFF, 0x6C, 0x00, 0x24, 0xFF, 0xFF, 0x99, 0x48, 0xFF, 0xFF, 0x65, 0x00, 0x2C, 0xFF, 0xFF, 0xB0,
  0x64, 0xFF, 0xFF, 0x6C, 0x00, 0x00, 0xC4, 0xFF, 0xDA, 0x88, 0xFF, 0xF7, 0x0F, 0x00, 0x2C, 0xFF,
  0xFF, 0xB0, 0x64, 0xFF, 0xFF, 0x6C, 0x00, 0x00, 0x64, 0xFF, 0xFF, 0xDE, 0xFF, 0xA7, 0x00, 0x00,
  0x2C, 0xFF, 0xFF, 0xB0, 0x64, 0xFF, 0xFF, 0x6C, 0x00, 0x00, 0x0E, 0xF5, 0xFF, 0xFF, 0xFF, 0x48,
  0x00, 0x00, 0x2C, 0xFF, 0xFF, 0xB0, 0x64, 0xFF, 0xFF, 0x6C, 0x00, 0x00, 0x00, 0xA4, 0xFF, 0xFF,
  0xE6, 0x03, 0x00, 0x00, 0x2C, 0xFF, 0xFF, 0xB0, 0x64, 0xFF, 0xFF, 0x6C, 0x00, 0x00, 0x00, 0x44,
  0xFF, 0xFF, 0x8B, 0x00, 0x00, 0x00, 0x2C, 0xFF, 0xFF, 0xB0, 0x64, 0xFF, 0xFF, 0xFB, 0x30, 0x00,
  0x00, 0x00, 0x00, 0x00, 0x00, 0xD0, 0xFF, 0xFF, 0x18, 0x64, 0xFF, 0xFF, 0xFF, 0xCC, 0x03, 0x00,
  0x00, 0x00, 0x00, 0x00, 0xD0, 0xFF, 0xFF, 0x18, 0x64, 0xFF, 0xFF, 0xFF, 0xFF, 0x72, 0x00, 0x00,
  0x00, 0x00, 0x00, 0xD0, 0xFF, 0xFF, 0x18, 0x64, 0xFF, 0xFF, 0xFF, 0xFF, 0xF4, 0x20, 0x00, 0x00,
  0x00, 0x00, 0xD0, 0xFF, 0xFF, 0x18, 0x64, 0xFF, 0xFF, 0x99, 0xFF, 0xFF, 0xB7, 0x00, 0x00, 0x00,
  0x00, 0xD0, 0xFF, 0xFF, 0x18, 0x64, 0xFF, 0xFF, 0x6A, 0xB2, 0xFF, 0xFF, 0x5A, 0x00, 0x00, 0x00,
  0xD0, 0xFF, 0xFF, 0x18, 0x64, 0xFF, 0xFF, 0x77, 0x2A, 0xFB, 0xFF, 0xEA, 0x12, 0x00, 0x00, 0xD0,
  0xFF, 0xFF, 0x18, 0x64, 0xFF, 0xFF, 0x83, 0x00, 0x8E, 0xFF, 0xFF, 0x9F, 0x00, 0x00, 0xD0, 0xFF,
  0xFF, 0x18, 0x64, 0xFF, 0xFF, 0x87, 0x00, 0x0D, 0xE3, 0xFF, 0xFF, 0x42, 0x00, 0xCF, 0xFF, 0xFF,
  0x18, 0x64, 0xFF, 0xFF, 0x88, 0x00, 0x00, 0x4D, 0xFF, 0xFF, 0xD6, 0x04, 0xCC, 0xFF, 0xFF, 0x18,
  0x64, 0xFF, 0xFF, 0x88, 0x00, 0x00, 0x00, 0xAA, 0xFF, 0xFF, 0x68, 0xC2, 0xFF, 0xFF, 0x18, 0x64,
  0xFF, 0xFF, 0x88, 0x00, 0x00, 0x00, 0x17, 0xEE, 0xFF, 0xE6, 0xBB, 0xFF, 0xFF, 0x18, 0x64, 0xFF,
  0xFF, 0x88, 0x00, 0x00, 0x00, 0x00, 0x63, 0xFF, 0xFF, 0xFF, 0xFF, 0xFF, 0x18, 0x64, 0xFF, 0xFF,
  0x88, 0x00, 0x00, 0x00, 0x00, 0x00, 0xBF, 0xFF, 0xFF, 0xFF, 0xFF, 0x18, 0x64, 0xFF, 0xFF, 0x88,
  0x00, 0x00, 0x00, 0x00, 0x00, 0x25, 0xF7, 0xFF, 0xFF, 0xFF, 0x18, 0x64, 0xFF, 0xFF, 0x88, 0x00,
  0x00, 0x00, 0x00, 0x00, 0x00, 0x7A, 0xFF, 0xFF, 0xFF, 0x18, 0x00, 0x00, 0x00, 0x09, 0x5F, 0xBB,
  0xE2, 0xF7, 0xDF, 0xB6, 0x56, 0x05, 0x00, 0x00, 0x00, 0x00, 0x00, 0x29, 0xD8, 0xFF, 0xFF, 0xFF,
  0xFF, 0xFF, 0xFF, 0xFF, 0xCB, 0x1E, 0x00, 0x00, 0x00, 0x21, 0xF0, 0xFF, 0xFF, 0xF3, 0xAA, 0x90,
  0xAE, 0xF7, 0xFF, 0xFF, 0xE4, 0x12, 0x00, 0x00, 0xC5, 0xFF, 0xFF, 0xB7, 0x10, 0x00, 0x00, 0x00,
  0x18, 0xC5, 0xFF, 0xFF, 0xAA, 0x00, 0x3A, 0xFF, 0xFF, 0xDC, 0x09, 0x00, 0x00, 0x00, 0x00, 0x00,
  0x12, 0xE9, 0xFF, 0xFE, 0x20, 0x93, 0xFF, 0xFF, 0x69, 0x00, 0x00, 0x00, 0x00, 0x00, 0x00, 0x00,
  0x81, 0xFF, 0xFF, 0x79, 0xBD, 0xFF, 0xFF, 0x22, 0x00, 0x00, 0x00, 0x00, 0x00, 0x00, 0x00, 0x3D,
  0xFF, 0xFF, 0xA3, 0xD7, 0xFF, 0xFF, 0x07, 0x00, 0x00, 0x00, 0x00, 0x00, 0x00, 0x00, 0x23, 0xFF,
  0xFF, 0xBE, 0xD7, 0xFF, 0xFF, 0x07, 0x00, 0x00, 0x00, 0x00, 0x00, 0x00, 0x00, 0x24, 0xFF, 0xFF,
  0xBE, 0xBD, 0xFF, 0xFF, 0x21, 0x00, 0x00, 0x00, 0x00, 0x00, 0x00, 0x00, 0x3D, 0xFF, 0xFF, 0xA3,
  0x94, 0xFF, 0xFF, 0x68, 0x00, 0x00, 0x00, 0x00, 0x00, 0x00, 0x00, 0x81, 0xFF, 0xFF, 0x7A, 0x3B,
  0xFF, 0xFF, 0xDB, 0x08, 0x00, 0x00, 0x00, 0x00, 0x00, 0x12, 0xE9, 0xFF, 0xFE, 0x21, 0x00, 0xC7,
  0xFF, 0xFF, 0xB6, 0x11, 0x00, 0x00, 0x00, 0x18, 0xC5, 0xFF, 0xFF, 0xAD, 0x00, 0x00, 0x22, 0xF0,
  0xFF, 0xFF, 0xF4, 0xAD, 0x94, 0xB1, 0xF8, 0xFF, 0xFF, 0xE6, 0x14, 0x00, 0x00, 0x00, 0x2A, 0xD8,
  0xFF, 0xFF, 0xFF, 0xFF, 0xFF, 0xFF, 0xFF, 0xCE, 0x20, 0x00, 0x00, 0x00, 0x00, 0x00, 0x09, 0x60,
  0xBC, 0xE3, 0xF8, 0xE1, 0xB8, 0x5A, 0x06, 0x00, 0x00, 0x00, 0x64, 0xFF, 0xFF, 0xFF, 0xFF, 0xFF,
  0xFD, 0xE8, 0xBE, 0x60, 0x01, 0x00, 0x00, 0x64, 0xFF, 0xFF, 0xFF, 0xFF, 0xFF, 0xFF, 0xFF, 0xFF,
  0xFF, 0xB9, 0x06, 0x00, 0x64, 0xFF, 0xFF, 0xAD, 0x60, 0x60, 0x68, 0x96, 0xF6, 0xFF, 0xFF, 0x89,
  0x00, 0x64, 0xFF, 0xFF, 0x7C, 0x00, 0x00, 0x00, 0x00, 0x39, 0xFE, 0xFF, 0xF0, 0x07, 0x64, 0xFF,
  0xFF, 0x7C, 0x00, 0x00, 0x00, 0x00, 0x00, 0xCB, 0xFF, 0xFF, 0x28, 0x64, 0xFF, 0xFF, 0x7C, 0x00,
  0x00, 0x00, 0x00, 0x00, 0xBE, 0xFF, 0xFF, 0x31, 0x64, 0xFF, 0xFF, 0x7C, 0x00, 0x00, 0x00, 0x00,
  0x10, 0xF2, 0xFF, 0xFC, 0x10, 0x64, 0xFF, 0xFF, 0x7C, 0x00, 0x00, 0x07, 0x35, 0xC3, 0xFF, 0xFF,
  0xB3, 0x00, 0x64, 0xFF, 0xFF, 0xFF, 0xFF, 0xFF, 0xFF, 0xFF, 0xFF, 0xFF, 0xED, 0x21, 0x00, 0x64,
  0xFF, 0xFF, 0xFF, 0xFF, 0xFF, 0xFF, 0xFF, 0xFC, 0xB2, 0x1F, 0x00, 0x00, 0x64, 0xFF, 0xFF, 0xD0,
  0x54, 0x54, 0x51, 0x3C, 0x14, 0x00, 0x00, 0x00, 0x00, 0x64, 0xFF, 0xFF, 0x7C, 0x00, 0x00, 0x00,
  0x00, 0x00, 0x00, 0x00, 0x00, 0x00, 0x64, 0xFF, 0xFF, 0x7C, 0x00, 0x00, 0x00, 0x00, 0x00, 0x00,
  0x00, 0x00, 0x00, 0x64, 0xFF, 0xFF, 0x7C, 0x00, 0x00, 0x00, 0x00, 0x00, 0x00, 0x00, 0x00, 0x00,
  0x64, 0xFF, 0xFF, 0x7C, 0x00, 0x00, 0x00, 0x00, 0x00, 0x00, 0x00, 0x00, 0x00, 0x64, 0xFF, 0xFF,
  0x7C, 0x00, 0x00, 0x00, 0x00, 0x00, 0x00, 0x00, 0x00, 0x00, 0x00, 0x00, 0x00, 0x09, 0x5F, 0xBB,
  0xE2, 0xF7, 0xDF, 0xB6, 0x56, 0x05, 0x00, 0x00, 0x00, 0x00, 0x00, 0x29, 0xD8, 0xFF, 0xFF, 0xFF,
  0xFF, 0xFF, 0xFF, 0xFF, 0xCB, 0x1E, 0x00, 0x00, 0x00, 0x21, 0xF0, 0xFF, 0xFF, 0xF3, 0xAA, 0x90,
  0xAE, 0xF7, 0xFF, 0xFF, 0xE4, 0x12, 0x00, 0x00, 0xC5, 0xFF, 0xFF, 0xB7, 0x10, 0x00, 0x00, 0x00,
  0x18, 0xC5, 0xFF, 0xFF, 0xAA, 0x00, 0x3A, 0xFF, 0xFF, 0xDC, 0x09, 0x00, 0x00, 0x00, 0x00, 0x00,
  0x12, 0xE9, 0xFF, 0xFE, 0x20, 0x93, 0xFF, 0xFF, 0x69, 0x00, 0x00, 0x00, 0x00, 0x00, 0x00, 0x00,
  0x81, 0xFF, 0xFF, 0x79, 0xBD, 0xFF, 0xFF, 0x22, 0x00, 0x00, 0x00, 0x00, 0x00, 0x00, 0x00, 0x3D,
  0xFF, 0xFF, 0xA3, 0xD7, 0xFF, 0xFF, 0x07, 0x00, 0x00, 0x00, 0x00, 0x00, 0x00, 0x00, 0x23, 0xFF,
  0xFF, 0xBE, 0xD7, 0xFF, 0xFF, 0x07, 0x00, 0x00, 0x00, 0x00, 0x00, 0x00, 0x00, 0x24, 0xFF, 0xFF,
  0xBE, 0xBD, 0xFF, 0xFF, 0x21, 0x00, 0x00, 0x00, 0x00, 0x00, 0x00, 0x00, 0x3D, 0xFF, 0xFF, 0xA3,
  0x94, 0xFF, 0xFF, 0x68, 0x00, 0x00, 0x1D, 0x6C, 0x6C, 0x21, 0x00, 0x81, 0xFF, 0xFF, 0x7A, 0x3B,
  0xFF, 0xFF, 0xDB, 0x08, 0x00, 0x01, 0xB2, 0xFF, 0xD5, 0x1F, 0xE9, 0xFF, 0xFE, 0x21, 0x00, 0xC7,
  0xFF, 0xFF, 0xB6, 0x11, 0x00, 0x0F, 0xD9, 0xFF, 0xFF, 0xFF, 0xFF, 0xAD, 0x00, 0x00, 0x22, 0xF0,
  0xFF, 0xFF, 0xF4, 0xAD, 0x94, 0xDB, 0xFF, 0xFF, 0xFF, 0xE6, 0x14, 0x00, 0x00, 0x00, 0x2A, 0xD8,
  0xFF, 0xFF, 0xFF, 0xFF, 0xFF, 0xFF, 0xFF, 0xFF, 0x85, 0x00, 0x00, 0x00, 0x00, 0x00, 0x09, 0x60,
  0xBC, 0xE3, 0xF8, 0xE1, 0xB8, 0xEA, 0xFF, 0xF9, 0x3A, 0x00, 0x00, 0x00, 0x00, 0x00, 0x00, 0x00,
  0x00, 0x00, 0x00, 0x00, 0x03, 0xB9, 0xFF, 0xE7, 0x1C, 0x64, 0xFF, 0xFF, 0xFF, 0xFF, 0xFF, 0xFD,
  0xE9, 0xBF, 0x64, 0x02, 0x00, 0x00, 0x64, 0xFF, 0xFF, 0xFF, 0xFF, 0xFF, 0xFF, 0xFF, 0xFF, 0xFF,
  0xBD, 0x07, 0x00, 0x64, 0xFF, 0xFF, 0xAD, 0x60, 0x60, 0x68, 0x94, 0xF5, 0xFF, 0xFF, 0x8B, 0x00,
  0x64, 0xFF, 0xFF, 0x7C, 0x00, 0x00, 0x00, 0x00, 0x36, 0xFE, 0xFF, 0xEF, 0x06, 0x64, 0xFF, 0xFF,
  0x7C, 0x00, 0x00, 0x00, 0x00, 0x00, 0xCB, 0xFF, 0xFF, 0x27, 0x64, 0xFF, 0xFF, 0x7C, 0x00, 0x00,
  0x00, 0x00, 0x00, 0xBC, 0xFF, 0xFF, 0x32, 0x64, 0xFF, 0xFF, 0x7C, 0x00, 0x00, 0x00, 0x00, 0x09,
  0xEC, 0xFF, 0xFF, 0x14, 0x64, 0xFF, 0xFF, 0x7C, 0x00, 0x00, 0x07, 0x30, 0xB7, 0xFF, 0xFF, 0xBF,
  0x00, 0x64, 0xFF, 0xFF, 0xFF, 0xFF, 0xFF, 0xFF, 0xFF, 0xFF, 0xFF, 0xF5, 0x2D, 0x00, 0x64, 0xFF,
  0xFF, 0xFF, 0xFF, 0xFF, 0xFF, 0xFF, 0xFF, 0xEE, 0x2D, 0x00, 0x00, 0x64, 0xFF, 0xFF, 0xD4, 0x58,
  0x58, 0xC5, 0xFF, 0xFF, 0xB9, 0x00, 0x00, 0x00, 0x64, 0xFF, 0xFF, 0x7C, 0x00, 0x00, 0x05, 0xDB,
  0xFF, 0xFF, 0x49, 0x00, 0x00, 0x64, 0xFF, 0xFF, 0x7C, 0x00, 0x00, 0x00, 0x54, 0xFF, 0xFF, 0xD6,
  0x04, 0x00, 0x64, 0xFF, 0xFF, 0x7C, 0x00, 0x00, 0x00, 0x00, 0xC6, 0xFF, 0xFF, 0x6A, 0x00, 0x64,
  0xFF, 0xFF, 0x7C, 0x00, 0x00, 0x00, 0x00, 0x39, 0xFF, 0xFF, 0xEB, 0x0F, 0x64, 0xFF, 0xFF, 0x7C,
  0x00, 0x00, 0x00, 0x00, 0x00, 0xAB, 0xFF, 0xFF, 0x8B, 0x00, 0x00, 0x0D, 0x78, 0xC7, 0xEC, 0xF9,
  0xE4, 0xAB, 0x49, 0x00, 0x00, 0x00, 0x00, 0x30, 0xE7, 0xFF, 0xFF, 0xFF, 0xFF, 0xFF, 0xFF, 0xFF,
  0xA1, 0x02, 0x00, 0x0A, 0xE6, 0xFF, 0xFF, 0xCB, 0x7C, 0x70, 0x99, 0xF3, 0xFF, 0xFF, 0x76, 0x00,
  0x5C, 0xFF, 0xFF, 0xB0, 0x01, 0x00, 0x00, 0x00, 0x2C, 0xF8, 0xFF, 0xE5, 0x00, 0x80, 0xFF, 0xFF,
  0x66, 0x00, 0x00, 0x00, 0x00, 0x00, 0x64, 0x80, 0x7F, 0x04, 0x67, 0xFF, 0xFF, 0xC6, 0x16, 0x00,
  0x00, 0x00, 0x00, 0x00, 0x00, 0x00, 0x00, 0x12, 0xEA, 0xFF, 0xFF, 0xEE, 0x9A, 0x51, 0x12, 0x00,
  0x00, 0x00, 0x00, 0x00, 0x00, 0x2C, 0xCF, 0xFF, 0xFF, 0xFF, 0xFF, 0xFC, 0xC1, 0x60, 0x02, 0x00,
  0x00, 0x00, 0x00, 0x04, 0x4F, 0xA7, 0xEC, 0xFF, 0xFF, 0xFF, 0xFF, 0xCC, 0x1B, 0x00, 0x00, 0x00,
  0x00, 0x00, 0x00, 0x01, 0x30, 0x80, 0xE2, 0xFF, 0xFF, 0xC4, 0x00, 0x00, 0x00, 0x00, 0x00, 0x00,
  0x00, 0x00, 0x00, 0x0E, 0xD7, 0xFF, 0xFF, 0x28, 0xC2, 0xD4, 0xC6, 0x01, 0x00, 0x00, 0x00, 0x00,
  0x00, 0x9F, 0xFF, 0xFF, 0x3F, 0xBC, 0xFF, 0xFF, 0x6D, 0x00, 0x00, 0x00, 0x00, 0x1F, 0xEB, 0xFF,
  0xFF, 0x1C, 0x4B, 0xFF, 0xFF, 0xFF, 0xBD, 0x7C, 0x72, 0x9A, 0xF2, 0xFF, 0xFF, 0xB1, 0x00, 0x00,
  0x73, 0xFC, 0xFF, 0xFF, 0xFF, 0xFF, 0xFF, 0xFF, 0xFF, 0xCA, 0x12, 0x00, 0x00, 0x00, 0x2B, 0x94,
  0xD6, 0xF1, 0xF9, 0xE6, 0xB6, 0x61, 0x03, 0x00, 0x00, 0x1C, 0xFF, 0xFF, 0xFF, 0xFF, 0xFF, 0xFF,
  0xFF, 0xFF, 0xFF, 0xFF, 0xFF, 0xFF, 0xA0, 0x1C, 0xFF, 0xFF, 0xFF, 0xFF, 0xFF, 0xFF, 0xFF, 0xFF,
  0xFF, 0xFF, 0xFF, 0xFF, 0xA0, 0x0A, 0x60, 0x60, 0x60, 0x60, 0x7B, 0xFF, 0xFF, 0xD0, 0x60, 0x60,
  0x60, 0x60, 0x3C, 0x00, 0x00, 0x00, 0x00, 0x00, 0x2C, 0xFF, 0xFF, 0xB4, 0x00, 0x00, 0x00, 0x00,
  0x00, 0x00, 0x00, 0x00, 0x00, 0x00, 0x2C, 0xFF, 0xFF, 0xB4, 0x00, 0x00, 0x00, 0x00, 0x00, 0x00,
  0x00, 0x00, 0x00, 0x00, 0x2C, 0xFF, 0xFF, 0xB4, 0x00, 0x00, 0x00, 0x00, 0x00, 0x00, 0x00, 0x00,
  0x00, 0x00, 0x2C, 0xFF, 0xFF, 0xB4, 0x00, 0x00, 0x00, 0x00, 0x00, 0x00, 0x00, 0x00, 0x00, 0x00,
  0x2C, 0xFF, 0xFF, 0xB4, 0x00, 0x00, 0x00, 0x00, 0x00, 0x00, 0x00, 0x00, 0x00, 0x00, 0x2C, 0xFF,
  0xFF, 0xB4, 0x00, 0x00, 0x00, 0x00, 0x00, 0x00, 0x00, 0x00, 0x00, 0x00, 0x2C, 0xFF, 0xFF, 0xB4,
  0x00, 0x00, 0x00, 0x00, 0x00, 0x00, 0x00, 0x00, 0x00, 0x00, 0x2C, 0xFF, 0xFF, 0xB4, 0x00, 0x00,
  0x00, 0x00, 0x00, 0x00, 0x00, 0x00, 0x00, 0x00, 0x2C, 0xFF, 0xFF, 0xB4, 0x00, 0x00, 0x00, 0x00,
  0x00, 0x00, 0x00, 0x00, 0x00, 0x00, 0x2C, 0xFF, 0xFF, 0xB4, 0x00, 0x00, 0x00, 0x00, 0x00, 0x00,
  0x00, 0x00, 0x00, 0x00, 0x2C, 0xFF, 0xFF, 0xB4, 0x00, 0x00, 0x00, 0x00, 0x00, 0x00, 0x00, 0x00,
  0x00, 0x00, 0x2C, 0xFF, 0xFF, 0xB4, 0x00, 0x00, 0x00, 0x00, 0x00, 0x00, 0x00, 0x00, 0x00, 0x00,
  0x2C, 0xFF, 0xFF, 0xB4, 0x00, 0x00, 0x00, 0x00, 0x00, 0x64, 0xFF, 0xFF, 0x7C, 0x00, 0x00, 0x00,
  0x00, 0x00, 0x00, 0x48, 0xFF, 0xFF, 0x98, 0x64, 0xFF, 0xFF, 0x7C, 0x00, 0x00, 0x00, 0x00, 0x00,
  0x00, 0x48, 0xFF, 0xFF, 0x98, 0x64, 0xFF, 0xFF, 0x7C, 0x00, 0x00, 0x00, 0x00, 0x00, 0x00, 0x48,
  0xFF, 0xFF, 0x98, 0x64, 0xFF, 0xFF, 0x7C, 0x00, 0x00, 0x00, 0x00, 0x00, 0x00, 0x48, 0xFF, 0xFF,
  0x98, 0x64, 0xFF, 0xFF, 0x7C, 0x00, 0x00, 0x00, 0x00, 0x00, 0x00, 0x48, 0xFF, 0xFF, 0x98, 0x64,
  0xFF, 0xFF, 0x7C, 0x00, 0x00, 0x00, 0x00, 0x00, 0x00, 0x48, 0xFF, 0xFF, 0x98, 0x64, 0xFF, 0xFF,
  0x7C, 0x00, 0x00, 0x00, 0x00, 0x00, 0x00, 0x48, 0xFF, 0xFF, 0x98, 0x64, 0xFF, 0xFF, 0x7C, 0x00,
  0x00, 0x00, 0x00, 0x00, 0x00, 0x48, 0xFF, 0xFF, 0x98, 0x64, 0xFF, 0xFF, 0x7C, 0x00, 0x00, 0x00,
  0x00, 0x00, 0x00, 0x48, 0xFF, 0xFF, 0x98, 0x64, 0xFF, 0xFF, 0x7C, 0x00, 0x00, 0x00, 0x00, 0x00,
  0x00, 0x48, 0xFF, 0xFF, 0x98, 0x5C, 0xFF, 0xFF, 0x89, 0x00, 0x00, 0x00, 0x00, 0x00, 0x00, 0x55,
  0xFF, 0xFF, 0x8F, 0x3D, 0xFF, 0xFF, 0xCD, 0x00, 0x00, 0x00, 0x00, 0x00, 0x00, 0x9D, 0xFF, 0xFF,
  0x6F, 0x06, 0xE7, 0xFF, 0xFF, 0x86, 0x01, 0x00, 0x00, 0x00, 0x59, 0xFD, 0xFF, 0xFC, 0x21, 0x00,
  0x61, 0xFF, 0xFF, 0xFF, 0xD9, 0x98, 0x92, 0xC7, 0xFF, 0xFF, 0xFF, 0x91, 0x00, 0x00, 0x00, 0x75,
  0xFA, 0xFF, 0xFF, 0xFF, 0xFF, 0xFF, 0xFF, 0xFF, 0x9C, 0x03, 0x00, 0x00, 0x00, 0x00, 0x2B, 0x90,
  0xD6, 0xF1, 0xF5, 0xDD, 0xA1, 0x3F, 0x00, 0x00, 0x00, 0x4B, 0xFF, 0xFF, 0xDA, 0x00, 0x00, 0x00,
  0x00, 0x00, 0x00, 0x00, 0x00, 0xD3, 0xFF, 0xFF, 0x4E, 0x04, 0xEA, 0xFF, 0xFF, 0x32, 0x00, 0x00,
  0x00, 0x00, 0x00, 0x00, 0x27, 0xFF, 0xFF, 0xEE, 0x06, 0x00, 0x94, 0xFF, 0xFF, 0x89, 0x00, 0x00,
  0x00, 0x00, 0x00, 0x00, 0x7C, 0xFF, 0xFF, 0x9B, 0x00, 0x00, 0x39, 0xFF, 0xFF, 0xDF, 0x00, 0x00,
  0x00, 0x00, 0x00, 0x00, 0xD1, 0xFF, 0xFF, 0x41, 0x00, 0x00, 0x00, 0xDC, 0xFF, 0xFF, 0x37, 0x00,
  0x00, 0x00, 0x00, 0x25, 0xFF, 0xFF, 0xE5, 0x02, 0x00, 0x00, 0x00, 0x82, 0xFF, 0xFF, 0x8E, 0x00,
  0x00, 0x00, 0x00, 0x7A, 0xFF, 0xFF, 0x8E, 0x00, 0x00, 0x00, 0x00, 0x27, 0xFF, 0xFF, 0xE3, 0x01,
  0x00, 0x00, 0x00, 0xCF, 0xFF, 0xFF, 0x34, 0x00, 0x00, 0x00, 0x00, 0x00, 0xCC, 0xFF, 0xFF, 0x3C,
  0x00, 0x00, 0x23, 0xFF, 0xFF, 0xDA, 0x00, 0x00, 0x00, 0x00, 0x00, 0x00, 0x71, 0xFF, 0xFF, 0x92,
  0x00, 0x00, 0x76, 0xFF, 0xFF, 0x80, 0x00, 0x00, 0x00, 0x00, 0x00, 0x00, 0x18, 0xFC, 0xFF, 0xE1,
  0x00, 0x00, 0xC4, 0xFF, 0xFF, 0x27, 0x00, 0x00, 0x00, 0x00, 0x00, 0x00, 0x00, 0xBA, 0xFF, 0xFF,
  0x2D, 0x12, 0xFC, 0xFF, 0xCD, 0x00, 0x00, 0x00, 0x00, 0x00, 0x00, 0x00, 0x00, 0x5F, 0xFF, 0xFF,
  0x76, 0x56, 0xFF, 0xFF, 0x73, 0x00, 0x00, 0x00, 0x00, 0x00, 0x00, 0x00, 0x00, 0x0D, 0xF6, 0xFF,
  0xBE, 0x9B, 0xFF, 0xFE, 0x1B, 0x00, 0x00, 0x00, 0x00, 0x00, 0x00, 0x00, 0x00, 0x00, 0xA8, 0xFF,
  0xF9, 0xE9, 0xFF, 0xC0, 0x00, 0x00, 0x00, 0x00, 0x00, 0x00, 0x00, 0x00, 0x00, 0x00, 0x4D, 0xFF,
  0xFF, 0xFF, 0xFF, 0x66, 0x00, 0x00, 0x00, 0x00, 0x00, 0x00, 0x00, 0x00, 0x00, 0x00, 0x05, 0xEC,
  0xFF, 0xFF, 0xFA, 0x12, 0x00, 0x00, 0x00, 0x00, 0x00, 0x56, 0xFF, 0xFF, 0xBE, 0x00, 0x00, 0x00,
  0x00, 0x00, 0x6D, 0xFF, 0xFF, 0xDC, 0x00, 0x00, 0x00, 0x00, 0x00, 0x50, 0xFF, 0xFF, 0xC4, 0x12,
  0xFD, 0xFF, 0xF6, 0x06, 0x00, 0x00, 0x00, 0x00, 0xAE, 0xFF, 0xFF, 0xFF, 0x1D, 0x00, 0x00, 0x00,
  0x00, 0x8E, 0xFF, 0xFF, 0x7F, 0x00, 0xCB, 0xFF, 0xFF, 0x3B, 0x00, 0x00, 0x00, 0x01, 0xED, 0xFF,
  0xFF, 0xFF, 0x5E, 0x00, 0x00, 0x00, 0x00, 0xCC, 0xFF, 0xFF, 0x3A, 0x00, 0x86, 0xFF, 0xFF, 0x7A,
  0x00, 0x00, 0x00, 0x31, 0xFF, 0xFF, 0xF9, 0xFF, 0xA0, 0x00, 0x00, 0x00, 0x0E, 0xFC, 0xFF, 0xF1,
  0x04, 0x00, 0x41, 0xFF, 0xFF, 0xB8, 0x00, 0x00, 0x00, 0x72, 0xFF, 0xFC, 0xA3, 0xFF, 0xE1, 0x00,
  0x00, 0x00, 0x49, 0xFF, 0xFF, 0xAF, 0x00, 0x00, 0x06, 0xF4, 0xFF, 0xF3, 0x03, 0x00, 0x00, 0xB3,
  0xFF, 0xD1, 0x65, 0xFF, 0xFF, 0x22, 0x00, 0x00, 0x88, 0xFF, 0xFF, 0x6A, 0x00, 0x00, 0x00, 0xB6,
  0xFF, 0xFF, 0x35, 0x00, 0x03, 0xF1, 0xFF, 0x9B, 0x2F, 0xFF, 0xFF, 0x64, 0x00, 0x00, 0xC6, 0xFF,
  0xFF, 0x25, 0x00, 0x00, 0x00, 0x71, 0xFF, 0xFF, 0x74, 0x00, 0x36, 0xFF, 0xFF, 0x60, 0x03, 0xF1,
  0xFF, 0xA5, 0x00, 0x0A, 0xFA, 0xFF, 0xE0, 0x00, 0x00, 0x00, 0x00, 0x2C, 0xFF, 0xFF, 0xB1, 0x00,
  0x76, 0xFF, 0xFF, 0x1D, 0x00, 0xB2, 0xFF, 0xE5, 0x00, 0x42, 0xFF, 0xFF, 0x9A, 0x00, 0x00, 0x00,
  0x00, 0x00, 0xE5, 0xFF, 0xE8, 0x00, 0xB1, 0xFF, 0xD9, 0x00, 0x00, 0x6E, 0xFF, 0xFF, 0x1E, 0x79,
  0xFF, 0xFF, 0x55, 0x00, 0x00, 0x00, 0x00, 0x00, 0xA1, 0xFF, 0xFF, 0x1C, 0xE9, 0xFF, 0x96, 0x00,
  0x00, 0x2B, 0xFF, 0xFF, 0x55, 0xAD, 0xFF, 0xFD, 0x13, 0x00, 0x00, 0x00, 0x00, 0x00, 0x5C, 0xFF,
  0xFF, 0x65, 0xFF, 0xFF, 0x52, 0x00, 0x00, 0x00, 0xE6, 0xFF, 0x86, 0xDD, 0xFF, 0xCB, 0x00, 0x00,
  0x00, 0x00, 0x00, 0x00, 0x17, 0xFE, 0xFF, 0xC2, 0xFF, 0xFD, 0x12, 0x00, 0x00, 0x00, 0xA4, 0xFF,
  0xC3, 0xFE, 0xFF, 0x85, 0x00, 0x00, 0x00, 0x00, 0x00, 0x00, 0x00, 0xD1, 0xFF, 0xFF, 0xFF, 0xCC,
  0x00, 0x00, 0x00, 0x00, 0x61, 0xFF, 0xFF, 0xFF, 0xFF, 0x40, 0x00, 0x00, 0x00, 0x00, 0x00, 0x00,
  0x00, 0x8C, 0xFF, 0xFF, 0xFF, 0x88, 0x00, 0x00, 0x00, 0x00, 0x1D, 0xFF, 0xFF, 0xFF, 0xF5, 0x06,
  0x00, 0x00, 0x00, 0x00, 0x00, 0x00, 0x00, 0x47, 0xFF, 0xFF, 0xFF, 0x45, 0x00, 0x00, 0x00, 0x00,
  0x00, 0xDA, 0xFF, 0xFF, 0xB6, 0x00, 0x00, 0x00, 0x00, 0x00, 0xA2, 0xFF, 0xFF, 0xAC, 0x00, 0x00,
  0x00, 0x00, 0x00, 0x00, 0xBA, 0xFF, 0xFF, 0x80, 0x00, 0x00, 0x10, 0xE4, 0xFF, 0xFF, 0x58, 0x00,
  0x00, 0x00, 0x00, 0x69, 0xFF, 0xFF, 0xCE, 0x05, 0x00, 0x00, 0x00, 0x48, 0xFF, 0xFF, 0xEC, 0x17,
  0x00, 0x00, 0x22, 0xF4, 0xFF, 0xF9, 0x2C, 0x00, 0x00, 0x00, 0x00, 0x00, 0x9A, 0xFF, 0xFF, 0xA6,
  0x00, 0x00, 0xBB, 0xFF, 0xFF, 0x78, 0x00, 0x00, 0x00, 0x00, 0x00, 0x00, 0x0D, 0xE0, 0xFF, 0xFF,
  0x3D, 0x54, 0xFF, 0xFF, 0xC7, 0x03, 0x00, 0x00, 0x00, 0x00, 0x00, 0x00, 0x00, 0x41, 0xFE, 0xFF,
  0xC7, 0xD9, 0xFF, 0xF6, 0x26, 0x00, 0x00, 0x00, 0x00, 0x00, 0x00, 0x00, 0x00, 0x00, 0x93, 0xFF,
  0xFF, 0xFF, 0xFF, 0x6F, 0x00, 0x00, 0x00, 0x00, 0x00, 0x00, 0x00, 0x00, 0x00, 0x00, 0x0A, 0xFF,
  0xFF, 0xFF, 0xFF, 0x01, 0x00, 0x00, 0x00, 0x00, 0x00, 0x00, 0x00, 0x00, 0x00, 0x00, 0x2F, 0xFF,
  0xFF, 0xFF, 0xFF, 0x28, 0x00, 0x00, 0x00, 0x00, 0x00, 0x00, 0x00, 0x00, 0x00, 0x08, 0xD4, 0xFF,
  0xFF, 0xFF, 0xFF, 0xCA, 0x04, 0x00, 0x00, 0x00, 0x00, 0x00, 0x00, 0x00, 0x00, 0x91, 0xFF, 0xFF,
  0x86, 0xB3, 0xFF, 0xFF, 0x7E, 0x00, 0x00, 0x00, 0x00, 0x00, 0x00, 0x00, 0x46, 0xFE, 0xFF, 0xE2,
  0x0D, 0x26, 0xF7, 0xFF, 0xFA, 0x32, 0x00, 0x00, 0x00, 0x00, 0x00, 0x13, 0xE6, 0xFF, 0xFF, 0x47,
  0x00, 0x00, 0x77, 0xFF, 0xFF, 0xD4, 0x07, 0x00, 0x00, 0x00, 0x00, 0xAD, 0xFF, 0xFF, 0x97, 0x00,
  0x00, 0x00, 0x03, 0xC8, 0xFF, 0xFF, 0x8C, 0x00, 0x00, 0x00, 0x62, 0xFF, 0xFF, 0xDC, 0x0B, 0x00,
  0x00, 0x00, 0x00, 0x28, 0xF7, 0xFF, 0xFD, 0x3E, 0x00, 0x22, 0xF3, 0xFF, 0xFD, 0x3A, 0x00, 0x00,
  0x00, 0x00, 0x00, 0x00, 0x72, 0xFF, 0xFF, 0xDE, 0x0D, 0x2F, 0xFC, 0xFF, 0xFD, 0x2F, 0x00, 0x00,
  0x00, 0x00, 0x00, 0x00, 0x73, 0xFF, 0xFF, 0xD6, 0x05, 0x00, 0x91, 0xFF, 0xFF, 0xBD, 0x00, 0x00,
  0x00, 0x00, 0x00, 0x12, 0xEE, 0xFF, 0xFF, 0x43, 0x00, 0x00, 0x0E, 0xE7, 0xFF, 0xFF, 0x4E, 0x00,
  0x00, 0x00, 0x00, 0x8F, 0xFF, 0xFF, 0xAA, 0x00, 0x00, 0x00, 0x00, 0x5C, 0xFF, 0xFF, 0xD9, 0x05,
  0x00, 0x00, 0x22, 0xF9, 0xFF, 0xF5, 0x1D, 0x00, 0x00, 0x00, 0x00, 0x00, 0xC0, 0xFF, 0xFF, 0x70,
  0x00, 0x00, 0xAB, 0xFF, 0xFF, 0x79, 0x00, 0x00, 0x00, 0x00, 0x00, 0x00, 0x2B, 0xFB, 0xFF, 0xED,
  0x0E, 0x34, 0xFF, 0xFF, 0xDA, 0x06, 0x00, 0x00, 0x00, 0x00, 0x00, 0x00, 0x00, 0x8C, 0xFF, 0xFF,
  0x7D, 0xB7, 0xFF, 0xFF, 0x49, 0x00, 0x00, 0x00, 0x00, 0x00, 0x00, 0x00, 0x00, 0x0C, 0xE4, 0xFF,
  0xFF, 0xFF, 0xFF, 0xB0, 0x00, 0x00, 0x00, 0x00, 0x00, 0x00, 0x00, 0x00, 0x00, 0x00, 0x57, 0xFF,
  0xFF, 0xFF, 0xF6, 0x21, 0x00, 0x00, 0x00, 0x00, 0x00, 0x00, 0x00, 0x00, 0x00, 0x00, 0x00, 0xBE,
  0xFF, 0xFF, 0x81, 0x00, 0x00, 0x00, 0x00, 0x00, 0x00, 0x00, 0x00, 0x00, 0x00, 0x00, 0x00, 0x8C,
  0xFF, 0xFF, 0x50, 0x00, 0x00, 0x00, 0x00, 0x00, 0x00, 0x00, 0x00, 0x00, 0x00, 0x00, 0x00, 0x8C,
  0xFF, 0xFF, 0x50, 0x00, 0x00, 0x00, 0x00, 0x00, 0x00, 0x00, 0x00, 0x00, 0x00, 0x00, 0x00, 0x8C,
  0xFF, 0xFF, 0x50, 0x00, 0x00, 0x00, 0x00, 0x00, 0x00, 0x00, 0x00, 0x00, 0x00, 0x00, 0x00, 0x8C,
  0xFF, 0xFF, 0x50, 0x00, 0x00, 0x00, 0x00, 0x00, 0x00, 0x00, 0x00, 0x00, 0x00, 0x00, 0x00, 0x8C,
  0xFF, 0xFF, 0x50, 0x00, 0x00, 0x00, 0x00, 0x00, 0x00, 0x00, 0x00, 0x00, 0x00, 0x00, 0x00, 0x8C,
  0xFF, 0xFF, 0x50, 0x00, 0x00, 0x00, 0x00, 0x00, 0x00, 0xC0, 0xFF, 0xFF, 0xFF, 0xFF, 0xFF, 0xFF,
  0xFF, 0xFF, 0xFF, 0xFF, 0xFF, 0x10, 0xC0, 0xFF, 0xFF, 0xFF, 0xFF, 0xFF, 0xFF, 0xFF, 0xFF, 0xFF,
  0xFF, 0xFE, 0x0D, 0x48, 0x60, 0x60, 0x60, 0x60, 0x60, 0x60, 0x5F, 0xBC, 0xFF, 0xFF, 0x90, 0x00,
  0x00, 0x00, 0x00, 0x00, 0x00, 0x00, 0x00, 0x38, 0xFA, 0xFF, 0xD6, 0x08, 0x00, 0x00, 0x00, 0x00,
  0x00, 0x00, 0x00, 0x12, 0xE2, 0xFF, 0xFA, 0x33, 0x00, 0x00, 0x00, 0x00, 0x00, 0x00, 0x00, 0x00,
  0xA8, 0xFF, 0xFF, 0x7C, 0x00, 0x00, 0x00, 0x00, 0x00, 0x00, 0x00, 0x00, 0x59, 0xFF, 0xFF, 0xC8,
  0x03, 0x00, 0x00, 0x00, 0x00, 0x00, 0x00, 0x00, 0x1B, 0xEE, 0xFF, 0xF5, 0x25, 0x00, 0x00, 0x00,
  0x00, 0x00, 0x00, 0x00, 0x01, 0xBA, 0xFF, 0xFF, 0x69, 0x00, 0x00, 0x00, 0x00, 0x00, 0x00, 0x00,
  0x00, 0x6C, 0xFF, 0xFF, 0xB8, 0x00, 0x00, 0x00, 0x00, 0x00, 0x00, 0x00, 0x00, 0x26, 0xF5, 0xFF,
  0xED, 0x1A, 0x00, 0x00, 0x00, 0x00, 0x00, 0x00, 0x00, 0x04, 0xC9, 0xFF, 0xFF, 0x52, 0x00, 0x00,
  0x00, 0x00, 0x00, 0x00, 0x00, 0x00, 0x7F, 0xFF, 0xFF, 0x8B, 0x00, 0x00, 0x00, 0x00, 0x00, 0x00,
  0x00, 0x00, 0x34, 0xFB, 0xFF, 0xFF, 0x5C, 0x5C, 0x5C, 0x5C, 0x5C, 0x5C, 0x5C, 0x5C, 0x0A, 0xAE,
  0xFF, 0xFF, 0xFF, 0xFF, 0xFF, 0xFF, 0xFF, 0xFF, 0xFF, 0xFF, 0xFF, 0x1C, 0xB4, 0xFF, 0xFF, 0xFF,
  0xFF, 0xFF, 0xFF, 0xFF, 0xFF, 0xFF, 0xFF, 0xFF, 0x1C, 0xE4, 0xFF, 0xFF, 0xFF, 0xFF, 0x08, 0xE4,
  0xFF, 0xFF, 0xFF, 0xFF, 0x08, 0xE4, 0xFF, 0xD4, 0x28, 0x28, 0x01, 0xE4, 0xFF, 0xCC, 0x00, 0x00,
  0x00, 0xE4, 0xFF, 0xCC, 0x00, 0x00, 0x00, 0xE4, 0xFF, 0xCC, 0x00, 0x00, 0x00, 0xE4, 0xFF, 0xCC,
  0x00, 0x00, 0x00, 0xE4, 0xFF, 0xCC, 0x00, 0x00, 0x00, 0xE4, 0xFF, 0xCC, 0x00, 0x00, 0x00, 0xE4,
  0xFF, 0xCC, 0x00, 0x00, 0x00, 0xE4, 0xFF, 0xCC, 0x00, 0x00, 0x00, 0xE4, 0xFF, 0xCC, 0x00, 0x00,
  0x00, 0xE4, 0xFF, 0xCC, 0x00, 0x00, 0x00, 0xE4, 0xFF, 0xCC, 0x00, 0x00, 0x00, 0xE4, 0xFF, 0xCC,
  0x00, 0x00, 0x00, 0xE4, 0xFF, 0xCC, 0x00, 0x00, 0x00, 0xE4, 0xFF, 0xCC, 0x00, 0x00, 0x00, 0xE4,
  0xFF, 0xD3, 0x24, 0x24, 0x01, 0xE4, 0xFF, 0xFF, 0xFF, 0xFF, 0x08, 0xE4, 0xFF, 0xFF, 0xFF, 0xFF,
  0x08, 0x82, 0xFF, 0xEF, 0x03, 0x00, 0x00, 0x00, 0x00, 0x3C, 0xFF, 0xFF, 0x37, 0x00, 0x00, 0x00,
  0x00, 0x04, 0xF1, 0xFF, 0x7D, 0x00, 0x00, 0x00, 0x00, 0x00, 0xB1, 0xFF, 0xC2, 0x00, 0x00, 0x00,
  0x00, 0x00, 0x6C, 0xFF, 0xFA, 0x0D, 0x00, 0x00, 0x00, 0x00, 0x26, 0xFF, 0xFF, 0x4D, 0x00, 0x00,
  0x00, 0x00, 0x00, 0xE0, 0xFF, 0x93, 0x00, 0x00, 0x00, 0x00, 0x00, 0x9B, 0xFF, 0xD8, 0x00, 0x00,
  0x00, 0x00, 0x00, 0x56, 0xFF, 0xFF, 0x1E, 0x00, 0x00, 0x00, 0x00, 0x12, 0xFD, 0xFF, 0x63, 0x00,
  0x00, 0x00, 0x00, 0x00, 0xCB, 0xFF, 0xA9, 0x00, 0x00, 0x00, 0x00, 0x00, 0x85, 0xFF, 0xEC, 0x02,
  0x00, 0x00, 0x00, 0x00, 0x40, 0xFF, 0xFF, 0x34, 0x00, 0x00, 0x00, 0x00, 0x06, 0xF4, 0xFF, 0x79,
  0x00, 0x00, 0x00, 0x00, 0x00, 0xB5, 0xFF, 0xBF, 0x00, 0x00, 0x00, 0x00, 0x00, 0x6F, 0xFF, 0xF9,
  0x0B, 0x00, 0x00, 0x00, 0x00, 0x2A, 0xFF, 0xFF, 0x4A, 0x00, 0x00, 0x00, 0x00, 0x00, 0xE4, 0xFF,
  0x8F, 0x00, 0x00, 0x00, 0x00, 0x00, 0x9F, 0xFF, 0xD5, 0xD4, 0xFF, 0xFF, 0xFF, 0xFF, 0x18, 0xD4,
  0xFF, 0xFF, 0xFF, 0xFF, 0x18, 0x21, 0x28, 0xA8, 0xFF, 0xFF, 0x18, 0x00, 0x00, 0x98, 0xFF, 0xFF,
  0x18, 0x00, 0x00, 0x98, 0xFF, 0xFF, 0x18, 0x00, 0x00, 0x98, 0xFF, 0xFF, 0x18, 0x00, 0x00, 0x98,
  0xFF, 0xFF, 0x18, 0x00, 0x00, 0x98, 0xFF, 0xFF, 0x18, 0x00, 0x00, 0x98, 0xFF, 0xFF, 0x18, 0x00,
  0x00, 0x98, 0xFF, 0xFF, 0x18, 0x00, 0x00, 0x98, 0xFF, 0xFF, 0x18, 0x00, 0x00, 0x98, 0xFF, 0xFF,
  0x18, 0x00, 0x00, 0x98, 0xFF, 0xFF, 0x18, 0x00, 0x00, 0x98, 0xFF, 0xFF, 0x18, 0x00, 0x00, 0x98,
  0xFF, 0xFF, 0x18, 0x00, 0x00, 0x98, 0xFF, 0xFF, 0x18, 0x00, 0x00, 0x98, 0xFF, 0xFF, 0x18, 0x1D,
  0x24, 0xA6, 0xFF, 0xFF, 0x18, 0xD4, 0xFF, 0xFF, 0xFF, 0xFF, 0x18, 0xD4, 0xFF, 0xFF, 0xFF, 0xFF,
  0x18, 0x00, 0x00, 0x00, 0x00, 0x17, 0x18, 0x0D, 0x00, 0x00, 0x00, 0x00, 0x00, 0x00, 0x3D, 0xFF,
  0xFF, 0xD2, 0x01, 0x00, 0x00, 0x00, 0x00, 0x00, 0xBE, 0xFF, 0xFF, 0xFF, 0x55, 0x00, 0x00, 0x00,
  0x00, 0x3E, 0xFF, 0xE8, 0x62, 0xFF, 0xD3, 0x01, 0x00, 0x00, 0x00, 0xBF, 0xFF, 0x77, 0x03, 0xDC,
  0xFF, 0x56, 0x00, 0x00, 0x40, 0xFF, 0xEF, 0x0E, 0x00, 0x66, 0xFF, 0xD5, 0x02, 0x00, 0xC1, 0xFF,
  0x84, 0x00, 0x00, 0x07, 0xE5, 0xFF, 0x58, 0x0C, 0x6C, 0x6C, 0x13, 0x00, 0x00, 0x00, 0x3F, 0x6C,
  0x4C, 0x38, 0x38, 0x38, 0x38, 0x38, 0x38, 0x38, 0x38, 0x38, 0x38, 0x12, 0xFF, 0xFF, 0xFF, 0xFF,
  0xFF, 0xFF, 0xFF, 0xFF, 0xFF, 0xFF, 0x54, 0xFF, 0xFF, 0xFF, 0xFF, 0xFF, 0xFF, 0xFF, 0xFF, 0xFF,
  0xFF, 0x54, 0x0E, 0x3C, 0x3C, 0x1B, 0x00, 0x04, 0xCD, 0xFF, 0xBE, 0x00, 0x00, 0x2C, 0xF9, 0xFF,
  0x33, 0x00, 0x00, 0x7A, 0xFF, 0xA9, 0x00, 0x00, 0x06, 0x6D, 0xC5, 0xF1, 0xF6, 0xD9, 0x9F, 0x2A,
  0x00, 0x00, 0x00, 0x0C, 0xC8, 0xFF, 0xFF, 0xFF, 0xFF, 0xFF, 0xFF, 0xF7, 0x42, 0x00, 0x00, 0x92,
  0xFF, 0xFF, 0xB0, 0x3F, 0x2A, 0x75, 0xFC, 0xFF, 0xD9, 0x00, 0x00, 0x1F, 0x52, 0x76, 0x02, 0x00,
  0x00, 0x00, 0xBD, 0xFF, 0xFF, 0x18, 0x00, 0x00, 0x00, 0x00, 0x00, 0x04, 0x1E, 0x46, 0xDD, 0xFF,
  0xFF, 0x27, 0x00, 0x00, 0x3D, 0xA1, 0xDA, 0xFC, 0xFF, 0xFF, 0xFF, 0xFF, 0xFF, 0x28, 0x00, 0x7D,
  0xFF, 0xFF, 0xFF, 0xDA, 0xB1, 0x81, 0xBC, 0xFF, 0xFF, 0x28, 0x0E, 0xF9, 0xFF, 0xDC, 0x29, 0x00,
  0x00, 0x00, 0xA3, 0xFF, 0xFF, 0x28, 0x29, 0xFF, 0xFF, 0x97, 0x00, 0x00, 0x00, 0x05, 0xDA, 0xFF,
  0xFF, 0x28, 0x0E, 0xFA, 0xFF, 0xE9, 0x49, 0x14, 0x31, 0xB4, 0xFF, 0xFF, 0xFF, 0x28, 0x00, 0x8B,
  0xFF, 0xFF, 0xFF, 0xFF, 0xFF, 0xEE, 0xAD, 0xFF, 0xFF, 0x28, 0x00, 0x02, 0x6A, 0xD0, 0xF7, 0xF1,
  0xAE, 0x25, 0x88, 0xFF, 0xFF, 0x28, 0x84, 0xFF, 0xFF, 0x48, 0x00, 0x00, 0x00, 0x00, 0x00, 0x00,
  0x00, 0x00, 0x84, 0xFF, 0xFF, 0x48, 0x00, 0x00, 0x00, 0x00, 0x00, 0x00, 0x00, 0x00, 0x84, 0xFF,
  0xFF, 0x48, 0x00, 0x00, 0x00, 0x00, 0x00, 0x00, 0x00, 0x00, 0x84, 0xFF, 0xFF, 0x48, 0x00, 0x00,
  0x00, 0x00, 0x00, 0x00, 0x00, 0x00, 0x84, 0xFF, 0xFF, 0x48, 0x41, 0xC8, 0xF7, 0xE9, 0xAC, 0x30,
  0x00, 0x00, 0x84, 0xFF, 0xFF, 0x7E, 0xFA, 0xFF, 0xFF, 0xFF, 0xFF, 0xF7, 0x4A, 0x00, 0x84, 0xFF,
  0xFF, 0xFB, 0xC5, 0x5A, 0x53, 0xB4, 0xFF, 0xFF, 0xE9, 0x10, 0x84, 0xFF, 0xFF, 0xD2, 0x06, 0x00,
  0x00, 0x01, 0xB8, 0xFF, 0xFF, 0x63, 0x84, 0xFF, 0xFF, 0x6A, 0x00, 0x00, 0x00, 0x00, 0x49, 0xFF,
  0xFF, 0xA3, 0x84, 0xFF, 0xFF, 0x41, 0x00, 0x00, 0x00, 0x00, 0x1E, 0xFF, 0xFF, 0xBC, 0x84, 0xFF,
  0xFF, 0x42, 0x00, 0x00, 0x00, 0x00, 0x1F, 0xFF, 0xFF, 0xBB, 0x84, 0xFF, 0xFF, 0x6D, 0x00, 0x00,
  0x00, 0x00, 0x4C, 0xFF, 0xFF, 0xA3, 0x84, 0xFF, 0xFF, 0xD4, 0x07, 0x00, 0x00, 0x02, 0xBD, 0xFF,
  0xFF, 0x61, 0x84, 0xFF, 0xFF, 0xFB, 0xC7, 0x5D, 0x58, 0xB9, 0xFF, 0xFF, 0xE8, 0x0F, 0x84, 0xFF,
  0xFF, 0x6F, 0xFA, 0xFF, 0xFF, 0xFF, 0xFF, 0xF7, 0x49, 0x00, 0x84, 0xFF, 0xFF, 0x38, 0x41, 0xC8,
  0xF7, 0xEA, 0xAD, 0x31, 0x00, 0x00, 0x00, 0x00, 0x00, 0x27, 0x97, 0xDC, 0xF7, 0xE3, 0xB8, 0x4A,
  0x00, 0x00, 0x00, 0x00, 0x51, 0xF5, 0xFF, 0xFF, 0xFF, 0xFF, 0xFF, 0xFF, 0x94, 0x00, 0x00, 0x24,
  0xF4, 0xFF, 0xFC, 0x88, 0x46, 0x60, 0xD9, 0xFF, 0xFF, 0x5D, 0x00, 0x94, 0xFF, 0xFF, 0x74, 0x00,
  0x00, 0x00, 0x19, 0xF5, 0xF0, 0x91, 0x00, 0xE0, 0xFF, 0xF8, 0x0A, 0x00, 0x00, 0x00, 0x00, 0x17,
  0x01, 0x00, 0x02, 0xFC, 0xFF, 0xD6, 0x00, 0x00, 0x00, 0x00, 0x00, 0x00, 0x00, 0x00, 0x02, 0xFC,
  0xFF, 0xD5, 0x00, 0x00, 0x00, 0x00, 0x00, 0x00, 0x00, 0x00, 0x00, 0xE1, 0xFF, 0xF8, 0x0A, 0x00,
  0x00, 0x00, 0x00, 0x2D, 0x0E, 0x00, 0x00, 0x94, 0xFF, 0xFF, 0x74, 0x00, 0x00, 0x00, 0x1A, 0xF5,
  0xFE, 0xA7, 0x00, 0x22, 0xF3, 0xFF, 0xFC, 0x8A, 0x4A, 0x63, 0xDA, 0xFF, 0xFF, 0x5E, 0x00, 0x00,
  0x4E, 0xF5, 0xFF, 0xFF, 0xFF, 0xFF, 0xFF, 0xFF, 0x94, 0x00, 0x00, 0x00, 0x00, 0x27, 0x98, 0xDD,
  0xF8, 0xEF, 0xB9, 0x48, 0x00, 0x00, 0x00, 0x00, 0x00, 0x00, 0x00, 0x00, 0x00, 0x00, 0x00, 0x88,
  0xFF, 0xFF, 0x40, 0x00, 0x00, 0x00, 0x00, 0x00, 0x00, 0x00, 0x00, 0x00, 0x88, 0xFF, 0xFF, 0x40,
  0x00, 0x00, 0x00, 0x00, 0x00, 0x00, 0x00, 0x00, 0x00, 0x88, 0xFF, 0xFF, 0x40, 0x00, 0x00, 0x00,
  0x00, 0x00, 0x00, 0x00, 0x00, 0x00, 0x88, 0xFF, 0xFF, 0x40, 0x00, 0x00, 0x00, 0x54, 0xC4, 0xF2,
  0xF0, 0xAD, 0x20, 0x88, 0xFF, 0xFF, 0x40, 0x00, 0x00, 0x84, 0xFF, 0xFF, 0xFF, 0xFF, 0xFF, 0xDF,
  0x95, 0xFF, 0xFF, 0x40, 0x00, 0x3E, 0xFE, 0xFF, 0xFC, 0x8B, 0x4E, 0x6C, 0xE5, 0xFB, 0xFF, 0xFF,
  0x40, 0x00, 0xA8, 0xFF, 0xFF, 0x72, 0x00, 0x00, 0x00, 0x25, 0xF8, 0xFF, 0xFF, 0x40, 0x00, 0xE8,
  0xFF, 0xF9, 0x09, 0x00, 0x00, 0x00, 0x00, 0xAE, 0xFF, 0xFF, 0x40, 0x03, 0xFD, 0xFF, 0xD9, 0x00,
  0x00, 0x00, 0x00, 0x00, 0x85, 0xFF, 0xFF, 0x40, 0x03, 0xFD, 0xFF, 0xDA, 0x00, 0x00, 0x00, 0x00,
  0x00, 0x87, 0xFF, 0xFF, 0x40, 0x00, 0xE7, 0xFF, 0xFA, 0x0B, 0x00, 0x00, 0x00, 0x00, 0xB1, 0xFF,
  0xFF, 0x40, 0x00, 0xA6, 0xFF, 0xFF, 0x78, 0x00, 0x00, 0x00, 0x27, 0xF9, 0xFF, 0xFF, 0x40, 0x00,
  0x3D, 0xFE, 0xFF, 0xFD, 0x91, 0x51, 0x6F, 0xE5, 0xFB, 0xFF, 0xFF, 0x40, 0x00, 0x00, 0x83, 0xFF,
  0xFF, 0xFF, 0xFF, 0xFF, 0xDD, 0x8A, 0xFF, 0xFF, 0x40, 0x00, 0x00, 0x00, 0x55, 0xC4, 0xF2, 0xF1,
  0xAD, 0x1D, 0x7C, 0xFF, 0xFF, 0x40, 0x00, 0x00, 0x00, 0x28, 0x99, 0xDE, 0xF8, 0xEA, 0xAD, 0x3E,
  0x00, 0x00, 0x00, 0x00, 0x00, 0x4F, 0xF5, 0xFF, 0xFF, 0xFF, 0xFF, 0xFF, 0xFE, 0x76, 0x00, 0x00,
  0x00, 0x23, 0xF4, 0xFF, 0xEA, 0x63, 0x30, 0x51, 0xD7, 0xFF, 0xFE, 0x3D, 0x00, 0x00, 0x95, 0xFF,
  0xFF, 0x34, 0x00, 0x00, 0x00, 0x1C, 0xF7, 0xFF, 0xB1, 0x00, 0x00, 0xE1, 0xFF, 0xD4, 0x00, 0x00,
  0x00, 0x00, 0x00, 0xB8, 0xFF, 0xF2, 0x00, 0x02, 0xFC, 0xFF, 0xFF, 0xFF, 0xFF, 0xFF, 0xFF, 0xFF,
  0xFF, 0xFF, 0xFF, 0x0D, 0x02, 0xFC, 0xFF, 0xFF, 0xE0, 0xE0, 0xE0, 0xE0, 0xE0, 0xE0, 0xE0, 0xE0,
  0x14, 0x00, 0xE2, 0xFF, 0xDB, 0x00, 0x00, 0x00, 0x00, 0x00, 0x00, 0x00, 0x00, 0x00, 0x00, 0x98,
  0xFF, 0xFF, 0x40, 0x00, 0x00, 0x00, 0x00, 0x73, 0x5B, 0x28, 0x00, 0x00, 0x27, 0xF5, 0xFF, 0xEF,
  0x70, 0x35, 0x44, 0xA6, 0xFF, 0xFF, 0xA1, 0x00, 0x00, 0x00, 0x53, 0xF6, 0xFF, 0xFF, 0xFF, 0xFF,
  0xFF, 0xFF, 0xD2, 0x12, 0x00, 0x00, 0x00, 0x00, 0x28, 0x97, 0xDB, 0xF6, 0xF3, 0xCB, 0x76, 0x0A,
  0x00, 0x00, 0x00, 0x00, 0x00, 0x20, 0xA9, 0xED, 0xF6, 0xDA, 0x26, 0x00, 0x00, 0x0F, 0xE2, 0xFF,
  0xFF, 0xFF, 0xF5, 0x06, 0x00, 0x00, 0x68, 0xFF, 0xFF, 0xC4, 0x59, 0x53, 0x00, 0x00, 0x00, 0x8E,
  0xFF, 0xFF, 0x40, 0x00, 0x00, 0x00, 0x00, 0x00, 0x94, 0xFF, 0xFF, 0x34, 0x00, 0x00, 0x00, 0xC8,
  0xFF, 0xFF, 0xFF, 0xFF, 0xFF, 0xFF, 0xCC, 0x00, 0xC8, 0xFF, 0xFF, 0xFF, 0xFF, 0xFF, 0xFF, 0xCC,
  0x00, 0x22, 0x2C, 0xC0, 0xFF, 0xFF, 0x60, 0x2C, 0x23, 0x00, 0x00, 0x00, 0x94, 0xFF, 0xFF, 0x34,
  0x00, 0x00, 0x00, 0x00, 0x00, 0x94, 0xFF, 0xFF, 0x34, 0x00, 0x00, 0x00, 0x00, 0x00, 0x94, 0xFF,
  0xFF, 0x34, 0x00, 0x00, 0x00, 0x00, 0x00, 0x94, 0xFF, 0xFF, 0x34, 0x00, 0x00, 0x00, 0x00, 0x00,
  0x94, 0xFF, 0xFF, 0x34, 0x00, 0x00, 0x00, 0x00, 0x00, 0x94, 0xFF, 0xFF, 0x34, 0x00, 0x00, 0x00,
  0x00, 0x00, 0x94, 0xFF, 0xFF, 0x34, 0x00, 0x00, 0x00, 0x00, 0x00, 0x94, 0xFF, 0xFF, 0x34, 0x00,
  0x00, 0x00, 0x00, 0x00, 0x94, 0xFF, 0xFF, 0x34, 0x00, 0x00, 0x00, 0x00, 0x00, 0x00, 0x4E, 0xC1,
  0xF1, 0xF1, 0xAF, 0x22, 0x74, 0xFF, 0xFF, 0x48, 0x00, 0x00, 0x79, 0xFF, 0xFF, 0xFF, 0xFF, 0xFF,
  0xE4, 0x86, 0xFF, 0xFF, 0x48, 0x00, 0x35, 0xFD, 0xFF, 0xFE, 0x92, 0x4E, 0x6C, 0xE5, 0xFA, 0xFF,
  0xFF, 0x48, 0x00, 0xA0, 0xFF, 0xFF, 0x7D, 0x00, 0x00, 0x00, 0x28, 0xFA, 0xFF, 0xFF, 0x48, 0x00,
  0xE3, 0xFF, 0xFB, 0x0D, 0x00, 0x00, 0x00, 0x00, 0xB0, 0xFF, 0xFF, 0x48, 0x01, 0xFB, 0xFF, 0xDB,
  0x00, 0x00, 0x00, 0x00, 0x00, 0x84, 0xFF, 0xFF, 0x48, 0x04, 0xFE, 0xFF, 0xD7, 0x00, 0x00, 0x00,
  0x00, 0x00, 0x80, 0xFF, 0xFF, 0x48, 0x00, 0xEC, 0xFF, 0xF5, 0x06, 0x00, 0x00, 0x00, 0x00, 0xA4,
  0xFF, 0xFF, 0x48, 0x00, 0xB2, 0xFF, 0xFF, 0x60, 0x00, 0x00, 0x00, 0x15, 0xF1, 0xFF, 0xFF, 0x48,
  0x00, 0x4C, 0xFF, 0xFF, 0xF6, 0x72, 0x35, 0x50, 0xD2, 0xFF, 0xFF, 0xFF, 0x48, 0x00, 0x00, 0x95,
  0xFF, 0xFF, 0xFF, 0xFF, 0xFF, 0xE6, 0x92, 0xFF, 0xFF, 0x48, 0x00, 0x00, 0x00, 0x5F, 0xC8, 0xF3,
  0xF3, 0xB6, 0x28, 0x7C, 0xFF, 0xFF, 0x43, 0x00, 0x00, 0x00, 0x08, 0x00, 0x00, 0x00, 0x00, 0x00,
  0xA2, 0xFF, 0xFF, 0x25, 0x00, 0x45, 0xCD, 0xFB, 0x97, 0x34, 0x1C, 0x2F, 0x81, 0xFD, 0xFF, 0xCD,
  0x00, 0x00, 0x0C, 0xC6, 0xFF, 0xFF, 0xFF, 0xFF, 0xFF, 0xFF, 0xFF, 0xE7, 0x2A, 0x00, 0x00, 0x00,
  0x04, 0x67, 0xBF, 0xEC, 0xFB, 0xEF, 0xCB, 0x80, 0x10, 0x00, 0x00, 0x84, 0xFF, 0xFF, 0x3C, 0x00,
  0x00, 0x00, 0x00, 0x00, 0x00, 0x00, 0x84, 0xFF, 0xFF, 0x3C, 0x00, 0x00, 0x00, 0x00, 0x00, 0x00,
  0x00, 0x84, 0xFF, 0xFF, 0x3C, 0x00, 0x00, 0x00, 0x00, 0x00, 0x00, 0x00, 0x84, 0xFF, 0xFF, 0x3C,
  0x00, 0x00, 0x00, 0x00, 0x00, 0x00, 0x00, 0x84, 0xFF, 0xFF, 0x3C, 0x48, 0xC4, 0xF2, 0xED, 0xB0,
  0x2A, 0x00, 0x84, 0xFF, 0xFF, 0x89, 0xFC, 0xFF, 0xFF, 0xFF, 0xFF, 0xF2, 0x24, 0x84, 0xFF, 0xFF,
  0xFF, 0xB6, 0x63, 0x78, 0xE8, 0xFF, 0xFF, 0xA1, 0x84, 0xFF, 0xFF, 0xB4, 0x00, 0x00, 0x00, 0x2D,
  0xFD, 0xFF, 0xE3, 0x84, 0xFF, 0xFF, 0x58, 0x00, 0x00, 0x00, 0x00, 0xDF, 0xFF, 0xF9, 0x84, 0xFF,
  0xFF, 0x48, 0x00, 0x00, 0x00, 0x00, 0xD0, 0xFF, 0xFC, 0x84, 0xFF, 0xFF, 0x48, 0x00, 0x00, 0x00,
  0x00, 0xD0, 0xFF, 0xFC, 0x84, 0xFF, 0xFF, 0x48, 0x00, 0x00, 0x00, 0x00, 0xD0, 0xFF, 0xFC, 0x84,
  0xFF, 0xFF, 0x48, 0x00, 0x00, 0x00, 0x00, 0xD0, 0xFF, 0xFC, 0x84, 0xFF, 0xFF, 0x48, 0x00, 0x00,
  0x00, 0x00, 0xD0, 0xFF, 0xFC, 0x84, 0xFF, 0xFF, 0x48, 0x00, 0x00, 0x00, 0x00, 0xD0, 0xFF, 0xFC,
  0x84, 0xFF, 0xFF, 0x48, 0x00, 0x00, 0x00, 0x00, 0xD0, 0xFF, 0xFC, 0x49, 0xEA, 0xD6, 0x22, 0xB2,
  0xFF, 0xFF, 0x76, 0x4C, 0xEE, 0xDA, 0x23, 0x00, 0x00, 0x00, 0x00, 0x00, 0x00, 0x00, 0x00, 0x84,
  0xFF, 0xFF, 0x48, 0x84, 0xFF, 0xFF, 0x48, 0x84, 0xFF, 0xFF, 0x48, 0x84, 0xFF, 0xFF, 0x48, 0x84,
  0xFF, 0xFF, 0x48, 0x84, 0xFF, 0xFF, 0x48, 0x84, 0xFF, 0xFF, 0x48, 0x84, 0xFF, 0xFF, 0x48, 0x84,
  0xFF, 0xFF, 0x48, 0x84, 0xFF, 0xFF, 0x48, 0x84, 0xFF, 0xFF, 0x48, 0x84, 0xFF, 0xFF, 0x48, 0x00,
  0x00, 0x4B, 0xEA, 0xD4, 0x1F, 0x00, 0x00, 0xB3, 0xFF, 0xFF, 0x72, 0x00, 0x00, 0x4E, 0xEE, 0xD9,
  0x21, 0x00, 0x00, 0x00, 0x00, 0x00, 0x00, 0x00, 0x00, 0x00, 0x00, 0x00, 0x00, 0x00, 0x00, 0x88,
  0xFF, 0xFF, 0x48, 0x00, 0x00, 0x88, 0xFF, 0xFF, 0x48, 0x00, 0x00, 0x88, 0xFF, 0xFF, 0x48, 0x00,
  0x00, 0x88, 0xFF, 0xFF, 0x48, 0x00, 0x00, 0x88, 0xFF, 0xFF, 0x48, 0x00, 0x00, 0x88, 0xFF, 0xFF,
  0x48, 0x00, 0x00, 0x88, 0xFF, 0xFF, 0x48, 0x00, 0x00, 0x88, 0xFF, 0xFF, 0x48, 0x00, 0x00, 0x88,
  0xFF, 0xFF, 0x48, 0x00, 0x00, 0x88, 0xFF, 0xFF, 0x48, 0x00, 0x00, 0x88, 0xFF, 0xFF, 0x48, 0x00,
  0x00, 0x88, 0xFF, 0xFF, 0x48, 0x00, 0x00, 0x92, 0xFF, 0xFF, 0x41, 0x1E, 0x5D, 0xEA, 0xFF, 0xFE,
  0x1D, 0x74, 0xFF, 0xFF, 0xFF, 0xA7, 0x00, 0x74, 0xF8, 0xD8, 0x80, 0x08, 0x00, 0x84, 0xFF, 0xFF,
  0x48, 0x00, 0x00, 0x00, 0x00, 0x00, 0x00, 0x00, 0x00, 0x84, 0xFF, 0xFF, 0x48, 0x00, 0x00, 0x00,
  0x00, 0x00, 0x00, 0x00, 0x00, 0x84, 0xFF, 0xFF, 0x48, 0x00, 0x00, 0x00, 0x00, 0x00, 0x00, 0x00,
  0x00, 0x84, 0xFF, 0xFF, 0x48, 0x00, 0x00, 0x00, 0x00, 0x00, 0x00, 0x00, 0x00, 0x84, 0xFF, 0xFF,
  0x48, 0x00, 0x00, 0x00, 0xA0, 0xFF, 0xFF, 0xA1, 0x00, 0x84, 0xFF, 0xFF, 0x48, 0x00, 0x00, 0x82,
  0xFF, 0xFF, 0xBA, 0x05, 0x00, 0x84, 0xFF, 0xFF, 0x48, 0x00, 0x63, 0xFF, 0xFF, 0xD0, 0x0D, 0x00,
  0x00, 0x84, 0xFF, 0xFF, 0x48, 0x48, 0xFB, 0xFF, 0xE1, 0x19, 0x00, 0x00, 0x00, 0x84, 0xFF, 0xFF,
  0x81, 0xF3, 0xFF, 0xF7, 0x29, 0x00, 0x00, 0x00, 0x00, 0x84, 0xFF, 0xFF, 0xFF, 0xFF, 0xFF, 0xD6,
  0x00, 0x00, 0x00, 0x00, 0x00, 0x84, 0xFF, 0xFF, 0xFF, 0xFF, 0xFF, 0xFF, 0x54, 0x00, 0x00, 0x00,
  0x00, 0x84, 0xFF, 0xFF, 0xF9, 0x4D, 0xFE, 0xFF, 0xEF, 0x1F, 0x00, 0x00, 0x00, 0x84, 0xFF, 0xFF,
  0x50, 0x00, 0x89, 0xFF, 0xFF, 0xC6, 0x04, 0x00, 0x00, 0x84, 0xFF, 0xFF, 0x48, 0x00, 0x05, 0xC9,
  0xFF, 0xFF, 0x86, 0x00, 0x00, 0x84, 0xFF, 0xFF, 0x48, 0x00, 0x00, 0x22, 0xF1, 0xFF, 0xFD, 0x44,
  0x00, 0x84, 0xFF, 0xFF, 0x48, 0x00, 0x00, 0x00, 0x59, 0xFF, 0xFF, 0xE7, 0x16, 0x84, 0xFF, 0xFF,
  0x48, 0x84, 0xFF, 0xFF, 0x48, 0x84, 0xFF, 0xFF, 0x48, 0x84, 0xFF, 0xFF, 0x48, 0x84, 0xFF, 0xFF,
  0x48, 0x84, 0xFF, 0xFF, 0x48, 0x84, 0xFF, 0xFF, 0x48, 0x84, 0xFF, 0xFF, 0x48, 0x84, 0xFF, 0xFF,
  0x48, 0x84, 0xFF, 0xFF, 0x48, 0x84, 0xFF, 0xFF, 0x48, 0x84, 0xFF, 0xFF, 0x48, 0x84, 0xFF, 0xFF,
  0x48, 0x84, 0xFF, 0xFF, 0x48, 0x84, 0xFF, 0xFF, 0x48, 0x84, 0xFF, 0xFF, 0x48, 0x84, 0xFF, 0xFF,
  0x20, 0x74, 0xD4, 0xF5, 0xD6, 0x53, 0x00, 0x07, 0x81, 0xDD, 0xF9, 0xDB, 0x75, 0x02, 0x00, 0x84,
  0xFF, 0xFF, 0x96, 0xFF, 0xFF, 0xFF, 0xFF, 0xFC, 0x3B, 0xB8, 0xFF, 0xFF, 0xFF, 0xFF, 0xFF, 0x8F,
  0x00, 0x84, 0xFF, 0xFF, 0xFF, 0x6E, 0x35, 0x74, 0xFB, 0xFF, 0xF5, 0xF9, 0x68, 0x35, 0x75, 0xFC,
  0xFF, 0xFB, 0x16, 0x84, 0xFF, 0xFF, 0x83, 0x00, 0x00, 0x00, 0x9C, 0xFF, 0xFF, 0x78, 0x00, 0x00,
  0x00, 0xA1, 0xFF, 0xFF, 0x45, 0x84, 0xFF, 0xFF, 0x4D, 0x00, 0x00, 0x00, 0x74, 0xFF, 0xFF, 0x46,
  0x00, 0x00, 0x00, 0x7A, 0xFF, 0xFF, 0x53, 0x84, 0xFF, 0xFF, 0x48, 0x00, 0x00, 0x00, 0x74, 0xFF,
  0xFF, 0x44, 0x00, 0x00, 0x00, 0x78, 0xFF, 0xFF, 0x54, 0x84, 0xFF, 0xFF, 0x48, 0x00, 0x00, 0x00,
  0x74, 0xFF, 0xFF, 0x44, 0x00, 0x00, 0x00, 0x78, 0xFF, 0xFF, 0x54, 0x84, 0xFF, 0xFF, 0x48, 0x00,
  0x00, 0x00, 0x74, 0xFF, 0xFF, 0x44, 0x00, 0x00, 0x00, 0x78, 0xFF, 0xFF, 0x54, 0x84, 0xFF, 0xFF,
  0x48, 0x00, 0x00, 0x00, 0x74, 0xFF, 0xFF, 0x44, 0x00, 0x00, 0x00, 0x78, 0xFF, 0xFF, 0x54, 0x84,
  0xFF, 0xFF, 0x48, 0x00, 0x00, 0x00, 0x74, 0xFF, 0xFF, 0x44, 0x00, 0x00, 0x00, 0x78, 0xFF, 0xFF,
  0x54, 0x84, 0xFF, 0xFF, 0x48, 0x00, 0x00, 0x00, 0x74, 0xFF, 0xFF, 0x44, 0x00, 0x00, 0x00, 0x78,
  0xFF, 0xFF, 0x54, 0x84, 0xFF, 0xFF, 0x48, 0x00, 0x00, 0x00, 0x74, 0xFF, 0xFF, 0x44, 0x00, 0x00,
  0x00, 0x78, 0xFF, 0xFF, 0x54, 0x84, 0xFF, 0xFF, 0x21, 0x44, 0xC2, 0xF2, 0xED, 0xB0, 0x2A, 0x00,
  0x84, 0xFF, 0xFF, 0x6E, 0xFB, 0xFF, 0xFF, 0xFF, 0xFF, 0xF2, 0x24, 0x84, 0xFF, 0xFF, 0xFD, 0x96,
  0x40, 0x54, 0xD3, 0xFF, 0xFF, 0xA1, 0x84, 0xFF, 0xFF, 0xA2, 0x00, 0x00, 0x00, 0x1F, 0xFB, 0xFF,
  0xE3, 0x84, 0xFF, 0xFF, 0x54, 0x00, 0x00, 0x00, 0x00, 0xDB, 0xFF, 0xF9, 0x84, 0xFF, 0xFF, 0x48,
  0x00, 0x00, 0x00, 0x00, 0xD0, 0xFF, 0xFC, 0x84, 0xFF, 0xFF, 0x48, 0x00, 0x00, 0x00, 0x00, 0xD0,
  0xFF, 0xFC, 0x84, 0xFF, 0xFF, 0x48, 0x00, 0x00, 0x00, 0x00, 0xD0, 0xFF, 0xFC, 0x84, 0xFF, 0xFF,
  0x48, 0x00, 0x00, 0x00, 0x00, 0xD0, 0xFF, 0xFC, 0x84, 0xFF, 0xFF, 0x48, 0x00, 0x00, 0x00, 0x00,
  0xD0, 0xFF, 0xFC, 0x84, 0xFF, 0xFF, 0x48, 0x00, 0x00, 0x00, 0x00, 0xD0, 0xFF, 0xFC, 0x84, 0xFF,
  0xFF, 0x48, 0x00, 0x00, 0x00, 0x00, 0xD0, 0xFF, 0xFC, 0x00, 0x00, 0x00, 0x27, 0x97, 0xDC, 0xF7,
  0xE7, 0xBA, 0x54, 0x00, 0x00, 0x00, 0x00, 0x00, 0x51, 0xF5, 0xFF, 0xFF, 0xFF, 0xFF, 0xFF, 0xFF,
  0xA6, 0x03, 0x00, 0x00, 0x24, 0xF4, 0xFF, 0xFB, 0x86, 0x46, 0x61, 0xDB, 0xFF, 0xFF, 0x7C, 0x00,
  0x00, 0x94, 0xFF, 0xFF, 0x70, 0x00, 0x00, 0x00, 0x1A, 0xF2, 0xFF, 0xF0, 0x07, 0x00, 0xE0, 0xFF,
  0xF7, 0x08, 0x00, 0x00, 0x00, 0x00, 0x9B, 0xFF, 0xFF, 0x44, 0x02, 0xFC, 0xFF, 0xD5, 0x00, 0x00,
  0x00, 0x00, 0x00, 0x6E, 0xFF, 0xFF, 0x62, 0x02, 0xFC, 0xFF, 0xD5, 0x00, 0x00, 0x00, 0x00, 0x00,
  0x6F, 0xFF, 0xFF, 0x62, 0x00, 0xE1, 0xFF, 0xF8, 0x09, 0x00, 0x00, 0x00, 0x00, 0x9C, 0xFF, 0xFF,
  0x44, 0x00, 0x94, 0xFF, 0xFF, 0x73, 0x00, 0x00, 0x00, 0x1B, 0xF2, 0xFF, 0xEF, 0x07, 0x00, 0x22,
  0xF3, 0xFF, 0xFC, 0x8A, 0x49, 0x65, 0xDD, 0xFF, 0xFF, 0x79, 0x00, 0x00, 0x00, 0x4E, 0xF5, 0xFF,
  0xFF, 0xFF, 0xFF, 0xFF, 0xFF, 0xA3, 0x02, 0x00, 0x00, 0x00, 0x00, 0x27, 0x98, 0xDD, 0xF7, 0xE8,
  0xBA, 0x54, 0x00, 0x00, 0x00, 0x84, 0xFF, 0xFF, 0x38, 0x4C, 0xCD, 0xF8, 0xE9, 0xAC, 0x30, 0x00,
  0x00, 0x84, 0xFF, 0xFF, 0x7F, 0xFD, 0xFF, 0xFF, 0xFF, 0xFF, 0xF7, 0x4A, 0x00, 0x84, 0xFF, 0xFF,
  0xFF, 0xA7, 0x36, 0x2F, 0x92, 0xFF, 0xFF, 0xE9, 0x10, 0x84, 0xFF, 0xFF, 0xC4, 0x01, 0x00, 0x00,
  0x00, 0xA5, 0xFF, 0xFF, 0x63, 0x84, 0xFF, 0xFF, 0x63, 0x00, 0x00, 0x00, 0x00, 0x43, 0xFF, 0xFF,
  0xA3, 0x84, 0xFF, 0xFF, 0x3F, 0x00, 0x00, 0x00, 0x00, 0x1C, 0xFF, 0xFF, 0xBC, 0x84, 0xFF, 0xFF,
  0x43, 0x00, 0x00, 0x00, 0x00, 0x20, 0xFF, 0xFF, 0xBB, 0x84, 0xFF, 0xFF, 0x6F, 0x00, 0x00, 0x00,
  0x00, 0x4F, 0xFF, 0xFF, 0xA3, 0x84, 0xFF, 0xFF, 0xD7, 0x09, 0x00, 0x00, 0x03, 0xC0, 0xFF, 0xFF,
  0x61, 0x84, 0xFF, 0xFF, 0xFC, 0xC9, 0x5E, 0x58, 0xB9, 0xFF, 0xFF, 0xE8, 0x0F, 0x84, 0xFF, 0xFF,
  0x7F, 0xFA, 0xFF, 0xFF, 0xFF, 0xFF, 0xF7, 0x49, 0x00, 0x84, 0xFF, 0xFF, 0x48, 0x41, 0xC8, 0xF7,
  0xEA, 0xAD, 0x31, 0x00, 0x00, 0x84, 0xFF, 0xFF, 0x48, 0x00, 0x00, 0x00, 0x00, 0x00, 0x00, 0x00,
  0x00, 0x84, 0xFF, 0xFF, 0x48, 0x00, 0x00, 0x00, 0x00, 0x00, 0x00, 0x00, 0x00, 0x84, 0xFF, 0xFF,
  0x48, 0x00, 0x00, 0x00, 0x00, 0x00, 0x00, 0x00, 0x00, 0x84, 0xFF, 0xFF, 0x48, 0x00, 0x00, 0x00,
  0x00, 0x00, 0x00, 0x00, 0x00, 0x00, 0x00, 0x00, 0x54, 0xC4, 0xF2, 0xF0, 0xAD, 0x20, 0x7C, 0xFF,
  0xFF, 0x40, 0x00, 0x00, 0x84, 0xFF, 0xFF, 0xFF, 0xFF, 0xFF, 0xDF, 0x89, 0xFF, 0xFF, 0x40, 0x00,
  0x3E, 0xFE, 0xFF, 0xFC, 0x8B, 0x4E, 0x6C, 0xE5, 0xFA, 0xFF, 0xFF, 0x40, 0x00, 0xA8, 0xFF, 0xFF,
  0x72, 0x00, 0x00, 0x00, 0x25, 0xF8, 0xFF, 0xFF, 0x40, 0x00, 0xE8, 0xFF, 0xF9, 0x09, 0x00, 0x00,
  0x00, 0x00, 0xAE, 0xFF, 0xFF, 0x40, 0x03, 0xFD, 0xFF, 0xD9, 0x00, 0x00, 0x00, 0x00, 0x00, 0x85,
  0xFF, 0xFF, 0x40, 0x03, 0xFD, 0xFF, 0xDA, 0x00, 0x00, 0x00, 0x00, 0x00, 0x87, 0xFF, 0xFF, 0x40,
  0x00, 0xE7, 0xFF, 0xFA, 0x0B, 0x00, 0x00, 0x00, 0x00, 0xB1, 0xFF, 0xFF, 0x40, 0x00, 0xA6, 0xFF,
  0xFF, 0x78, 0x00, 0x00, 0x00, 0x27, 0xF9, 0xFF, 0xFF, 0x40, 0x00, 0x3D, 0xFE, 0xFF, 0xFD, 0x91,
  0x51, 0x6F, 0xE5, 0xFC, 0xFF, 0xFF, 0x40, 0x00, 0x00, 0x83, 0xFF, 0xFF, 0xFF, 0xFF, 0xFF, 0xDD,
  0x96, 0xFF, 0xFF, 0x40, 0x00, 0x00, 0x00, 0x55, 0xC4, 0xF2, 0xF1, 0xAD, 0x1D, 0x88, 0xFF, 0xFF,
  0x40, 0x00, 0x00, 0x00, 0x00, 0x00, 0x00, 0x00, 0x00, 0x00, 0x88, 0xFF, 0xFF, 0x40, 0x00, 0x00,
  0x00, 0x00, 0x00, 0x00, 0x00, 0x00, 0x00, 0x88, 0xFF, 0xFF, 0x40, 0x00, 0x00, 0x00, 0x00, 0x00,
  0x00, 0x00, 0x00, 0x00, 0x88, 0xFF, 0xFF, 0x40, 0x00, 0x00, 0x00, 0x00, 0x00, 0x00, 0x00, 0x00,
  0x00, 0x88, 0xFF, 0xFF, 0x40, 0x00, 0x00, 0x00, 0x00, 0x00, 0x00, 0x02, 0x04, 0x84, 0xFF, 0xFF,
  0x30, 0x77, 0xE1, 0xFE, 0x4C, 0x84, 0xFF, 0xFF, 0x9D, 0xFF, 0xFF, 0xFF, 0x4C, 0x84, 0xFF, 0xFF,
  0xFF, 0xBD, 0x60, 0x59, 0x20, 0x84, 0xFF, 0xFF, 0xB6, 0x01, 0x00, 0x00, 0x00, 0x84, 0xFF, 0xFF,
  0x56, 0x00, 0x00, 0x00, 0x00, 0x84, 0xFF, 0xFF, 0x48, 0x00, 0x00, 0x00, 0x00, 0x84, 0xFF, 0xFF,
  0x48, 0x00, 0x00, 0x00, 0x00, 0x84, 0xFF, 0xFF, 0x48, 0x00, 0x00, 0x00, 0x00, 0x84, 0xFF, 0xFF,
  0x48, 0x00, 0x00, 0x00, 0x00, 0x84, 0xFF, 0xFF, 0x48, 0x00, 0x00, 0x00, 0x00, 0x84, 0xFF, 0xFF,
  0x48, 0x00, 0x00, 0x00, 0x00, 0x84, 0xFF, 0xFF, 0x48, 0x00, 0x00, 0x00, 0x00, 0x00, 0x00, 0x0D,
  0x7D, 0xCE, 0xF2, 0xF8, 0xDC, 0x94, 0x1C, 0x00, 0x00, 0x00, 0x13, 0xD6, 0xFF, 0xFF, 0xFF, 0xFF,
  0xFF, 0xFF, 0xE9, 0x25, 0x00, 0x00, 0x84, 0xFF, 0xFF, 0xA2, 0x25, 0x17, 0x69, 0xFB, 0xFF, 0xB3,
  0x00, 0x00, 0xAD, 0xFF, 0xFF, 0x24, 0x00, 0x00, 0x00, 0x50, 0x48, 0x17, 0x00, 0x00, 0x83, 0xFF,
  0xFF, 0xC6, 0x51, 0x17, 0x00, 0x00, 0x00, 0x00, 0x00, 0x00, 0x10, 0xD2, 0xFF, 0xFF, 0xFF, 0xFF,
  0xE4, 0x9F, 0x3D, 0x00, 0x00, 0x00, 0x00, 0x06, 0x63, 0xB2, 0xEC, 0xFF, 0xFF, 0xFF, 0xFF, 0x77,
  0x00, 0x00, 0x00, 0x00, 0x00, 0x00, 0x00, 0x22, 0x74, 0xFA, 0xFF, 0xFB, 0x0B, 0x00, 0x6B, 0x9B,
  0x8F, 0x00, 0x00, 0x00, 0x00, 0xBC, 0xFF, 0xFF, 0x23, 0x00, 0xC2, 0xFF, 0xFF, 0x88, 0x2D, 0x27,
  0x71, 0xFA, 0xFF, 0xE4, 0x04, 0x00, 0x2C, 0xEA, 0xFF, 0xFF, 0xFF, 0xFF, 0xFF, 0xFF, 0xF6, 0x45,
  0x00, 0x00, 0x00, 0x19, 0x8D, 0xD6, 0xF6, 0xF6, 0xD9, 0x93, 0x21, 0x00, 0x00, 0x00, 0x14, 0xFF,
  0xFF, 0xB8, 0x00, 0x00, 0x00, 0x00, 0x14, 0xFF, 0xFF, 0xB8, 0x00, 0x00, 0x00, 0x00, 0x14, 0xFF,
  0xFF, 0xB8, 0x00, 0x00, 0x00, 0xC8, 0xFF, 0xFF, 0xFF, 0xFF, 0xFF, 0xFF, 0x08, 0xC8, 0xFF, 0xFF,
  0xFF, 0xFF, 0xFF, 0xFF, 0x08, 0x22, 0x40, 0xFF, 0xFF, 0xE4, 0x2C, 0x2C, 0x01, 0x00, 0x14, 0xFF,
  0xFF, 0xB8, 0x00, 0x00, 0x00, 0x00, 0x14, 0xFF, 0xFF, 0xB8, 0x00, 0x00, 0x00, 0x00, 0x14, 0xFF,
  0xFF, 0xB8, 0x00, 0x00, 0x00, 0x00, 0x14, 0xFF, 0xFF, 0xB8, 0x00, 0x00, 0x00, 0x00, 0x14, 0xFF,
  0xFF, 0xB8, 0x00, 0x00, 0x00, 0x00, 0x12, 0xFF, 0xFF, 0xBC, 0x00, 0x00, 0x00, 0x00, 0x00, 0xF2,
  0xFF, 0xF2, 0x56, 0x4E, 0x00, 0x00, 0x00, 0x96, 0xFF, 0xFF, 0xFF, 0xFF, 0x1C, 0x00, 0x00, 0x0A,
  0x86, 0xDD, 0xFA, 0xEC, 0x3C, 0x84, 0xFF, 0xFF, 0x48, 0x00, 0x00, 0x00, 0x00, 0xD0, 0xFF, 0xFC,
  0x84, 0xFF, 0xFF, 0x48, 0x00, 0x00, 0x00, 0x00, 0xD0, 0xFF, 0xFC, 0x84, 0xFF, 0xFF, 0x48, 0x00,
  0x00, 0x00, 0x00, 0xD0, 0xFF, 0xFC, 0x84, 0xFF, 0xFF, 0x48, 0x00, 0x00, 0x00, 0x00, 0xD0, 0xFF,
  0xFC, 0x84, 0xFF, 0xFF, 0x48, 0x00, 0x00, 0x00, 0x00, 0xD0, 0xFF, 0xFC, 0x84, 0xFF, 0xFF, 0x48,
  0x00, 0x00, 0x00, 0x00, 0xD0, 0xFF, 0xFC, 0x84, 0xFF, 0xFF, 0x48, 0x00, 0x00, 0x00, 0x00, 0xD0,
  0xFF, 0xFC, 0x81, 0xFF, 0xFF, 0x56, 0x00, 0x00, 0x00, 0x00, 0xE1, 0xFF, 0xFC, 0x6B, 0xFF, 0xFF,
  0xA2, 0x00, 0x00, 0x00, 0x3D, 0xFF, 0xFF, 0xFC, 0x2B, 0xFF, 0xFF, 0xFF, 0xA4, 0x62, 0x7F, 0xF0,
  0xF2, 0xFF, 0xFC, 0x00, 0xA0, 0xFF, 0xFF, 0xFF, 0xFF, 0xFF, 0xAA, 0xB0, 0xFF, 0xFC, 0x00, 0x03,
  0x7A, 0xDA, 0xF8, 0xDE, 0x82, 0x07, 0xAD, 0xFF, 0xFC, 0x65, 0xFF, 0xFF, 0x92, 0x00, 0x00, 0x00,
  0x00, 0x00, 0x9F, 0xFF, 0xFF, 0x4F, 0x0E, 0xF6, 0xFF, 0xE6, 0x02, 0x00, 0x00, 0x00, 0x05, 0xEE,
  0xFF, 0xEA, 0x05, 0x00, 0xA6, 0xFF, 0xFF, 0x3E, 0x00, 0x00, 0x00, 0x4B, 0xFF, 0xFF, 0x90, 0x00,
  0x00, 0x47, 0xFF, 0xFF, 0x93, 0x00, 0x00, 0x00, 0xA0, 0xFF, 0xFF, 0x30, 0x00, 0x00, 0x02, 0xE4,
  0xFF, 0xE6, 0x02, 0x00, 0x06, 0xEF, 0xFF, 0xD1, 0x00, 0x00, 0x00, 0x00, 0x88, 0xFF, 0xFF, 0x3F,
  0x00, 0x4C, 0xFF, 0xFF, 0x71, 0x00, 0x00, 0x00, 0x00, 0x29, 0xFF, 0xFF, 0x93, 0x00, 0xA0, 0xFF,
  0xFB, 0x16, 0x00, 0x00, 0x00, 0x00, 0x00, 0xC9, 0xFF, 0xE0, 0x01, 0xE9, 0xFF, 0xB2, 0x00, 0x00,
  0x00, 0x00, 0x00, 0x00, 0x6A, 0xFF, 0xFF, 0x5E, 0xFF, 0xFF, 0x52, 0x00, 0x00, 0x00, 0x00, 0x00,
  0x00, 0x11, 0xF8, 0xFF, 0xE2, 0xFF, 0xEC, 0x06, 0x00, 0x00, 0x00, 0x00, 0x00, 0x00, 0x00, 0xAB,
  0xFF, 0xFF, 0xFF, 0x93, 0x00, 0x00, 0x00, 0x00, 0x00, 0x00, 0x00, 0x00, 0x4C, 0xFF, 0xFF, 0xFF,
  0x33, 0x00, 0x00, 0x00, 0x00, 0x62, 0xFF, 0xFF, 0x8B, 0x00, 0x00, 0x00, 0x36, 0xFF, 0xFF, 0xB3,
  0x00, 0x00, 0x00, 0x18, 0xFF, 0xFF, 0xD9, 0x17, 0xFE, 0xFF, 0xCB, 0x00, 0x00, 0x00, 0x78, 0xFF,
  0xFF, 0xF1, 0x03, 0x00, 0x00, 0x59, 0xFF, 0xFF, 0x8C, 0x00, 0xCA, 0xFF, 0xFC, 0x0E, 0x00, 0x00,
  0xBA, 0xFF, 0xFF, 0xFF, 0x34, 0x00, 0x00, 0x99, 0xFF, 0xFF, 0x3F, 0x00, 0x7D, 0xFF, 0xFF, 0x4A,
  0x00, 0x06, 0xF5, 0xFF, 0xE1, 0xFF, 0x75, 0x00, 0x00, 0xDA, 0xFF, 0xEF, 0x04, 0x00, 0x31, 0xFF,
  0xFF, 0x89, 0x00, 0x3D, 0xFF, 0xEC, 0x7F, 0xFF, 0xB5, 0x00, 0x19, 0xFF, 0xFF, 0xA6, 0x00, 0x00,
  0x00, 0xE3, 0xFF, 0xC6, 0x00, 0x7E, 0xFF, 0xB0, 0x41, 0xFF, 0xF0, 0x02, 0x56, 0xFF, 0xFF, 0x59,
  0x00, 0x00, 0x00, 0x98, 0xFF, 0xF9, 0x08, 0xBE, 0xFF, 0x70, 0x07, 0xF6, 0xFF, 0x30, 0x91, 0xFF,
  0xFB, 0x11, 0x00, 0x00, 0x00, 0x4C, 0xFF, 0xFF, 0x40, 0xF6, 0xFF, 0x2C, 0x00, 0xB8, 0xFF, 0x6C,
  0xCA, 0xFF, 0xC0, 0x00, 0x00, 0x00, 0x00, 0x09, 0xF6, 0xFF, 0xA2, 0xFF, 0xE1, 0x00, 0x00, 0x6F,
  0xFF, 0xAC, 0xF9, 0xFF, 0x73, 0x00, 0x00, 0x00, 0x00, 0x00, 0xB3, 0xFF, 0xFF, 0xFF, 0x98, 0x00,
  0x00, 0x24, 0xFF, 0xFF, 0xFF, 0xFF, 0x27, 0x00, 0x00, 0x00, 0x00, 0x00, 0x67, 0xFF, 0xFF, 0xFF,
  0x4E, 0x00, 0x00, 0x00, 0xDB, 0xFF, 0xFF, 0xDA, 0x00, 0x00, 0x00, 0x00, 0x00, 0x00, 0x1B, 0xFF,
  0xFF, 0xF9, 0x0B, 0x00, 0x00, 0x00, 0x91, 0xFF, 0xFF, 0x8E, 0x00, 0x00, 0x00, 0x09, 0xDC, 0xFF,
  0xFA, 0x2A, 0x00, 0x00, 0x00, 0x88, 0xFF, 0xFF, 0x79, 0x00, 0x43, 0xFF, 0xFF, 0xC0, 0x00, 0x00,
  0x2C, 0xFA, 0xFF, 0xD0, 0x04, 0x00, 0x00, 0x9F, 0xFF, 0xFF, 0x53, 0x00, 0xBB, 0xFF, 0xFC, 0x33,
  0x00, 0x00, 0x00, 0x12, 0xE9, 0xFF, 0xD7, 0x46, 0xFF, 0xFF, 0x8B, 0x00, 0x00, 0x00, 0x00, 0x00,
  0x58, 0xFF, 0xFF, 0xFF, 0xFF, 0xDC, 0x09, 0x00, 0x00, 0x00, 0x00, 0x00, 0x00, 0xFC, 0xFF, 0xFF,
  0xFF, 0x43, 0x00, 0x00, 0x00, 0x00, 0x00, 0x00, 0x0C, 0xFE, 0xFF, 0xFF, 0xFF, 0x64, 0x00, 0x00,
  0x00, 0x00, 0x00, 0x00, 0x92, 0xFF, 0xFC, 0xD8, 0xFF, 0xF0, 0x1B, 0x00, 0x00, 0x00, 0x00, 0x39,
  0xFD, 0xFF, 0x9D, 0x2C, 0xFC, 0xFF, 0xB2, 0x00, 0x00, 0x00, 0x06, 0xD5, 0xFF, 0xF6, 0x1D, 0x00,
  0x9B, 0xFF, 0xFF, 0x59, 0x00, 0x00, 0x81, 0xFF, 0xFF, 0x7A, 0x00, 0x00, 0x14, 0xEC, 0xFF, 0xEB,
  0x15, 0x2B, 0xF9, 0xFF, 0xD7, 0x06, 0x00, 0x00, 0x00, 0x63, 0xFF, 0xFF, 0xA8, 0x63, 0xFF, 0xFF,
  0x93, 0x00, 0x00, 0x00, 0x00, 0x00, 0x9A, 0xFF, 0xFF, 0x55, 0x0B, 0xF2, 0xFF, 0xE9, 0x03, 0x00,
  0x00, 0x00, 0x06, 0xEE, 0xFF, 0xEA, 0x06, 0x00, 0x9B, 0xFF, 0xFF, 0x45, 0x00, 0x00, 0x00, 0x52,
  0xFF, 0xFF, 0x8B, 0x00, 0x00, 0x37, 0xFF, 0xFF, 0x9E, 0x00, 0x00, 0x00, 0xAE, 0xFF, 0xFF, 0x27,
  0x00, 0x00, 0x00, 0xD3, 0xFF, 0xEF, 0x06, 0x00, 0x10, 0xF8, 0xFF, 0xC1, 0x00, 0x00, 0x00, 0x00,
  0x70, 0xFF, 0xFF, 0x4F, 0x00, 0x66, 0xFF, 0xFF, 0x5C, 0x00, 0x00, 0x00, 0x00, 0x13, 0xF8, 0xFF,
  0xA4, 0x00, 0xBE, 0xFF, 0xEE, 0x08, 0x00, 0x00, 0x00, 0x00, 0x00, 0xA8, 0xFF, 0xEC, 0x15, 0xFB,
  0xFF, 0x92, 0x00, 0x00, 0x00, 0x00, 0x00, 0x00, 0x44, 0xFF, 0xFF, 0x94, 0xFF, 0xFF, 0x2D, 0x00,
  0x00, 0x00, 0x00, 0x00, 0x00, 0x01, 0xDE, 0xFF, 0xFF, 0xFF, 0xC8, 0x00, 0x00, 0x00, 0x00, 0x00,
  0x00, 0x00, 0x00, 0x7D, 0xFF, 0xFF, 0xFF, 0x63, 0x00, 0x00, 0x00, 0x00, 0x00, 0x00, 0x00, 0x00,
  0x24, 0xFF, 0xFF, 0xF2, 0x0C, 0x00, 0x00, 0x00, 0x00, 0x00, 0x00, 0x00, 0x00, 0x45, 0xFF, 0xFF,
  0x99, 0x00, 0x00, 0x00, 0x00, 0x00, 0x00, 0x04, 0x4E, 0x42, 0xCF, 0xFF, 0xFE, 0x2C, 0x00, 0x00,
  0x00, 0x00, 0x00, 0x00, 0x43, 0xFF, 0xFF, 0xFF, 0xFF, 0x8A, 0x00, 0x00, 0x00, 0x00, 0x00, 0x00,
  0x00, 0x6F, 0xF2, 0xF9, 0xD5, 0x6D, 0x01, 0x00, 0x00, 0x00, 0x00, 0x00, 0x00, 0x80, 0xFF, 0xFF,
  0xFF, 0xFF, 0xFF, 0xFF, 0xFF, 0xFF, 0xF0, 0x00, 0x80, 0xFF, 0xFF, 0xFF, 0xFF, 0xFF, 0xFF, 0xFF,
  0xFF, 0xEF, 0x00, 0x2E, 0x5C, 0x5C, 0x5C, 0x5C, 0x5C, 0xD5, 0xFF, 0xFF, 0x7B, 0x00, 0x00, 0x00,
  0x00, 0x00, 0x00, 0x61, 0xFF, 0xFF, 0xB7, 0x01, 0x00, 0x00, 0x00, 0x00, 0x00, 0x33, 0xF7, 0xFF,
  0xE2, 0x13, 0x00, 0x00, 0x00, 0x00, 0x00, 0x14, 0xE1, 0xFF, 0xFA, 0x38, 0x00, 0x00, 0x00, 0x00,
  0x00, 0x03, 0xBC, 0xFF, 0xFF, 0x6F, 0x00, 0x00, 0x00, 0x00, 0x00, 0x00, 0x89, 0xFF, 0xFF, 0xAC,
  0x00, 0x00, 0x00, 0x00, 0x00, 0x00, 0x53, 0xFF, 0xFF, 0xDB, 0x0E, 0x00, 0x00, 0x00, 0x00, 0x00,
  0x29, 0xF2, 0xFF, 0xFF, 0x87, 0x58, 0x58, 0x58, 0x58, 0x58, 0x0C, 0xAA, 0xFF, 0xFF, 0xFF, 0xFF,
  0xFF, 0xFF, 0xFF, 0xFF, 0xFF, 0x24, 0xB0, 0xFF, 0xFF, 0xFF, 0xFF, 0xFF, 0xFF, 0xFF, 0xFF, 0xFF,
  0x24, 0x00, 0x00, 0x00, 0x00, 0x52, 0xBA, 0xE0, 0xCB, 0x00, 0x00, 0x00, 0x66, 0xFF, 0xFF, 0xFF,
  0xD4, 0x00, 0x00, 0x00, 0xE1, 0xFF, 0xF6, 0x67, 0x28, 0x00, 0x00, 0x0F, 0xFF, 0xFF, 0x9E, 0x00,
  0x00, 0x00, 0x00, 0x1B, 0xFF, 0xFF, 0x7E, 0x00, 0x00, 0x00, 0x00, 0x1C, 0xFF, 0xFF, 0x7C, 0x00,
  0x00, 0x00, 0x00, 0x26, 0xFF, 0xFF, 0x7B, 0x00, 0x00, 0x00, 0x00, 0x6A, 0xFF, 0xFF, 0x5C, 0x00,
  0x00, 0x8B, 0xFF, 0xFF, 0xFF, 0xC8, 0x0B, 0x00, 0x00, 0xFF, 0xFF, 0xFF, 0x8A, 0x02, 0x00, 0x00,
  0x00, 0xF8, 0xFF, 0xFF, 0xFF, 0xA7, 0x02, 0x00, 0x00, 0x03, 0x27, 0xC1, 0xFF, 0xFF, 0x4A, 0x00,
  0x00, 0x00, 0x00, 0x3D, 0xFF, 0xFF, 0x74, 0x00, 0x00, 0x00, 0x00, 0x1E, 0xFF, 0xFF, 0x7C, 0x00,
  0x00, 0x00, 0x00, 0x1C, 0xFF, 0xFF, 0x7C, 0x00, 0x00, 0x00, 0x00, 0x1A, 0xFF, 0xFF, 0x81, 0x00,
  0x00, 0x00, 0x00, 0x0B, 0xFF, 0xFF, 0xA8, 0x00, 0x00, 0x00, 0x00, 0x00, 0xD8, 0xFF, 0xF9, 0x68,
  0x22, 0x00, 0x00, 0x00, 0x5C, 0xFF, 0xFF, 0xFF, 0xD4, 0x00, 0x00, 0x00, 0x00, 0x50, 0xBA, 0xE1,
  0xCC, 0x5C, 0xFF, 0xFF, 0x40, 0x5C, 0xFF, 0xFF, 0x40, 0x5C, 0xFF, 0xFF, 0x40, 0x5C, 0xFF, 0xFF,
  0x40, 0x5C, 0xFF, 0xFF, 0x40, 0x5C, 0xFF, 0xFF, 0x40, 0x5C, 0xFF, 0xFF, 0x40, 0x5C, 0xFF, 0xFF,
  0x40, 0x5C, 0xFF, 0xFF, 0x40, 0x5C, 0xFF, 0xFF, 0x40, 0x5C, 0xFF, 0xFF, 0x40, 0x5C, 0xFF, 0xFF,
  0x40, 0x5C, 0xFF, 0xFF, 0x40, 0x5C, 0xFF, 0xFF, 0x40, 0x5C, 0xFF, 0xFF, 0x40, 0x5C, 0xFF, 0xFF,
  0x40, 0x5C, 0xFF, 0xFF, 0x40, 0x5C, 0xFF, 0xFF, 0x40, 0x5C, 0xFF, 0xFF, 0x40, 0x5C, 0xFF, 0xFF,
  0x40, 0x5C, 0xFF, 0xFF, 0x40, 0x5C, 0xFF, 0xFF, 0x40, 0x5C, 0xFF, 0xFF, 0x40, 0x5C, 0xFF, 0xFF,
  0x40, 0x5C, 0xFF, 0xFF, 0x40, 0x5C, 0xFF, 0xFF, 0x40, 0xD0, 0xEA, 0xBB, 0x52, 0x00, 0x00, 0x00,
  0x00, 0xD4, 0xFF, 0xFF, 0xFF, 0x67, 0x00, 0x00, 0x00, 0x28, 0x66, 0xF5, 0xFF, 0xE1, 0x00, 0x00,
  0x00, 0x00, 0x00, 0x9A, 0xFF, 0xFF, 0x0F, 0x00, 0x00, 0x00, 0x00, 0x7A, 0xFF, 0xFF, 0x1B, 0x00,
  0x00, 0x00, 0x00, 0x78, 0xFF, 0xFF, 0x1C, 0x00, 0x00, 0x00, 0x00, 0x77, 0xFF, 0xFF, 0x25, 0x00,
  0x00, 0x00, 0x00, 0x58, 0xFF, 0xFF, 0x67, 0x00, 0x00, 0x00, 0x00, 0x0A, 0xC7, 0xFF, 0xFF, 0xFF,
  0x8B, 0x00, 0x00, 0x00, 0x02, 0x89, 0xFF, 0xFF, 0xFF, 0x00, 0x00, 0x02, 0xA6, 0xFF, 0xFF, 0xFF,
  0xF8, 0x00, 0x00, 0x47, 0xFF, 0xFF, 0xC0, 0x27, 0x03, 0x00, 0x00, 0x70, 0xFF, 0xFF, 0x3C, 0x00,
  0x00, 0x00, 0x00, 0x78, 0xFF, 0xFF, 0x1E, 0x00, 0x00, 0x00, 0x00, 0x78, 0xFF, 0xFF, 0x1C, 0x00,
  0x00, 0x00, 0x00, 0x7E, 0xFF, 0xFF, 0x1A, 0x00, 0x00, 0x00, 0x00, 0xA4, 0xFF, 0xFF, 0x0A, 0x00,
  0x00, 0x22, 0x67, 0xF8, 0xFF, 0xD7, 0x00, 0x00, 0x00, 0xD4, 0xFF, 0xFF, 0xFF, 0x5D, 0x00, 0x00,
  0x00, 0xD0, 0xEB, 0xBB, 0x50, 0x00, 0x00, 0x00, 0x00, 0x00, 0x00, 0x0C, 0x4B, 0x4D, 0x0F, 0x00,
  0x00, 0x00, 0x00, 0x00, 0x00, 0x00, 0x00, 0x3D, 0xEE, 0xFF, 0xFF, 0xF1, 0x6B, 0x00, 0x00, 0x3E,
  0xFF, 0xFF, 0x0A, 0x01, 0xE0, 0xFF, 0xFF, 0xFF, 0xFF, 0xFF, 0xB9, 0x66, 0xC9, 0xFF, 0xE6, 0x00,
  0x2D, 0xFF, 0xFF, 0x5E, 0x12, 0x86, 0xFD, 0xFF, 0xFF, 0xFF, 0xFF, 0x7D, 0x00, 0x2A, 0xAC, 0xAB,
  0x03, 0x00, 0x00, 0x3B, 0xBF, 0xF7, 0xE7, 0x83, 0x03, 0x00,
};
constexpr size_t TitleVlwSize = sizeof(TitleVlw);

// Label: Inter-600, 16 px, 95 glyphs (button labels, header badge).
alignas(4) const uint8_t LabelVlw[] = {
  0x00, 0x00, 0x00, 0x5F, 0x00, 0x00, 0x00, 0x0B, 0x00, 0x00, 0x00, 0x10, 0x00, 0x00, 0x00, 0x00,
  0x00, 0x00, 0x00, 0x10, 0x00, 0x00, 0x00, 0x04, 0x00, 0x00, 0x00, 0x20, 0x00, 0x00, 0x00, 0x00,
  0x00, 0x00, 0x00, 0x00, 0x00, 0x00, 0x00, 0x04, 0x00, 0x00, 0x00, 0x00, 0x00, 0x00, 0x00, 0x00,
  0x00, 0x00, 0x00, 0x00, 0x00, 0x00, 0x00, 0x21, 0x00, 0x00, 0x00, 0x0C, 0x00, 0x00, 0x00, 0x03,
  0x00, 0x00, 0x00, 0x05, 0x00, 0x00, 0x00, 0x0C, 0x00, 0x00, 0x00, 0x01, 0x00, 0x00, 0x00, 0x00,
  0x00, 0x00, 0x00, 0x22, 0x00, 0x00, 0x00, 0x05, 0x00, 0x00, 0x00, 0x06, 0x00, 0x00, 0x00, 0x08,
  0x00, 0x00, 0x00, 0x0C, 0x00, 0x00, 0x00, 0x01, 0x00, 0x00, 0x00, 0x00, 0x00, 0x00, 0x00, 0x23,
  0x00, 0x00, 0x00, 0x0C, 0x00, 0x00, 0x00, 0x0B, 0x00, 0x00, 0x00, 0x0A, 0x00, 0x00, 0x00, 0x0C,
  0x00, 0x00, 0x00, 0x00, 0x00, 0x00, 0x00, 0x00, 0x00, 0x00, 0x00, 0x24, 0x00, 0x00, 0x00, 0x10,
  0x00, 0x00, 0x00, 0x0A, 0x00, 0x00, 0x00, 0x0A, 0x00, 0x00, 0x00, 0x0E, 0x00, 0x00, 0x00, 0x00,
  0x00, 0x00, 0x00, 0x00, 0x00, 0x00, 0x00, 0x25, 0x00, 0x00, 0x00, 0x0C, 0x00, 0x00, 0x00, 0x0E,
  0x00, 0x00, 0x00, 0x10, 0x00, 0x00, 0x00, 0x0C, 0x00, 0x00, 0x00, 0x01, 0x00, 0x00, 0x00, 0x00,
  0x00, 0x00, 0x00, 0x26, 0x00, 0x00, 0x00, 0x0C, 0x00, 0x00, 0x00, 0x0B, 0x00, 0x00, 0x00, 0x0B,
  0x00, 0x00, 0x00, 0x0C, 0x00, 0x00, 0x00, 0x00, 0x00, 0x00, 0x00, 0x00, 0x00, 0x00, 0x00, 0x27,
  0x00, 0x00, 0x00, 0x05, 0x00, 0x00, 0x00, 0x03, 0x00, 0x00, 0x00, 0x05, 0x00, 0x00, 0x00, 0x0C,
  0x00, 0x00, 0x00, 0x01, 0x00, 0x00, 0x00, 0x00, 0x00, 0x00, 0x00, 0x28, 0x00, 0x00, 0x00, 0x0F,
  0x00, 0x00, 0x00, 0x05, 0x00, 0x00, 0x00, 0x06, 0x00, 0x00, 0x00, 0x0D, 0x00, 0x00, 0x00, 0x01,
  0x00, 0x00, 0x00, 0x00, 0x00, 0x00, 0x00, 0x29, 0x00, 0x00, 0x00, 0x0F, 0x00, 0x00, 0x00, 0x05,
  0x00, 0x00, 0x00, 0x06, 0x00, 0x00, 0x00, 0x0D, 0x00, 0x00, 0x00, 0x00, 0x00, 0x00, 0x00, 0x00,
  0x00, 0x00, 0x00, 0x2A, 0x00, 0x00, 0x00, 0x07, 0x00, 0x00, 0x00, 0x07, 0x00, 0x00, 0x00, 0x09,
  0x00, 0x00, 0x00, 0x0C, 0x00, 0x00, 0x00, 0x01, 0x00, 0x00, 0x00, 0x00, 0x00, 0x00, 0x00, 0x2B,
  0x00, 0x00, 0x00, 0x08, 0x00, 0x00, 0x00, 0x09, 0x00, 0x00, 0x00, 0x0B, 0x00, 0x00, 0x00, 0x09,
  0x00, 0x00, 0x00, 0x01, 0x00, 0x00, 0x00, 0x00, 0x00, 0x00, 0x00, 0x2C, 0x00, 0x00, 0x00, 0x05,
  0x00, 0x00, 0x00, 0x04, 0x00, 0x00, 0x00, 0x05, 0x00, 0x00, 0x00, 0x02, 0x00, 0x00, 0x00, 0x00,
  0x00, 0x00, 0x00, 0x00, 0x00, 0x00, 0x00, 0x2D, 0x00, 0x00, 0x00, 0x02, 0x00, 0x00, 0x00, 0x06,
  0x00, 0x00, 0x00, 0x07, 0x00, 0x00, 0x00, 0x06, 0x00, 0x00, 0x00, 0x01, 0x00, 0x00, 0x00, 0x00,
  0x00, 0x00, 0x00, 0x2E, 0x00, 0x00, 0x00, 0x03, 0x00, 0x00, 0x00, 0x03, 0x00, 0x00, 0x00, 0x05,
  0x00, 0x00, 0x00, 0x03, 0x00, 0x00, 0x00, 0x01, 0x00, 0x00, 0x00, 0x00, 0x00, 0x00, 0x00, 0x2F,
  0x00, 0x00, 0x00, 0x0E, 0x00, 0x00, 0x00, 0x06, 0x00, 0x00, 0x00, 0x06, 0x00, 0x00, 0x00, 0x0C,
  0x00, 0x00, 0x00, 0x00, 0x00, 0x00, 0x00, 0x00, 0x00, 0x00, 0x00, 0x30, 0x00, 0x00, 0x00, 0x0C,
  0x00, 0x00, 0x00, 0x0A, 0x00, 0x00, 0x00, 0x0B, 0x00, 0x00, 0x00, 0x0C, 0x00, 0x00, 0x00, 0x00,
  0x00, 0x00, 0x00, 0x00, 0x00, 0x00, 0x00, 0x31, 0x00, 0x00, 0x00, 0x0C, 0x00, 0x00, 0x00, 0x06,
  0x00, 0x00, 0x00, 0x0B, 0x00, 0x00, 0x00, 0x0C, 0x00, 0x00, 0x00, 0x02, 0x00, 0x00, 0x00, 0x00,
  0x00, 0x00, 0x00, 0x32, 0x00, 0x00, 0x00, 0x0C, 0x00, 0x00, 0x00, 0x0A, 0x00, 0x00, 0x00, 0x0B,
  0x00, 0x00, 0x00, 0x0C, 0x00, 0x00, 0x00, 0x00, 0x00, 0x00, 0x00, 0x00, 0x00, 0x00, 0x00, 0x33,
  0x00, 0x00, 0x00, 0x0C, 0x00, 0x00, 0x00, 0x0A, 0x00, 0x00, 0x00, 0x0B, 0x00, 0x00, 0x00, 0x0C,
  0x00, 0x00, 0x00, 0x00, 0x00, 0x00, 0x00, 0x00, 0x00, 0x00, 0x00, 0x34, 0x00, 0x00, 0x00, 0x0C,
  0x00, 0x00, 0x00, 0x0A, 0x00, 0x00, 0x00, 0x0B, 0x00, 0x00, 0x00, 0x0C, 0x00, 0x00, 0x00, 0x00,
  0x00, 0x00, 0x00, 0x00, 0x00, 0x00, 0x00, 0x35, 0x00, 0x00, 0x00, 0x0C, 0x00, 0x00, 0x00, 0x09,
  0x00, 0x00, 0x00, 0x0B, 0x00, 0x00, 0x00, 0x0C, 0x00, 0x00, 0x00, 0x00, 0x00, 0x00, 0x00, 0x00,
  0x00, 0x00, 0x00, 0x36, 0x00, 0x00, 0x00, 0x0C, 0x00, 0x00, 0x00, 0x0A, 0x00, 0x00, 0x00, 0x0B,
  0x00, 0x00, 0x00, 0x0C, 0x00, 0x00, 0x00, 0x00, 0x00, 0x00, 0x00, 0x00, 0x00, 0x00, 0x00, 0x37,
  0x00, 0x00, 0x00, 0x0C, 0x00, 0x00, 0x00, 0x09, 0x00, 0x00, 0x00, 0x0B, 0x00, 0x00, 0x00, 0x0C,
  0x00, 0x00, 0x00, 0x01, 0x00, 0x00, 0x00, 0x00, 0x00, 0x00, 0x00, 0x38, 0x00, 0x00, 0x00, 0x0C,
  0x00, 0x00, 0x00, 0x0A, 0x00, 0x00, 0x00, 0x0B, 0x00, 0x00, 0x00, 0x0C, 0x00, 0x00, 0x00, 0x00,
  0x00, 0x00, 0x00, 0x00, 0x00, 0x00, 0x00, 0x39, 0x00, 0x00, 0x00, 0x0C, 0x00, 0x00, 0x00, 0x0A,
  0x00, 0x00, 0x00, 0x0B, 0x00, 0x00, 0x00, 0x0C, 0x00, 0x00, 0x00, 0x00, 0x00, 0x00, 0x00, 0x00,
  0x00, 0x00, 0x00, 0x3A, 0x00, 0x00, 0x00, 0x09, 0x00, 0x00, 0x00, 0x03, 0x00, 0x00, 0x00, 0x05,
  0x00, 0x00, 0x00, 0x09, 0x00, 0x00, 0x00, 0x01, 0x00, 0x00, 0x00, 0x00, 0x00, 0x00, 0x00, 0x3B,
  0x00, 0x00, 0x00, 0x0C, 0x00, 0x00, 0x00, 0x04, 0x00, 0x00, 0x00, 0x05, 0x00, 0x00, 0x00, 0x09,
  0x00, 0x00, 0x00, 0x00, 0x00, 0x00, 0x00, 0x00, 0x00, 0x00, 0x00, 0x3C, 0x00, 0x00, 0x00, 0x0A,
  0x00, 0x00, 0x00, 0x09, 0x00, 0x00, 0x00, 0x0B, 0x00, 0x00, 0x00, 0x0A, 0x00, 0x00, 0x00, 0x01,
  0x00, 0x00, 0x00, 0x00, 0x00, 0x00, 0x00, 0x3D, 0x00, 0x00, 0x00, 0x06, 0x00, 0x00, 0x00, 0x09,
  0x00, 0x00, 0x00, 0x0B, 0x00, 0x00, 0x00, 0x08, 0x00, 0x00, 0x00, 0x01, 0x00, 0x00, 0x00, 0x00,
  0x00, 0x00, 0x00, 0x3E, 0x00, 0x00, 0x00, 0x0A, 0x00, 0x00, 0x00, 0x09, 0x00, 0x00, 0x00, 0x0B,
  0x00, 0x00, 0x00, 0x0A, 0x00, 0x00, 0x00, 0x01, 0x00, 0x00, 0x00, 0x00, 0x00, 0x00, 0x00, 0x3F,
  0x00, 0x00, 0x00, 0x0C, 0x00, 0x00, 0x00, 0x08, 0x00, 0x00, 0x00, 0x09, 0x00, 0x00, 0x00, 0x0C,
  0x00, 0x00, 0x00, 0x00, 0x00, 0x00, 0x00, 0x00, 0x00, 0x00, 0x00, 0x40, 0x00, 0x00, 0x00, 0x0F,
  0x00, 0x00, 0x00, 0x10, 0x00, 0x00, 0x00, 0x10, 0x00, 0x00, 0x00, 0x0C, 0x00, 0x00, 0x00, 0x00,
  0x00, 0x00, 0x00, 0x00, 0x00, 0x00, 0x00, 0x41, 0x00, 0x00, 0x00, 0x0C, 0x00, 0x00, 0x00, 0x0C,
  0x00, 0x00, 0x00, 0x0C, 0x00, 0x00, 0x00, 0x0C, 0x00, 0x00, 0x00, 0x00, 0x00, 0x00, 0x00, 0x00,
  0x00, 0x00, 0x00, 0x42, 0x00, 0x00, 0x00, 0x0C, 0x00, 0x00, 0x00, 0x09, 0x00, 0x00, 0x00, 0x0B,
  0x00, 0x00, 0x00, 0x0C, 0x00, 0x00, 0x00, 0x01, 0x00, 0x00, 0x00, 0x00, 0x00, 0x00, 0x00, 0x43,
  0x00, 0x00, 0x00, 0x0C, 0x00, 0x00, 0x00, 0x0C, 0x00, 0x00, 0x00, 0x0C, 0x00, 0x00, 0x00, 0x0C,
  0x00, 0x00, 0x00, 0x00, 0x00, 0x00, 0x00, 0x00, 0x00, 0x00, 0x00, 0x44, 0x00, 0x00, 0x00, 0x0C,
  0x00, 0x00, 0x00, 0x0A, 0x00, 0x00, 0x00, 0x0C, 0x00, 0x00, 0x00, 0x0C, 0x00, 0x00, 0x00, 0x01,
  0x00, 0x00, 0x00, 0x00, 0x00, 0x00, 0x00, 0x45, 0x00, 0x00, 0x00, 0x0C, 0x00, 0x00, 0x00, 0x08,
  0x00, 0x00, 0x00, 0x0A, 0x00, 0x00, 0x00, 0x0C, 0x00, 0x00, 0x00, 0x01, 0x00, 0x00, 0x00, 0x00,
  0x00, 0x00, 0x00, 0x46, 0x00, 0x00, 0x00, 0x0C, 0x00, 0x00, 0x00, 0x08, 0x00, 0x00, 0x00, 0x09,
  0x00, 0x00, 0x00, 0x0C, 0x00, 0x00, 0x00, 0x01, 0x00, 0x00, 0x00, 0x00, 0x00, 0x00, 0x00, 0x47,
  0x00, 0x00, 0x00, 0x0C, 0x00, 0x00, 0x00, 0x0C, 0x00, 0x00, 0x00, 0x0C, 0x00, 0x00, 0x00, 0x0C,
  0x00, 0x00, 0x00, 0x00, 0x00, 0x00, 0x00, 0x00, 0x00, 0x00, 0x00, 0x48, 0x00, 0x00, 0x00, 0x0C,
  0x00, 0x00, 0x00, 0x0A, 0x00, 0x00, 0x00, 0x0C, 0x00, 0x00, 0x00, 0x0C, 0x00, 0x00, 0x00, 0x01,
  0x00, 0x00, 0x00, 0x00, 0x00, 0x00, 0x00, 0x49, 0x00, 0x00, 0x00, 0x0C, 0x00, 0x00, 0x00, 0x03,
  0x00, 0x00, 0x00, 0x04, 0x00, 0x00, 0x00, 0x0C, 0x00, 0x00, 0x00, 0x01, 0x00, 0x00, 0x00, 0x00,
  0x00, 0x00, 0x00, 0x4A, 0x00, 0x00, 0x00, 0x0C, 0x00, 0x00, 0x00, 0x09, 0x00, 0x00, 0x00, 0x09,
  0x00, 0x00, 0x00, 0x0C, 0x00, 0x00, 0x00, 0x00, 0x00, 0x00, 0x00, 0x00, 0x00, 0x00, 0x00, 0x4B,
  0x00, 0x00, 0x00, 0x0C, 0x00, 0x00, 0x00, 0x0A, 0x00, 0x00, 0x00, 0x0B, 0x00, 0x00, 0x00, 0x0C,
  0x00, 0x00, 0x00, 0x01, 0x00, 0x00, 0x00, 0x00, 0x00, 0x00, 0x00, 0x4C, 0x00, 0x00, 0x00, 0x0C,
  0x00, 0x00, 0x00, 0x08, 0x00, 0x00, 0x00, 0x09, 0x00, 0x00, 0x00, 0x0C, 0x00, 0x00, 0x00, 0x01,
  0x00, 0x00, 0x00, 0x00, 0x00, 0x00, 0x00, 0x4D, 0x00, 0x00, 0x00, 0x0C, 0x00, 0x00, 0x00, 0x0D,
  0x00, 0x00, 0x00, 0x0F, 0x00, 0x00, 0x00, 0x0C, 0x00, 0x00, 0x00, 0x01, 0x00, 0x00, 0x00, 0x00,
  0x00, 0x00, 0x00, 0x4E, 0x00, 0x00, 0x00, 0x0C, 0x00, 0x00, 0x00, 0x0A, 0x00, 0x00, 0x00, 0x0C,
  0x00, 0x00, 0x00, 0x0C, 0x00, 0x00, 0x00, 0x01, 0x00, 0x00, 0x00, 0x00, 0x00, 0x00, 0x00, 0x4F,
  0x00, 0x00, 0x00, 0x0C, 0x00, 0x00, 0x00, 0x0C, 0x00, 0x00, 0x00, 0x0C, 0x00, 0x00, 0x00, 0x0C,
  0x00, 0x00, 0x00, 0x00, 0x00, 0x00, 0x00, 0x00, 0x00, 0x00, 0x00, 0x50, 0x00, 0x00, 0x00, 0x0C,
  0x00, 0x00, 0x00, 0x09, 0x00, 0x00, 0x00, 0x0A, 0x00, 0x00, 0x00, 0x0C, 0x00, 0x00, 0x00, 0x01,
  0x00, 0x00, 0x00, 0x00, 0x00, 0x00, 0x00, 0x51, 0x00, 0x00, 0x00, 0x0D, 0x00, 0x00, 0x00, 0x0C,
  0x00, 0x00, 0x00, 0x0C, 0x00, 0x00, 0x00, 0x0C, 0x00, 0x00, 0x00, 0x00, 0x00, 0x00, 0x00, 0x00,
  0x00, 0x00, 0x00, 0x52, 0x00, 0x00, 0x00, 0x0C, 0x00, 0x00, 0x00, 0x0A, 0x00, 0x00, 0x00, 0x0A,
  0x00, 0x00, 0x00, 0x0C, 0x00, 0x00, 0x00, 0x01, 0x00, 0x00, 0x00, 0x00, 0x00, 0x00, 0x00, 0x53,
  0x00, 0x00, 0x00, 0x0C, 0x00, 0x00, 0x00, 0x0A, 0x00, 0x00, 0x00, 0x0A, 0x00, 0x00, 0x00, 0x0C,
  0x00, 0x00, 0x00, 0x00, 0x00, 0x00, 0x00, 0x00, 0x00, 0x00, 0x00, 0x54, 0x00, 0x00, 0x00, 0x0C,
  0x00, 0x00, 0x00, 0x0A, 0x00, 0x00, 0x00, 0x0B, 0x00, 0x00, 0x00, 0x0C, 0x00, 0x00, 0x00, 0x00,
  0x00, 0x00, 0x00, 0x00, 0x00, 0x00, 0x00, 0x55, 0x00, 0x00, 0x00, 0x0C, 0x00, 0x00, 0x00, 0x0A,
  0x00, 0x00, 0x00, 0x0C, 0x00, 0x00, 0x00, 0x0C, 0x00, 0x00, 0x00, 0x01, 0x00, 0x00, 0x00, 0x00,
  0x00, 0x00, 0x00, 0x56, 0x00, 0x00, 0x00, 0x0C, 0x00, 0x00, 0x00, 0x0C, 0x00, 0x00, 0x00, 0x0C,
  0x00, 0x00, 0x00, 0x0C, 0x00, 0x00, 0x00, 0x00, 0x00, 0x00, 0x00, 0x00, 0x00, 0x00, 0x00, 0x57,
  0x00, 0x00, 0x00, 0x0C, 0x00, 0x00, 0x00, 0x10, 0x00, 0x00, 0x00, 0x10, 0x00, 0x00, 0x00, 0x0C,
  0x00, 0x00, 0x00, 0x00, 0x00, 0x00, 0x00, 0x00, 0x00, 0x00, 0x00, 0x58, 0x00, 0x00, 0x00, 0x0C,
  0x00, 0x00, 0x00, 0x0C, 0x00, 0x00, 0x00, 0x0C, 0x00, 0x00, 0x00, 0x0C, 0x00, 0x00, 0x00, 0x00,
  0x00, 0x00, 0x00, 0x00, 0x00, 0x00, 0x00, 0x59, 0x00, 0x00, 0x00, 0x0C, 0x00, 0x00, 0x00, 0x0C,
  0x00, 0x00, 0x00, 0x0B, 0x00, 0x00, 0x00, 0x0C, 0x00, 0x00, 0x00, 0x00, 0x00, 0x00, 0x00, 0x00,
  0x00, 0x00, 0x00, 0x5A, 0x00, 0x00, 0x00, 0x0C, 0x00, 0x00, 0x00, 0x0A, 0x00, 0x00, 0x00, 0x0A,
  0x00, 0x00, 0x00, 0x0C, 0x00, 0x00, 0x00, 0x00, 0x00, 0x00, 0x00, 0x00, 0x00, 0x00, 0x00, 0x5B,
  0x00, 0x00, 0x00, 0x0F, 0x00, 0x00, 0x00, 0x05, 0x00, 0x00, 0x00, 0x06, 0x00, 0x00, 0x00, 0x0D,
  0x00, 0x00, 0x00, 0x01, 0x00, 0x00, 0x00, 0x00, 0x00, 0x00, 0x00, 0x5C, 0x00, 0x00, 0x00, 0x0E,
  0x00, 0x00, 0x00, 0x06, 0x00, 0x00, 0x00, 0x06, 0x00, 0x00, 0x00, 0x0C, 0x00, 0x00, 0x00, 0x00,
  0x00, 0x00, 0x00, 0x00, 0x00, 0x00, 0x00, 0x5D, 0x00, 0x00, 0x00, 0x0F, 0x00, 0x00, 0x00, 0x05,
  0x00, 0x00, 0x00, 0x06, 0x00, 0x00, 0x00, 0x0D, 0x00, 0x00, 0x00, 0x00, 0x00, 0x00, 0x00, 0x00,
  0x00, 0x00, 0x00, 0x5E, 0x00, 0x00, 0x00, 0x06, 0x00, 0x00, 0x00, 0x08, 0x00, 0x00, 0x00, 0x08,
  0x00, 0x00, 0x00, 0x0C, 0x00, 0x00, 0x00, 0x00, 0x00, 0x00, 0x00, 0x00, 0x00, 0x00, 0x00, 0x5F,
  0x00, 0x00, 0x00, 0x02, 0x00, 0x00, 0x00, 0x08, 0x00, 0x00, 0x00, 0x08, 0x00, 0x00, 0x00, 0x00,
  0x00, 0x00, 0x00, 0x00, 0x00, 0x00, 0x00, 0x00, 0x00, 0x00, 0x00, 0x60, 0x00, 0x00, 0x00, 0x03,
  0x00, 0x00, 0x00, 0x04, 0x00, 0x00, 0x00, 0x06, 0x00, 0x00, 0x00, 0x0D, 0x00, 0x00, 0x00, 0x01,
  0x00, 0x00, 0x00, 0x00, 0x00, 0x00, 0x00, 0x61, 0x00, 0x00, 0x00, 0x09, 0x00, 0x00, 0x00, 0x09,
  0x00, 0x00, 0x00, 0x09, 0x00, 0x00, 0x00, 0x09, 0x00, 0x00, 0x00, 0x00, 0x00, 0x00, 0x00, 0x00,
  0x00, 0x00, 0x00, 0x62, 0x00, 0x00, 0x00, 0x0C, 0x00, 0x00, 0x00, 0x09, 0x00, 0x00, 0x00, 0x0A,
  0x00, 0x00, 0x00, 0x0C, 0x00, 0x00, 0x00, 0x01, 0x00, 0x00, 0x00, 0x00, 0x00, 0x00, 0x00, 0x63,
  0x00, 0x00, 0x00, 0x09, 0x00, 0x00, 0x00, 0x09, 0x00, 0x00, 0x00, 0x09, 0x00, 0x00, 0x00, 0x09,
  0x00, 0x00, 0x00, 0x00, 0x00, 0x00, 0x00, 0x00, 0x00, 0x00, 0x00, 0x64, 0x00, 0x00, 0x00, 0x0C,
  0x00, 0x00, 0x00, 0x09, 0x00, 0x00, 0x00, 0x0A, 0x00, 0x00, 0x00, 0x0C, 0x00, 0x00, 0x00, 0x00,
  0x00, 0x00, 0x00, 0x00, 0x00, 0x00, 0x00, 0x65, 0x00, 0x00, 0x00, 0x09, 0x00, 0x00, 0x00, 0x09,
  0x00, 0x00, 0x00, 0x09, 0x00, 0x00, 0x00, 0x09, 0x00, 0x00, 0x00, 0x00, 0x00, 0x00, 0x00, 0x00,
  0x00, 0x00, 0x00, 0x66, 0x00, 0x00, 0x00, 0x0D, 0x00, 0x00, 0x00, 0x07, 0x00, 0x00, 0x00, 0x06,
  0x00, 0x00, 0x00, 0x0D, 0x00, 0x00, 0x00, 0x00, 0x00, 0x00, 0x00, 0x00, 0x00, 0x00, 0x00, 0x67,
  0x00, 0x00, 0x00, 0x0C, 0x00, 0x00, 0x00, 0x09, 0x00, 0x00, 0x00, 0x0A, 0x00, 0x00, 0x00, 0x09,
  0x00, 0x00, 0x00, 0x00, 0x00, 0x00, 0x00, 0x00, 0x00, 0x00, 0x00, 0x68, 0x00, 0x00, 0x00, 0x0C,
  0x00, 0x00, 0x00, 0x08, 0x00, 0x00, 0x00, 0x0A, 0x00, 0x00, 0x00, 0x0C, 0x00, 0x00, 0x00, 0x01,
  0x00, 0x00, 0x00, 0x00, 0x00, 0x00, 0x00, 0x69, 0x00, 0x00, 0x00, 0x0D, 0x00, 0x00, 0x00, 0x04,
  0x00, 0x00, 0x00, 0x04, 0x00, 0x00, 0x00, 0x0D, 0x00, 0x00, 0x00, 0x00, 0x00, 0x00, 0x00, 0x00,
  0x00, 0x00, 0x00, 0x6A, 0x00, 0x00, 0x00, 0x10, 0x00, 0x00, 0x00, 0x05, 0x00, 0x00, 0x00, 0x04,
  0x00, 0x00, 0x00, 0x0D, 0xFF, 0xFF, 0xFF, 0xFF, 0x00, 0x00, 0x00, 0x00, 0x00, 0x00, 0x00, 0x6B,
  0x00, 0x00, 0x00, 0x0C, 0x00, 0x00, 0x00, 0x08, 0x00, 0x00, 0x00, 0x09, 0x00, 0x00, 0x00, 0x0C,
  0x00, 0x00, 0x00, 0x01, 0x00, 0x00, 0x00, 0x00, 0x00, 0x00, 0x00, 0x6C, 0x00, 0x00, 0x00, 0x0C,
  0x00, 0x00, 0x00, 0x03, 0x00, 0x00, 0x00, 0x04, 0x00, 0x00, 0x00, 0x0C, 0x00, 0x00, 0x00, 0x01,
  0x00, 0x00, 0x00, 0x00, 0x00, 0x00, 0x00, 0x6D, 0x00, 0x00, 0x00, 0x09, 0x00, 0x00, 0x00, 0x0D,
  0x00, 0x00, 0x00, 0x0E, 0x00, 0x00, 0x00, 0x09, 0x00, 0x00, 0x00, 0x01, 0x00, 0x00, 0x00, 0x00,
  0x00, 0x00, 0x00, 0x6E, 0x00, 0x00, 0x00, 0x09, 0x00, 0x00, 0x00, 0x08, 0x00, 0x00, 0x00, 0x0A,
  0x00, 0x00, 0x00, 0x09, 0x00, 0x00, 0x00, 0x01, 0x00, 0x00, 0x00, 0x00, 0x00, 0x00, 0x00, 0x6F,
  0x00, 0x00, 0x00, 0x09, 0x00, 0x00, 0x00, 0x0A, 0x00, 0x00, 0x00, 0x0A, 0x00, 0x00, 0x00, 0x09,
  0x00, 0x00, 0x00, 0x00, 0x00, 0x00, 0x00, 0x00, 0x00, 0x00, 0x00, 0x70, 0x00, 0x00, 0x00, 0x0C,
  0x00, 0x00, 0x00, 0x09, 0x00, 0x00, 0x00, 0x0A, 0x00, 0x00, 0x00, 0x09, 0x00, 0x00, 0x00, 0x01,
  0x00, 0x00, 0x00, 0x00, 0x00, 0x00, 0x00, 0x71, 0x00, 0x00, 0x00, 0x0C, 0x00, 0x00, 0x00, 0x09,
  0x00, 0x00, 0x00, 0x0A, 0x00, 0x00, 0x00, 0x09, 0x00, 0x00, 0x00, 0x00, 0x00, 0x00, 0x00, 0x00,
  0x00, 0x00, 0x00, 0x72, 0x00, 0x00, 0x00, 0x0A, 0x00, 0x00, 0x00, 0x06, 0x00, 0x00, 0x00, 0x06,
  0x00, 0x00, 0x00, 0x0A, 0x00, 0x00, 0x00, 0x01, 0x00, 0x00, 0x00, 0x00, 0x00, 0x00, 0x00, 0x73,
  0x00, 0x00, 0x00, 0x09, 0x00, 0x00, 0x00, 0x09, 0x00, 0x00, 0x00, 0x09, 0x00, 0x00, 0x00, 0x09,
  0x00, 0x00, 0x00, 0x00, 0x00, 0x00, 0x00, 0x00, 0x00, 0x00, 0x00, 0x74, 0x00, 0x00, 0x00, 0x0B,
  0x00, 0x00, 0x00, 0x06, 0x00, 0x00, 0x00, 0x06, 0x00, 0x00, 0x00, 0x0B, 0x00, 0x00, 0x00, 0x00,
  0x00, 0x00, 0x00, 0x00, 0x00, 0x00, 0x00, 0x75, 0x00, 0x00, 0x00, 0x09, 0x00, 0x00, 0x00, 0x08,
  0x00, 0x00, 0x00, 0x0A, 0x00, 0x00, 0x00, 0x09, 0x00, 0x00, 0x00, 0x01, 0x00, 0x00, 0x00, 0x00,
  0x00, 0x00, 0x00, 0x76, 0x00, 0x00, 0x00, 0x09, 0x00, 0x00, 0x00, 0x0A, 0x00, 0x00, 0x00, 0x09,
  0x00, 0x00, 0x00, 0x09, 0x00, 0x00, 0x00, 0x00, 0x00, 0x00, 0x00, 0x00, 0x00, 0x00, 0x00, 0x77,
  0x00, 0x00, 0x00, 0x09, 0x00, 0x00, 0x00, 0x0E, 0x00, 0x00, 0x00, 0x0D, 0x00, 0x00, 0x00, 0x09,
  0x00, 0x00, 0x00, 0x00, 0x00, 0x00, 0x00, 0x00, 0x00, 0x00, 0x00, 0x78, 0x00, 0x00, 0x00, 0x09,
  0x00, 0x00, 0x00, 0x09, 0x00, 0x00, 0x00, 0x09, 0x00, 0x00, 0x00, 0x09, 0x00, 0x00, 0x00, 0x00,
  0x00, 0x00, 0x00, 0x00, 0x00, 0x00, 0x00, 0x79, 0x00, 0x00, 0x00, 0x0C, 0x00, 0x00, 0x00, 0x0A,
  0x00, 0x00, 0x00, 0x09, 0x00, 0x00, 0x00, 0x09, 0x00, 0x00, 0x00, 0x00, 0x00, 0x00, 0x00, 0x00,
  0x00, 0x00, 0x00, 0x7A, 0x00, 0x00, 0x00, 0x09, 0x00, 0x00, 0x00, 0x09, 0x00, 0x00, 0x00, 0x09,
  0x00, 0x00, 0x00, 0x09, 0x00, 0x00, 0x00, 0x00, 0x00, 0x00, 0x00, 0x00, 0x00, 0x00, 0x00, 0x7B,
  0x00, 0x00, 0x00, 0x0F, 0x00, 0x00, 0x00, 0x06, 0x00, 0x00, 0x00, 0x07, 0x00, 0x00, 0x00, 0x0D,
  0x00, 0x00, 0x00, 0x01, 0x00, 0x00, 0x00, 0x00, 0x00, 0x00, 0x00, 0x7C, 0x00, 0x00, 0x00, 0x14,
  0x00, 0x00, 0x00, 0x03, 0x00, 0x00, 0x00, 0x06, 0x00, 0x00, 0x00, 0x10, 0x00, 0x00, 0x00, 0x01,
  0x00, 0x00, 0x00, 0x00, 0x00, 0x00, 0x00, 0x7D, 0x00, 0x00, 0x00, 0x0F, 0x00, 0x00, 0x00, 0x07,
  0x00, 0x00, 0x00, 0x07, 0x00, 0x00, 0x00, 0x0D, 0x00, 0x00, 0x00, 0x00, 0x00, 0x00, 0x00, 0x00,
  0x00, 0x00, 0x00, 0x7E, 0x00, 0x00, 0x00, 0x04, 0x00, 0x00, 0x00, 0x09, 0x00, 0x00, 0x00, 0x0B,
  0x00, 0x00, 0x00, 0x07, 0x00, 0x00, 0x00, 0x01, 0x00, 0x00, 0x00, 0x00, 0x86, 0xFF, 0xA9, 0x82,
  0xFF, 0xA5, 0x7D, 0xFF, 0xA0, 0x79, 0xFF, 0x9C, 0x74, 0xFF, 0x97, 0x70, 0xFF, 0x93, 0x6B, 0xFF,
  0x8E, 0x67, 0xFF, 0x8A, 0x07, 0x14, 0x0A, 0x19, 0x77, 0x28, 0xA1, 0xFF, 0xC5, 0x62, 0xF4, 0x82,
  0x5F, 0xFF, 0x96, 0x37, 0xFF, 0xBE, 0x54, 0xFF, 0x8B, 0x2C, 0xFF, 0xB3, 0x49, 0xFF, 0x80, 0x21,
  0xFF, 0xA8, 0x3E, 0xFF, 0x75, 0x16, 0xFF, 0x9D, 0x29, 0xCC, 0x56, 0x09, 0xCC, 0x75, 0x00, 0x00,
  0x00, 0xD1, 0xC3, 0x00, 0x00, 0xB9, 0xDB, 0x00, 0x00, 0x00, 0x00, 0x02, 0xF6, 0x9A, 0x00, 0x00,
  0xE1, 0xB2, 0x00, 0x00, 0x00, 0x00, 0x22, 0xFF, 0x71, 0x00, 0x0B, 0xFE, 0x89, 0x00, 0x00, 0x00,
  0xED, 0xFF, 0xFF, 0xFF, 0xFF, 0xFF, 0xFF, 0xFF, 0xFB, 0x06, 0x09, 0x9C, 0xFF, 0xFF, 0xBC, 0x9C,
  0xF7, 0xFF, 0xD4, 0x88, 0x00, 0x00, 0x00, 0x9C, 0xF6, 0x01, 0x00, 0x84, 0xFF, 0x10, 0x00, 0x00,
  0x00, 0x00, 0xC5, 0xCF, 0x00, 0x00, 0xAD, 0xE7, 0x00, 0x00, 0x00, 0x5A, 0x9C, 0xFF, 0xFF, 0x9C,
  0x9C, 0xFF, 0xFF, 0x9C, 0x39, 0x00, 0xB7, 0xFF, 0xFF, 0xFF, 0xFF, 0xFF, 0xFF, 0xFF, 0xFF, 0x3D,
  0x00, 0x00, 0x3F, 0xFF, 0x55, 0x00, 0x27, 0xFF, 0x6D, 0x00, 0x00, 0x00, 0x00, 0x67, 0xFF, 0x2C,
  0x00, 0x4F, 0xFF, 0x44, 0x00, 0x00, 0x00, 0x00, 0x90, 0xFC, 0x07, 0x00, 0x78, 0xFF, 0x1C, 0x00,
  0x00, 0x00, 0x00, 0x00, 0x00, 0x00, 0x1C, 0x5C, 0x00, 0x00, 0x00, 0x00, 0x00, 0x00, 0x00, 0x00,
  0x38, 0xB8, 0x00, 0x00, 0x00, 0x00, 0x00, 0x00, 0x35, 0xB0, 0xFF, 0xFF, 0xDB, 0x86, 0x0D, 0x00,
  0x00, 0x42, 0xFA, 0xFF, 0xFF, 0xFF, 0xF9, 0xFF, 0xC9, 0x04, 0x00, 0xC5, 0xFF, 0x94, 0x3A, 0xB8,
  0x1C, 0xDD, 0xFF, 0x56, 0x00, 0xE5, 0xFF, 0x3C, 0x38, 0xB8, 0x00, 0x34, 0x5C, 0x2C, 0x00, 0xB0,
  0xFF, 0xD6, 0x84, 0xBE, 0x00, 0x00, 0x00, 0x00, 0x00, 0x1E, 0xD1, 0xFF, 0xFF, 0xFF, 0xB2, 0x57,
  0x01, 0x00, 0x00, 0x00, 0x05, 0x50, 0xDA, 0xFF, 0xFF, 0xFF, 0xB7, 0x05, 0x00, 0x00, 0x00, 0x00,
  0x38, 0xB9, 0x42, 0xE0, 0xFF, 0x74, 0x1F, 0xA0, 0x8B, 0x00, 0x38, 0xB8, 0x00, 0x76, 0xFF, 0xA4,
  0x0E, 0xF6, 0xFF, 0x67, 0x38, 0xB8, 0x1D, 0xD2, 0xFF, 0x80, 0x00, 0x78, 0xFF, 0xFF, 0xFF, 0xFF,
  0xFD, 0xFF, 0xE3, 0x17, 0x00, 0x00, 0x56, 0xC0, 0xFF, 0xFF, 0xE0, 0x96, 0x19, 0x00, 0x00, 0x00,
  0x00, 0x00, 0x38, 0xB8, 0x00, 0x00, 0x00, 0x00, 0x00, 0x00, 0x00, 0x00, 0x1C, 0x5C, 0x00, 0x00,
  0x00, 0x00, 0x00, 0x74, 0xED, 0xF0, 0x8A, 0x00, 0x00, 0x00, 0x00, 0x23, 0xF5, 0x6E, 0x00, 0x00,
  0x43, 0xFF, 0x8E, 0x85, 0xFF, 0x4C, 0x00, 0x00, 0x01, 0xC1, 0xC2, 0x01, 0x00, 0x00, 0x6E, 0xFF,
  0x14, 0x09, 0xFF, 0x76, 0x00, 0x00, 0x6F, 0xF5, 0x23, 0x00, 0x00, 0x00, 0x56, 0xFF, 0x56, 0x4B,
  0xFF, 0x5E, 0x00, 0x23, 0xF5, 0x6E, 0x00, 0x00, 0x00, 0x00, 0x06, 0xB6, 0xFF, 0xFF, 0xC9, 0x0A,
  0x01, 0xC1, 0xC2, 0x01, 0x00, 0x00, 0x00, 0x00, 0x00, 0x01, 0x2E, 0x31, 0x02, 0x00, 0x6F, 0xF5,
  0x23, 0x00, 0x02, 0x04, 0x00, 0x00, 0x00, 0x00, 0x00, 0x00, 0x00, 0x23, 0xF5, 0x6E, 0x00, 0x6A,
  0xF6, 0xFA, 0x8F, 0x00, 0x00, 0x00, 0x00, 0x00, 0x01, 0xC1, 0xC2, 0x01, 0x2D, 0xFD, 0x91, 0x7B,
  0xFF, 0x45, 0x00, 0x00, 0x00, 0x00, 0x6F, 0xF5, 0x23, 0x00, 0x62, 0xFF, 0x1F, 0x08, 0xFE, 0x7A,
  0x00, 0x00, 0x00, 0x23, 0xF5, 0x6E, 0x00, 0x00, 0x61, 0xFF, 0x21, 0x0A, 0xFE, 0x79, 0x00, 0x00,
  0x01, 0xC1, 0xC2, 0x01, 0x00, 0x00, 0x29, 0xFD, 0x9E, 0x8B, 0xFF, 0x3E, 0x00, 0x00, 0x6F, 0xF5,
  0x23, 0x00, 0x00, 0x00, 0x00, 0x69, 0xE9, 0xEF, 0x7C, 0x00, 0x00, 0x00, 0x2B, 0xBE, 0xF6, 0xE4,
  0x78, 0x00, 0x00, 0x00, 0x00, 0x00, 0x09, 0xE6, 0xFF, 0xC8, 0xE6, 0xFF, 0x5F, 0x00, 0x00, 0x00,
  0x00, 0x43, 0xFF, 0xA6, 0x00, 0x24, 0xFF, 0xA5, 0x00, 0x00, 0x00, 0x00, 0x3C, 0xFF, 0xAC, 0x00,
  0x58, 0xFF, 0x80, 0x00, 0x00, 0x00, 0x00, 0x04, 0xD9, 0xFF, 0xB5, 0xFA, 0xDF, 0x12, 0x00, 0x00,
  0x00, 0x00, 0x00, 0x60, 0xFF, 0xFF, 0xDF, 0x19, 0x00, 0x00, 0x00, 0x00, 0x00, 0x3A, 0xEE, 0xFF,
  0xFF, 0xD3, 0x0C, 0x01, 0xBA, 0x8E, 0x00, 0x0D, 0xE8, 0xFC, 0x4A, 0x98, 0xFF, 0xB2, 0x28, 0xFF,
  0xAB, 0x00, 0x43, 0xFF, 0xC2, 0x00, 0x04, 0xB8, 0xFF, 0xFF, 0xFF, 0x66, 0x00, 0x2E, 0xFF, 0xEC,
  0x18, 0x00, 0x10, 0xFF, 0xFF, 0xFF, 0x09, 0x00, 0x00, 0xBA, 0xFF, 0xEF, 0xBE, 0xE1, 0xFF, 0xFF,
  0xFF, 0x3F, 0x00, 0x00, 0x0B, 0x8B, 0xE1, 0xFA, 0xE2, 0x93, 0x47, 0xF5, 0xEC, 0x23, 0x5F, 0xFF,
  0x96, 0x54, 0xFF, 0x8B, 0x49, 0xFF, 0x80, 0x3E, 0xFF, 0x75, 0x29, 0xCC, 0x56, 0x00, 0x00, 0x94,
  0xC8, 0x2C, 0x00, 0x2E, 0xFF, 0xDF, 0x01, 0x00, 0x91, 0xFF, 0x7E, 0x00, 0x00, 0xD8, 0xFF, 0x34,
  0x00, 0x1C, 0xFF, 0xF2, 0x03, 0x00, 0x51, 0xFF, 0xBE, 0x00, 0x00, 0x6A, 0xFF, 0xA4, 0x00, 0x00,
  0x81, 0xFF, 0x8E, 0x00, 0x00, 0x82, 0xFF, 0x90, 0x00, 0x00, 0x6E, 0xFF, 0xA6, 0x00, 0x00, 0x41,
  0xFF, 0xD1, 0x00, 0x00, 0x0C, 0xF9, 0xFE, 0x17, 0x00, 0x00, 0xAF, 0xFF, 0x61, 0x00, 0x00, 0x49,
  0xFF, 0xBF, 0x00, 0x00, 0x00, 0xC8, 0xFF, 0x2A, 0x30, 0xC8, 0x8D, 0x00, 0x00, 0x02, 0xE3, 0xFE,
  0x27, 0x00, 0x00, 0x85, 0xFF, 0x88, 0x00, 0x00, 0x3D, 0xFF, 0xCE, 0x00, 0x00, 0x07, 0xF7, 0xFD,
  0x11, 0x00, 0x00, 0xC7, 0xFF, 0x48, 0x00, 0x00, 0xAD, 0xFF, 0x6C, 0x00, 0x00, 0x96, 0xFF, 0x7D,
  0x00, 0x00, 0x99, 0xFF, 0x79, 0x00, 0x00, 0xB0, 0xFF, 0x66, 0x00, 0x00, 0xDA, 0xFF, 0x39, 0x00,
  0x1E, 0xFF, 0xF6, 0x08, 0x00, 0x68, 0xFF, 0xA7, 0x00, 0x00, 0xC6, 0xFF, 0x41, 0x00, 0x2E, 0xFF,
  0xC1, 0x00, 0x00, 0x00, 0x00, 0x59, 0xF8, 0x00, 0x00, 0x00, 0x68, 0x80, 0x4E, 0xEB, 0x1F, 0xB2,
  0x1A, 0x69, 0xED, 0xEA, 0xF7, 0xF3, 0xCA, 0x2E, 0x00, 0x5A, 0xFA, 0xFF, 0xD6, 0x22, 0x00, 0x9B,
  0xFA, 0xAF, 0xEE, 0xBA, 0xFB, 0x42, 0x33, 0x2E, 0x4E, 0xF0, 0x00, 0x5B, 0x05, 0x00, 0x00, 0x3B,
  0xA5, 0x00, 0x00, 0x00, 0x00, 0x00, 0x00, 0x80, 0xFF, 0x44, 0x00, 0x00, 0x00, 0x00, 0x00, 0x00,
  0x80, 0xFF, 0x44, 0x00, 0x00, 0x00, 0x00, 0x00, 0x00, 0x80, 0xFF, 0x44, 0x00, 0x00, 0x00, 0x88,
  0xFF, 0xFF, 0xFF, 0xFF, 0xFF, 0xFF, 0xFF, 0x50, 0x5D, 0xB0, 0xB0, 0xFF, 0xFF, 0xF4, 0xB0, 0xB0,
  0x37, 0x00, 0x00, 0x00, 0x80, 0xFF, 0x44, 0x00, 0x00, 0x00, 0x00, 0x00, 0x00, 0x80, 0xFF, 0x44,
  0x00, 0x00, 0x00, 0x00, 0x00, 0x00, 0x80, 0xFF, 0x44, 0x00, 0x00, 0x00, 0x00, 0x52, 0xCC, 0x81,
  0x00, 0x88, 0xFF, 0x61, 0x00, 0xAC, 0xFF, 0x19, 0x00, 0xD1, 0xD0, 0x00, 0x00, 0xF5, 0x88, 0x00,
  0xA0, 0xB4, 0xB4, 0xB4, 0xB4, 0x3D, 0xE4, 0xFF, 0xFF, 0xFF, 0xFF, 0x58, 0x1C, 0x7F, 0x26, 0xA2,
  0xFF, 0xBD, 0x61, 0xF3, 0x78, 0x00, 0x00, 0x00, 0x1E, 0xFF, 0xA9, 0x00, 0x00, 0x00, 0x63, 0xFF,
  0x64, 0x00, 0x00, 0x00, 0xA8, 0xFF, 0x20, 0x00, 0x00, 0x01, 0xEA, 0xDB, 0x00, 0x00, 0x00, 0x31,
  0xFF, 0x97, 0x00, 0x00, 0x00, 0x75, 0xFF, 0x52, 0x00, 0x00, 0x00, 0xBA, 0xFC, 0x11, 0x00, 0x00,
  0x07, 0xF6, 0xC9, 0x00, 0x00, 0x00, 0x43, 0xFF, 0x84, 0x00, 0x00, 0x00, 0x88, 0xFF, 0x40, 0x00,
  0x00, 0x00, 0xCC, 0xF5, 0x06, 0x00, 0x00, 0x12, 0xFD, 0xB7, 0x00, 0x00, 0x00, 0x55, 0xFF, 0x72,
  0x00, 0x00, 0x00, 0x9A, 0xFF, 0x2E, 0x00, 0x00, 0x00, 0x00, 0x00, 0x14, 0x95, 0xE4, 0xF5, 0xCD,
  0x59, 0x00, 0x00, 0x00, 0x0D, 0xD4, 0xFF, 0xED, 0xD1, 0xFE, 0xFF, 0x71, 0x00, 0x00, 0x81, 0xFF,
  0xCA, 0x0D, 0x00, 0x4B, 0xFE, 0xF6, 0x1A, 0x00, 0xDB, 0xFF, 0x48, 0x00, 0x00, 0x00, 0xB9, 0xFF,
  0x6A, 0x11, 0xFF, 0xFD, 0x0A, 0x00, 0x00, 0x00, 0x78, 0xFF, 0xA1, 0x26, 0xFF, 0xEF, 0x00, 0x00,
  0x00, 0x00, 0x5F, 0xFF, 0xB6, 0x27, 0xFF, 0xEE, 0x00, 0x00, 0x00, 0x00, 0x60, 0xFF, 0xB5, 0x11,
  0xFF, 0xFD, 0x08, 0x00, 0x00, 0x00, 0x78, 0xFF, 0xA1, 0x00, 0xDC, 0xFF, 0x43, 0x00, 0x00, 0x00,
  0xB8, 0xFF, 0x6B, 0x00, 0x82, 0xFF, 0xC8, 0x0D, 0x00, 0x4B, 0xFE, 0xF7, 0x1B, 0x00, 0x0D, 0xD6,
  0xFF, 0xEF, 0xD5, 0xFE, 0xFF, 0x76, 0x00, 0x00, 0x00, 0x16, 0x98, 0xE5, 0xF6, 0xCF, 0x5F, 0x00,
  0x00, 0x00, 0x00, 0x69, 0xF7, 0xFF, 0x9C, 0x0E, 0xAC, 0xFF, 0xFD, 0xFF, 0x9C, 0x44, 0xFF, 0xA1,
  0x83, 0xFF, 0x9C, 0x39, 0x5E, 0x00, 0x78, 0xFF, 0x9C, 0x00, 0x00, 0x00, 0x78, 0xFF, 0x9C, 0x00,
  0x00, 0x00, 0x78, 0xFF, 0x9C, 0x00, 0x00, 0x00, 0x78, 0xFF, 0x9C, 0x00, 0x00, 0x00, 0x78, 0xFF,
  0x9C, 0x00, 0x00, 0x00, 0x78, 0xFF, 0x9C, 0x00, 0x00, 0x00, 0x78, 0xFF, 0x9C, 0x00, 0x00, 0x00,
  0x78, 0xFF, 0x9C, 0x00, 0x00, 0x00, 0x78, 0xFF, 0x9C, 0x00, 0x00, 0x48, 0xC3, 0xF4, 0xF0, 0xB6,
  0x35, 0x00, 0x00, 0x00, 0x4E, 0xFE, 0xFE, 0xD4, 0xDE, 0xFF, 0xF8, 0x34, 0x00, 0x00, 0xCF, 0xFF,
  0x69, 0x00, 0x00, 0x94, 0xFF, 0xAD, 0x00, 0x00, 0xAF, 0xB3, 0x0B, 0x00, 0x00, 0x3B, 0xFF, 0xCC,
  0x00, 0x00, 0x00, 0x00, 0x00, 0x00, 0x00, 0x6F, 0xFF, 0xA1, 0x00, 0x00, 0x00, 0x00, 0x00, 0x00,
  0x26, 0xEF, 0xFC, 0x33, 0x00, 0x00, 0x00, 0x00, 0x00, 0x1E, 0xE0, 0xFF, 0x71, 0x00, 0x00, 0x00,
  0x00, 0x00, 0x1E, 0xDD, 0xFF, 0x87, 0x00, 0x00, 0x00, 0x00, 0x00, 0x1E, 0xDD, 0xFF, 0x8F, 0x00,
  0x00, 0x00, 0x00, 0x00, 0x1E, 0xDD, 0xFF, 0x98, 0x00, 0x00, 0x00, 0x00, 0x00, 0x00, 0xD8, 0xFF,
  0xFF, 0xD1, 0xD0, 0xD0, 0xD0, 0xD0, 0x03, 0x00, 0xF4, 0xFF, 0xFF, 0xFF, 0xFF, 0xFF, 0xFF, 0xFF,
  0x04, 0x00, 0x00, 0x39, 0xB5, 0xEF, 0xF5, 0xC8, 0x54, 0x00, 0x00, 0x00, 0x46, 0xFB, 0xFF, 0xDB,
  0xD2, 0xFE, 0xFF, 0x5E, 0x00, 0x00, 0xC6, 0xFF, 0x73, 0x00, 0x00, 0x68, 0xFF, 0xD6, 0x00, 0x00,
  0x40, 0x48, 0x08, 0x00, 0x00, 0x21, 0xFF, 0xE5, 0x00, 0x00, 0x00, 0x00, 0x00, 0x00, 0x1E, 0xAB,
  0xFF, 0x8D, 0x00, 0x00, 0x00, 0x00, 0x28, 0xFF, 0xFF, 0xFB, 0x7F, 0x02, 0x00, 0x00, 0x00, 0x00,
  0x19, 0xA4, 0xC2, 0xF8, 0xF8, 0x74, 0x00, 0x00, 0x00, 0x00, 0x00, 0x00, 0x00, 0x32, 0xF7, 0xFE,
  0x29, 0x0B, 0x5C, 0x5A, 0x01, 0x00, 0x00, 0x00, 0xCD, 0xFF, 0x57, 0x06, 0xF3, 0xFF, 0x64, 0x00,
  0x00, 0x43, 0xFA, 0xFF, 0x30, 0x00, 0x70, 0xFF, 0xFF, 0xE2, 0xDD, 0xFF, 0xFF, 0xA0, 0x00, 0x00,
  0x00, 0x53, 0xC3, 0xF2, 0xF6, 0xCF, 0x6C, 0x03, 0x00, 0x00, 0x00, 0x00, 0x00, 0x00, 0x86, 0xFF,
  0xFF, 0x60, 0x00, 0x00, 0x00, 0x00, 0x00, 0x28, 0xF9, 0xFF, 0xFF, 0x60, 0x00, 0x00, 0x00, 0x00,
  0x00, 0xBD, 0xFF, 0xFF, 0xFF, 0x60, 0x00, 0x00, 0x00, 0x00, 0x5A, 0xFF, 0xAD, 0x94, 0xFF, 0x60,
  0x00, 0x00, 0x00, 0x0E, 0xE6, 0xF5, 0x1E, 0x94, 0xFF, 0x60, 0x00, 0x00, 0x00, 0x92, 0xFF, 0x79,
  0x00, 0x94, 0xFF, 0x60, 0x00, 0x00, 0x30, 0xFC, 0xD8, 0x06, 0x00, 0x94, 0xFF, 0x60, 0x00, 0x01,
  0xC7, 0xFF, 0x45, 0x00, 0x00, 0x94, 0xFF, 0x60, 0x00, 0x27, 0xFF, 0xFF, 0xFF, 0xFF, 0xFF, 0xFF,
  0xFF, 0xFF, 0xE0, 0x1F, 0xCC, 0xCC, 0xCC, 0xCC, 0xCC, 0xFF, 0xFF, 0xFF, 0xB2, 0x00, 0x00, 0x00,
  0x00, 0x00, 0x00, 0xA0, 0xFF, 0x60, 0x00, 0x00, 0x00, 0x00, 0x00, 0x00, 0x00, 0xA0, 0xFF, 0x60,
  0x00, 0x00, 0x65, 0xFF, 0xFF, 0xFF, 0xFF, 0xFF, 0xFF, 0x64, 0x00, 0x7F, 0xFF, 0xDC, 0xC8, 0xC8,
  0xC8, 0xC8, 0x4E, 0x00, 0x98, 0xFF, 0x4C, 0x00, 0x00, 0x00, 0x00, 0x00, 0x00, 0xB2, 0xFF, 0x31,
  0x00, 0x00, 0x00, 0x00, 0x00, 0x00, 0xCC, 0xFF, 0x81, 0xD6, 0xF7, 0xC8, 0x37, 0x00, 0x00, 0xE5,
  0xFF, 0xF2, 0xB9, 0xCE, 0xFF, 0xFB, 0x32, 0x00, 0x26, 0x51, 0x18, 0x00, 0x00, 0x97, 0xFF, 0xBA,
  0x00, 0x00, 0x00, 0x00, 0x00, 0x00, 0x19, 0xFF, 0xF5, 0x0E, 0x64, 0x5C, 0x00, 0x00, 0x00, 0x1B,
  0xFF, 0xEE, 0x09, 0xF5, 0xFF, 0x43, 0x00, 0x00, 0x9B, 0xFF, 0xAE, 0x00, 0x7B, 0xFF, 0xFB, 0xCA,
  0xD8, 0xFF, 0xF1, 0x28, 0x00, 0x00, 0x61, 0xCE, 0xF7, 0xED, 0xAD, 0x27, 0x00, 0x00, 0x00, 0x0C,
  0x8B, 0xE3, 0xF8, 0xD6, 0x6F, 0x02, 0x00, 0x00, 0x05, 0xC5, 0xFF, 0xF7, 0xDD, 0xFD, 0xFF, 0x93,
  0x00, 0x00, 0x6D, 0xFF, 0xC5, 0x13, 0x00, 0x33, 0xF6, 0xFE, 0x22, 0x00, 0xCF, 0xFF, 0x32, 0x00,
  0x00, 0x00, 0x27, 0x34, 0x0F, 0x0A, 0xFD, 0xF0, 0x25, 0xB0, 0xF0, 0xE7, 0x88, 0x06, 0x00, 0x25,
  0xFF, 0xE9, 0xDF, 0xD5, 0xB0, 0xF3, 0xFF, 0xAB, 0x00, 0x2C, 0xFF, 0xFF, 0x9F, 0x02, 0x00, 0x2F,
  0xF3, 0xFF, 0x2F, 0x1C, 0xFF, 0xFF, 0x28, 0x00, 0x00, 0x00, 0xA8, 0xFF, 0x64, 0x01, 0xEE, 0xFF,
  0x2A, 0x00, 0x00, 0x00, 0xAE, 0xFF, 0x5D, 0x00, 0x9A, 0xFF, 0xB2, 0x03, 0x00, 0x40, 0xF9, 0xFD,
  0x1E, 0x00, 0x1A, 0xE7, 0xFF, 0xDF, 0xC4, 0xFB, 0xFF, 0x84, 0x00, 0x00, 0x00, 0x1E, 0xA3, 0xEB,
  0xF7, 0xCF, 0x62, 0x00, 0x00, 0x58, 0xFF, 0xFF, 0xFF, 0xFF, 0xFF, 0xFF, 0xFF, 0x94, 0x47, 0xD0,
  0xD0, 0xD0, 0xD0, 0xD0, 0xEE, 0xFF, 0x92, 0x00, 0x00, 0x00, 0x00, 0x00, 0x07, 0xE6, 0xFF, 0x3F,
  0x00, 0x00, 0x00, 0x00, 0x00, 0x6A, 0xFF, 0xC3, 0x00, 0x00, 0x00, 0x00, 0x00, 0x05, 0xE1, 0xFF,
  0x46, 0x00, 0x00, 0x00, 0x00, 0x00, 0x63, 0xFF, 0xC9, 0x00, 0x00, 0x00, 0x00, 0x00, 0x03, 0xDC,
  0xFF, 0x4D, 0x00, 0x00, 0x00, 0x00, 0x00, 0x5C, 0xFF, 0xCF, 0x00, 0x00, 0x00, 0x00, 0x00, 0x02,
  0xD6, 0xFF, 0x53, 0x00, 0x00, 0x00, 0x00, 0x00, 0x55, 0xFF, 0xD5, 0x01, 0x00, 0x00, 0x00, 0x00,
  0x00, 0xD0, 0xFF, 0x5A, 0x00, 0x00, 0x00, 0x00, 0x00, 0x4E, 0xFF, 0xDB, 0x03, 0x00, 0x00, 0x00,
  0x00, 0x00, 0x00, 0x38, 0xB7, 0xF0, 0xF6, 0xC9, 0x5A, 0x00, 0x00, 0x00, 0x39, 0xF9, 0xFF, 0xCE,
  0xC1, 0xFB, 0xFF, 0x6F, 0x00, 0x00, 0xAA, 0xFF, 0x92, 0x00, 0x00, 0x57, 0xFF, 0xE8, 0x00, 0x00,
  0xB3, 0xFF, 0x57, 0x00, 0x00, 0x1C, 0xFF, 0xF2, 0x00, 0x00, 0x56, 0xFF, 0xC9, 0x26, 0x17, 0xA0,
  0xFF, 0x92, 0x00, 0x00, 0x00, 0x61, 0xF6, 0xFF, 0xFF, 0xFF, 0x91, 0x03, 0x00, 0x00, 0x37, 0xEE,
  0xFD, 0xC0, 0xB2, 0xF3, 0xFB, 0x66, 0x00, 0x04, 0xE4, 0xFF, 0x5A, 0x00, 0x00, 0x2A, 0xF3, 0xFB,
  0x2A, 0x27, 0xFF, 0xFB, 0x00, 0x00, 0x00, 0x00, 0xC0, 0xFF, 0x66, 0x0F, 0xFA, 0xFF, 0x52, 0x00,
  0x00, 0x23, 0xF0, 0xFF, 0x48, 0x00, 0x82, 0xFF, 0xFC, 0xC4, 0xB6, 0xF1, 0xFF, 0xBC, 0x01, 0x00,
  0x00, 0x5A, 0xC4, 0xF2, 0xF7, 0xD3, 0x78, 0x07, 0x00, 0x00, 0x00, 0x43, 0xBD, 0xF1, 0xF3, 0xB8,
  0x39, 0x00, 0x00, 0x00, 0x55, 0xFE, 0xFF, 0xD2, 0xD1, 0xFF, 0xFA, 0x42, 0x00, 0x03, 0xE4, 0xFF,
  0x6F, 0x00, 0x00, 0x68, 0xFF, 0xD8, 0x01, 0x22, 0xFF, 0xE7, 0x00, 0x00, 0x00, 0x00, 0xDF, 0xFF,
  0x2F, 0x1E, 0xFF, 0xF0, 0x06, 0x00, 0x00, 0x07, 0xF0, 0xFF, 0x5C, 0x00, 0xD7, 0xFF, 0xA7, 0x14,
  0x1B, 0xA8, 0xFF, 0xFF, 0x6B, 0x00, 0x39, 0xF1, 0xFF, 0xFF, 0xFF, 0xD8, 0xB1, 0xFF, 0x63, 0x00,
  0x00, 0x1E, 0x7C, 0x96, 0x6C, 0x0A, 0xBC, 0xFF, 0x45, 0x03, 0x73, 0x73, 0x07, 0x00, 0x00, 0x0E,
  0xF4, 0xFA, 0x10, 0x00, 0xD1, 0xFF, 0x7F, 0x00, 0x07, 0xA1, 0xFF, 0xA8, 0x00, 0x00, 0x47, 0xFC,
  0xFF, 0xE8, 0xF1, 0xFF, 0xE8, 0x1E, 0x00, 0x00, 0x00, 0x43, 0xC2, 0xF5, 0xEF, 0xAA, 0x21, 0x00,
  0x00, 0x1B, 0x7B, 0x26, 0xA2, 0xFF, 0xBD, 0x61, 0xF3, 0x78, 0x00, 0x00, 0x00, 0x00, 0x00, 0x00,
  0x00, 0x00, 0x00, 0x1C, 0x7F, 0x26, 0xA2, 0xFF, 0xBD, 0x61, 0xF3, 0x78, 0x00, 0x0C, 0x76, 0x3A,
  0x00, 0x76, 0xFF, 0xE9, 0x00, 0x3D, 0xEE, 0xA1, 0x00, 0x00, 0x00, 0x00, 0x00, 0x00, 0x00, 0x00,
  0x00, 0x00, 0x00, 0x00, 0x00, 0x00, 0x00, 0x00, 0x00, 0x52, 0xCC, 0x81, 0x00, 0x88, 0xFF, 0x61,
  0x00, 0xAC, 0xFF, 0x19, 0x00, 0xD1, 0xD0, 0x00, 0x00, 0xF5, 0x88, 0x00, 0x00, 0x00, 0x00, 0x00,
  0x00, 0x00, 0x00, 0x05, 0x03, 0x00, 0x00, 0x00, 0x00, 0x00, 0x0A, 0x6E, 0xE2, 0x18, 0x00, 0x00,
  0x00, 0x11, 0x7C, 0xEB, 0xFF, 0xFD, 0x15, 0x00, 0x19, 0x8A, 0xF2, 0xFF, 0xF2, 0x92, 0x24, 0x00,
  0x73, 0xF8, 0xFF, 0xDD, 0x70, 0x0E, 0x00, 0x00, 0x00, 0xAC, 0xFF, 0xE7, 0x44, 0x00, 0x00, 0x00,
  0x00, 0x00, 0x30, 0xAD, 0xFD, 0xFF, 0xD1, 0x62, 0x07, 0x00, 0x00, 0x00, 0x00, 0x28, 0x9F, 0xFA,
  0xFF, 0xEA, 0x82, 0x06, 0x00, 0x00, 0x00, 0x00, 0x1D, 0x90, 0xF4, 0xFF, 0x18, 0x00, 0x00, 0x00,
  0x00, 0x00, 0x00, 0x13, 0x81, 0x12, 0x49, 0xC4, 0xC4, 0xC4, 0xC4, 0xC4, 0xC4, 0xC4, 0x1E, 0x60,
  0xFF, 0xFF, 0xFF, 0xFF, 0xFF, 0xFF, 0xFF, 0x28, 0x00, 0x00, 0x00, 0x00, 0x00, 0x00, 0x00, 0x00,
  0x00, 0x00, 0x00, 0x00, 0x00, 0x00, 0x00, 0x00, 0x00, 0x00, 0x4B, 0xC8, 0xC8, 0xC8, 0xC8, 0xC8,
  0xC8, 0xC8, 0x1F, 0x60, 0xFF, 0xFF, 0xFF, 0xFF, 0xFF, 0xFF, 0xFF, 0x28, 0x09, 0x00, 0x00, 0x00,
  0x00, 0x00, 0x00, 0x00, 0x00, 0x50, 0xCD, 0x54, 0x02, 0x00, 0x00, 0x00, 0x00, 0x00, 0x4B, 0xFF,
  0xFF, 0xD8, 0x62, 0x05, 0x00, 0x00, 0x00, 0x00, 0x3B, 0xAA, 0xFB, 0xFF, 0xE3, 0x6F, 0x0A, 0x00,
  0x00, 0x00, 0x00, 0x1D, 0x89, 0xEE, 0xFF, 0xEB, 0x48, 0x00, 0x00, 0x00, 0x00, 0x05, 0x65, 0xFA,
  0xFF, 0x74, 0x00, 0x00, 0x14, 0x7B, 0xE5, 0xFF, 0xF6, 0x93, 0x1A, 0x19, 0x9B, 0xF7, 0xFF, 0xEF,
  0x84, 0x15, 0x00, 0x00, 0x50, 0xFF, 0xE6, 0x75, 0x0D, 0x00, 0x00, 0x00, 0x00, 0x38, 0x66, 0x07,
  0x00, 0x00, 0x00, 0x00, 0x00, 0x00, 0x00, 0x16, 0x9B, 0xE9, 0xF8, 0xD4, 0x69, 0x00, 0x03, 0xD0,
  0xFF, 0xE5, 0xC6, 0xFC, 0xFF, 0x6C, 0x40, 0xFF, 0xE0, 0x0D, 0x00, 0x68, 0xFF, 0xD4, 0x18, 0x44,
  0x2D, 0x00, 0x00, 0x3B, 0xFF, 0xDF, 0x00, 0x00, 0x00, 0x00, 0x15, 0xC9, 0xFF, 0x94, 0x00, 0x00,
  0x00, 0x2A, 0xE2, 0xFF, 0xB4, 0x0B, 0x00, 0x00, 0x00, 0xBA, 0xFF, 0x85, 0x01, 0x00, 0x00, 0x00,
  0x00, 0xEF, 0xF9, 0x03, 0x00, 0x00, 0x00, 0x00, 0x00, 0x3D, 0x3A, 0x00, 0x00, 0x00, 0x00, 0x00,
  0x00, 0x5F, 0x5A, 0x00, 0x00, 0x00, 0x00, 0x00, 0x39, 0xFF, 0xFF, 0x2D, 0x00, 0x00, 0x00, 0x00,
  0x16, 0xDC, 0xD6, 0x10, 0x00, 0x00, 0x00, 0x00, 0x00, 0x00, 0x34, 0x99, 0xD8, 0xF2, 0xF7, 0xE0,
  0xA2, 0x40, 0x00, 0x00, 0x00, 0x00, 0x00, 0x00, 0x04, 0x96, 0xFF, 0xFD, 0xCC, 0xA3, 0x9B, 0xB7,
  0xF4, 0xFF, 0xA4, 0x07, 0x00, 0x00, 0x00, 0x00, 0x9D, 0xFF, 0xBE, 0x26, 0x00, 0x00, 0x00, 0x00,
  0x0E, 0x92, 0xFF, 0xAC, 0x00, 0x00, 0x00, 0x44, 0xFF, 0xC2, 0x05, 0x00, 0x50, 0x90, 0x7C, 0x2B,
  0x9C, 0x35, 0x92, 0xFF, 0x53, 0x00, 0x00, 0xB2, 0xFF, 0x2E, 0x00, 0x8F, 0xFF, 0xFF, 0xFF, 0xEC,
  0xFF, 0x58, 0x0F, 0xF4, 0xC2, 0x00, 0x03, 0xF3, 0xD2, 0x00, 0x31, 0xFF, 0xAE, 0x13, 0x27, 0xC9,
  0xFF, 0x58, 0x00, 0xB2, 0xFB, 0x0B, 0x1C, 0xFF, 0xA3, 0x00, 0x7F, 0xFF, 0x23, 0x00, 0x00, 0x51,
  0xFF, 0x58, 0x00, 0x8C, 0xFF, 0x25, 0x2B, 0xFF, 0x94, 0x00, 0x9A, 0xF9, 0x01, 0x00, 0x00, 0x34,
  0xFF, 0x58, 0x00, 0x83, 0xFF, 0x24, 0x1F, 0xFF, 0xA1, 0x00, 0x8F, 0xFF, 0x0B, 0x00, 0x00, 0x42,
  0xFF, 0x58, 0x00, 0x90, 0xFF, 0x0F, 0x06, 0xF8, 0xCF, 0x00, 0x5C, 0xFF, 0x59, 0x00, 0x00, 0x87,
  0xFF, 0x60, 0x00, 0xBB, 0xD6, 0x00, 0x00, 0xBE, 0xFE, 0x28, 0x0A, 0xE2, 0xEC, 0x7D, 0x90, 0xEF,
  0xF7, 0xC9, 0x89, 0xFE, 0x7A, 0x00, 0x00, 0x52, 0xFF, 0xBC, 0x03, 0x29, 0xC0, 0xF6, 0xDE, 0x50,
  0x67, 0xE6, 0xF3, 0x99, 0x06, 0x00, 0x00, 0x01, 0xAF, 0xFF, 0xBD, 0x2A, 0x00, 0x00, 0x00, 0x00,
  0x00, 0x01, 0x00, 0x00, 0x00, 0x00, 0x00, 0x00, 0x0A, 0xA6, 0xFF, 0xFE, 0xD5, 0xAB, 0x9F, 0xAC,
  0xD1, 0xA9, 0x00, 0x00, 0x00, 0x00, 0x00, 0x00, 0x00, 0x00, 0x3B, 0x9D, 0xD8, 0xF2, 0xFA, 0xE6,
  0xB8, 0x68, 0x00, 0x00, 0x00, 0x00, 0x00, 0x00, 0x00, 0x00, 0xB8, 0xFF, 0xFF, 0x47, 0x00, 0x00,
  0x00, 0x00, 0x00, 0x00, 0x00, 0x13, 0xFB, 0xFF, 0xFF, 0xA0, 0x00, 0x00, 0x00, 0x00, 0x00, 0x00,
  0x00, 0x65, 0xFF, 0x98, 0xFA, 0xF1, 0x07, 0x00, 0x00, 0x00, 0x00, 0x00, 0x00, 0xBC, 0xFF, 0x4A,
  0xC1, 0xFF, 0x51, 0x00, 0x00, 0x00, 0x00, 0x00, 0x15, 0xFC, 0xFA, 0x0C, 0x77, 0xFF, 0xAA, 0x00,
  0x00, 0x00, 0x00, 0x00, 0x69, 0xFF, 0xBF, 0x00, 0x2B, 0xFF, 0xF6, 0x0C, 0x00, 0x00, 0x00, 0x00,
  0xC0, 0xFF, 0x6F, 0x00, 0x00, 0xDA, 0xFF, 0x5B, 0x00, 0x00, 0x00, 0x18, 0xFF, 0xFF, 0xD2, 0xB4,
  0xB4, 0xFF, 0xFF, 0xB4, 0x00, 0x00, 0x00, 0x6D, 0xFF, 0xFF, 0xFF, 0xFF, 0xFF, 0xFF, 0xFF, 0xFA,
  0x12, 0x00, 0x00, 0xC4, 0xFF, 0x79, 0x00, 0x00, 0x00, 0x00, 0xDB, 0xFF, 0x65, 0x00, 0x1B, 0xFE,
  0xFF, 0x27, 0x00, 0x00, 0x00, 0x00, 0x87, 0xFF, 0xBE, 0x00, 0x71, 0xFF, 0xD5, 0x00, 0x00, 0x00,
  0x00, 0x00, 0x32, 0xFF, 0xFD, 0x1A, 0xD4, 0xFF, 0xFF, 0xFF, 0xFE, 0xEA, 0xA6, 0x20, 0x00, 0xD4,
  0xFF, 0xD3, 0xC4, 0xCA, 0xF4, 0xFF, 0xE0, 0x0A, 0xD4, 0xFF, 0x44, 0x00, 0x00, 0x19, 0xEB, 0xFF,
  0x4F, 0xD4, 0xFF, 0x44, 0x00, 0x00, 0x00, 0xC7, 0xFF, 0x54, 0xD4, 0xFF, 0x44, 0x00, 0x0A, 0x5C,
  0xFB, 0xD6, 0x0D, 0xD4, 0xFF, 0xFF, 0xFF, 0xFF, 0xFF, 0xC9, 0x1B, 0x00, 0xD4, 0xFF, 0xA7, 0x88,
  0x8A, 0xBB, 0xFF, 0xDD, 0x1C, 0xD4, 0xFF, 0x44, 0x00, 0x00, 0x00, 0xA1, 0xFF, 0x9F, 0xD4, 0xFF,
  0x44, 0x00, 0x00, 0x00, 0x51, 0xFF, 0xCF, 0xD4, 0xFF, 0x44, 0x00, 0x00, 0x03, 0xA3, 0xFF, 0xB6,
  0xD4, 0xFF, 0xD3, 0xC4, 0xC6, 0xE7, 0xFF, 0xFE, 0x47, 0xD4, 0xFF, 0xFF, 0xFF, 0xFF, 0xF2, 0xC1,
  0x48, 0x00, 0x00, 0x00, 0x00, 0x4A, 0xB9, 0xEB, 0xF8, 0xD2, 0x69, 0x05, 0x00, 0x00, 0x00, 0x00,
  0x84, 0xFF, 0xFF, 0xF8, 0xF2, 0xFF, 0xFF, 0xBF, 0x05, 0x00, 0x00, 0x4C, 0xFF, 0xFA, 0x69, 0x05,
  0x00, 0x3B, 0xE2, 0xFF, 0x87, 0x00, 0x00, 0xC0, 0xFF, 0x7E, 0x00, 0x00, 0x00, 0x00, 0x47, 0xFF,
  0xE9, 0x00, 0x0A, 0xFD, 0xFF, 0x19, 0x00, 0x00, 0x00, 0x00, 0x01, 0x10, 0x10, 0x00, 0x23, 0xFF,
  0xF2, 0x00, 0x00, 0x00, 0x00, 0x00, 0x00, 0x00, 0x00, 0x00, 0x24, 0xFF, 0xF2, 0x00, 0x00, 0x00,
  0x00, 0x00, 0x00, 0x00, 0x00, 0x00, 0x0A, 0xFE, 0xFF, 0x1A, 0x00, 0x00, 0x00, 0x00, 0x00, 0x0C,
  0x0C, 0x00, 0x00, 0xC2, 0xFF, 0x7D, 0x00, 0x00, 0x00, 0x00, 0x46, 0xFF, 0xE9, 0x00, 0x00, 0x4E,
  0xFF, 0xF9, 0x66, 0x04, 0x00, 0x37, 0xE1, 0xFF, 0x7E, 0x00, 0x00, 0x00, 0x87, 0xFF, 0xFF, 0xF8,
  0xF1, 0xFF, 0xFF, 0xB8, 0x03, 0x00, 0x00, 0x00, 0x00, 0x4D, 0xBB, 0xEC, 0xF8, 0xD2, 0x67, 0x02,
  0x00, 0x00, 0xD4, 0xFF, 0xFF, 0xFF, 0xF6, 0xD8, 0x8A, 0x19, 0x00, 0x00, 0xD4, 0xFF, 0xFF, 0xD4,
  0xE0, 0xFC, 0xFF, 0xE8, 0x32, 0x00, 0xD4, 0xFF, 0x44, 0x00, 0x00, 0x18, 0xA8, 0xFF, 0xD9, 0x08,
  0xD4, 0xFF, 0x44, 0x00, 0x00, 0x00, 0x05, 0xD7, 0xFF, 0x53, 0xD4, 0xFF, 0x44, 0x00, 0x00, 0x00,
  0x00, 0x7E, 0xFF, 0x99, 0xD4, 0xFF, 0x44, 0x00, 0x00, 0x00, 0x00, 0x5A, 0xFF, 0xB3, 0xD4, 0xFF,
  0x44, 0x00, 0x00, 0x00, 0x00, 0x5B, 0xFF, 0xB2, 0xD4, 0xFF, 0x44, 0x00, 0x00, 0x00, 0x00, 0x7F,
  0xFF, 0x97, 0xD4, 0xFF, 0x44, 0x00, 0x00, 0x00, 0x05, 0xD8, 0xFF, 0x51, 0xD4, 0xFF, 0x44, 0x00,
  0x00, 0x1A, 0xAB, 0xFF, 0xD8, 0x07, 0xD4, 0xFF, 0xFF, 0xD8, 0xE4, 0xFD, 0xFF, 0xE6, 0x2F, 0x00,
  0xD4, 0xFF, 0xFF, 0xFF, 0xF5, 0xD7, 0x88, 0x17, 0x00, 0x00, 0xD4, 0xFF, 0xFF, 0xFF, 0xFF, 0xFF,
  0xFF, 0xBC, 0xD4, 0xFF, 0xD6, 0xC8, 0xC8, 0xC8, 0xC8, 0x92, 0xD4, 0xFF, 0x44, 0x00, 0x00, 0x00,
  0x00, 0x00, 0xD4, 0xFF, 0x44, 0x00, 0x00, 0x00, 0x00, 0x00, 0xD4, 0xFF, 0x44, 0x00, 0x00, 0x00,
  0x00, 0x00, 0xD4, 0xFF, 0xD3, 0xC4, 0xC4, 0xC4, 0xC4, 0x40, 0xD4, 0xFF, 0xFF, 0xFF, 0xFF, 0xFF,
  0xFF, 0x54, 0xD4, 0xFF, 0x44, 0x00, 0x00, 0x00, 0x00, 0x00, 0xD4, 0xFF, 0x44, 0x00, 0x00, 0x00,
  0x00, 0x00, 0xD4, 0xFF, 0x44, 0x00, 0x00, 0x00, 0x00, 0x00, 0xD4, 0xFF, 0xD6, 0xC8, 0xC8, 0xC8,
  0xC8, 0x99, 0xD4, 0xFF, 0xFF, 0xFF, 0xFF, 0xFF, 0xFF, 0xC4, 0xD4, 0xFF, 0xFF, 0xFF, 0xFF, 0xFF,
  0xFF, 0xA0, 0xD4, 0xFF, 0xD6, 0xC8, 0xC8, 0xC8, 0xC8, 0x7D, 0xD4, 0xFF, 0x44, 0x00, 0x00, 0x00,
  0x00, 0x00, 0xD4, 0xFF, 0x44, 0x00, 0x00, 0x00, 0x00, 0x00, 0xD4, 0xFF, 0x44, 0x00, 0x00, 0x00,
  0x00, 0x00, 0xD4, 0xFF, 0xD3, 0xC4, 0xC4, 0xC4, 0xC4, 0x15, 0xD4, 0xFF, 0xFF, 0xFF, 0xFF, 0xFF,
  0xFF, 0x1C, 0xD4, 0xFF, 0x44, 0x00, 0x00, 0x00, 0x00, 0x00, 0xD4, 0xFF, 0x44, 0x00, 0x00, 0x00,
  0x00, 0x00, 0xD4, 0xFF, 0x44, 0x00, 0x00, 0x00, 0x00, 0x00, 0xD4, 0xFF, 0x44, 0x00, 0x00, 0x00,
  0x00, 0x00, 0xD4, 0xFF, 0x44, 0x00, 0x00, 0x00, 0x00, 0x00, 0x00, 0x00, 0x00, 0x49, 0xB9, 0xEB,
  0xF8, 0xD4, 0x6F, 0x07, 0x00, 0x00, 0x00, 0x00, 0x83, 0xFF, 0xFF, 0xF8, 0xF0, 0xFF, 0xFF, 0xC9,
  0x0C, 0x00, 0x00, 0x4B, 0xFF, 0xFA, 0x6A, 0x05, 0x00, 0x32, 0xD9, 0xFF, 0x9E, 0x00, 0x00, 0xC0,
  0xFF, 0x80, 0x00, 0x00, 0x00, 0x00, 0x30, 0xB0, 0xA5, 0x00, 0x0A, 0xFD, 0xFF, 0x1A, 0x00, 0x00,
  0x00, 0x00, 0x00, 0x00, 0x00, 0x00, 0x23, 0xFF, 0xF3, 0x00, 0x00, 0x00, 0x61, 0xA8, 0xA8, 0xA8,
  0xA8, 0x17, 0x24, 0xFF, 0xF2, 0x00, 0x00, 0x00, 0x94, 0xFF, 0xFF, 0xFF, 0xFF, 0x23, 0x0A, 0xFE,
  0xFF, 0x1B, 0x00, 0x00, 0x00, 0x00, 0x00, 0xF3, 0xFF, 0x11, 0x00, 0xC2, 0xFF, 0x82, 0x00, 0x00,
  0x00, 0x00, 0x3C, 0xFF, 0xE5, 0x00, 0x00, 0x4E, 0xFF, 0xFB, 0x6B, 0x05, 0x00, 0x31, 0xDA, 0xFF,
  0x81, 0x00, 0x00, 0x00, 0x88, 0xFF, 0xFF, 0xF9, 0xED, 0xFF, 0xFF, 0xC2, 0x06, 0x00, 0x00, 0x00,
  0x00, 0x4E, 0xBA, 0xEB, 0xF6, 0xD3, 0x76, 0x05, 0x00, 0x00, 0xD4, 0xFF, 0x44, 0x00, 0x00, 0x00,
  0x00, 0x54, 0xFF, 0xC4, 0xD4, 0xFF, 0x44, 0x00, 0x00, 0x00, 0x00, 0x54, 0xFF, 0xC4, 0xD4, 0xFF,
  0x44, 0x00, 0x00, 0x00, 0x00, 0x54, 0xFF, 0xC4, 0xD4, 0xFF, 0x44, 0x00, 0x00, 0x00, 0x00, 0x54,
  0xFF, 0xC4, 0xD4, 0xFF, 0x44, 0x00, 0x00, 0x00, 0x00, 0x54, 0xFF, 0xC4, 0xD4, 0xFF, 0xFF, 0xFF,
  0xFF, 0xFF, 0xFF, 0xFF, 0xFF, 0xC4, 0xD4, 0xFF, 0xD9, 0xCC, 0xCC, 0xCC, 0xCC, 0xDD, 0xFF, 0xC4,
  0xD4, 0xFF, 0x44, 0x00, 0x00, 0x00, 0x00, 0x54, 0xFF, 0xC4, 0xD4, 0xFF, 0x44, 0x00, 0x00, 0x00,
  0x00, 0x54, 0xFF, 0xC4, 0xD4, 0xFF, 0x44, 0x00, 0x00, 0x00, 0x00, 0x54, 0xFF, 0xC4, 0xD4, 0xFF,
  0x44, 0x00, 0x00, 0x00, 0x00, 0x54, 0xFF, 0xC4, 0xD4, 0xFF, 0x44, 0x00, 0x00, 0x00, 0x00, 0x54,
  0xFF, 0xC4, 0xD4, 0xFF, 0x44, 0xD4, 0xFF, 0x44, 0xD4, 0xFF, 0x44, 0xD4, 0xFF, 0x44, 0xD4, 0xFF,
  0x44, 0xD4, 0xFF, 0x44, 0xD4, 0xFF, 0x44, 0xD4, 0xFF, 0x44, 0xD4, 0xFF, 0x44, 0xD4, 0xFF, 0x44,
  0xD4, 0xFF, 0x44, 0xD4, 0xFF, 0x44, 0x00, 0x00, 0x00, 0x00, 0x00, 0x00, 0xF4, 0xFF, 0x1C, 0x00,
  0x00, 0x00, 0x00, 0x00, 0x00, 0xF4, 0xFF, 0x1C, 0x00, 0x00, 0x00, 0x00, 0x00, 0x00, 0xF4, 0xFF,
  0x1C, 0x00, 0x00, 0x00, 0x00, 0x00, 0x00, 0xF4, 0xFF, 0x1C, 0x00, 0x00, 0x00, 0x00, 0x00, 0x00,
  0xF4, 0xFF, 0x1C, 0x00, 0x00, 0x00, 0x00, 0x00, 0x00, 0xF4, 0xFF, 0x1C, 0x00, 0x00, 0x00, 0x00,
  0x00, 0x00, 0xF4, 0xFF, 0x1C, 0x20, 0x54, 0x3B, 0x00, 0x00, 0x00, 0xF4, 0xFF, 0x1C, 0x60, 0xFF,
  0xBB, 0x00, 0x00, 0x01, 0xF9, 0xFF, 0x17, 0x3D, 0xFF, 0xEF, 0x17, 0x00, 0x46, 0xFF, 0xF1, 0x03,
  0x02, 0xCB, 0xFF, 0xEF, 0xCB, 0xFA, 0xFF, 0x82, 0x00, 0x00, 0x11, 0x91, 0xDE, 0xF5, 0xD3, 0x68,
  0x02, 0x00, 0xD4, 0xFF, 0x44, 0x00, 0x00, 0x00, 0x45, 0xFB, 0xFE, 0x57, 0xD4, 0xFF, 0x44, 0x00,
  0x00, 0x2A, 0xF0, 0xFF, 0x7A, 0x00, 0xD4, 0xFF, 0x44, 0x00, 0x16, 0xDF, 0xFF, 0x9E, 0x00, 0x00,
  0xD4, 0xFF, 0x43, 0x07, 0xC7, 0xFF, 0xBD, 0x05, 0x00, 0x00, 0xD4, 0xFF, 0x3F, 0x9E, 0xFF, 0xDB,
  0x10, 0x00, 0x00, 0x00, 0xD4, 0xFF, 0x93, 0xFF, 0xFF, 0x9F, 0x00, 0x00, 0x00, 0x00, 0xD4, 0xFF,
  0xFF, 0xFF, 0xFF, 0xFA, 0x2F, 0x00, 0x00, 0x00, 0xD4, 0xFF, 0xFF, 0x24, 0x95, 0xFF, 0xCF, 0x05,
  0x00, 0x00, 0xD4, 0xFF, 0x7A, 0x00, 0x0C, 0xE0, 0xFF, 0x80, 0x00, 0x00, 0xD4, 0xFF, 0x44, 0x00,
  0x00, 0x45, 0xFF, 0xFA, 0x30, 0x00, 0xD4, 0xFF, 0x44, 0x00, 0x00, 0x00, 0x9D, 0xFF, 0xD0, 0x05,
  0xD4, 0xFF, 0x44, 0x00, 0x00, 0x00, 0x0F, 0xE4, 0xFF, 0x82, 0xD4, 0xFF, 0x44, 0x00, 0x00, 0x00,
  0x00, 0x00, 0xD4, 0xFF, 0x44, 0x00, 0x00, 0x00, 0x00, 0x00, 0xD4, 0xFF, 0x44, 0x00, 0x00, 0x00,
  0x00, 0x00, 0xD4, 0xFF, 0x44, 0x00, 0x00, 0x00, 0x00, 0x00, 0xD4, 0xFF, 0x44, 0x00, 0x00, 0x00,
  0x00, 0x00, 0xD4, 0xFF, 0x44, 0x00, 0x00, 0x00, 0x00, 0x00, 0xD4, 0xFF, 0x44, 0x00, 0x00, 0x00,
  0x00, 0x00, 0xD4, 0xFF, 0x44, 0x00, 0x00, 0x00, 0x00, 0x00, 0xD4, 0xFF, 0x44, 0x00, 0x00, 0x00,
  0x00, 0x00, 0xD4, 0xFF, 0x44, 0x00, 0x00, 0x00, 0x00, 0x00, 0xD4, 0xFF, 0xD6, 0xC8, 0xC8, 0xC8,
  0xC8, 0x51, 0xD4, 0xFF, 0xFF, 0xFF, 0xFF, 0xFF, 0xFF, 0x68, 0xD4, 0xFF, 0xFF, 0x7D, 0x00, 0x00,
  0x00, 0x00, 0x00, 0xBE, 0xFF, 0xFF, 0x98, 0xD4, 0xFF, 0xFF, 0xD8, 0x00, 0x00, 0x00, 0x00, 0x1A,
  0xFD, 0xFF, 0xFF, 0x98, 0xD4, 0xFF, 0xE8, 0xFF, 0x34, 0x00, 0x00, 0x00, 0x72, 0xFF, 0xE1, 0xFF,
  0x98, 0xD4, 0xFF, 0xA6, 0xFF, 0x90, 0x00, 0x00, 0x00, 0xCC, 0xFF, 0xA0, 0xFF, 0x98, 0xD4, 0xFF,
  0x5F, 0xFF, 0xE8, 0x03, 0x00, 0x26, 0xFF, 0xE3, 0x79, 0xFF, 0x98, 0xD4, 0xFF, 0x35, 0xDC, 0xFF,
  0x47, 0x00, 0x81, 0xFF, 0x95, 0x7C, 0xFF, 0x98, 0xD4, 0xFF, 0x37, 0x82, 0xFF, 0x9C, 0x00, 0xD4,
  0xFF, 0x3F, 0x7C, 0xFF, 0x98, 0xD4, 0xFF, 0x38, 0x25, 0xFF, 0xE2, 0x19, 0xFF, 0xE1, 0x01, 0x7C,
  0xFF, 0x98, 0xD4, 0xFF, 0x38, 0x00, 0xC8, 0xFF, 0x7A, 0xFF, 0x86, 0x00, 0x7C, 0xFF, 0x98, 0xD4,
  0xFF, 0x38, 0x00, 0x6A, 0xFF, 0xF5, 0xFF, 0x2A, 0x00, 0x7C, 0xFF, 0x98, 0xD4, 0xFF, 0x38, 0x00,
  0x12, 0xF9, 0xFF, 0xCE, 0x00, 0x00, 0x7C, 0xFF, 0x98, 0xD4, 0xFF, 0x38, 0x00, 0x00, 0xAF, 0xFF,
  0x72, 0x00, 0x00, 0x7C, 0xFF, 0x98, 0xD4, 0xFF, 0xD1, 0x04, 0x00, 0x00, 0x00, 0x24, 0xFF, 0xFC,
  0xD4, 0xFF, 0xFF, 0x75, 0x00, 0x00, 0x00, 0x24, 0xFF, 0xFC, 0xD4, 0xFF, 0xFF, 0xF4, 0x1E, 0x00,
  0x00, 0x24, 0xFF, 0xFC, 0xD4, 0xFF, 0xA8, 0xFF, 0xB1, 0x00, 0x00, 0x24, 0xFF, 0xFC, 0xD4, 0xFF,
  0x47, 0xE7, 0xFF, 0x4F, 0x00, 0x24, 0xFF, 0xFC, 0xD4, 0xFF, 0x46, 0x62, 0xFF, 0xE1, 0x0B, 0x24,
  0xFF, 0xFC, 0xD4, 0xFF, 0x4B, 0x01, 0xC7, 0xFF, 0x89, 0x23, 0xFF, 0xFC, 0xD4, 0xFF, 0x4C, 0x00,
  0x2F, 0xFB, 0xF9, 0x3F, 0xFF, 0xFC, 0xD4, 0xFF, 0x4C, 0x00, 0x00, 0x8D, 0xFF, 0xAF, 0xFF, 0xFC,
  0xD4, 0xFF, 0x4C, 0x00, 0x00, 0x0C, 0xE2, 0xFB, 0xFF, 0xFC, 0xD4, 0xFF, 0x4C, 0x00, 0x00, 0x00,
  0x51, 0xFF, 0xFF, 0xFC, 0xD4, 0xFF, 0x4C, 0x00, 0x00, 0x00, 0x00, 0xB3, 0xFF, 0xFC, 0x00, 0x00,
  0x00, 0x4A, 0xB8, 0xEB, 0xF4, 0xCF, 0x71, 0x05, 0x00, 0x00, 0x00, 0x00, 0x84, 0xFF, 0xFF, 0xF8,
  0xF0, 0xFF, 0xFF, 0xC4, 0x0B, 0x00, 0x00, 0x4C, 0xFF, 0xF9, 0x68, 0x04, 0x00, 0x3A, 0xE0, 0xFF,
  0x97, 0x00, 0x00, 0xC0, 0xFF, 0x7C, 0x00, 0x00, 0x00, 0x00, 0x34, 0xFF, 0xFA, 0x13, 0x0A, 0xFD,
  0xFF, 0x19, 0x00, 0x00, 0x00, 0x00, 0x00, 0xCF, 0xFF, 0x56, 0x23, 0xFF, 0xF2, 0x00, 0x00, 0x00,
  0x00, 0x00, 0x00, 0xA7, 0xFF, 0x73, 0x24, 0xFF, 0xF2, 0x00, 0x00, 0x00, 0x00, 0x00, 0x00, 0xA8,
  0xFF, 0x72, 0x0A, 0xFE, 0xFF, 0x19, 0x00, 0x00, 0x00, 0x00, 0x00, 0xCF, 0xFF, 0x57, 0x00, 0xC2,
  0xFF, 0x7C, 0x00, 0x00, 0x00, 0x00, 0x33, 0xFF, 0xFA, 0x14, 0x00, 0x4E, 0xFF, 0xFA, 0x68, 0x04,
  0x00, 0x37, 0xDF, 0xFF, 0x9A, 0x00, 0x00, 0x00, 0x87, 0xFF, 0xFF, 0xF8, 0xF0, 0xFF, 0xFF, 0xC6,
  0x0C, 0x00, 0x00, 0x00, 0x00, 0x4D, 0xBA, 0xEC, 0xF4, 0xD0, 0x74, 0x06, 0x00, 0x00, 0xD4, 0xFF,
  0xFF, 0xFF, 0xFC, 0xE3, 0x92, 0x0F, 0x00, 0xD4, 0xFF, 0xD6, 0xC8, 0xD0, 0xFA, 0xFF, 0xCE, 0x06,
  0xD4, 0xFF, 0x44, 0x00, 0x00, 0x20, 0xE8, 0xFF, 0x5B, 0xD4, 0xFF, 0x44, 0x00, 0x00, 0x00, 0x9B,
  0xFF, 0x92, 0xD4, 0xFF, 0x44, 0x00, 0x00, 0x00, 0x9C, 0xFF, 0x91, 0xD4, 0xFF, 0x44, 0x00, 0x00,
  0x1C, 0xE9, 0xFF, 0x5A, 0xD4, 0xFF, 0xFF, 0xC0, 0xC7, 0xF7, 0xFF, 0xCD, 0x06, 0xD4, 0xFF, 0xFF,
  0xFF, 0xFC, 0xE3, 0x92, 0x0F, 0x00, 0xD4, 0xFF, 0x44, 0x00, 0x00, 0x00, 0x00, 0x00, 0x00, 0xD4,
  0xFF, 0x44, 0x00, 0x00, 0x00, 0x00, 0x00, 0x00, 0xD4, 0xFF, 0x44, 0x00, 0x00, 0x00, 0x00, 0x00,
  0x00, 0xD4, 0xFF, 0x44, 0x00, 0x00, 0x00, 0x00, 0x00, 0x00, 0x00, 0x00, 0x00, 0x4A, 0xB8, 0xEB,
  0xF4, 0xCF, 0x71, 0x05, 0x00, 0x00, 0x00, 0x00, 0x84, 0xFF, 0xFF, 0xF8, 0xF0, 0xFF, 0xFF, 0xC4,
  0x0B, 0x00, 0x00, 0x4C, 0xFF, 0xF9, 0x68, 0x04, 0x00, 0x3A, 0xE0, 0xFF, 0x97, 0x00, 0x00, 0xC0,
  0xFF, 0x7C, 0x00, 0x00, 0x00, 0x00, 0x34, 0xFF, 0xFA, 0x13, 0x0A, 0xFD, 0xFF, 0x19, 0x00, 0x00,
  0x00, 0x00, 0x00, 0xCF, 0xFF, 0x56, 0x23, 0xFF, 0xF2, 0x00, 0x00, 0x00, 0x00, 0x00, 0x00, 0xA7,
  0xFF, 0x73, 0x24, 0xFF, 0xF2, 0x00, 0x00, 0x00, 0x00, 0x00, 0x00, 0xA8, 0xFF, 0x72, 0x0A, 0xFE,
  0xFF, 0x19, 0x00, 0x07, 0x10, 0x06, 0x00, 0xCF, 0xFF, 0x57, 0x00, 0xC2, 0xFF, 0x7C, 0x00, 0x24,
  0xF2, 0xC6, 0x38, 0xFF, 0xFA, 0x14, 0x00, 0x4E, 0xFF, 0xFA, 0x68, 0x04, 0x59, 0xFF, 0xFF, 0xFF,
  0x9A, 0x00, 0x00, 0x00, 0x87, 0xFF, 0xFF, 0xF8, 0xF0, 0xFF, 0xFF, 0xFF, 0x0C, 0x00, 0x00, 0x00,
  0x00, 0x4D, 0xBA, 0xEC, 0xF4, 0xDE, 0xFF, 0xF9, 0x25, 0x00, 0x00, 0x00, 0x00, 0x00, 0x00, 0x00,
  0x00, 0x00, 0x31, 0xF8, 0xCF, 0x08, 0xD4, 0xFF, 0xFF, 0xFF, 0xFC, 0xE4, 0x96, 0x13, 0x00, 0x00,
  0xD4, 0xFF, 0xD6, 0xC8, 0xCF, 0xF9, 0xFF, 0xD5, 0x09, 0x00, 0xD4, 0xFF, 0x44, 0x00, 0x00, 0x1A,
  0xE4, 0xFF, 0x61, 0x00, 0xD4, 0xFF, 0x44, 0x00, 0x00, 0x00, 0x98, 0xFF, 0x93, 0x00, 0xD4, 0xFF,
  0x44, 0x00, 0x00, 0x00, 0xA1, 0xFF, 0x90, 0x00, 0xD4, 0xFF, 0x44, 0x00, 0x06, 0x46, 0xF1, 0xFF,
  0x54, 0x00, 0xD4, 0xFF, 0xFF, 0xFF, 0xFF, 0xFF, 0xFF, 0xB7, 0x02, 0x00, 0xD4, 0xFF, 0xFF, 0xC4,
  0xFF, 0xFF, 0xF8, 0x03, 0x00, 0x00, 0xD4, 0xFF, 0x44, 0x00, 0x2C, 0xFD, 0xFB, 0x27, 0x00, 0x00,
  0xD4, 0xFF, 0x44, 0x00, 0x00, 0xA0, 0xFF, 0xB0, 0x00, 0x00, 0xD4, 0xFF, 0x44, 0x00, 0x00, 0x1E,
  0xF8, 0xFF, 0x3D, 0x00, 0xD4, 0xFF, 0x44, 0x00, 0x00, 0x00, 0x8D, 0xFF, 0xC8, 0x00, 0x00, 0x00,
  0x35, 0xB0, 0xEC, 0xF8, 0xDB, 0x86, 0x0D, 0x00, 0x00, 0x42, 0xFA, 0xFF, 0xEF, 0xD6, 0xF9, 0xFF,
  0xC9, 0x04, 0x00, 0xC5, 0xFF, 0x94, 0x02, 0x00, 0x1C, 0xDD, 0xFF, 0x56, 0x00, 0xE5, 0xFF, 0x3C,
  0x00, 0x00, 0x00, 0x34, 0x5C, 0x2C, 0x00, 0xB0, 0xFF, 0xD6, 0x4C, 0x06, 0x00, 0x00, 0x00, 0x00,
  0x00, 0x1E, 0xD1, 0xFF, 0xFF, 0xF5, 0xB2, 0x57, 0x01, 0x00, 0x00, 0x00, 0x05, 0x50, 0xA2, 0xE6,
  0xFF, 0xFF, 0xB7, 0x05, 0x00, 0x00, 0x00, 0x00, 0x00, 0x01, 0x42, 0xE0, 0xFF, 0x74, 0x1F, 0xA0,
  0x8B, 0x00, 0x00, 0x00, 0x00, 0x76, 0xFF, 0xA4, 0x0E, 0xF6, 0xFF, 0x67, 0x00, 0x00, 0x1D, 0xD2,
  0xFF, 0x80, 0x00, 0x78, 0xFF, 0xFF, 0xED, 0xDD, 0xFD, 0xFF, 0xE3, 0x17, 0x00, 0x00, 0x56, 0xC0,
  0xF0, 0xF9, 0xE0, 0x96, 0x19, 0x00, 0x58, 0xFF, 0xFF, 0xFF, 0xFF, 0xFF, 0xFF, 0xFF, 0xFF, 0xEC,
  0x44, 0xC8, 0xC8, 0xC8, 0xF2, 0xFF, 0xDA, 0xC8, 0xC8, 0xB8, 0x00, 0x00, 0x00, 0x00, 0xC0, 0xFF,
  0x54, 0x00, 0x00, 0x00, 0x00, 0x00, 0x00, 0x00, 0xC0, 0xFF, 0x54, 0x00, 0x00, 0x00, 0x00, 0x00,
  0x00, 0x00, 0xC0, 0xFF, 0x54, 0x00, 0x00, 0x00, 0x00, 0x00, 0x00, 0x00, 0xC0, 0xFF, 0x54, 0x00,
  0x00, 0x00, 0x00, 0x00, 0x00, 0x00, 0xC0, 0xFF, 0x54, 0x00, 0x00, 0x00, 0x00, 0x00, 0x00, 0x00,
  0xC0, 0xFF, 0x54, 0x00, 0x00, 0x00, 0x00, 0x00, 0x00, 0x00, 0xC0, 0xFF, 0x54, 0x00, 0x00, 0x00,
  0x00, 0x00, 0x00, 0x00, 0xC0, 0xFF, 0x54, 0x00, 0x00, 0x00, 0x00, 0x00, 0x00, 0x00, 0xC0, 0xFF,
  0x54, 0x00, 0x00, 0x00, 0x00, 0x00, 0x00, 0x00, 0xC0, 0xFF, 0x54, 0x00, 0x00, 0x00, 0xD4, 0xFF,
  0x44, 0x00, 0x00, 0x00, 0x00, 0x78, 0xFF, 0x9C, 0xD4, 0xFF, 0x44, 0x00, 0x00, 0x00, 0x00, 0x78,
  0xFF, 0x9C, 0xD4, 0xFF, 0x44, 0x00, 0x00, 0x00, 0x00, 0x78, 0xFF, 0x9C, 0xD4, 0xFF, 0x44, 0x00,
  0x00, 0x00, 0x00, 0x78, 0xFF, 0x9C, 0xD4, 0xFF, 0x44, 0x00, 0x00, 0x00, 0x00, 0x78, 0xFF, 0x9C,
  0xD4, 0xFF, 0x44, 0x00, 0x00, 0x00, 0x00, 0x78, 0xFF, 0x9C, 0xD4, 0xFF, 0x44, 0x00, 0x00, 0x00,
  0x00, 0x78, 0xFF, 0x9C, 0xD2, 0xFF, 0x46, 0x00, 0x00, 0x00, 0x00, 0x7B, 0xFF, 0x9A, 0xBB, 0xFF,
  0x74, 0x00, 0x00, 0x00, 0x00, 0xAA, 0xFF, 0x82, 0x70, 0xFF, 0xEF, 0x44, 0x00, 0x03, 0x69, 0xFE,
  0xFF, 0x35, 0x06, 0xC1, 0xFF, 0xFF, 0xEF, 0xF5, 0xFF, 0xFF, 0x8D, 0x00, 0x00, 0x05, 0x75, 0xD1,
  0xF5, 0xF0, 0xC2, 0x58, 0x00, 0x00, 0x70, 0xFF, 0xD9, 0x00, 0x00, 0x00, 0x00, 0x00, 0x2E, 0xFF,
  0xFD, 0x1A, 0x19, 0xFD, 0xFF, 0x2E, 0x00, 0x00, 0x00, 0x00, 0x80, 0xFF, 0xC0, 0x00, 0x00, 0xBF,
  0xFF, 0x83, 0x00, 0x00, 0x00, 0x00, 0xD2, 0xFF, 0x69, 0x00, 0x00, 0x66, 0xFF, 0xD8, 0x00, 0x00,
  0x00, 0x23, 0xFF, 0xFC, 0x16, 0x00, 0x00, 0x12, 0xFA, 0xFF, 0x2C, 0x00, 0x00, 0x76, 0xFF, 0xBB,
  0x00, 0x00, 0x00, 0x00, 0xB5, 0xFF, 0x81, 0x00, 0x00, 0xC8, 0xFF, 0x64, 0x00, 0x00, 0x00, 0x00,
  0x5C, 0xFF, 0xD3, 0x00, 0x19, 0xFE, 0xFB, 0x13, 0x00, 0x00, 0x00, 0x00, 0x0C, 0xF6, 0xFF, 0x1D,
  0x61, 0xFF, 0xB6, 0x00, 0x00, 0x00, 0x00, 0x00, 0x00, 0xAB, 0xFF, 0x63, 0xA8, 0xFF, 0x5F, 0x00,
  0x00, 0x00, 0x00, 0x00, 0x00, 0x52, 0xFF, 0xAA, 0xEB, 0xF9, 0x0F, 0x00, 0x00, 0x00, 0x00, 0x00,
  0x00, 0x08, 0xF1, 0xFF, 0xFF, 0xB1, 0x00, 0x00, 0x00, 0x00, 0x00, 0x00, 0x00, 0x00, 0xA0, 0xFF,
  0xFF, 0x5B, 0x00, 0x00, 0x00, 0x00, 0x7B, 0xFF, 0xC1, 0x00, 0x00, 0x00, 0x11, 0xFE, 0xFF, 0x63,
  0x00, 0x00, 0x00, 0x6F, 0xFF, 0xCD, 0x38, 0xFF, 0xF7, 0x07, 0x00, 0x00, 0x4F, 0xFF, 0xFF, 0xA2,
  0x00, 0x00, 0x00, 0xAB, 0xFF, 0x8A, 0x03, 0xF1, 0xFF, 0x3B, 0x00, 0x00, 0x8F, 0xFF, 0xFF, 0xE1,
  0x00, 0x00, 0x00, 0xE7, 0xFF, 0x47, 0x00, 0xB2, 0xFF, 0x78, 0x00, 0x00, 0xCE, 0xF8, 0xB4, 0xFF,
  0x21, 0x00, 0x25, 0xFF, 0xF9, 0x0A, 0x00, 0x6F, 0xFF, 0xB5, 0x00, 0x0F, 0xFD, 0xCB, 0x7B, 0xFF,
  0x60, 0x00, 0x62, 0xFF, 0xC0, 0x00, 0x00, 0x2C, 0xFF, 0xF0, 0x02, 0x4D, 0xFF, 0x96, 0x43, 0xFF,
  0xA0, 0x00, 0x9F, 0xFF, 0x7D, 0x00, 0x00, 0x00, 0xE8, 0xFF, 0x2D, 0x8A, 0xFF, 0x55, 0x09, 0xF9,
  0xDE, 0x00, 0xDA, 0xFF, 0x39, 0x00, 0x00, 0x00, 0xA6, 0xFF, 0x5E, 0xC4, 0xFE, 0x15, 0x00, 0xC2,
  0xFF, 0x24, 0xFE, 0xF2, 0x04, 0x00, 0x00, 0x00, 0x63, 0xFF, 0x8E, 0xF4, 0xD2, 0x00, 0x00, 0x80,
  0xFF, 0x84, 0xFF, 0xB3, 0x00, 0x00, 0x00, 0x00, 0x20, 0xFF, 0xDE, 0xFF, 0x90, 0x00, 0x00, 0x3F,
  0xFF, 0xDF, 0xFF, 0x6F, 0x00, 0x00, 0x00, 0x00, 0x00, 0xDD, 0xFF, 0xFF, 0x4E, 0x00, 0x00, 0x07,
  0xF6, 0xFF, 0xFF, 0x2C, 0x00, 0x00, 0x00, 0x00, 0x00, 0x9A, 0xFF, 0xFC, 0x0F, 0x00, 0x00, 0x00,
  0xBD, 0xFF, 0xE8, 0x00, 0x00, 0x00, 0x0C, 0xDF, 0xFF, 0x7D, 0x00, 0x00, 0x00, 0x09, 0xDA, 0xFF,
  0x77, 0x00, 0x00, 0x44, 0xFF, 0xF9, 0x29, 0x00, 0x00, 0x8D, 0xFF, 0xCB, 0x03, 0x00, 0x00, 0x00,
  0x9C, 0xFF, 0xC2, 0x00, 0x33, 0xFD, 0xF9, 0x2D, 0x00, 0x00, 0x00, 0x00, 0x0F, 0xE4, 0xFF, 0x53,
  0xC4, 0xFF, 0x7E, 0x00, 0x00, 0x00, 0x00, 0x00, 0x00, 0x4C, 0xFF, 0xFF, 0xFF, 0xD0, 0x05, 0x00,
  0x00, 0x00, 0x00, 0x00, 0x00, 0x00, 0xD2, 0xFF, 0xFF, 0x34, 0x00, 0x00, 0x00, 0x00, 0x00, 0x00,
  0x00, 0x05, 0xE3, 0xFF, 0xFF, 0x74, 0x00, 0x00, 0x00, 0x00, 0x00, 0x00, 0x00, 0x85, 0xFF, 0xD7,
  0xFD, 0xF7, 0x27, 0x00, 0x00, 0x00, 0x00, 0x00, 0x36, 0xFC, 0xF8, 0x24, 0x9A, 0xFF, 0xC5, 0x02,
  0x00, 0x00, 0x00, 0x08, 0xD7, 0xFF, 0x7B, 0x00, 0x12, 0xE9, 0xFF, 0x72, 0x00, 0x00, 0x00, 0x8F,
  0xFF, 0xCC, 0x04, 0x00, 0x00, 0x55, 0xFF, 0xF6, 0x25, 0x00, 0x3E, 0xFE, 0xF9, 0x2C, 0x00, 0x00,
  0x00, 0x00, 0xAC, 0xFF, 0xC4, 0x02, 0x52, 0xFF, 0xF8, 0x20, 0x00, 0x00, 0x00, 0x00, 0xAA, 0xFF,
  0xBD, 0x00, 0x00, 0xBB, 0xFF, 0xA6, 0x00, 0x00, 0x00, 0x35, 0xFE, 0xFC, 0x2D, 0x00, 0x00, 0x2A,
  0xFB, 0xFE, 0x34, 0x00, 0x00, 0xBE, 0xFF, 0x95, 0x00, 0x00, 0x00, 0x00, 0x90, 0xFF, 0xBF, 0x00,
  0x48, 0xFF, 0xEE, 0x13, 0x00, 0x00, 0x00, 0x00, 0x0F, 0xEA, 0xFF, 0x43, 0xCA, 0xFF, 0x6D, 0x00,
  0x00, 0x00, 0x00, 0x00, 0x00, 0x65, 0xFF, 0xEF, 0xFF, 0xD4, 0x04, 0x00, 0x00, 0x00, 0x00, 0x00,
  0x00, 0x02, 0xCC, 0xFF, 0xFF, 0x45, 0x00, 0x00, 0x00, 0x00, 0x00, 0x00, 0x00, 0x00, 0x58, 0xFF,
  0xD0, 0x00, 0x00, 0x00, 0x00, 0x00, 0x00, 0x00, 0x00, 0x00, 0x50, 0xFF, 0xC8, 0x00, 0x00, 0x00,
  0x00, 0x00, 0x00, 0x00, 0x00, 0x00, 0x50, 0xFF, 0xC8, 0x00, 0x00, 0x00, 0x00, 0x00, 0x00, 0x00,
  0x00, 0x00, 0x50, 0xFF, 0xC8, 0x00, 0x00, 0x00, 0x00, 0x00, 0x00, 0x00, 0x00, 0x00, 0x50, 0xFF,
  0xC8, 0x00, 0x00, 0x00, 0x00, 0x00, 0x18, 0xFF, 0xFF, 0xFF, 0xFF, 0xFF, 0xFF, 0xFF, 0xFF, 0x80,
  0x12, 0xC8, 0xC8, 0xC8, 0xC8, 0xC8, 0xC6, 0xFF, 0xFF, 0x5A, 0x00, 0x00, 0x00, 0x00, 0x00, 0x00,
  0x7D, 0xFF, 0xB8, 0x00, 0x00, 0x00, 0x00, 0x00, 0x00, 0x3B, 0xFC, 0xF0, 0x1C, 0x00, 0x00, 0x00,
  0x00, 0x00, 0x0A, 0xDB, 0xFF, 0x61, 0x00, 0x00, 0x00, 0x00, 0x00, 0x00, 0x92, 0xFF, 0xB4, 0x00,
  0x00, 0x00, 0x00, 0x00, 0x00, 0x40, 0xFE, 0xEE, 0x1A, 0x00, 0x00, 0x00, 0x00, 0x00, 0x0C, 0xDE,
  0xFF, 0x5D, 0x00, 0x00, 0x00, 0x00, 0x00, 0x00, 0x97, 0xFF, 0xAE, 0x00, 0x00, 0x00, 0x00, 0x00,
  0x00, 0x44, 0xFF, 0xE1, 0x11, 0x00, 0x00, 0x00, 0x00, 0x00, 0x05, 0xE1, 0xFF, 0xEE, 0xC3, 0xC4,
  0xC4, 0xC4, 0xC4, 0x6B, 0x10, 0xFF, 0xFF, 0xFF, 0xFF, 0xFF, 0xFF, 0xFF, 0xFF, 0x8C, 0x49, 0x9C,
  0x9C, 0x9C, 0x13, 0x78, 0xFF, 0xFF, 0xFF, 0x20, 0x78, 0xFF, 0x80, 0x00, 0x00, 0x78, 0xFF, 0x80,
  0x00, 0x00, 0x78, 0xFF, 0x80, 0x00, 0x00, 0x78, 0xFF, 0x80, 0x00, 0x00, 0x78, 0xFF, 0x80, 0x00,
  0x00, 0x78, 0xFF, 0x80, 0x00, 0x00, 0x78, 0xFF, 0x80, 0x00, 0x00, 0x78, 0xFF, 0x80, 0x00, 0x00,
  0x78, 0xFF, 0x80, 0x00, 0x00, 0x78, 0xFF, 0x80, 0x00, 0x00, 0x78, 0xFF, 0x80, 0x00, 0x00, 0x78,
  0xFF, 0xCE, 0x9C, 0x13, 0x78, 0xFF, 0xFF, 0xFF, 0x20, 0x9A, 0xFF, 0x2D, 0x00, 0x00, 0x00, 0x55,
  0xFF, 0x72, 0x00, 0x00, 0x00, 0x12, 0xFD, 0xB7, 0x00, 0x00, 0x00, 0x00, 0xCC, 0xF5, 0x06, 0x00,
  0x00, 0x00, 0x88, 0xFF, 0x40, 0x00, 0x00, 0x00, 0x43, 0xFF, 0x84, 0x00, 0x00, 0x00, 0x07, 0xF6,
  0xC9, 0x00, 0x00, 0x00, 0x00, 0xBA, 0xFC, 0x10, 0x00, 0x00, 0x00, 0x75, 0xFF, 0x52, 0x00, 0x00,
  0x00, 0x31, 0xFF, 0x97, 0x00, 0x00, 0x00, 0x01, 0xEA, 0xDB, 0x00, 0x00, 0x00, 0x00, 0xA8, 0xFF,
  0x20, 0x00, 0x00, 0x00, 0x63, 0xFF, 0x64, 0x00, 0x00, 0x00, 0x1E, 0xFF, 0xA9, 0x15, 0x9C, 0x9C,
  0x9C, 0x44, 0x24, 0xFF, 0xFF, 0xFF, 0x70, 0x00, 0x00, 0x84, 0xFF, 0x70, 0x00, 0x00, 0x84, 0xFF,
  0x70, 0x00, 0x00, 0x84, 0xFF, 0x70, 0x00, 0x00, 0x84, 0xFF, 0x70, 0x00, 0x00, 0x84, 0xFF, 0x70,
  0x00, 0x00, 0x84, 0xFF, 0x70, 0x00, 0x00, 0x84, 0xFF, 0x70, 0x00, 0x00, 0x84, 0xFF, 0x70, 0x00,
  0x00, 0x84, 0xFF, 0x70, 0x00, 0x00, 0x84, 0xFF, 0x70, 0x00, 0x00, 0x84, 0xFF, 0x70, 0x15, 0x9C,
  0xCF, 0xFF, 0x70, 0x24, 0xFF, 0xFF, 0xFF, 0x70, 0x00, 0x00, 0x25, 0xB0, 0x9F, 0x01, 0x00, 0x00,
  0x00, 0x00, 0x9D, 0xFF, 0xFF, 0x51, 0x00, 0x00, 0x00, 0x1C, 0xF9, 0x7F, 0xCA, 0xCB, 0x00, 0x00,
  0x00, 0x90, 0xF7, 0x15, 0x58, 0xFF, 0x45, 0x00, 0x14, 0xF5, 0x9C, 0x00, 0x04, 0xE1, 0xC0, 0x00,
  0x1B, 0x50, 0x19, 0x00, 0x00, 0x30, 0x4F, 0x05, 0xA8, 0xA8, 0xA8, 0xA8, 0xA8, 0xA8, 0xA8, 0x56,
  0xFF, 0xFF, 0xFF, 0xFF, 0xFF, 0xFF, 0xFF, 0x84, 0x43, 0x6C, 0x20, 0x00, 0x2F, 0xFA, 0x9E, 0x00,
  0x00, 0x83, 0xF9, 0x18, 0x00, 0x08, 0x7C, 0xDF, 0xF9, 0xDF, 0x88, 0x08, 0x00, 0x00, 0xB9, 0xFF,
  0xDC, 0xA4, 0xDA, 0xFF, 0xA7, 0x00, 0x07, 0x6D, 0x90, 0x07, 0x00, 0x10, 0xFB, 0xFE, 0x0C, 0x00,
  0x00, 0x05, 0x2C, 0x50, 0x7E, 0xFF, 0xFF, 0x1B, 0x00, 0x6C, 0xEC, 0xFF, 0xFE, 0xDB, 0xF8, 0xFF,
  0x1C, 0x3B, 0xFF, 0xE3, 0x44, 0x0A, 0x00, 0xEB, 0xFF, 0x1C, 0x60, 0xFF, 0xA6, 0x00, 0x00, 0x37,
  0xFF, 0xFF, 0x1C, 0x2B, 0xFD, 0xFD, 0xA8, 0xA5, 0xE8, 0xEE, 0xFF, 0x1C, 0x00, 0x58, 0xD8, 0xF8,
  0xD3, 0x47, 0xD4, 0xFF, 0x1C, 0xEC, 0xFF, 0x1C, 0x00, 0x00, 0x00, 0x00, 0x00, 0x00, 0xEC, 0xFF,
  0x1C, 0x00, 0x00, 0x00, 0x00, 0x00, 0x00, 0xEC, 0xFF, 0x1C, 0x00, 0x00, 0x00, 0x00, 0x00, 0x00,
  0xEC, 0xFF, 0x32, 0xB8, 0xF8, 0xDF, 0x73, 0x00, 0x00, 0xEC, 0xFF, 0xD6, 0xD7, 0xC4, 0xFE, 0xFF,
  0x76, 0x00, 0xEC, 0xFF, 0xA3, 0x00, 0x00, 0x5B, 0xFF, 0xEF, 0x05, 0xEC, 0xFF, 0x3C, 0x00, 0x00,
  0x00, 0xF1, 0xFF, 0x33, 0xEC, 0xFF, 0x1D, 0x00, 0x00, 0x00, 0xD2, 0xFF, 0x46, 0xEC, 0xFF, 0x3C,
  0x00, 0x00, 0x00, 0xF1, 0xFF, 0x34, 0xEC, 0xFF, 0xA3, 0x00, 0x00, 0x6A, 0xFF, 0xF0, 0x06, 0xEC,
  0xFF, 0xD1, 0xD7, 0xC4, 0xFE, 0xFF, 0x77, 0x00, 0xEC, 0xFF, 0x28, 0xB3, 0xF2, 0xE0, 0x72, 0x00,
  0x00, 0x00, 0x00, 0x4A, 0xC4, 0xF3, 0xE9, 0xAA, 0x25, 0x00, 0x00, 0x58, 0xFE, 0xFD, 0xBD, 0xCF,
  0xFF, 0xE7, 0x1B, 0x03, 0xE7, 0xFF, 0x56, 0x00, 0x00, 0x99, 0xF7, 0x67, 0x31, 0xFF, 0xED, 0x00,
  0x00, 0x00, 0x08, 0x04, 0x00, 0x46, 0xFF, 0xCE, 0x00, 0x00, 0x00, 0x00, 0x00, 0x00, 0x31, 0xFF,
  0xED, 0x00, 0x00, 0x00, 0x0E, 0x11, 0x00, 0x03, 0xE7, 0xFF, 0x56, 0x00, 0x00, 0x97, 0xFF, 0x73,
  0x00, 0x58, 0xFE, 0xFD, 0xC0, 0xD2, 0xFF, 0xE8, 0x1C, 0x00, 0x00, 0x4B, 0xC5, 0xF4, 0xE8, 0xA7,
  0x24, 0x00, 0x00, 0x00, 0x00, 0x00, 0x00, 0x00, 0x1C, 0xFF, 0xEC, 0x00, 0x00, 0x00, 0x00, 0x00,
  0x00, 0x1C, 0xFF, 0xEC, 0x00, 0x00, 0x00, 0x00, 0x00, 0x00, 0x1C, 0xFF, 0xEC, 0x00, 0x00, 0x73,
  0xDF, 0xF8, 0xB6, 0x32, 0xFF, 0xEC, 0x00, 0x79, 0xFF, 0xFD, 0xC4, 0xD8, 0xD6, 0xFF, 0xEC, 0x06,
  0xF1, 0xFF, 0x59, 0x00, 0x01, 0xA4, 0xFF, 0xEC, 0x35, 0xFF, 0xF0, 0x00, 0x00, 0x00, 0x3D, 0xFF,
  0xEC, 0x46, 0xFF, 0xD2, 0x00, 0x00, 0x00, 0x1F, 0xFF, 0xEC, 0x34, 0xFF, 0xF1, 0x00, 0x00, 0x00,
  0x40, 0xFF, 0xEC, 0x06, 0xF0, 0xFF, 0x67, 0x00, 0x01, 0xA7, 0xFF, 0xEC, 0x00, 0x77, 0xFF, 0xFD,
  0xC4, 0xD7, 0xD3, 0xFF, 0xEC, 0x00, 0x00, 0x72, 0xE0, 0xF8, 0xB8, 0x2C, 0xFF, 0xEC, 0x00, 0x00,
  0x4B, 0xC6, 0xF5, 0xEB, 0x9E, 0x17, 0x00, 0x00, 0x58, 0xFE, 0xF4, 0xAC, 0xC8, 0xFF, 0xD9, 0x0C,
  0x02, 0xE6, 0xFB, 0x39, 0x00, 0x00, 0xAF, 0xFF, 0x70, 0x30, 0xFF, 0xEA, 0x1C, 0x1C, 0x1C, 0x66,
  0xFF, 0xB2, 0x45, 0xFF, 0xFF, 0xFF, 0xFF, 0xFF, 0xFF, 0xFF, 0xC8, 0x31, 0xFF, 0xFF, 0x4C, 0x4C,
  0x4C, 0x4C, 0x4C, 0x3C, 0x03, 0xE8, 0xFD, 0x42, 0x00, 0x00, 0x41, 0x7C, 0x35, 0x00, 0x59, 0xFE,
  0xF7, 0xB1, 0xB5, 0xFA, 0xFD, 0x42, 0x00, 0x00, 0x49, 0xC2, 0xF3, 0xF4, 0xC0, 0x43, 0x00, 0x00,
  0x00, 0x03, 0x53, 0x79, 0x5E, 0x00, 0x00, 0x00, 0xAF, 0xFF, 0xFF, 0xD7, 0x00, 0x00, 0x23, 0xFF,
  0xF4, 0x52, 0x33, 0x00, 0x00, 0x3B, 0xFF, 0xC9, 0x00, 0x00, 0x00, 0xD8, 0xFF, 0xFF, 0xFF, 0xFF,
  0xAC, 0x00, 0x87, 0xDC, 0xFF, 0xFF, 0xA0, 0x6B, 0x00, 0x00, 0x3C, 0xFF, 0xC8, 0x00, 0x00, 0x00,
  0x00, 0x3C, 0xFF, 0xC8, 0x00, 0x00, 0x00, 0x00, 0x3C, 0xFF, 0xC8, 0x00, 0x00, 0x00, 0x00, 0x3C,
  0xFF, 0xC8, 0x00, 0x00, 0x00, 0x00, 0x3C, 0xFF, 0xC8, 0x00, 0x00, 0x00, 0x00, 0x3C, 0xFF, 0xC8,
  0x00, 0x00, 0x00, 0x00, 0x3C, 0xFF, 0xC8, 0x00, 0x00, 0x00, 0x00, 0x00, 0x6C, 0xDD, 0xF8, 0xB8,
  0x28, 0xFF, 0xF0, 0x00, 0x6F, 0xFF, 0xFE, 0xC5, 0xD8, 0xD2, 0xFF, 0xF0, 0x04, 0xEC, 0xFF, 0x5F,
  0x00, 0x01, 0xA8, 0xFF, 0xF0, 0x31, 0xFF, 0xF2, 0x01, 0x00, 0x00, 0x3E, 0xFF, 0xF0, 0x46, 0xFF,
  0xD2, 0x00, 0x00, 0x00, 0x1B, 0xFF, 0xF0, 0x38, 0xFF, 0xEC, 0x00, 0x00, 0x00, 0x37, 0xFF, 0xF0,
  0x0B, 0xF6, 0xFF, 0x47, 0x00, 0x00, 0x8F, 0xFF, 0xF0, 0x00, 0x88, 0xFF, 0xF8, 0xAF, 0xC1, 0xDA,
  0xFF, 0xF0, 0x00, 0x02, 0x7B, 0xE2, 0xF9, 0xBE, 0x32, 0xFF, 0xED, 0x00, 0x0B, 0x3E, 0x01, 0x00,
  0x00, 0x42, 0xFF, 0xCE, 0x00, 0xB2, 0xFF, 0xD3, 0x9D, 0xA9, 0xF3, 0xFF, 0x5D, 0x00, 0x0B, 0x85,
  0xDB, 0xFA, 0xF2, 0xC3, 0x53, 0x00, 0xEC, 0xFF, 0x14, 0x00, 0x00, 0x00, 0x00, 0x00, 0xEC, 0xFF,
  0x14, 0x00, 0x00, 0x00, 0x00, 0x00, 0xEC, 0xFF, 0x14, 0x00, 0x00, 0x00, 0x00, 0x00, 0xEC, 0xFF,
  0x33, 0xB9, 0xF5, 0xE2, 0x6D, 0x00, 0xEC, 0xFF, 0xE1, 0xE0, 0xDC, 0xFF, 0xFF, 0x49, 0xEC, 0xFF,
  0x93, 0x00, 0x01, 0xA9, 0xFF, 0x9F, 0xEC, 0xFF, 0x2D, 0x00, 0x00, 0x58, 0xFF, 0xB6, 0xEC, 0xFF,
  0x1C, 0x00, 0x00, 0x50, 0xFF, 0xB8, 0xEC, 0xFF, 0x1C, 0x00, 0x00, 0x50, 0xFF, 0xB8, 0xEC, 0xFF,
  0x1C, 0x00, 0x00, 0x50, 0xFF, 0xB8, 0xEC, 0xFF, 0x1C, 0x00, 0x00, 0x50, 0xFF, 0xB8, 0xEC, 0xFF,
  0x1C, 0x00, 0x00, 0x50, 0xFF, 0xB8, 0x00, 0x48, 0x60, 0x00, 0x08, 0xFC, 0xFF, 0x38, 0x00, 0x88,
  0xA4, 0x0A, 0x00, 0x00, 0x00, 0x00, 0x00, 0xEC, 0xFF, 0x1C, 0x00, 0xEC, 0xFF, 0x1C, 0x00, 0xEC,
  0xFF, 0x1C, 0x00, 0xEC, 0xFF, 0x1C, 0x00, 0xEC, 0xFF, 0x1C, 0x00, 0xEC, 0xFF, 0x1C, 0x00, 0xEC,
  0xFF, 0x1C, 0x00, 0xEC, 0xFF, 0x1C, 0x00, 0xEC, 0xFF, 0x1C, 0x00, 0x00, 0x49, 0x5F, 0x00, 0x00,
  0x0B, 0xFD, 0xFF, 0x37, 0x00, 0x00, 0x8A, 0xA3, 0x09, 0x00, 0x00, 0x00, 0x00, 0x00, 0x00, 0x00,
  0xEC, 0xFF, 0x1C, 0x00, 0x00, 0xEC, 0xFF, 0x1C, 0x00, 0x00, 0xEC, 0xFF, 0x1C, 0x00, 0x00, 0xEC,
  0xFF, 0x1C, 0x00, 0x00, 0xEC, 0xFF, 0x1C, 0x00, 0x00, 0xEC, 0xFF, 0x1C, 0x00, 0x00, 0xEC, 0xFF,
  0x1C, 0x00, 0x00, 0xEC, 0xFF, 0x1C, 0x00, 0x00, 0xEC, 0xFF, 0x1C, 0x00, 0x07, 0xF6, 0xFF, 0x13,
  0x3B, 0xD5, 0xFF, 0xDA, 0x00, 0x54, 0xF7, 0xC1, 0x2E, 0x00, 0xEC, 0xFF, 0x1C, 0x00, 0x00, 0x00,
  0x00, 0x00, 0xEC, 0xFF, 0x1C, 0x00, 0x00, 0x00, 0x00, 0x00, 0xEC, 0xFF, 0x1C, 0x00, 0x00, 0x00,
  0x00, 0x00, 0xEC, 0xFF, 0x1C, 0x00, 0x1D, 0xE7, 0xFF, 0x5E, 0xEC, 0xFF, 0x1C, 0x0C, 0xD1, 0xFF,
  0x81, 0x00, 0xEC, 0xFF, 0x1E, 0xB3, 0xFF, 0xA4, 0x00, 0x00, 0xEC, 0xFF, 0xB6, 0xFF, 0xE3, 0x06,
  0x00, 0x00, 0xEC, 0xFF, 0xFF, 0xFF, 0xDA, 0x04, 0x00, 0x00, 0xEC, 0xFF, 0xBD, 0xDC, 0xFF, 0x82,
  0x00, 0x00, 0xEC, 0xFF, 0x1E, 0x38, 0xFB, 0xFC, 0x3B, 0x00, 0xEC, 0xFF, 0x1C, 0x00, 0x7F, 0xFF,
  0xDF, 0x0E, 0xEC, 0xFF, 0x1C, 0x00, 0x03, 0xC6, 0xFF, 0xA4, 0xEC, 0xFF, 0x1C, 0xEC, 0xFF, 0x1C,
  0xEC, 0xFF, 0x1C, 0xEC, 0xFF, 0x1C, 0xEC, 0xFF, 0x1C, 0xEC, 0xFF, 0x1C, 0xEC, 0xFF, 0x1C, 0xEC,
  0xFF, 0x1C, 0xEC, 0xFF, 0x1C, 0xEC, 0xFF, 0x1C, 0xEC, 0xFF, 0x1C, 0xEC, 0xFF, 0x1C, 0xEC, 0xFE,
  0x36, 0xCE, 0xF5, 0xBD, 0x15, 0x3D, 0xC6, 0xF4, 0xD1, 0x3C, 0x00, 0xEC, 0xFF, 0xD9, 0xB3, 0xD9,
  0xFF, 0xB3, 0xED, 0xB5, 0xD3, 0xFF, 0xED, 0x0C, 0xEC, 0xFF, 0x66, 0x00, 0x0A, 0xEA, 0xFF, 0x72,
  0x00, 0x05, 0xDE, 0xFF, 0x45, 0xEC, 0xFF, 0x21, 0x00, 0x00, 0xC8, 0xFF, 0x37, 0x00, 0x00, 0xB5,
  0xFF, 0x53, 0xEC, 0xFF, 0x1C, 0x00, 0x00, 0xC8, 0xFF, 0x34, 0x00, 0x00, 0xB4, 0xFF, 0x54, 0xEC,
  0xFF, 0x1C, 0x00, 0x00, 0xC8, 0xFF, 0x34, 0x00, 0x00, 0xB4, 0xFF, 0x54, 0xEC, 0xFF, 0x1C, 0x00,
  0x00, 0xC8, 0xFF, 0x34, 0x00, 0x00, 0xB4, 0xFF, 0x54, 0xEC, 0xFF, 0x1C, 0x00, 0x00, 0xC8, 0xFF,
  0x34, 0x00, 0x00, 0xB4, 0xFF, 0x54, 0xEC, 0xFF, 0x1C, 0x00, 0x00, 0xC8, 0xFF, 0x34, 0x00, 0x00,
  0xB4, 0xFF, 0x54, 0xEC, 0xFF, 0x1F, 0xB7, 0xF5, 0xE2, 0x6C, 0x00, 0xEC, 0xFF, 0xCC, 0xC4, 0xC3,
  0xFF, 0xFF, 0x48, 0xEC, 0xFF, 0x80, 0x00, 0x00, 0x9B, 0xFF, 0x9F, 0xEC, 0xFF, 0x29, 0x00, 0x00,
  0x56, 0xFF, 0xB6, 0xEC, 0xFF, 0x1C, 0x00, 0x00, 0x50, 0xFF, 0xB8, 0xEC, 0xFF, 0x1C, 0x00, 0x00,
  0x50, 0xFF, 0xB8, 0xEC, 0xFF, 0x1C, 0x00, 0x00, 0x50, 0xFF, 0xB8, 0xEC, 0xFF, 0x1C, 0x00, 0x00,
  0x50, 0xFF, 0xB8, 0xEC, 0xFF, 0x1C, 0x00, 0x00, 0x50, 0xFF, 0xB8, 0x00, 0x00, 0x4A, 0xC4, 0xF3,
  0xED, 0xAE, 0x28, 0x00, 0x00, 0x00, 0x58, 0xFE, 0xFC, 0xBC, 0xCE, 0xFF, 0xF1, 0x23, 0x00, 0x03,
  0xE7, 0xFF, 0x54, 0x00, 0x00, 0x96, 0xFF, 0xA7, 0x00, 0x31, 0xFF, 0xED, 0x00, 0x00, 0x00, 0x2E,
  0xFF, 0xEF, 0x00, 0x46, 0xFF, 0xCE, 0x00, 0x00, 0x00, 0x0F, 0xFF, 0xFF, 0x05, 0x31, 0xFF, 0xED,
  0x00, 0x00, 0x00, 0x2E, 0xFF, 0xF0, 0x00, 0x03, 0xE7, 0xFF, 0x57, 0x00, 0x00, 0x98, 0xFF, 0xA7,
  0x00, 0x00, 0x58, 0xFE, 0xFD, 0xC0, 0xD2, 0xFF, 0xF1, 0x23, 0x00, 0x00, 0x00, 0x4B, 0xC5, 0xF4,
  0xEE, 0xAE, 0x28, 0x00, 0x00, 0xEC, 0xFF, 0x2D, 0xBC, 0xF8, 0xDF, 0x73, 0x00, 0x00, 0xEC, 0xFF,
  0xDB, 0xBC, 0xA9, 0xF8, 0xFF, 0x76, 0x00, 0xEC, 0xFF, 0x92, 0x00, 0x00, 0x4A, 0xFF, 0xEF, 0x05,
  0xEC, 0xFF, 0x39, 0x00, 0x00, 0x00, 0xEE, 0xFF, 0x33, 0xEC, 0xFF, 0x1D, 0x00, 0x00, 0x00, 0xD2,
  0xFF, 0x46, 0xEC, 0xFF, 0x3E, 0x00, 0x00, 0x01, 0xF2, 0xFF, 0x34, 0xEC, 0xFF, 0xA6, 0x01, 0x00,
  0x60, 0xFF, 0xF0, 0x06, 0xEC, 0xFF, 0xD8, 0xD8, 0xC5, 0xFE, 0xFF, 0x77, 0x00, 0xEC, 0xFF, 0x34,
  0xB3, 0xF2, 0xE0, 0x72, 0x00, 0x00, 0xEC, 0xFF, 0x1C, 0x00, 0x00, 0x00, 0x00, 0x00, 0x00, 0xEC,
  0xFF, 0x1C, 0x00, 0x00, 0x00, 0x00, 0x00, 0x00, 0xEC, 0xFF, 0x1C, 0x00, 0x00, 0x00, 0x00, 0x00,
  0x00, 0x00, 0x00, 0x73, 0xDF, 0xF8, 0xB6, 0x2A, 0xFF, 0xEC, 0x00, 0x79, 0xFF, 0xFD, 0xC4, 0xD8,
  0xD1, 0xFF, 0xEC, 0x06, 0xF1, 0xFF, 0x59, 0x00, 0x01, 0xA4, 0xFF, 0xEC, 0x35, 0xFF, 0xF0, 0x00,
  0x00, 0x00, 0x3D, 0xFF, 0xEC, 0x46, 0xFF, 0xD2, 0x00, 0x00, 0x00, 0x1F, 0xFF, 0xEC, 0x34, 0xFF,
  0xF1, 0x00, 0x00, 0x00, 0x40, 0xFF, 0xEC, 0x06, 0xF0, 0xFF, 0x67, 0x00, 0x01, 0xA7, 0xFF, 0xEC,
  0x00, 0x77, 0xFF, 0xFD, 0xC4, 0xD7, 0xD7, 0xFF, 0xEC, 0x00, 0x00, 0x72, 0xE0, 0xF8, 0xB8, 0x34,
  0xFF, 0xEC, 0x00, 0x00, 0x00, 0x00, 0x00, 0x00, 0x1C, 0xFF, 0xEC, 0x00, 0x00, 0x00, 0x00, 0x00,
  0x00, 0x1C, 0xFF, 0xEC, 0x00, 0x00, 0x00, 0x00, 0x00, 0x00, 0x1C, 0xFF, 0xEC, 0x00, 0x00, 0x00,
  0x00, 0x03, 0x00, 0xEC, 0xFF, 0x44, 0xD5, 0xFE, 0x0C, 0xEC, 0xFF, 0xE5, 0xE0, 0xC4, 0x0A, 0xEC,
  0xFF, 0x93, 0x00, 0x00, 0x00, 0xEC, 0xFF, 0x2A, 0x00, 0x00, 0x00, 0xEC, 0xFF, 0x1C, 0x00, 0x00,
  0x00, 0xEC, 0xFF, 0x1C, 0x00, 0x00, 0x00, 0xEC, 0xFF, 0x1C, 0x00, 0x00, 0x00, 0xEC, 0xFF, 0x1C,
  0x00, 0x00, 0x00, 0xEC, 0xFF, 0x1C, 0x00, 0x00, 0x00, 0x00, 0x11, 0x96, 0xE5, 0xFA, 0xE1, 0x87,
  0x05, 0x00, 0x00, 0xBC, 0xFF, 0xCD, 0x94, 0xD4, 0xFF, 0x95, 0x00, 0x06, 0xFF, 0xFE, 0x0B, 0x00,
  0x12, 0x8A, 0x52, 0x00, 0x00, 0xDA, 0xFF, 0xB4, 0x5D, 0x27, 0x00, 0x00, 0x00, 0x00, 0x2C, 0xC2,
  0xFE, 0xFF, 0xFF, 0xDB, 0x44, 0x00, 0x00, 0x00, 0x00, 0x15, 0x4C, 0xA4, 0xFF, 0xF1, 0x06, 0x20,
  0xA7, 0xA7, 0x02, 0x00, 0x0A, 0xFB, 0xFF, 0x16, 0x08, 0xDC, 0xFF, 0xCC, 0x9F, 0xD9, 0xFF, 0xB6,
  0x00, 0x00, 0x1B, 0xA2, 0xEA, 0xFA, 0xDE, 0x87, 0x0B, 0x00, 0x00, 0x98, 0xFF, 0x70, 0x00, 0x00,
  0x00, 0x98, 0xFF, 0x70, 0x00, 0x00, 0xD8, 0xFF, 0xFF, 0xFF, 0xFF, 0x20, 0x87, 0xFF, 0xFF, 0xFF,
  0xA0, 0x14, 0x00, 0x98, 0xFF, 0x70, 0x00, 0x00, 0x00, 0x98, 0xFF, 0x70, 0x00, 0x00, 0x00, 0x98,
  0xFF, 0x70, 0x00, 0x00, 0x00, 0x98, 0xFF, 0x70, 0x00, 0x00, 0x00, 0x94, 0xFF, 0x7D, 0x00, 0x00,
  0x00, 0x67, 0xFF, 0xF1, 0xBA, 0x19, 0x00, 0x05, 0x9C, 0xEE, 0xF5, 0x3D, 0xEC, 0xFF, 0x1C, 0x00,
  0x00, 0x50, 0xFF, 0xB8, 0xEC, 0xFF, 0x1C, 0x00, 0x00, 0x50, 0xFF, 0xB8, 0xEC, 0xFF, 0x1C, 0x00,
  0x00, 0x50, 0xFF, 0xB8, 0xEC, 0xFF, 0x1C, 0x00, 0x00, 0x50, 0xFF, 0xB8, 0xEC, 0xFF, 0x1C, 0x00,
  0x00, 0x50, 0xFF, 0xB8, 0xEA, 0xFF, 0x23, 0x00, 0x00, 0x62, 0xFF, 0xB8, 0xD3, 0xFF, 0x74, 0x00,
  0x05, 0xC6, 0xFF, 0xB8, 0x7D, 0xFF, 0xFF, 0xD0, 0xE9, 0xC6, 0xFF, 0xB8, 0x05, 0x8F, 0xED, 0xF0,
  0x9C, 0x3D, 0xFF, 0xB8, 0x82, 0xFF, 0xA5, 0x00, 0x00, 0x00, 0x3A, 0xFF, 0xE6, 0x03, 0x26, 0xFF,
  0xF1, 0x07, 0x00, 0x00, 0x8C, 0xFF, 0x8C, 0x00, 0x00, 0xC9, 0xFF, 0x4C, 0x00, 0x00, 0xDE, 0xFF,
  0x2F, 0x00, 0x00, 0x6D, 0xFF, 0x9F, 0x00, 0x31, 0xFF, 0xD2, 0x00, 0x00, 0x00, 0x15, 0xFB, 0xEE,
  0x04, 0x83, 0xFF, 0x75, 0x00, 0x00, 0x00, 0x00, 0xB4, 0xFF, 0x3E, 0xCF, 0xFD, 0x1B, 0x00, 0x00,
  0x00, 0x00, 0x57, 0xFF, 0x9B, 0xFE, 0xBB, 0x00, 0x00, 0x00, 0x00, 0x00, 0x09, 0xF1, 0xFF, 0xFF,
  0x5E, 0x00, 0x00, 0x00, 0x00, 0x00, 0x00, 0x9E, 0xFF, 0xF5, 0x0C, 0x00, 0x00, 0x00, 0x83, 0xFF,
  0x9A, 0x00, 0x00, 0x5D, 0xFF, 0xD2, 0x00, 0x00, 0x30, 0xFF, 0xEE, 0x03, 0x39, 0xFF, 0xD9, 0x00,
  0x00, 0x9D, 0xFF, 0xFE, 0x12, 0x00, 0x6E, 0xFF, 0xA8, 0x00, 0x02, 0xEC, 0xFF, 0x17, 0x00, 0xDE,
  0xF4, 0xFF, 0x4F, 0x00, 0xAC, 0xFF, 0x5E, 0x00, 0x00, 0xA5, 0xFF, 0x55, 0x1D, 0xFF, 0x85, 0xFD,
  0x8D, 0x00, 0xE9, 0xFE, 0x16, 0x00, 0x00, 0x5A, 0xFF, 0x90, 0x5D, 0xFF, 0x3D, 0xD0, 0xC8, 0x25,
  0xFF, 0xC9, 0x00, 0x00, 0x00, 0x12, 0xFD, 0xC9, 0x99, 0xF4, 0x06, 0x8B, 0xFA, 0x65, 0xFF, 0x7F,
  0x00, 0x00, 0x00, 0x00, 0xC6, 0xF7, 0xCF, 0xB3, 0x00, 0x45, 0xFF, 0xC6, 0xFF, 0x35, 0x00, 0x00,
  0x00, 0x00, 0x7C, 0xFF, 0xFF, 0x6B, 0x00, 0x08, 0xF6, 0xFF, 0xE9, 0x01, 0x00, 0x00, 0x00, 0x00,
  0x31, 0xFF, 0xFF, 0x23, 0x00, 0x00, 0xB7, 0xFF, 0xA1, 0x00, 0x00, 0x00, 0x28, 0xF9, 0xF6, 0x1F,
  0x00, 0x09, 0xDF, 0xFF, 0x44, 0x00, 0x83, 0xFF, 0xA9, 0x00, 0x81, 0xFF, 0xA4, 0x00, 0x00, 0x08,
  0xDB, 0xFE, 0x43, 0xF2, 0xEE, 0x16, 0x00, 0x00, 0x00, 0x46, 0xFF, 0xFF, 0xFF, 0x64, 0x00, 0x00,
  0x00, 0x00, 0x01, 0xFF, 0xFF, 0xFF, 0x07, 0x00, 0x00, 0x00, 0x00, 0x69, 0xFF, 0xFE, 0xFF, 0x7E,
  0x00, 0x00, 0x00, 0x19, 0xF0, 0xF3, 0x1F, 0xE8, 0xF8, 0x28, 0x00, 0x00, 0xAB, 0xFF, 0x7D, 0x00,
  0x66, 0xFF, 0xC2, 0x01, 0x4B, 0xFF, 0xDC, 0x07, 0x00, 0x02, 0xCA, 0xFF, 0x66, 0x80, 0xFF, 0xA6,
  0x00, 0x00, 0x00, 0x35, 0xFF, 0xE7, 0x03, 0x20, 0xFE, 0xF3, 0x09, 0x00, 0x00, 0x8F, 0xFF, 0x89,
  0x00, 0x00, 0xBE, 0xFF, 0x53, 0x00, 0x02, 0xE6, 0xFF, 0x27, 0x00, 0x00, 0x5D, 0xFF, 0xAA, 0x00,
  0x43, 0xFF, 0xC5, 0x00, 0x00, 0x00, 0x0A, 0xF2, 0xF5, 0x0A, 0x9C, 0xFF, 0x63, 0x00, 0x00, 0x00,
  0x00, 0x9C, 0xFF, 0x4B, 0xE9, 0xF4, 0x0C, 0x00, 0x00, 0x00, 0x00, 0x3B, 0xFF, 0xC3, 0xFF, 0x9F,
  0x00, 0x00, 0x00, 0x00, 0x00, 0x00, 0xD9, 0xFF, 0xFF, 0x3D, 0x00, 0x00, 0x00, 0x00, 0x00, 0x00,
  0x7F, 0xFF, 0xDA, 0x00, 0x00, 0x00, 0x00, 0x00, 0x00, 0x00, 0xA2, 0xFF, 0x78, 0x00, 0x00, 0x00,
  0x00, 0x00, 0x7D, 0xBC, 0xFD, 0xE9, 0x0D, 0x00, 0x00, 0x00, 0x00, 0x00, 0xD2, 0xF5, 0xC4, 0x2E,
  0x00, 0x00, 0x00, 0x00, 0x00, 0x00, 0xE8, 0xFF, 0xFF, 0xFF, 0xFF, 0xFF, 0xF4, 0x00, 0x00, 0xB1,
  0xC4, 0xC4, 0xC4, 0xE9, 0xFF, 0xD5, 0x00, 0x00, 0x00, 0x00, 0x00, 0x25, 0xF1, 0xF8, 0x32, 0x00,
  0x00, 0x00, 0x00, 0x09, 0xD1, 0xFF, 0x6D, 0x00, 0x00, 0x00, 0x00, 0x00, 0x9E, 0xFF, 0xAF, 0x00,
  0x00, 0x00, 0x00, 0x00, 0x61, 0xFF, 0xE1, 0x11, 0x00, 0x00, 0x00, 0x00, 0x2D, 0xF6, 0xFB, 0x3A,
  0x00, 0x00, 0x00, 0x00, 0x04, 0xD9, 0xFF, 0xEF, 0xC0, 0xC0, 0xC0, 0xC0, 0x15, 0x0C, 0xFF, 0xFF,
  0xFF, 0xFF, 0xFF, 0xFF, 0xFF, 0x1C, 0x00, 0x00, 0x00, 0x2F, 0x69, 0x33, 0x00, 0x00, 0x89, 0xFF,
  0xFF, 0x6C, 0x00, 0x0B, 0xFB, 0xF6, 0x47, 0x0C, 0x00, 0x27, 0xFF, 0xBF, 0x00, 0x00, 0x00, 0x2C,
  0xFF, 0xB8, 0x00, 0x00, 0x00, 0x34, 0xFF, 0xB2, 0x00, 0x00, 0x0C, 0x94, 0xFF, 0x66, 0x00, 0x00,
  0xFF, 0xFF, 0x74, 0x00, 0x00, 0x00, 0xFF, 0xFF, 0xFF, 0x57, 0x00, 0x00, 0x00, 0x7E, 0xFF, 0xAE,
  0x00, 0x00, 0x00, 0x30, 0xFF, 0xB8, 0x00, 0x00, 0x00, 0x2C, 0xFF, 0xB9, 0x00, 0x00, 0x00, 0x22,
  0xFF, 0xDE, 0x01, 0x00, 0x00, 0x02, 0xDD, 0xFF, 0xCB, 0x43, 0x00, 0x00, 0x2B, 0xB5, 0xED, 0x6A,
  0x0A, 0x80, 0x68, 0x14, 0xFF, 0xD0, 0x14, 0xFF, 0xD0, 0x14, 0xFF, 0xD0, 0x14, 0xFF, 0xD0, 0x14,
  0xFF, 0xD0, 0x14, 0xFF, 0xD0, 0x14, 0xFF, 0xD0, 0x14, 0xFF, 0xD0, 0x14, 0xFF, 0xD0, 0x14, 0xFF,
  0xD0, 0x14, 0xFF, 0xD0, 0x14, 0xFF, 0xD0, 0x14, 0xFF, 0xD0, 0x14, 0xFF, 0xD0, 0x14, 0xFF, 0xD0,
  0x14, 0xFF, 0xD0, 0x14, 0xFF, 0xD0, 0x14, 0xFF, 0xD0, 0x14, 0xFF, 0xD0, 0x11, 0x70, 0x47, 0x02,
  0x00, 0x00, 0x00, 0x24, 0xFF, 0xFF, 0xC9, 0x05, 0x00, 0x00, 0x03, 0x31, 0xD0, 0xFF, 0x4B, 0x00,
  0x00, 0x00, 0x00, 0x78, 0xFF, 0x6B, 0x00, 0x00, 0x00, 0x00, 0x70, 0xFF, 0x70, 0x00, 0x00, 0x00,
  0x00, 0x6A, 0xFF, 0x78, 0x00, 0x00, 0x00, 0x00, 0x28, 0xF6, 0xC9, 0x1B, 0x00, 0x00, 0x00, 0x00,
  0x3F, 0xFF, 0xFF, 0x5F, 0x00, 0x00, 0x1E, 0xF0, 0xFF, 0xFF, 0x50, 0x00, 0x00, 0x66, 0xFF, 0xBA,
  0x08, 0x00, 0x00, 0x00, 0x70, 0xFF, 0x74, 0x00, 0x00, 0x00, 0x00, 0x72, 0xFF, 0x6F, 0x00, 0x00,
  0x00, 0x00, 0x9A, 0xFF, 0x65, 0x00, 0x00, 0x15, 0xB3, 0xFE, 0xFA, 0x29, 0x00, 0x00, 0x23, 0xF3,
  0xCB, 0x51, 0x00, 0x00, 0x00, 0x00, 0x67, 0xB8, 0x89, 0x11, 0x00, 0x11, 0x78, 0x3C, 0x51, 0xFF,
  0xFF, 0xFF, 0xDA, 0x2B, 0x63, 0xFF, 0x71, 0xA4, 0xFE, 0x31, 0x56, 0xFA, 0xFF, 0xFF, 0xFE, 0x2C,
  0x78, 0x9C, 0x00, 0x00, 0x47, 0xDE, 0xEF, 0x72, 0x00,
};
constexpr size_t LabelVlwSize = sizeof(LabelVlw);

// Name: Inter-600, 13 px, 95 glyphs (player chip names, header text).
alignas(4) const uint8_t NameVlw[] = {
  0x00, 0x00, 0x00, 0x5F, 0x00, 0x00, 0x00, 0x0B, 0x00, 0x00, 0x00, 0x0D, 0x00, 0x00, 0x00, 0x00,
  0x00, 0x00, 0x00, 0x0D, 0x00, 0x00, 0x00, 0x04, 0x00, 0x00, 0x00, 0x20, 0x00, 0x00, 0x00, 0x00,
  0x00, 0x00, 0x00, 0x00, 0x00, 0x00, 0x00, 0x03, 0x00, 0x00, 0x00, 0x00, 0x00, 0x00, 0x00, 0x00,
  0x00, 0x00, 0x00, 0x00, 0x00, 0x00, 0x00, 0x21, 0x00, 0x00, 0x00, 0x09, 0x00, 0x00, 0x00, 0x03,
  0x00, 0x00, 0x00, 0x04, 0x00, 0x00, 0x00, 0x09, 0x00, 0x00, 0x00, 0x01, 0x00, 0x00, 0x00, 0x00,
  0x00, 0x00, 0x00, 0x22, 0x00, 0x00, 0x00, 0x04, 0x00, 0x00, 0x00, 0x05, 0x00, 0x00, 0x00, 0x07,
  0x00, 0x00, 0x00, 0x09, 0x00, 0x00, 0x00, 0x01, 0x00, 0x00, 0x00, 0x00, 0x00, 0x00, 0x00, 0x23,
  0x00, 0x00, 0x00, 0x09, 0x00, 0x00, 0x00, 0x09, 0x00, 0x00, 0x00, 0x08, 0x00, 0x00, 0x00, 0x09,
  0x00, 0x00, 0x00, 0x00, 0x00, 0x00, 0x00, 0x00, 0x00, 0x00, 0x00, 0x24, 0x00, 0x00, 0x00, 0x0D,
  0x00, 0x00, 0x00, 0x08, 0x00, 0x00, 0x00, 0x08, 0x00, 0x00, 0x00, 0x0B, 0x00, 0x00, 0x00, 0x00,
  0x00, 0x00, 0x00, 0x00, 0x00, 0x00, 0x00, 0x25, 0x00, 0x00, 0x00, 0x09, 0x00, 0x00, 0x00, 0x0B,
  0x00, 0x00, 0x00, 0x0D, 0x00, 0x00, 0x00, 0x09, 0x00, 0x00, 0x00, 0x01, 0x00, 0x00, 0x00, 0x00,
  0x00, 0x00, 0x00, 0x26, 0x00, 0x00, 0x00, 0x09, 0x00, 0x00, 0x00, 0x09, 0x00, 0x00, 0x00, 0x09,
  0x00, 0x00, 0x00, 0x09, 0x00, 0x00, 0x00, 0x00, 0x00, 0x00, 0x00, 0x00, 0x00, 0x00, 0x00, 0x27,
  0x00, 0x00, 0x00, 0x04, 0x00, 0x00, 0x00, 0x02, 0x00, 0x00, 0x00, 0x04, 0x00, 0x00, 0x00, 0x09,
  0x00, 0x00, 0x00, 0x01, 0x00, 0x00, 0x00, 0x00, 0x00, 0x00, 0x00, 0x28, 0x00, 0x00, 0x00, 0x0C,
  0x00, 0x00, 0x00, 0x04, 0x00, 0x00, 0x00, 0x05, 0x00, 0x00, 0x00, 0x0A, 0x00, 0x00, 0x00, 0x01,
  0x00, 0x00, 0x00, 0x00, 0x00, 0x00, 0x00, 0x29, 0x00, 0x00, 0x00, 0x0C, 0x00, 0x00, 0x00, 0x04,
  0x00, 0x00, 0x00, 0x05, 0x00, 0x00, 0x00, 0x0A, 0x00, 0x00, 0x00, 0x00, 0x00, 0x00, 0x00, 0x00,
  0x00, 0x00, 0x00, 0x2A, 0x00, 0x00, 0x00, 0x06, 0x00, 0x00, 0x00, 0x07, 0x00, 0x00, 0x00, 0x07,
  0x00, 0x00, 0x00, 0x09, 0x00, 0x00, 0x00, 0x00, 0x00, 0x00, 0x00, 0x00, 0x00, 0x00, 0x00, 0x2B,
  0x00, 0x00, 0x00, 0x06, 0x00, 0x00, 0x00, 0x07, 0x00, 0x00, 0x00, 0x09, 0x00, 0x00, 0x00, 0x07,
  0x00, 0x00, 0x00, 0x01, 0x00, 0x00, 0x00, 0x00, 0x00, 0x00, 0x00, 0x2C, 0x00, 0x00, 0x00, 0x04,
  0x00, 0x00, 0x00, 0x04, 0x00, 0x00, 0x00, 0x04, 0x00, 0x00, 0x00, 0x01, 0x00, 0x00, 0x00, 0x00,
  0x00, 0x00, 0x00, 0x00, 0x00, 0x00, 0x00, 0x2D, 0x00, 0x00, 0x00, 0x03, 0x00, 0x00, 0x00, 0x06,
  0x00, 0x00, 0x00, 0x06, 0x00, 0x00, 0x00, 0x05, 0x00, 0x00, 0x00, 0x00, 0x00, 0x00, 0x00, 0x00,
  0x00, 0x00, 0x00, 0x2E, 0x00, 0x00, 0x00, 0x02, 0x00, 0x00, 0x00, 0x03, 0x00, 0x00, 0x00, 0x04,
  0x00, 0x00, 0x00, 0x02, 0x00, 0x00, 0x00, 0x01, 0x00, 0x00, 0x00, 0x00, 0x00, 0x00, 0x00, 0x2F,
  0x00, 0x00, 0x00, 0x0B, 0x00, 0x00, 0x00, 0x05, 0x00, 0x00, 0x00, 0x05, 0x00, 0x00, 0x00, 0x0A,
  0x00, 0x00, 0x00, 0x00, 0x00, 0x00, 0x00, 0x00, 0x00, 0x00, 0x00, 0x30, 0x00, 0x00, 0x00, 0x09,
  0x00, 0x00, 0x00, 0x08, 0x00, 0x00, 0x00, 0x09, 0x00, 0x00, 0x00, 0x09, 0x00, 0x00, 0x00, 0x00,
  0x00, 0x00, 0x00, 0x00, 0x00, 0x00, 0x00, 0x31, 0x00, 0x00, 0x00, 0x09, 0x00, 0x00, 0x00, 0x05,
  0x00, 0x00, 0x00, 0x09, 0x00, 0x00, 0x00, 0x09, 0x00, 0x00, 0x00, 0x01, 0x00, 0x00, 0x00, 0x00,
  0x00, 0x00, 0x00, 0x32, 0x00, 0x00, 0x00, 0x09, 0x00, 0x00, 0x00, 0x08, 0x00, 0x00, 0x00, 0x09,
  0x00, 0x00, 0x00, 0x09, 0x00, 0x00, 0x00, 0x00, 0x00, 0x00, 0x00, 0x00, 0x00, 0x00, 0x00, 0x33,
  0x00, 0x00, 0x00, 0x09, 0x00, 0x00, 0x00, 0x08, 0x00, 0x00, 0x00, 0x09, 0x00, 0x00, 0x00, 0x09,
  0x00, 0x00, 0x00, 0x00, 0x00, 0x00, 0x00, 0x00, 0x00, 0x00, 0x00, 0x34, 0x00, 0x00, 0x00, 0x09,
  0x00, 0x00, 0x00, 0x09, 0x00, 0x00, 0x00, 0x09, 0x00, 0x00, 0x00, 0x09, 0x00, 0x00, 0x00, 0x00,
  0x00, 0x00, 0x00, 0x00, 0x00, 0x00, 0x00, 0x35, 0x00, 0x00, 0x00, 0x09, 0x00, 0x00, 0x00, 0x08,
  0x00, 0x00, 0x00, 0x09, 0x00, 0x00, 0x00, 0x09, 0x00, 0x00, 0x00, 0x00, 0x00, 0x00, 0x00, 0x00,
  0x00, 0x00, 0x00, 0x36, 0x00, 0x00, 0x00, 0x09, 0x00, 0x00, 0x00, 0x08, 0x00, 0x00, 0x00, 0x09,
  0x00, 0x00, 0x00, 0x09, 0x00, 0x00, 0x00, 0x00, 0x00, 0x00, 0x00, 0x00, 0x00, 0x00, 0x00, 0x37,
  0x00, 0x00, 0x00, 0x09, 0x00, 0x00, 0x00, 0x07, 0x00, 0x00, 0x00, 0x09, 0x00, 0x00, 0x00, 0x09,
  0x00, 0x00, 0x00, 0x01, 0x00, 0x00, 0x00, 0x00, 0x00, 0x00, 0x00, 0x38, 0x00, 0x00, 0x00, 0x09,
  0x00, 0x00, 0x00, 0x08, 0x00, 0x00, 0x00, 0x09, 0x00, 0x00, 0x00, 0x09, 0x00, 0x00, 0x00, 0x00,
  0x00, 0x00, 0x00, 0x00, 0x00, 0x00, 0x00, 0x39, 0x00, 0x00, 0x00, 0x09, 0x00, 0x00, 0x00, 0x08,
  0x00, 0x00, 0x00, 0x09, 0x00, 0x00, 0x00, 0x09, 0x00, 0x00, 0x00, 0x00, 0x00, 0x00, 0x00, 0x00,
  0x00, 0x00, 0x00, 0x3A, 0x00, 0x00, 0x00, 0x07, 0x00, 0x00, 0x00, 0x03, 0x00, 0x00, 0x00, 0x04,
  0x00, 0x00, 0x00, 0x07, 0x00, 0x00, 0x00, 0x01, 0x00, 0x00, 0x00, 0x00, 0x00, 0x00, 0x00, 0x3B,
  0x00, 0x00, 0x00, 0x09, 0x00, 0x00, 0x00, 0x04, 0x00, 0x00, 0x00, 0x04, 0x00, 0x00, 0x00, 0x06,
  0x00, 0x00, 0x00, 0x00, 0x00, 0x00, 0x00, 0x00, 0x00, 0x00, 0x00, 0x3C, 0x00, 0x00, 0x00, 0x08,
  0x00, 0x00, 0x00, 0x07, 0x00, 0x00, 0x00, 0x09, 0x00, 0x00, 0x00, 0x08, 0x00, 0x00, 0x00, 0x01,
  0x00, 0x00, 0x00, 0x00, 0x00, 0x00, 0x00, 0x3D, 0x00, 0x00, 0x00, 0x06, 0x00, 0x00, 0x00, 0x07,
  0x00, 0x00, 0x00, 0x09, 0x00, 0x00, 0x00, 0x07, 0x00, 0x00, 0x00, 0x01, 0x00, 0x00, 0x00, 0x00,
  0x00, 0x00, 0x00, 0x3E, 0x00, 0x00, 0x00, 0x08, 0x00, 0x00, 0x00, 0x07, 0x00, 0x00, 0x00, 0x09,
  0x00, 0x00, 0x00, 0x08, 0x00, 0x00, 0x00, 0x01, 0x00, 0x00, 0x00, 0x00, 0x00, 0x00, 0x00, 0x3F,
  0x00, 0x00, 0x00, 0x09, 0x00, 0x00, 0x00, 0x07, 0x00, 0x00, 0x00, 0x07, 0x00, 0x00, 0x00, 0x09,
  0x00, 0x00, 0x00, 0x00, 0x00, 0x00, 0x00, 0x00, 0x00, 0x00, 0x00, 0x40, 0x00, 0x00, 0x00, 0x0C,
  0x00, 0x00, 0x00, 0x0D, 0x00, 0x00, 0x00, 0x0D, 0x00, 0x00, 0x00, 0x09, 0x00, 0x00, 0x00, 0x00,
  0x00, 0x00, 0x00, 0x00, 0x00, 0x00, 0x00, 0x41, 0x00, 0x00, 0x00, 0x09, 0x00, 0x00, 0x00, 0x0A,
  0x00, 0x00, 0x00, 0x09, 0x00, 0x00, 0x00, 0x09, 0x00, 0x00, 0x00, 0x00, 0x00, 0x00, 0x00, 0x00,
  0x00, 0x00, 0x00, 0x42, 0x00, 0x00, 0x00, 0x09, 0x00, 0x00, 0x00, 0x08, 0x00, 0x00, 0x00, 0x09,
  0x00, 0x00, 0x00, 0x09, 0x00, 0x00, 0x00, 0x00, 0x00, 0x00, 0x00, 0x00, 0x00, 0x00, 0x00, 0x43,
  0x00, 0x00, 0x00, 0x09, 0x00, 0x00, 0x00, 0x09, 0x00, 0x00, 0x00, 0x0A, 0x00, 0x00, 0x00, 0x09,
  0x00, 0x00, 0x00, 0x00, 0x00, 0x00, 0x00, 0x00, 0x00, 0x00, 0x00, 0x44, 0x00, 0x00, 0x00, 0x09,
  0x00, 0x00, 0x00, 0x09, 0x00, 0x00, 0x00, 0x09, 0x00, 0x00, 0x00, 0x09, 0x00, 0x00, 0x00, 0x00,
  0x00, 0x00, 0x00, 0x00, 0x00, 0x00, 0x00, 0x45, 0x00, 0x00, 0x00, 0x09, 0x00, 0x00, 0x00, 0x08,
  0x00, 0x00, 0x00, 0x08, 0x00, 0x00, 0x00, 0x09, 0x00, 0x00, 0x00, 0x00, 0x00, 0x00, 0x00, 0x00,
  0x00, 0x00, 0x00, 0x46, 0x00, 0x00, 0x00, 0x09, 0x00, 0x00, 0x00, 0x08, 0x00, 0x00, 0x00, 0x08,
  0x00, 0x00, 0x00, 0x09, 0x00, 0x00, 0x00, 0x00, 0x00, 0x00, 0x00, 0x00, 0x00, 0x00, 0x00, 0x47,
  0x00, 0x00, 0x00, 0x09, 0x00, 0x00, 0x00, 0x0A, 0x00, 0x00, 0x00, 0x0A, 0x00, 0x00, 0x00, 0x09,
  0x00, 0x00, 0x00, 0x00, 0x00, 0x00, 0x00, 0x00, 0x00, 0x00, 0x00, 0x48, 0x00, 0x00, 0x00, 0x09,
  0x00, 0x00, 0x00, 0x09, 0x00, 0x00, 0x00, 0x0A, 0x00, 0x00, 0x00, 0x09, 0x00, 0x00, 0x00, 0x00,
  0x00, 0x00, 0x00, 0x00, 0x00, 0x00, 0x00, 0x49, 0x00, 0x00, 0x00, 0x09, 0x00, 0x00, 0x00, 0x03,
  0x00, 0x00, 0x00, 0x04, 0x00, 0x00, 0x00, 0x09, 0x00, 0x00, 0x00, 0x00, 0x00, 0x00, 0x00, 0x00,
  0x00, 0x00, 0x00, 0x4A, 0x00, 0x00, 0x00, 0x09, 0x00, 0x00, 0x00, 0x07, 0x00, 0x00, 0x00, 0x08,
  0x00, 0x00, 0x00, 0x09, 0x00, 0x00, 0x00, 0x00, 0x00, 0x00, 0x00, 0x00, 0x00, 0x00, 0x00, 0x4B,
  0x00, 0x00, 0x00, 0x09, 0x00, 0x00, 0x00, 0x09, 0x00, 0x00, 0x00, 0x09, 0x00, 0x00, 0x00, 0x09,
  0x00, 0x00, 0x00, 0x00, 0x00, 0x00, 0x00, 0x00, 0x00, 0x00, 0x00, 0x4C, 0x00, 0x00, 0x00, 0x09,
  0x00, 0x00, 0x00, 0x07, 0x00, 0x00, 0x00, 0x07, 0x00, 0x00, 0x00, 0x09, 0x00, 0x00, 0x00, 0x00,
  0x00, 0x00, 0x00, 0x00, 0x00, 0x00, 0x00, 0x4D, 0x00, 0x00, 0x00, 0x09, 0x00, 0x00, 0x00, 0x0C,
  0x00, 0x00, 0x00, 0x0C, 0x00, 0x00, 0x00, 0x09, 0x00, 0x00, 0x00, 0x00, 0x00, 0x00, 0x00, 0x00,
  0x00, 0x00, 0x00, 0x4E, 0x00, 0x00, 0x00, 0x09, 0x00, 0x00, 0x00, 0x09, 0x00, 0x00, 0x00, 0x0A,
  0x00, 0x00, 0x00, 0x09, 0x00, 0x00, 0x00, 0x00, 0x00, 0x00, 0x00, 0x00, 0x00, 0x00, 0x00, 0x4F,
  0x00, 0x00, 0x00, 0x09, 0x00, 0x00, 0x00, 0x0A, 0x00, 0x00, 0x00, 0x0A, 0x00, 0x00, 0x00, 0x09,
  0x00, 0x00, 0x00, 0x00, 0x00, 0x00, 0x00, 0x00, 0x00, 0x00, 0x00, 0x50, 0x00, 0x00, 0x00, 0x09,
  0x00, 0x00, 0x00, 0x08, 0x00, 0x00, 0x00, 0x08, 0x00, 0x00, 0x00, 0x09, 0x00, 0x00, 0x00, 0x00,
  0x00, 0x00, 0x00, 0x00, 0x00, 0x00, 0x00, 0x51, 0x00, 0x00, 0x00, 0x0A, 0x00, 0x00, 0x00, 0x0A,
  0x00, 0x00, 0x00, 0x0A, 0x00, 0x00, 0x00, 0x09, 0x00, 0x00, 0x00, 0x00, 0x00, 0x00, 0x00, 0x00,
  0x00, 0x00, 0x00, 0x52, 0x00, 0x00, 0x00, 0x09, 0x00, 0x00, 0x00, 0x09, 0x00, 0x00, 0x00, 0x08,
  0x00, 0x00, 0x00, 0x09, 0x00, 0x00, 0x00, 0x00, 0x00, 0x00, 0x00, 0x00, 0x00, 0x00, 0x00, 0x53,
  0x00, 0x00, 0x00, 0x09, 0x00, 0x00, 0x00, 0x08, 0x00, 0x00, 0x00, 0x08, 0x00, 0x00, 0x00, 0x09,
  0x00, 0x00, 0x00, 0x00, 0x00, 0x00, 0x00, 0x00, 0x00, 0x00, 0x00, 0x54, 0x00, 0x00, 0x00, 0x09,
  0x00, 0x00, 0x00, 0x09, 0x00, 0x00, 0x00, 0x09, 0x00, 0x00, 0x00, 0x09, 0x00, 0x00, 0x00, 0x00,
  0x00, 0x00, 0x00, 0x00, 0x00, 0x00, 0x00, 0x55, 0x00, 0x00, 0x00, 0x09, 0x00, 0x00, 0x00, 0x09,
  0x00, 0x00, 0x00, 0x0A, 0x00, 0x00, 0x00, 0x09, 0x00, 0x00, 0x00, 0x00, 0x00, 0x00, 0x00, 0x00,
  0x00, 0x00, 0x00, 0x56, 0x00, 0x00, 0x00, 0x09, 0x00, 0x00, 0x00, 0x0A, 0x00, 0x00, 0x00, 0x09,
  0x00, 0x00, 0x00, 0x09, 0x00, 0x00, 0x00, 0x00, 0x00, 0x00, 0x00, 0x00, 0x00, 0x00, 0x00, 0x57,
  0x00, 0x00, 0x00, 0x09, 0x00, 0x00, 0x00, 0x0D, 0x00, 0x00, 0x00, 0x0D, 0x00, 0x00, 0x00, 0x09,
  0x00, 0x00, 0x00, 0x00, 0x00, 0x00, 0x00, 0x00, 0x00, 0x00, 0x00, 0x58, 0x00, 0x00, 0x00, 0x09,
  0x00, 0x00, 0x00, 0x0A, 0x00, 0x00, 0x00, 0x09, 0x00, 0x00, 0x00, 0x09, 0x00, 0x00, 0x00, 0x00,
  0x00, 0x00, 0x00, 0x00, 0x00, 0x00, 0x00, 0x59, 0x00, 0x00, 0x00, 0x09, 0x00, 0x00, 0x00, 0x09,
  0x00, 0x00, 0x00, 0x09, 0x00, 0x00, 0x00, 0x09, 0x00, 0x00, 0x00, 0x00, 0x00, 0x00, 0x00, 0x00,
  0x00, 0x00, 0x00, 0x5A, 0x00, 0x00, 0x00, 0x09, 0x00, 0x00, 0x00, 0x08, 0x00, 0x00, 0x00, 0x08,
  0x00, 0x00, 0x00, 0x09, 0x00, 0x00, 0x00, 0x00, 0x00, 0x00, 0x00, 0x00, 0x00, 0x00, 0x00, 0x5B,
  0x00, 0x00, 0x00, 0x0D, 0x00, 0x00, 0x00, 0x04, 0x00, 0x00, 0x00, 0x05, 0x00, 0x00, 0x00, 0x0B,
  0x00, 0x00, 0x00, 0x01, 0x00, 0x00, 0x00, 0x00, 0x00, 0x00, 0x00, 0x5C, 0x00, 0x00, 0x00, 0x0B,
  0x00, 0x00, 0x00, 0x05, 0x00, 0x00, 0x00, 0x05, 0x00, 0x00, 0x00, 0x0A, 0x00, 0x00, 0x00, 0x00,
  0x00, 0x00, 0x00, 0x00, 0x00, 0x00, 0x00, 0x5D, 0x00, 0x00, 0x00, 0x0D, 0x00, 0x00, 0x00, 0x04,
  0x00, 0x00, 0x00, 0x05, 0x00, 0x00, 0x00, 0x0B, 0x00, 0x00, 0x00, 0x00, 0x00, 0x00, 0x00, 0x00,
  0x00, 0x00, 0x00, 0x5E, 0x00, 0x00, 0x00, 0x05, 0x00, 0x00, 0x00, 0x06, 0x00, 0x00, 0x00, 0x06,
  0x00, 0x00, 0x00, 0x0A, 0x00, 0x00, 0x00, 0x00, 0x00, 0x00, 0x00, 0x00, 0x00, 0x00, 0x00, 0x5F,
  0x00, 0x00, 0x00, 0x03, 0x00, 0x00, 0x00, 0x07, 0x00, 0x00, 0x00, 0x06, 0x00, 0x00, 0x00, 0x01,
  0x00, 0x00, 0x00, 0x00, 0x00, 0x00, 0x00, 0x00, 0x00, 0x00, 0x00, 0x60, 0x00, 0x00, 0x00, 0x02,
  0x00, 0x00, 0x00, 0x03, 0x00, 0x00, 0x00, 0x05, 0x00, 0x00, 0x00, 0x0A, 0x00, 0x00, 0x00, 0x01,
  0x00, 0x00, 0x00, 0x00, 0x00, 0x00, 0x00, 0x61, 0x00, 0x00, 0x00, 0x07, 0x00, 0x00, 0x00, 0x07,
  0x00, 0x00, 0x00, 0x07, 0x00, 0x00, 0x00, 0x07, 0x00, 0x00, 0x00, 0x00, 0x00, 0x00, 0x00, 0x00,
  0x00, 0x00, 0x00, 0x62, 0x00, 0x00, 0x00, 0x09, 0x00, 0x00, 0x00, 0x08, 0x00, 0x00, 0x00, 0x08,
  0x00, 0x00, 0x00, 0x09, 0x00, 0x00, 0x00, 0x00, 0x00, 0x00, 0x00, 0x00, 0x00, 0x00, 0x00, 0x63,
  0x00, 0x00, 0x00, 0x07, 0x00, 0x00, 0x00, 0x08, 0x00, 0x00, 0x00, 0x08, 0x00, 0x00, 0x00, 0x07,
  0x00, 0x00, 0x00, 0x00, 0x00, 0x00, 0x00, 0x00, 0x00, 0x00, 0x00, 0x64, 0x00, 0x00, 0x00, 0x09,
  0x00, 0x00, 0x00, 0x08, 0x00, 0x00, 0x00, 0x08, 0x00, 0x00, 0x00, 0x09, 0x00, 0x00, 0x00, 0x00,
  0x00, 0x00, 0x00, 0x00, 0x00, 0x00, 0x00, 0x65, 0x00, 0x00, 0x00, 0x07, 0x00, 0x00, 0x00, 0x08,
  0x00, 0x00, 0x00, 0x08, 0x00, 0x00, 0x00, 0x07, 0x00, 0x00, 0x00, 0x00, 0x00, 0x00, 0x00, 0x00,
  0x00, 0x00, 0x00, 0x66, 0x00, 0x00, 0x00, 0x09, 0x00, 0x00, 0x00, 0x05, 0x00, 0x00, 0x00, 0x05,
  0x00, 0x00, 0x00, 0x09, 0x00, 0x00, 0x00, 0x00, 0x00, 0x00, 0x00, 0x00, 0x00, 0x00, 0x00, 0x67,
  0x00, 0x00, 0x00, 0x0A, 0x00, 0x00, 0x00, 0x08, 0x00, 0x00, 0x00, 0x08, 0x00, 0x00, 0x00, 0x07,
  0x00, 0x00, 0x00, 0x00, 0x00, 0x00, 0x00, 0x00, 0x00, 0x00, 0x00, 0x68, 0x00, 0x00, 0x00, 0x09,
  0x00, 0x00, 0x00, 0x08, 0x00, 0x00, 0x00, 0x08, 0x00, 0x00, 0x00, 0x09, 0x00, 0x00, 0x00, 0x00,
  0x00, 0x00, 0x00, 0x00, 0x00, 0x00, 0x00, 0x69, 0x00, 0x00, 0x00, 0x09, 0x00, 0x00, 0x00, 0x03,
  0x00, 0x00, 0x00, 0x03, 0x00, 0x00, 0x00, 0x09, 0x00, 0x00, 0x00, 0x00, 0x00, 0x00, 0x00, 0x00,
  0x00, 0x00, 0x00, 0x6A, 0x00, 0x00, 0x00, 0x0C, 0x00, 0x00, 0x00, 0x04, 0x00, 0x00, 0x00, 0x03,
  0x00, 0x00, 0x00, 0x09, 0xFF, 0xFF, 0xFF, 0xFF, 0x00, 0x00, 0x00, 0x00, 0x00, 0x00, 0x00, 0x6B,
  0x00, 0x00, 0x00, 0x09, 0x00, 0x00, 0x00, 0x08, 0x00, 0x00, 0x00, 0x07, 0x00, 0x00, 0x00, 0x09,
  0x00, 0x00, 0x00, 0x00, 0x00, 0x00, 0x00, 0x00, 0x00, 0x00, 0x00, 0x6C, 0x00, 0x00, 0x00, 0x09,
  0x00, 0x00, 0x00, 0x03, 0x00, 0x00, 0x00, 0x03, 0x00, 0x00, 0x00, 0x09, 0x00, 0x00, 0x00, 0x00,
  0x00, 0x00, 0x00, 0x00, 0x00, 0x00, 0x00, 0x6D, 0x00, 0x00, 0x00, 0x07, 0x00, 0x00, 0x00, 0x0B,
  0x00, 0x00, 0x00, 0x0C, 0x00, 0x00, 0x00, 0x07, 0x00, 0x00, 0x00, 0x00, 0x00, 0x00, 0x00, 0x00,
  0x00, 0x00, 0x00, 0x6E, 0x00, 0x00, 0x00, 0x07, 0x00, 0x00, 0x00, 0x08, 0x00, 0x00, 0x00, 0x08,
  0x00, 0x00, 0x00, 0x07, 0x00, 0x00, 0x00, 0x00, 0x00, 0x00, 0x00, 0x00, 0x00, 0x00, 0x00, 0x6F,
  0x00, 0x00, 0x00, 0x07, 0x00, 0x00, 0x00, 0x08, 0x00, 0x00, 0x00, 0x08, 0x00, 0x00, 0x00, 0x07,
  0x00, 0x00, 0x00, 0x00, 0x00, 0x00, 0x00, 0x00, 0x00, 0x00, 0x00, 0x70, 0x00, 0x00, 0x00, 0x0A,
  0x00, 0x00, 0x00, 0x08, 0x00, 0x00, 0x00, 0x08, 0x00, 0x00, 0x00, 0x07, 0x00, 0x00, 0x00, 0x00,
  0x00, 0x00, 0x00, 0x00, 0x00, 0x00, 0x00, 0x71, 0x00, 0x00, 0x00, 0x0A, 0x00, 0x00, 0x00, 0x08,
  0x00, 0x00, 0x00, 0x08, 0x00, 0x00, 0x00, 0x07, 0x00, 0x00, 0x00, 0x00, 0x00, 0x00, 0x00, 0x00,
  0x00, 0x00, 0x00, 0x72, 0x00, 0x00, 0x00, 0x08, 0x00, 0x00, 0x00, 0x05, 0x00, 0x00, 0x00, 0x05,
  0x00, 0x00, 0x00, 0x08, 0x00, 0x00, 0x00, 0x00, 0x00, 0x00, 0x00, 0x00, 0x00, 0x00, 0x00, 0x73,
  0x00, 0x00, 0x00, 0x07, 0x00, 0x00, 0x00, 0x07, 0x00, 0x00, 0x00, 0x07, 0x00, 0x00, 0x00, 0x07,
  0x00, 0x00, 0x00, 0x00, 0x00, 0x00, 0x00, 0x00, 0x00, 0x00, 0x00, 0x74, 0x00, 0x00, 0x00, 0x09,
  0x00, 0x00, 0x00, 0x05, 0x00, 0x00, 0x00, 0x05, 0x00, 0x00, 0x00, 0x09, 0x00, 0x00, 0x00, 0x00,
  0x00, 0x00, 0x00, 0x00, 0x00, 0x00, 0x00, 0x75, 0x00, 0x00, 0x00, 0x07, 0x00, 0x00, 0x00, 0x08,
  0x00, 0x00, 0x00, 0x08, 0x00, 0x00, 0x00, 0x07, 0x00, 0x00, 0x00, 0x00, 0x00, 0x00, 0x00, 0x00,
  0x00, 0x00, 0x00, 0x76, 0x00, 0x00, 0x00, 0x07, 0x00, 0x00, 0x00, 0x08, 0x00, 0x00, 0x00, 0x08,
  0x00, 0x00, 0x00, 0x07, 0x00, 0x00, 0x00, 0x00, 0x00, 0x00, 0x00, 0x00, 0x00, 0x00, 0x00, 0x77,
  0x00, 0x00, 0x00, 0x07, 0x00, 0x00, 0x00, 0x0B, 0x00, 0x00, 0x00, 0x0B, 0x00, 0x00, 0x00, 0x07,
  0x00, 0x00, 0x00, 0x00, 0x00, 0x00, 0x00, 0x00, 0x00, 0x00, 0x00, 0x78, 0x00, 0x00, 0x00, 0x07,
  0x00, 0x00, 0x00, 0x08, 0x00, 0x00, 0x00, 0x07, 0x00, 0x00, 0x00, 0x07, 0x00, 0x00, 0x00, 0x00,
  0x00, 0x00, 0x00, 0x00, 0x00, 0x00, 0x00, 0x79, 0x00, 0x00, 0x00, 0x0A, 0x00, 0x00, 0x00, 0x08,
  0x00, 0x00, 0x00, 0x08, 0x00, 0x00, 0x00, 0x07, 0x00, 0x00, 0x00, 0x00, 0x00, 0x00, 0x00, 0x00,
  0x00, 0x00, 0x00, 0x7A, 0x00, 0x00, 0x00, 0x07, 0x00, 0x00, 0x00, 0x07, 0x00, 0x00, 0x00, 0x07,
  0x00, 0x00, 0x00, 0x07, 0x00, 0x00, 0x00, 0x00, 0x00, 0x00, 0x00, 0x00, 0x00, 0x00, 0x00, 0x7B,
  0x00, 0x00, 0x00, 0x0C, 0x00, 0x00, 0x00, 0x06, 0x00, 0x00, 0x00, 0x06, 0x00, 0x00, 0x00, 0x09,
  0x00, 0x00, 0x00, 0x00, 0x00, 0x00, 0x00, 0x00, 0x00, 0x00, 0x00, 0x7C, 0x00, 0x00, 0x00, 0x0F,
  0x00, 0x00, 0x00, 0x03, 0x00, 0x00, 0x00, 0x05, 0x00, 0x00, 0x00, 0x0C, 0x00, 0x00, 0x00, 0x01,
  0x00, 0x00, 0x00, 0x00, 0x00, 0x00, 0x00, 0x7D, 0x00, 0x00, 0x00, 0x0C, 0x00, 0x00, 0x00, 0x06,
  0x00, 0x00, 0x00, 0x06, 0x00, 0x00, 0x00, 0x09, 0x00, 0x00, 0x00, 0x00, 0x00, 0x00, 0x00, 0x00,
  0x00, 0x00, 0x00, 0x7E, 0x00, 0x00, 0x00, 0x04, 0x00, 0x00, 0x00, 0x07, 0x00, 0x00, 0x00, 0x09,
  0x00, 0x00, 0x00, 0x06, 0x00, 0x00, 0x00, 0x01, 0x00, 0x00, 0x00, 0x00, 0xCE, 0xF8, 0x00, 0xCA,
  0xF3, 0x00, 0xC5, 0xEE, 0x00, 0xC1, 0xE9, 0x00, 0xBC, 0xE4, 0x00, 0xB8, 0xDF, 0x00, 0x32, 0x3E,
  0x00, 0xAE, 0xCF, 0x08, 0xBB, 0xDD, 0x0A, 0xAF, 0xE9, 0x1F, 0xFF, 0x79, 0xA3, 0xDE, 0x13, 0xFF,
  0x6E, 0x97, 0xD2, 0x07, 0xFF, 0x62, 0x67, 0x92, 0x00, 0xB9, 0x40, 0x00, 0x00, 0x6F, 0xD9, 0x00,
  0x1B, 0xFF, 0x2D, 0x00, 0x00, 0x00, 0x9B, 0xAD, 0x00, 0x47, 0xFB, 0x06, 0x00, 0x27, 0xFF, 0xFF,
  0xFF, 0xFF, 0xFF, 0xFF, 0xFF, 0x1A, 0x10, 0x40, 0xFF, 0x95, 0x40, 0xE0, 0xE8, 0x3F, 0x00, 0x05,
  0x27, 0xFF, 0x31, 0x08, 0xD4, 0x83, 0x05, 0x00, 0xB6, 0xFF, 0xFF, 0xFF, 0xFF, 0xFF, 0xFF, 0x8F,
  0x00, 0x2D, 0xAF, 0xFF, 0x38, 0x5D, 0xFF, 0x5A, 0x19, 0x00, 0x00, 0xA3, 0xA5, 0x00, 0x52, 0xF4,
  0x01, 0x00, 0x00, 0x00, 0xCE, 0x79, 0x00, 0x7E, 0xCA, 0x00, 0x00, 0x00, 0x00, 0x00, 0x00, 0x04,
  0x19, 0x00, 0x00, 0x00, 0x00, 0x00, 0x00, 0x1C, 0xA4, 0x00, 0x00, 0x00, 0x00, 0x1A, 0xA2, 0xFF,
  0xFF, 0xD6, 0x6B, 0x00, 0x01, 0xD3, 0xF9, 0xAB, 0xFF, 0xBC, 0xFF, 0x64, 0x19, 0xFF, 0xAB, 0x1C,
  0xA4, 0x04, 0x89, 0x5D, 0x01, 0xD7, 0xF6, 0x9D, 0xD5, 0x03, 0x00, 0x00, 0x00, 0x18, 0x96, 0xFF,
  0xFF, 0xEB, 0x87, 0x06, 0x00, 0x00, 0x00, 0x1C, 0xCD, 0x87, 0xFF, 0x8E, 0x3F, 0xC0, 0x51, 0x1C,
  0xA4, 0x02, 0xEF, 0xCF, 0x14, 0xEE, 0xF1, 0xA4, 0xFF, 0xBF, 0xFF, 0x8D, 0x00, 0x2B, 0xB1, 0xFF,
  0xFF, 0xDD, 0x83, 0x05, 0x00, 0x00, 0x00, 0x1C, 0xA4, 0x00, 0x00, 0x00, 0x00, 0x00, 0x00, 0x03,
  0x17, 0x00, 0x00, 0x00, 0x29, 0xCF, 0xEE, 0x8E, 0x00, 0x00, 0x00, 0x3F, 0xE6, 0x16, 0x00, 0xA5,
  0xA1, 0x21, 0xFD, 0x2A, 0x00, 0x12, 0xE1, 0x47, 0x00, 0x00, 0xAA, 0x95, 0x10, 0xFC, 0x2E, 0x00,
  0xAD, 0x8D, 0x00, 0x00, 0x00, 0x37, 0xE7, 0xF5, 0xAA, 0x01, 0x67, 0xCE, 0x06, 0x00, 0x00, 0x00,
  0x00, 0x00, 0x09, 0x00, 0x29, 0xEA, 0x27, 0x5B, 0xDB, 0xC1, 0x17, 0x00, 0x00, 0x00, 0x07, 0xD1,
  0x62, 0x0C, 0xFA, 0x4C, 0xA9, 0x9A, 0x00, 0x00, 0x00, 0x92, 0xA9, 0x00, 0x31, 0xFF, 0x02, 0x6E,
  0xC4, 0x00, 0x00, 0x4B, 0xDF, 0x10, 0x00, 0x11, 0xFE, 0x3B, 0xA1, 0xA0, 0x00, 0x18, 0xE7, 0x3B,
  0x00, 0x00, 0x00, 0x72, 0xF3, 0xD8, 0x20, 0x00, 0x07, 0x9E, 0xF5, 0xE7, 0x63, 0x00, 0x00, 0x00,
  0x00, 0x7C, 0xFB, 0x6D, 0xA3, 0xFF, 0x25, 0x00, 0x00, 0x00, 0x8B, 0xEC, 0x02, 0x55, 0xFE, 0x20,
  0x00, 0x00, 0x00, 0x33, 0xFF, 0xFE, 0xF7, 0x7C, 0x00, 0x00, 0x00, 0x00, 0x2B, 0xFF, 0xFF, 0xB0,
  0x00, 0x3D, 0x6A, 0x00, 0x1B, 0xEC, 0xBE, 0x99, 0xFD, 0x53, 0xAD, 0xD3, 0x00, 0x61, 0xFF, 0x47,
  0x00, 0x9B, 0xFF, 0xFF, 0x8A, 0x00, 0x33, 0xFE, 0xC5, 0x5D, 0x83, 0xFF, 0xFF, 0x43, 0x00, 0x00,
  0x57, 0xD4, 0xF8, 0xE0, 0x8C, 0xC8, 0xE9, 0x25, 0xAF, 0xE9, 0xA3, 0xDE, 0x97, 0xD2, 0x67, 0x92,
  0x00, 0x29, 0x80, 0x21, 0x00, 0xB3, 0xEC, 0x07, 0x18, 0xFD, 0x92, 0x00, 0x5D, 0xFF, 0x4D, 0x00,
  0x9A, 0xFF, 0x11, 0x00, 0xB7, 0xF3, 0x00, 0x00, 0xCA, 0xE1, 0x00, 0x00, 0xBD, 0xF3, 0x00, 0x00,
  0x95, 0xFF, 0x1B, 0x00, 0x52, 0xFF, 0x61, 0x00, 0x07, 0xEB, 0xBB, 0x00, 0x00, 0x74, 0xFE, 0x27,
  0x35, 0x80, 0x15, 0x00, 0x20, 0xFE, 0x8C, 0x00, 0x00, 0xBE, 0xEB, 0x02, 0x00, 0x78, 0xFF, 0x34,
  0x00, 0x39, 0xFF, 0x72, 0x00, 0x1A, 0xFF, 0x90, 0x00, 0x06, 0xFF, 0xA5, 0x00, 0x18, 0xFF, 0x98,
  0x00, 0x41, 0xFF, 0x6F, 0x00, 0x87, 0xFF, 0x2C, 0x02, 0xE0, 0xCB, 0x00, 0x4F, 0xFF, 0x4C, 0x00,
  0x00, 0x09, 0x05, 0xFF, 0x08, 0x09, 0x00, 0x01, 0xD3, 0x86, 0xF8, 0x84, 0xD6, 0x02, 0x00, 0x1B,
  0xD1, 0xFF, 0xD6, 0x1D, 0x00, 0x01, 0xCA, 0xB6, 0xF9, 0xB4, 0xCD, 0x02, 0x00, 0x26, 0x03, 0xFF,
  0x06, 0x26, 0x00, 0x00, 0x00, 0x02, 0x30, 0x02, 0x00, 0x00, 0x00, 0x00, 0x58, 0xFF, 0x18, 0x00,
  0x00, 0x00, 0x00, 0x58, 0xFF, 0x18, 0x00, 0x00, 0x0D, 0x10, 0x68, 0xFF, 0x28, 0x10, 0x09, 0xD0,
  0xFF, 0xFF, 0xFF, 0xFF, 0xFF, 0x90, 0x34, 0x40, 0x98, 0xFF, 0x58, 0x40, 0x24, 0x00, 0x00, 0x58,
  0xFF, 0x18, 0x00, 0x00, 0x00, 0x86, 0xAF, 0x00, 0x00, 0xD8, 0xAE, 0x00, 0x04, 0xFA, 0x62, 0x00,
  0x25, 0xFE, 0x17, 0x00, 0x02, 0x14, 0x14, 0x14, 0x14, 0x02, 0x1C, 0xFF, 0xFF, 0xFF, 0xFF, 0x24,
  0x07, 0x40, 0x40, 0x40, 0x40, 0x09, 0xB2, 0xCF, 0x05, 0xB9, 0xD7, 0x05, 0x00, 0x00, 0x00, 0xDF,
  0x90, 0x00, 0x00, 0x26, 0xFF, 0x49, 0x00, 0x00, 0x6D, 0xF8, 0x0A, 0x00, 0x00, 0xB4, 0xBB, 0x00,
  0x00, 0x06, 0xF4, 0x74, 0x00, 0x00, 0x42, 0xFF, 0x2D, 0x00, 0x00, 0x89, 0xE6, 0x00, 0x00, 0x00,
  0xD0, 0x9F, 0x00, 0x00, 0x18, 0xFE, 0x58, 0x00, 0x00, 0x5E, 0xFD, 0x14, 0x00, 0x00, 0xA5, 0xCB,
  0x00, 0x00, 0x00, 0x00, 0x03, 0x81, 0xE3, 0xF5, 0xC6, 0x3D, 0x00, 0x00, 0x8D, 0xFF, 0xA1, 0x6D,
  0xDB, 0xF8, 0x29, 0x0E, 0xF9, 0xBB, 0x00, 0x00, 0x2A, 0xFF, 0x9B, 0x42, 0xFF, 0x71, 0x00, 0x00,
  0x00, 0xDF, 0xD5, 0x53, 0xFF, 0x5F, 0x00, 0x00, 0x00, 0xCC, 0xE6, 0x42, 0xFF, 0x71, 0x00, 0x00,
  0x00, 0xDF, 0xD5, 0x0F, 0xFB, 0xBB, 0x00, 0x00, 0x2B, 0xFF, 0x9B, 0x00, 0x91, 0xFF, 0xA2, 0x70,
  0xDC, 0xF8, 0x2A, 0x00, 0x03, 0x85, 0xE4, 0xF6, 0xC8, 0x3F, 0x00, 0x00, 0x38, 0xD8, 0xFF, 0x8C,
  0x4B, 0xFC, 0xBC, 0xFF, 0x8C, 0x54, 0x55, 0x20, 0xFF, 0x8C, 0x00, 0x00, 0x20, 0xFF, 0x8C, 0x00,
  0x00, 0x20, 0xFF, 0x8C, 0x00, 0x00, 0x20, 0xFF, 0x8C, 0x00, 0x00, 0x20, 0xFF, 0x8C, 0x00, 0x00,
  0x20, 0xFF, 0x8C, 0x00, 0x00, 0x20, 0xFF, 0x8C, 0x00, 0x20, 0xB0, 0xF2, 0xF3, 0xB3, 0x24, 0x00,
  0x02, 0xD7, 0xF0, 0x75, 0x78, 0xF1, 0xDB, 0x03, 0x1E, 0xCC, 0x6A, 0x00, 0x00, 0x88, 0xFF, 0x20,
  0x00, 0x00, 0x00, 0x00, 0x00, 0xBE, 0xED, 0x03, 0x00, 0x00, 0x00, 0x00, 0x8D, 0xFE, 0x57, 0x00,
  0x00, 0x00, 0x03, 0x9A, 0xFE, 0x69, 0x00, 0x00, 0x00, 0x08, 0xAE, 0xFC, 0x5D, 0x00, 0x00, 0x00,
  0x0A, 0xC0, 0xFF, 0xB6, 0x68, 0x68, 0x68, 0x20, 0x28, 0xFF, 0xFF, 0xFF, 0xFF, 0xFF, 0xFF, 0x50,
  0x00, 0x17, 0xA2, 0xED, 0xF6, 0xC0, 0x31, 0x00, 0x00, 0xCB, 0xF5, 0x80, 0x6D, 0xE5, 0xED, 0x0F,
  0x0B, 0x94, 0x5A, 0x00, 0x00, 0x73, 0xFF, 0x3D, 0x00, 0x00, 0x00, 0x0A, 0x29, 0xC8, 0xE9, 0x10,
  0x00, 0x00, 0x00, 0xE0, 0xFF, 0xE7, 0x3E, 0x00, 0x00, 0x00, 0x00, 0x34, 0x51, 0xBE, 0xF8, 0x3C,
  0x1F, 0x70, 0x36, 0x00, 0x00, 0x39, 0xFF, 0x90, 0x15, 0xF1, 0xEA, 0x7E, 0x73, 0xD3, 0xFF, 0x55,
  0x00, 0x30, 0xB6, 0xF2, 0xF8, 0xCD, 0x5B, 0x00, 0x00, 0x00, 0x00, 0x00, 0xA3, 0xFF, 0xD0, 0x00,
  0x00, 0x00, 0x00, 0x00, 0x4E, 0xFF, 0xFF, 0xD0, 0x00, 0x00, 0x00, 0x00, 0x13, 0xE7, 0xB8, 0xC8,
  0xD0, 0x00, 0x00, 0x00, 0x00, 0xA8, 0xEF, 0x1B, 0xC8, 0xD0, 0x00, 0x00, 0x00, 0x54, 0xFF, 0x5C,
  0x00, 0xC8, 0xD0, 0x00, 0x00, 0x15, 0xEA, 0xBD, 0x18, 0x18, 0xE0, 0xE8, 0x18, 0x00, 0x54, 0xFF,
  0xFF, 0xFF, 0xFF, 0xFF, 0xFF, 0xFF, 0x08, 0x17, 0x48, 0x48, 0x48, 0x48, 0xFF, 0xFF, 0x48, 0x02,
  0x00, 0x00, 0x00, 0x00, 0x00, 0xD0, 0xD0, 0x00, 0x00, 0x00, 0xB7, 0xFF, 0xFF, 0xFF, 0xFF, 0xD0,
  0x00, 0x00, 0xD3, 0xD2, 0x64, 0x64, 0x64, 0x51, 0x00, 0x00, 0xEF, 0x9C, 0x00, 0x03, 0x00, 0x00,
  0x00, 0x0A, 0xFF, 0xC2, 0xE1, 0xFB, 0xC6, 0x2C, 0x00, 0x12, 0xA6, 0xA7, 0x4E, 0x68, 0xF1, 0xDE,
  0x07, 0x00, 0x00, 0x00, 0x00, 0x00, 0x78, 0xFF, 0x39, 0x28, 0x90, 0x3C, 0x00, 0x00, 0x7C, 0xFF,
  0x3A, 0x13, 0xEF, 0xE4, 0x6E, 0x7E, 0xF6, 0xD2, 0x03, 0x00, 0x31, 0xBC, 0xF5, 0xF0, 0xA7, 0x19,
  0x00, 0x00, 0x01, 0x75, 0xDF, 0xF9, 0xD2, 0x51, 0x00, 0x00, 0x7D, 0xFF, 0xA8, 0x74, 0xCC, 0xFD,
  0x3C, 0x0B, 0xF3, 0xAB, 0x00, 0x01, 0x13, 0x64, 0x34, 0x3D, 0xFF, 0x84, 0xBA, 0xF9, 0xE6, 0x6A,
  0x00, 0x53, 0xFF, 0xF1, 0x72, 0x4B, 0xC0, 0xFF, 0x48, 0x4A, 0xFF, 0x9A, 0x00, 0x00, 0x1A, 0xFF,
  0x9A, 0x1D, 0xFF, 0xA8, 0x00, 0x00, 0x26, 0xFF, 0x91, 0x00, 0xA6, 0xFF, 0x94, 0x6B, 0xD6, 0xFA,
  0x32, 0x00, 0x09, 0x8F, 0xE0, 0xF7, 0xCA, 0x46, 0x00, 0x78, 0xFF, 0xFF, 0xFF, 0xFF, 0xFF, 0xF8,
  0x32, 0x6C, 0x6C, 0x6C, 0x6E, 0xF6, 0xE1, 0x00, 0x00, 0x00, 0x00, 0x5F, 0xFF, 0x65, 0x00, 0x00,
  0x00, 0x06, 0xE0, 0xD8, 0x04, 0x00, 0x00, 0x00, 0x70, 0xFF, 0x54, 0x00, 0x00, 0x00, 0x0D, 0xEA,
  0xCB, 0x01, 0x00, 0x00, 0x00, 0x80, 0xFF, 0x44, 0x00, 0x00, 0x00, 0x15, 0xF2, 0xBC, 0x00, 0x00,
  0x00, 0x00, 0x90, 0xFF, 0x34, 0x00, 0x00, 0x00, 0x00, 0x14, 0x9F, 0xED, 0xF6, 0xC1, 0x38, 0x00,
  0x00, 0xBB, 0xF9, 0x7B, 0x61, 0xDE, 0xF3, 0x17, 0x00, 0xF6, 0xBA, 0x00, 0x00, 0x6A, 0xFF, 0x45,
  0x00, 0xAE, 0xED, 0x39, 0x1D, 0xC0, 0xEC, 0x12, 0x00, 0x17, 0xCF, 0xFF, 0xFF, 0xF1, 0x45, 0x00,
  0x0C, 0xD7, 0xE1, 0x5C, 0x49, 0xB7, 0xF7, 0x3B, 0x47, 0xFF, 0x79, 0x00, 0x00, 0x2A, 0xFF, 0xA1,
  0x1F, 0xF7, 0xE3, 0x66, 0x57, 0xBB, 0xFF, 0x68, 0x00, 0x39, 0xBA, 0xF2, 0xF9, 0xD3, 0x69, 0x00,
  0x00, 0x2A, 0xB3, 0xF1, 0xED, 0xB4, 0x27, 0x00, 0x11, 0xEC, 0xEB, 0x78, 0x6F, 0xDF, 0xE5, 0x0E,
  0x4D, 0xFF, 0x64, 0x00, 0x00, 0x44, 0xFF, 0x67, 0x2C, 0xFF, 0xBE, 0x24, 0x1A, 0xA6, 0xFF, 0x99,
  0x00, 0x77, 0xF9, 0xFF, 0xF9, 0x76, 0xFF, 0xA2, 0x00, 0x00, 0x0F, 0x30, 0x10, 0x23, 0xFF, 0x8A,
  0x22, 0xEC, 0x8A, 0x00, 0x00, 0x7C, 0xFF, 0x42, 0x00, 0xBF, 0xFA, 0x8B, 0x8E, 0xFA, 0xC3, 0x00,
  0x00, 0x13, 0xA4, 0xF2, 0xF1, 0xA4, 0x14, 0x00, 0xB0, 0xCD, 0x05, 0xB9, 0xD7, 0x06, 0x00, 0x00,
  0x00, 0x00, 0x00, 0x00, 0x00, 0x00, 0x00, 0xB2, 0xCF, 0x05, 0xB9, 0xD7, 0x05, 0x00, 0x8E, 0xDD,
  0x16, 0x00, 0x96, 0xE7, 0x19, 0x00, 0x00, 0x00, 0x00, 0x00, 0x00, 0x00, 0x00, 0x00, 0x00, 0x00,
  0x00, 0x00, 0x86, 0xAF, 0x00, 0x00, 0xD8, 0xAE, 0x00, 0x04, 0xFA, 0x62, 0x00, 0x25, 0xFE, 0x17,
  0x00, 0x00, 0x00, 0x00, 0x00, 0x00, 0x00, 0x05, 0x00, 0x00, 0x00, 0x01, 0x4B, 0xBE, 0x5F, 0x00,
  0x07, 0x63, 0xD6, 0xFF, 0xD1, 0x33, 0x76, 0xE8, 0xFA, 0xA8, 0x3D, 0x00, 0x00, 0xEB, 0xFF, 0x77,
  0x07, 0x00, 0x00, 0x00, 0x2D, 0xA1, 0xFA, 0xEB, 0x88, 0x20, 0x00, 0x00, 0x00, 0x1A, 0x88, 0xEF,
  0xFD, 0x4F, 0x00, 0x00, 0x00, 0x00, 0x0C, 0x6F, 0x47, 0x10, 0x18, 0x18, 0x18, 0x18, 0x18, 0x0A,
  0xB0, 0xFF, 0xFF, 0xFF, 0xFF, 0xFF, 0x70, 0x31, 0x48, 0x48, 0x48, 0x48, 0x48, 0x1F, 0x10, 0x18,
  0x18, 0x18, 0x18, 0x18, 0x0A, 0xB0, 0xFF, 0xFF, 0xFF, 0xFF, 0xFF, 0x70, 0x31, 0x48, 0x48, 0x48,
  0x48, 0x48, 0x1F, 0x05, 0x00, 0x00, 0x00, 0x00, 0x00, 0x00, 0x9A, 0xA1, 0x2E, 0x00, 0x00, 0x00,
  0x00, 0x5D, 0xE7, 0xFF, 0xBA, 0x46, 0x00, 0x00, 0x00, 0x05, 0x57, 0xC3, 0xFF, 0xD2, 0x4C, 0x00,
  0x00, 0x00, 0x15, 0xA8, 0xFF, 0xAB, 0x00, 0x37, 0xA2, 0xF8, 0xEC, 0x84, 0x17, 0x8C, 0xFF, 0xDB,
  0x6B, 0x0A, 0x00, 0x00, 0x6E, 0x52, 0x02, 0x00, 0x00, 0x00, 0x00, 0x00, 0x66, 0xDB, 0xFA, 0xDC,
  0x67, 0x00, 0x40, 0xFF, 0xBA, 0x5E, 0xC4, 0xFF, 0x3E, 0x36, 0x78, 0x18, 0x00, 0x50, 0xFF, 0x65,
  0x00, 0x00, 0x00, 0x27, 0xD6, 0xEF, 0x1D, 0x00, 0x00, 0x2C, 0xF6, 0xC8, 0x24, 0x00, 0x00, 0x00,
  0x7E, 0xFF, 0x17, 0x00, 0x00, 0x00, 0x00, 0x13, 0x23, 0x00, 0x00, 0x00, 0x00, 0x00, 0x8C, 0xDD,
  0x1B, 0x00, 0x00, 0x00, 0x00, 0x98, 0xEB, 0x1F, 0x00, 0x00, 0x00, 0x00, 0x00, 0x44, 0xAD, 0xE6,
  0xFA, 0xED, 0xBA, 0x58, 0x01, 0x00, 0x00, 0x00, 0x00, 0x94, 0xFE, 0xB2, 0x61, 0x45, 0x52, 0x91,
  0xF3, 0xB2, 0x06, 0x00, 0x00, 0x69, 0xFE, 0x58, 0x00, 0x00, 0x01, 0x00, 0x07, 0x28, 0xEB, 0x8B,
  0x00, 0x01, 0xE5, 0x9D, 0x00, 0x55, 0xE3, 0xF6, 0xA8, 0xFD, 0x38, 0x68, 0xF7, 0x0C, 0x2E, 0xFF,
  0x42, 0x20, 0xF9, 0x95, 0x47, 0xA9, 0xFF, 0x38, 0x1E, 0xFF, 0x41, 0x4E, 0xFF, 0x1D, 0x63, 0xEA,
  0x00, 0x00, 0x16, 0xFF, 0x38, 0x0B, 0xFF, 0x4C, 0x4F, 0xFF, 0x1C, 0x62, 0xE9, 0x00, 0x00, 0x1E,
  0xFF, 0x38, 0x1C, 0xFF, 0x34, 0x34, 0xFF, 0x3F, 0x22, 0xFB, 0x7C, 0x2D, 0xA0, 0xFF, 0x6D, 0x7C,
  0xEA, 0x03, 0x04, 0xEE, 0x96, 0x00, 0x5B, 0xE1, 0xF6, 0x98, 0x77, 0xF1, 0xE4, 0x42, 0x00, 0x00,
  0x7A, 0xFC, 0x4F, 0x00, 0x00, 0x00, 0x00, 0x00, 0x00, 0x00, 0x00, 0x00, 0x00, 0x02, 0xA4, 0xFE,
  0xAD, 0x61, 0x46, 0x50, 0x85, 0x56, 0x00, 0x00, 0x00, 0x00, 0x00, 0x00, 0x4E, 0xB2, 0xE7, 0xFB,
  0xF2, 0xCB, 0x5F, 0x00, 0x00, 0x00, 0x00, 0x00, 0x00, 0x90, 0xFF, 0xEC, 0x06, 0x00, 0x00, 0x00,
  0x00, 0x00, 0x04, 0xE9, 0xD4, 0xFF, 0x53, 0x00, 0x00, 0x00, 0x00, 0x00, 0x4C, 0xFF, 0x56, 0xEE,
  0xB3, 0x00, 0x00, 0x00, 0x00, 0x00, 0xAA, 0xFA, 0x0E, 0xA4, 0xFB, 0x17, 0x00, 0x00, 0x00, 0x10,
  0xFF, 0xC9, 0x10, 0x61, 0xFF, 0x76, 0x00, 0x00, 0x00, 0x67, 0xFF, 0xFF, 0xFF, 0xFF, 0xFF, 0xFF,
  0x00, 0x00, 0x00, 0xC5, 0xFF, 0x50, 0x40, 0x40, 0xDC, 0xFF, 0x33, 0x00, 0x23, 0xFF, 0xB0, 0x00,
  0x00, 0x00, 0x41, 0xFF, 0x93, 0x00, 0x81, 0xFF, 0x58, 0x00, 0x00, 0x00, 0x02, 0xE3, 0xEC, 0x06,
  0x0C, 0xFF, 0xFF, 0xFF, 0xFD, 0xE3, 0x81, 0x01, 0x0C, 0xFF, 0xC6, 0x60, 0x66, 0xC0, 0xFF, 0x65,
  0x0C, 0xFF, 0xA4, 0x00, 0x00, 0x24, 0xFF, 0x92, 0x0C, 0xFF, 0xA4, 0x00, 0x0B, 0x84, 0xFD, 0x44,
  0x0C, 0xFF, 0xFF, 0xFF, 0xFF, 0xFF, 0x84, 0x02, 0x0C, 0xFF, 0xB5, 0x30, 0x34, 0x73, 0xFB, 0x99,
  0x0C, 0xFF, 0xA4, 0x00, 0x00, 0x00, 0xCD, 0xF3, 0x0C, 0xFF, 0xC6, 0x60, 0x63, 0x8F, 0xFE, 0xC4,
  0x0C, 0xFF, 0xFF, 0xFF, 0xFF, 0xF0, 0xAD, 0x1E, 0x00, 0x00, 0x41, 0xBC, 0xF1, 0xED, 0xBA, 0x3F,
  0x00, 0x00, 0x56, 0xFD, 0xE3, 0x8B, 0x8A, 0xE3, 0xFB, 0x46, 0x06, 0xEA, 0xE1, 0x12, 0x00, 0x00,
  0x16, 0xEF, 0xC5, 0x3B, 0xFF, 0x7E, 0x00, 0x00, 0x00, 0x00, 0x0C, 0x0F, 0x51, 0xFF, 0x61, 0x00,
  0x00, 0x00, 0x00, 0x00, 0x00, 0x3B, 0xFF, 0x7F, 0x00, 0x00, 0x00, 0x00, 0x0B, 0x0F, 0x06, 0xEB,
  0xE2, 0x13, 0x00, 0x00, 0x15, 0xEE, 0xC4, 0x00, 0x58, 0xFE, 0xE4, 0x8D, 0x8C, 0xE4, 0xF9, 0x3F,
  0x00, 0x00, 0x46, 0xBF, 0xF2, 0xEC, 0xB8, 0x37, 0x00, 0x0C, 0xFF, 0xFF, 0xFF, 0xF7, 0xD5, 0x79,
  0x05, 0x00, 0x0C, 0xFF, 0xFF, 0x70, 0x7A, 0xB6, 0xFF, 0xB9, 0x02, 0x0C, 0xFF, 0xA4, 0x00, 0x00,
  0x00, 0x81, 0xFF, 0x56, 0x0C, 0xFF, 0xA4, 0x00, 0x00, 0x00, 0x11, 0xFF, 0x9F, 0x0C, 0xFF, 0xA4,
  0x00, 0x00, 0x00, 0x00, 0xF6, 0xB5, 0x0C, 0xFF, 0xA4, 0x00, 0x00, 0x00, 0x11, 0xFF, 0x9F, 0x0C,
  0xFF, 0xA4, 0x00, 0x00, 0x00, 0x80, 0xFF, 0x57, 0x0C, 0xFF, 0xFF, 0x6C, 0x76, 0xB4, 0xFF, 0xBA,
  0x02, 0x0C, 0xFF, 0xFF, 0xFF, 0xF7, 0xD5, 0x7B, 0x06, 0x00, 0x0C, 0xFF, 0xFF, 0xFF, 0xFF, 0xFF,
  0xFF, 0x18, 0x0C, 0xFF, 0xC9, 0x68, 0x68, 0x68, 0x68, 0x09, 0x0C, 0xFF, 0xA4, 0x00, 0x00, 0x00,
  0x00, 0x00, 0x0C, 0xFF, 0xAB, 0x14, 0x14, 0x14, 0x0F, 0x00, 0x0C, 0xFF, 0xFF, 0xFF, 0xFF, 0xFF,
  0xC4, 0x00, 0x0C, 0xFF, 0xBC, 0x44, 0x44, 0x44, 0x34, 0x00, 0x0C, 0xFF, 0xA4, 0x00, 0x00, 0x00,
  0x00, 0x00, 0x0C, 0xFF, 0xC7, 0x64, 0x64, 0x64, 0x64, 0x0C, 0x0C, 0xFF, 0xFF, 0xFF, 0xFF, 0xFF,
  0xFF, 0x20, 0x0C, 0xFF, 0xFF, 0xFF, 0xFF, 0xFF, 0xFF, 0x04, 0x0C, 0xFF, 0xC9, 0x68, 0x68, 0x68,
  0x68, 0x01, 0x0C, 0xFF, 0xA4, 0x00, 0x00, 0x00, 0x00, 0x00, 0x0C, 0xFF, 0xAC, 0x18, 0x18, 0x18,
  0x0D, 0x00, 0x0C, 0xFF, 0xFF, 0xFF, 0xFF, 0xFF, 0x94, 0x00, 0x0C, 0xFF, 0xBD, 0x48, 0x48, 0x48,
  0x29, 0x00, 0x0C, 0xFF, 0xA4, 0x00, 0x00, 0x00, 0x00, 0x00, 0x0C, 0xFF, 0xA4, 0x00, 0x00, 0x00,
  0x00, 0x00, 0x0C, 0xFF, 0xA4, 0x00, 0x00, 0x00, 0x00, 0x00, 0x00, 0x00, 0x41, 0xBC, 0xF1, 0xED,
  0xBC, 0x45, 0x00, 0x00, 0x00, 0x54, 0xFD, 0xE4, 0x8B, 0x88, 0xDC, 0xFD, 0x55, 0x00, 0x05, 0xE9,
  0xE2, 0x13, 0x00, 0x00, 0x0E, 0xB8, 0x9E, 0x00, 0x3B, 0xFF, 0x7F, 0x00, 0x00, 0x09, 0x0C, 0x0C,
  0x0C, 0x00, 0x51, 0xFF, 0x62, 0x00, 0x00, 0xC8, 0xFF, 0xFF, 0xFF, 0x0C, 0x3B, 0xFF, 0x80, 0x00,
  0x00, 0x2E, 0x3C, 0xBE, 0xFC, 0x03, 0x06, 0xEC, 0xE3, 0x14, 0x00, 0x00, 0x1C, 0xE9, 0xCB, 0x00,
  0x00, 0x59, 0xFE, 0xE4, 0x8E, 0x8A, 0xE3, 0xFD, 0x47, 0x00, 0x00, 0x00, 0x45, 0xBE, 0xF1, 0xF3,
  0xC0, 0x42, 0x00, 0x00, 0x0C, 0xFF, 0xA4, 0x00, 0x00, 0x00, 0x00, 0xF4, 0xBC, 0x0C, 0xFF, 0xA4,
  0x00, 0x00, 0x00, 0x00, 0xF4, 0xBC, 0x0C, 0xFF, 0xA4, 0x00, 0x00, 0x00, 0x00, 0xF4, 0xBC, 0x0C,
  0xFF, 0xAC, 0x18, 0x18, 0x18, 0x18, 0xF5, 0xBC, 0x0C, 0xFF, 0xFF, 0xFF, 0xFF, 0xFF, 0xFF, 0xFF,
  0xBC, 0x0C, 0xFF, 0xBD, 0x48, 0x48, 0x48, 0x48, 0xF7, 0xBC, 0x0C, 0xFF, 0xA4, 0x00, 0x00, 0x00,
  0x00, 0xF4, 0xBC, 0x0C, 0xFF, 0xA4, 0x00, 0x00, 0x00, 0x00, 0xF4, 0xBC, 0x0C, 0xFF, 0xA4, 0x00,
  0x00, 0x00, 0x00, 0xF4, 0xBC, 0x0C, 0xFF, 0xA4, 0x0C, 0xFF, 0xA4, 0x0C, 0xFF, 0xA4, 0x0C, 0xFF,
  0xA4, 0x0C, 0xFF, 0xA4, 0x0C, 0xFF, 0xA4, 0x0C, 0xFF, 0xA4, 0x0C, 0xFF, 0xA4, 0x0C, 0xFF, 0xA4,
  0x00, 0x00, 0x00, 0x00, 0x18, 0xFF, 0x98, 0x00, 0x00, 0x00, 0x00, 0x18, 0xFF, 0x98, 0x00, 0x00,
  0x00, 0x00, 0x18, 0xFF, 0x98, 0x00, 0x00, 0x00, 0x00, 0x18, 0xFF, 0x98, 0x00, 0x00, 0x00, 0x00,
  0x18, 0xFF, 0x98, 0x24, 0x48, 0x0D, 0x00, 0x18, 0xFF, 0x98, 0x72, 0xFF, 0x3D, 0x00, 0x25, 0xFF,
  0x8B, 0x32, 0xFD, 0xCA, 0x66, 0xBD, 0xFF, 0x48, 0x00, 0x57, 0xD4, 0xF6, 0xDB, 0x68, 0x00, 0x0C,
  0xFF, 0xA4, 0x00, 0x00, 0x0B, 0xC7, 0xFA, 0x4A, 0x0C, 0xFF, 0xA4, 0x00, 0x06, 0xB8, 0xFE, 0x59,
  0x00, 0x0C, 0xFF, 0xA3, 0x01, 0xA9, 0xFF, 0x6A, 0x00, 0x00, 0x0C, 0xFF, 0xA0, 0x88, 0xFF, 0x82,
  0x00, 0x00, 0x00, 0x0C, 0xFF, 0xEB, 0xFF, 0xFF, 0x8B, 0x00, 0x00, 0x00, 0x0C, 0xFF, 0xFF, 0x6A,
  0xAE, 0xFE, 0x46, 0x00, 0x00, 0x0C, 0xFF, 0xEF, 0x00, 0x12, 0xE5, 0xE7, 0x15, 0x00, 0x0C, 0xFF,
  0xA4, 0x00, 0x00, 0x43, 0xFE, 0xB5, 0x00, 0x0C, 0xFF, 0xA4, 0x00, 0x00, 0x00, 0x8B, 0xFF, 0x6F,
  0x0C, 0xFF, 0xA4, 0x00, 0x00, 0x00, 0x00, 0x0C, 0xFF, 0xA4, 0x00, 0x00, 0x00, 0x00, 0x0C, 0xFF,
  0xA4, 0x00, 0x00, 0x00, 0x00, 0x0C, 0xFF, 0xA4, 0x00, 0x00, 0x00, 0x00, 0x0C, 0xFF, 0xA4, 0x00,
  0x00, 0x00, 0x00, 0x0C, 0xFF, 0xA4, 0x00, 0x00, 0x00, 0x00, 0x0C, 0xFF, 0xA4, 0x00, 0x00, 0x00,
  0x00, 0x0C, 0xFF, 0xC7, 0x64, 0x64, 0x64, 0x52, 0x0C, 0xFF, 0xFF, 0xFF, 0xFF, 0xFF, 0xD4, 0x0C,
  0xFF, 0xFF, 0xB1, 0x00, 0x00, 0x00, 0x00, 0xB6, 0xFF, 0xFF, 0x08, 0x0C, 0xFF, 0xF7, 0xFB, 0x18,
  0x00, 0x00, 0x1A, 0xFC, 0xF2, 0xFF, 0x08, 0x0C, 0xFF, 0xAF, 0xFE, 0x77, 0x00, 0x00, 0x7A, 0xFB,
  0xAF, 0xFF, 0x08, 0x0C, 0xFF, 0x97, 0xC9, 0xD9, 0x00, 0x00, 0xDA, 0xBE, 0xA6, 0xFF, 0x08, 0x0C,
  0xFF, 0x9B, 0x70, 0xFF, 0x3C, 0x3D, 0xFF, 0x67, 0xA8, 0xFF, 0x08, 0x0C, 0xFF, 0x9C, 0x14, 0xFA,
  0x8E, 0x90, 0xF7, 0x10, 0xA8, 0xFF, 0x08, 0x0C, 0xFF, 0x9C, 0x00, 0xAD, 0xD4, 0xD4, 0xA8, 0x00,
  0xA8, 0xFF, 0x08, 0x0C, 0xFF, 0x9C, 0x00, 0x4B, 0xFF, 0xFF, 0x48, 0x00, 0xA8, 0xFF, 0x08, 0x0C,
  0xFF, 0x9C, 0x00, 0x03, 0xE5, 0xE5, 0x03, 0x00, 0xA8, 0xFF, 0x08, 0x0C, 0xFF, 0xFC, 0x35, 0x00,
  0x00, 0x00, 0xCC, 0xEC, 0x0C, 0xFF, 0xFF, 0xD1, 0x05, 0x00, 0x00, 0xCC, 0xEC, 0x0C, 0xFF, 0xB5,
  0xF7, 0x7B, 0x00, 0x00, 0xCC, 0xEC, 0x0C, 0xFF, 0xA5, 0x85, 0xF8, 0x27, 0x00, 0xCC, 0xEC, 0x0C,
  0xFF, 0xAB, 0x0A, 0xDE, 0xC2, 0x01, 0xCC, 0xEC, 0x0C, 0xFF, 0xAC, 0x00, 0x44, 0xFF, 0x63, 0xC8,
  0xEC, 0x0C, 0xFF, 0xAC, 0x00, 0x00, 0x9F, 0xE6, 0xC8, 0xEC, 0x0C, 0xFF, 0xAC, 0x00, 0x00, 0x11,
  0xE7, 0xFF, 0xEC, 0x0C, 0xFF, 0xAC, 0x00, 0x00, 0x00, 0x53, 0xFF, 0xEC, 0x00, 0x00, 0x3F, 0xBA,
  0xF0, 0xF1, 0xBA, 0x3F, 0x00, 0x00, 0x00, 0x55, 0xFD, 0xE3, 0x8B, 0x8A, 0xE4, 0xFD, 0x53, 0x00,
  0x06, 0xEA, 0xE0, 0x12, 0x00, 0x00, 0x14, 0xE4, 0xE8, 0x05, 0x3B, 0xFF, 0x7D, 0x00, 0x00, 0x00,
  0x00, 0x83, 0xFF, 0x3A, 0x51, 0xFF, 0x61, 0x00, 0x00, 0x00, 0x00, 0x66, 0xFF, 0x50, 0x3B, 0xFF,
  0x7D, 0x00, 0x00, 0x00, 0x00, 0x83, 0xFF, 0x3A, 0x06, 0xEB, 0xE0, 0x12, 0x00, 0x00, 0x14, 0xE4,
  0xE8, 0x05, 0x00, 0x56, 0xFD, 0xE3, 0x8D, 0x8D, 0xE4, 0xFD, 0x53, 0x00, 0x00, 0x00, 0x42, 0xBD,
  0xF1, 0xF1, 0xBD, 0x41, 0x00, 0x00, 0x0C, 0xFF, 0xFF, 0xFF, 0xFC, 0xDC, 0x6F, 0x00, 0x0C, 0xFF,
  0xC7, 0x64, 0x73, 0xCE, 0xFF, 0x60, 0x0C, 0xFF, 0xA4, 0x00, 0x00, 0x14, 0xFD, 0xBE, 0x0C, 0xFF,
  0xA4, 0x00, 0x00, 0x05, 0xF8, 0xC8, 0x0C, 0xFF, 0xB5, 0x14, 0x23, 0x8F, 0xFF, 0x85, 0x0C, 0xFF,
  0xFF, 0xFF, 0xFF, 0xFF, 0xB1, 0x0A, 0x0C, 0xFF, 0xDF, 0x44, 0x40, 0x1F, 0x00, 0x00, 0x0C, 0xFF,
  0xA4, 0x00, 0x00, 0x00, 0x00, 0x00, 0x0C, 0xFF, 0xA4, 0x00, 0x00, 0x00, 0x00, 0x00, 0x00, 0x00,
  0x3F, 0xBA, 0xF0, 0xF1, 0xBA, 0x3F, 0x00, 0x00, 0x00, 0x55, 0xFD, 0xE3, 0x8B, 0x8A, 0xE4, 0xFD,
  0x53, 0x00, 0x06, 0xEA, 0xE0, 0x12, 0x00, 0x00, 0x14, 0xE4, 0xE8, 0x05, 0x3B, 0xFF, 0x7D, 0x00,
  0x00, 0x00, 0x00, 0x83, 0xFF, 0x3A, 0x51, 0xFF, 0x61, 0x00, 0x00, 0x00, 0x00, 0x66, 0xFF, 0x50,
  0x3B, 0xFF, 0x7D, 0x00, 0x0A, 0x14, 0x00, 0x83, 0xFF, 0x3A, 0x06, 0xEB, 0xE0, 0x12, 0x21, 0xEA,
  0x90, 0xE4, 0xE8, 0x05, 0x00, 0x56, 0xFD, 0xE3, 0x8D, 0xC8, 0xFF, 0xFF, 0x53, 0x00, 0x00, 0x00,
  0x42, 0xBD, 0xF1, 0xF1, 0xFF, 0xFF, 0x43, 0x00, 0x00, 0x00, 0x00, 0x00, 0x00, 0x00, 0x00, 0x5E,
  0x70, 0x01, 0x0C, 0xFF, 0xFF, 0xFF, 0xFC, 0xE1, 0x87, 0x05, 0x00, 0x0C, 0xFF, 0xC7, 0x64, 0x6F,
  0xB9, 0xFF, 0x84, 0x00, 0x0C, 0xFF, 0xA4, 0x00, 0x00, 0x04, 0xF8, 0xCA, 0x00, 0x0C, 0xFF, 0xBC,
  0x18, 0x21, 0x6C, 0xFF, 0xA8, 0x00, 0x0C, 0xFF, 0xFF, 0xFF, 0xFF, 0xFF, 0xD3, 0x1F, 0x00, 0x0C,
  0xFF, 0xEC, 0x48, 0xC9, 0xFF, 0x5B, 0x00, 0x00, 0x0C, 0xFF, 0xA4, 0x00, 0x11, 0xF0, 0xDB, 0x04,
  0x00, 0x0C, 0xFF, 0xA4, 0x00, 0x00, 0x80, 0xFF, 0x64, 0x00, 0x0C, 0xFF, 0xA4, 0x00, 0x00, 0x0F,
  0xEE, 0xE2, 0x07, 0x00, 0x1A, 0xA2, 0xEA, 0xF9, 0xD6, 0x6B, 0x00, 0x01, 0xD3, 0xF9, 0x8F, 0x6D,
  0xBC, 0xFF, 0x64, 0x19, 0xFF, 0xAB, 0x00, 0x00, 0x04, 0x89, 0x5D, 0x01, 0xD7, 0xF6, 0x81, 0x31,
  0x03, 0x00, 0x00, 0x00, 0x18, 0x96, 0xE9, 0xFF, 0xEB, 0x87, 0x06, 0x00, 0x00, 0x00, 0x00, 0x29,
  0x87, 0xFF, 0x8E, 0x3F, 0xC0, 0x51, 0x00, 0x00, 0x02, 0xEF, 0xCF, 0x14, 0xEE, 0xF1, 0x88, 0x74,
  0xBF, 0xFF, 0x8D, 0x00, 0x2B, 0xB1, 0xEF, 0xFA, 0xDD, 0x83, 0x05, 0x78, 0xFF, 0xFF, 0xFF, 0xFF,
  0xFF, 0xFF, 0xFF, 0x10, 0x30, 0x68, 0x68, 0xBB, 0xFF, 0x7D, 0x68, 0x68, 0x06, 0x00, 0x00, 0x00,
  0x8C, 0xFF, 0x24, 0x00, 0x00, 0x00, 0x00, 0x00, 0x00, 0x8C, 0xFF, 0x24, 0x00, 0x00, 0x00, 0x00,
  0x00, 0x00, 0x8C, 0xFF, 0x24, 0x00, 0x00, 0x00, 0x00, 0x00, 0x00, 0x8C, 0xFF, 0x24, 0x00, 0x00,
  0x00, 0x00, 0x00, 0x00, 0x8C, 0xFF, 0x24, 0x00, 0x00, 0x00, 0x00, 0x00, 0x00, 0x8C, 0xFF, 0x24,
  0x00, 0x00, 0x00, 0x00, 0x00, 0x00, 0x8C, 0xFF, 0x24, 0x00, 0x00, 0x00, 0x0C, 0xFF, 0xA4, 0x00,
  0x00, 0x00, 0x14, 0xFF, 0xA0, 0x0C, 0xFF, 0xA4, 0x00, 0x00, 0x00, 0x14, 0xFF, 0xA0, 0x0C, 0xFF,
  0xA4, 0x00, 0x00, 0x00, 0x14, 0xFF, 0xA0, 0x0C, 0xFF, 0xA4, 0x00, 0x00, 0x00, 0x14, 0xFF, 0xA0,
  0x0C, 0xFF, 0xA4, 0x00, 0x00, 0x00, 0x14, 0xFF, 0xA0, 0x0B, 0xFF, 0xA6, 0x00, 0x00, 0x00, 0x16,
  0xFF, 0x9F, 0x00, 0xEF, 0xDC, 0x0C, 0x00, 0x00, 0x59, 0xFF, 0x82, 0x00, 0x80, 0xFF, 0xD7, 0x8D,
  0xA2, 0xF9, 0xEF, 0x20, 0x00, 0x01, 0x6A, 0xD2, 0xF8, 0xEE, 0xAF, 0x2A, 0x00, 0x81, 0xFF, 0x59,
  0x00, 0x00, 0x00, 0x00, 0xDF, 0xED, 0x06, 0x21, 0xFE, 0xB6, 0x00, 0x00, 0x00, 0x39, 0xFF, 0x96,
  0x00, 0x00, 0xC1, 0xFB, 0x16, 0x00, 0x00, 0x92, 0xFF, 0x38, 0x00, 0x00, 0x61, 0xFF, 0x6E, 0x00,
  0x02, 0xE7, 0xD9, 0x00, 0x00, 0x00, 0x0C, 0xF4, 0xC9, 0x00, 0x42, 0xFF, 0x7B, 0x00, 0x00, 0x00,
  0x00, 0xA1, 0xFF, 0x1D, 0x95, 0xFE, 0x1F, 0x00, 0x00, 0x00, 0x00, 0x41, 0xFF, 0x6A, 0xE2, 0xBF,
  0x00, 0x00, 0x00, 0x00, 0x00, 0x01, 0xDF, 0xDF, 0xFF, 0x61, 0x00, 0x00, 0x00, 0x00, 0x00, 0x00,
  0x80, 0xFF, 0xF5, 0x0D, 0x00, 0x00, 0x00, 0x8C, 0xFF, 0x44, 0x00, 0x00, 0x67, 0xFF, 0xA9, 0x00,
  0x00, 0x0A, 0xFA, 0xCB, 0x43, 0xFF, 0x87, 0x00, 0x00, 0xAB, 0xFF, 0xEB, 0x01, 0x00, 0x46, 0xFF,
  0x83, 0x06, 0xF3, 0xC9, 0x00, 0x02, 0xED, 0xC9, 0xFF, 0x31, 0x00, 0x87, 0xFF, 0x3A, 0x00, 0xB1,
  0xFC, 0x0E, 0x34, 0xFF, 0x5D, 0xFE, 0x75, 0x00, 0xC9, 0xEE, 0x03, 0x00, 0x68, 0xFF, 0x4C, 0x78,
  0xFC, 0x11, 0xCF, 0xB8, 0x0D, 0xFC, 0xA9, 0x00, 0x00, 0x1F, 0xFF, 0x86, 0xB8, 0xC7, 0x00, 0x88,
  0xF2, 0x48, 0xFF, 0x61, 0x00, 0x00, 0x00, 0xD6, 0xB7, 0xED, 0x80, 0x00, 0x41, 0xFF, 0xA6, 0xFF,
  0x19, 0x00, 0x00, 0x00, 0x8D, 0xFF, 0xFF, 0x39, 0x00, 0x06, 0xF4, 0xFF, 0xD0, 0x00, 0x00, 0x00,
  0x00, 0x44, 0xFF, 0xF0, 0x03, 0x00, 0x00, 0xB3, 0xFF, 0x88, 0x00, 0x00, 0x1B, 0xED, 0xDE, 0x0D,
  0x00, 0x00, 0x80, 0xFF, 0x68, 0x00, 0x00, 0x54, 0xFF, 0x9D, 0x00, 0x39, 0xFC, 0xB2, 0x00, 0x00,
  0x00, 0x00, 0x9E, 0xFF, 0x44, 0xD6, 0xE7, 0x14, 0x00, 0x00, 0x00, 0x00, 0x0C, 0xDB, 0xFF, 0xFF,
  0x47, 0x00, 0x00, 0x00, 0x00, 0x00, 0x00, 0x8F, 0xFF, 0xFF, 0x03, 0x00, 0x00, 0x00, 0x00, 0x00,
  0x23, 0xF1, 0xE6, 0xFF, 0x7F, 0x00, 0x00, 0x00, 0x00, 0x06, 0xCB, 0xF3, 0x22, 0xBA, 0xFC, 0x3A,
  0x00, 0x00, 0x00, 0x8E, 0xFF, 0x5F, 0x00, 0x1C, 0xED, 0xDF, 0x0F, 0x00, 0x4A, 0xFE, 0xA5, 0x00,
  0x00, 0x00, 0x53, 0xFF, 0xA7, 0x00, 0x5F, 0xFF, 0x97, 0x00, 0x00, 0x00, 0x4F, 0xFF, 0xA3, 0x00,
  0xBC, 0xFD, 0x31, 0x00, 0x07, 0xDC, 0xED, 0x15, 0x00, 0x23, 0xF6, 0xC6, 0x01, 0x78, 0xFF, 0x63,
  0x00, 0x00, 0x00, 0x78, 0xFF, 0x65, 0xF0, 0xC1, 0x01, 0x00, 0x00, 0x00, 0x04, 0xD0, 0xFF, 0xF9,
  0x28, 0x00, 0x00, 0x00, 0x00, 0x00, 0x45, 0xFF, 0x95, 0x00, 0x00, 0x00, 0x00, 0x00, 0x00, 0x30,
  0xFF, 0x80, 0x00, 0x00, 0x00, 0x00, 0x00, 0x00, 0x30, 0xFF, 0x80, 0x00, 0x00, 0x00, 0x00, 0x00,
  0x00, 0x30, 0xFF, 0x80, 0x00, 0x00, 0x00, 0x44, 0xFF, 0xFF, 0xFF, 0xFF, 0xFF, 0xFF, 0xB8, 0x1A,
  0x64, 0x64, 0x64, 0x64, 0xC3, 0xFF, 0x62, 0x00, 0x00, 0x00, 0x00, 0x3B, 0xFA, 0xA7, 0x00, 0x00,
  0x00, 0x00, 0x11, 0xE2, 0xDD, 0x0E, 0x00, 0x00, 0x00, 0x00, 0xAF, 0xFA, 0x36, 0x00, 0x00, 0x00,
  0x00, 0x6D, 0xFF, 0x74, 0x00, 0x00, 0x00, 0x00, 0x2F, 0xF8, 0xB3, 0x01, 0x00, 0x00, 0x00, 0x0B,
  0xD8, 0xFF, 0x6D, 0x60, 0x60, 0x60, 0x48, 0x3C, 0xFF, 0xFF, 0xFF, 0xFF, 0xFF, 0xFF, 0xC0, 0x06,
  0x08, 0x08, 0x01, 0xC0, 0xFF, 0xFF, 0x28, 0xC0, 0xE0, 0x38, 0x08, 0xC0, 0xD8, 0x00, 0x00, 0xC0,
  0xD8, 0x00, 0x00, 0xC0, 0xD8, 0x00, 0x00, 0xC0, 0xD8, 0x00, 0x00, 0xC0, 0xD8, 0x00, 0x00, 0xC0,
  0xD8, 0x00, 0x00, 0xC0, 0xD8, 0x00, 0x00, 0xC0, 0xD9, 0x08, 0x01, 0xC0, 0xFF, 0xFF, 0x28, 0x2A,
  0x38, 0x38, 0x08, 0xA5, 0xCA, 0x00, 0x00, 0x00, 0x5E, 0xFD, 0x14, 0x00, 0x00, 0x18, 0xFE, 0x58,
  0x00, 0x00, 0x00, 0xD0, 0x9F, 0x00, 0x00, 0x00, 0x89, 0xE6, 0x00, 0x00, 0x00, 0x42, 0xFF, 0x2D,
  0x00, 0x00, 0x06, 0xF4, 0x74, 0x00, 0x00, 0x00, 0xB4, 0xBB, 0x00, 0x00, 0x00, 0x6D, 0xF8, 0x0A,
  0x00, 0x00, 0x26, 0xFF, 0x49, 0x00, 0x00, 0x00, 0xDF, 0x90, 0x02, 0x08, 0x08, 0x04, 0x50, 0xFF,
  0xFF, 0x98, 0x11, 0x38, 0xFC, 0x98, 0x00, 0x00, 0xFC, 0x98, 0x00, 0x00, 0xFC, 0x98, 0x00, 0x00,
  0xFC, 0x98, 0x00, 0x00, 0xFC, 0x98, 0x00, 0x00, 0xFC, 0x98, 0x00, 0x00, 0xFC, 0x98, 0x00, 0x00,
  0xFC, 0x98, 0x02, 0x08, 0xFC, 0x98, 0x50, 0xFF, 0xFF, 0x98, 0x11, 0x38, 0x38, 0x21, 0x00, 0x00,
  0x4A, 0x66, 0x00, 0x00, 0x00, 0x12, 0xF7, 0xFF, 0x49, 0x00, 0x00, 0x7D, 0xC6, 0x86, 0xC0, 0x00,
  0x09, 0xEA, 0x5A, 0x1D, 0xFB, 0x36, 0x44, 0xB7, 0x06, 0x00, 0x8A, 0x77, 0x10, 0x10, 0x10, 0x10,
  0x10, 0x10, 0x01, 0xFF, 0xFF, 0xFF, 0xFF, 0xFF, 0xFF, 0x18, 0x3C, 0x3C, 0x3C, 0x3C, 0x3C, 0x3C,
  0x05, 0x9F, 0xB9, 0x00, 0x1D, 0xF1, 0x40, 0x00, 0x49, 0xC9, 0xF4, 0xE2, 0x80, 0x01, 0x15, 0xE8,
  0xB6, 0x49, 0x8B, 0xFF, 0x67, 0x00, 0x00, 0x05, 0x1C, 0x5A, 0xFF, 0x95, 0x09, 0x9E, 0xF3, 0xF3,
  0xCA, 0xFF, 0x98, 0x68, 0xFF, 0x57, 0x01, 0x19, 0xFF, 0x98, 0x6B, 0xFF, 0x7C, 0x3F, 0xAD, 0xFF,
  0x98, 0x09, 0xA0, 0xEE, 0xE6, 0x62, 0xFC, 0x98, 0x20, 0xFF, 0x88, 0x00, 0x00, 0x00, 0x00, 0x00,
  0x20, 0xFF, 0x88, 0x00, 0x00, 0x00, 0x00, 0x00, 0x20, 0xFF, 0x93, 0xAA, 0xF2, 0xD5, 0x47, 0x00,
  0x20, 0xFF, 0xF7, 0x85, 0x65, 0xE6, 0xF5, 0x1D, 0x20, 0xFF, 0xB1, 0x00, 0x00, 0x58, 0xFF, 0x6D,
  0x20, 0xFF, 0x8A, 0x00, 0x00, 0x2F, 0xFF, 0x86, 0x20, 0xFF, 0xB3, 0x00, 0x00, 0x5A, 0xFF, 0x6E,
  0x20, 0xFF, 0xF5, 0x85, 0x64, 0xE6, 0xF6, 0x1E, 0x20, 0xFF, 0x88, 0xAD, 0xF4, 0xD6, 0x49, 0x00,
  0x00, 0x1F, 0xB1, 0xF2, 0xEB, 0xA1, 0x11, 0x00, 0x07, 0xDB, 0xF1, 0x69, 0x6F, 0xF4, 0xB5, 0x00,
  0x4C, 0xFF, 0x75, 0x00, 0x00, 0x42, 0x40, 0x00, 0x69, 0xFF, 0x4A, 0x00, 0x00, 0x00, 0x00, 0x00,
  0x4D, 0xFF, 0x74, 0x00, 0x00, 0x45, 0x48, 0x00, 0x08, 0xDD, 0xF0, 0x65, 0x6B, 0xF3, 0xB8, 0x00,
  0x00, 0x20, 0xB1, 0xF3, 0xED, 0xA3, 0x12, 0x00, 0x00, 0x00, 0x00, 0x00, 0x00, 0x68, 0xFF, 0x40,
  0x00, 0x00, 0x00, 0x00, 0x00, 0x68, 0xFF, 0x40, 0x00, 0x35, 0xCB, 0xF4, 0xB8, 0x7D, 0xFF, 0x40,
  0x0D, 0xE9, 0xF2, 0x6C, 0x77, 0xF2, 0xFF, 0x40, 0x52, 0xFF, 0x74, 0x00, 0x00, 0x96, 0xFF, 0x40,
  0x6A, 0xFF, 0x4A, 0x00, 0x00, 0x6B, 0xFF, 0x40, 0x52, 0xFF, 0x76, 0x00, 0x00, 0x97, 0xFF, 0x40,
  0x0E, 0xEA, 0xF2, 0x6C, 0x76, 0xF1, 0xFF, 0x40, 0x00, 0x37, 0xCD, 0xF5, 0xBA, 0x75, 0xFF, 0x40,
  0x00, 0x1E, 0xB1, 0xF3, 0xE4, 0x8A, 0x09, 0x00, 0x07, 0xDA, 0xE2, 0x60, 0x6C, 0xFB, 0x92, 0x00,
  0x4B, 0xFF, 0x55, 0x00, 0x00, 0x9F, 0xF9, 0x08, 0x69, 0xFF, 0xFF, 0xF4, 0xF4, 0xFF, 0xFF, 0x20,
  0x4E, 0xFF, 0x7F, 0x24, 0x24, 0x24, 0x24, 0x05, 0x08, 0xDE, 0xE6, 0x62, 0x56, 0xD5, 0xB2, 0x00,
  0x00, 0x22, 0xB3, 0xF2, 0xEC, 0xB2, 0x25, 0x00, 0x00, 0x13, 0xB2, 0xF4, 0xBA, 0x00, 0x81, 0xFF,
  0x87, 0x39, 0xE0, 0xFF, 0xFF, 0xFF, 0x9C, 0x38, 0xD4, 0xFF, 0x54, 0x27, 0x00, 0x94, 0xFF, 0x14,
  0x00, 0x00, 0x94, 0xFF, 0x14, 0x00, 0x00, 0x94, 0xFF, 0x14, 0x00, 0x00, 0x94, 0xFF, 0x14, 0x00,
  0x00, 0x94, 0xFF, 0x14, 0x00, 0x00, 0x2F, 0xC8, 0xF4, 0xBC, 0x73, 0xFF, 0x40, 0x0A, 0xE5, 0xF4,
  0x6E, 0x77, 0xF1, 0xFF, 0x40, 0x4E, 0xFF, 0x7A, 0x00, 0x00, 0x96, 0xFF, 0x40, 0x6A, 0xFF, 0x4A,
  0x00, 0x00, 0x6A, 0xFF, 0x40, 0x56, 0xFF, 0x6C, 0x00, 0x00, 0x8E, 0xFF, 0x40, 0x10, 0xEE, 0xEC,
  0x5B, 0x6D, 0xF1, 0xFF, 0x40, 0x00, 0x3C, 0xD0, 0xF6, 0xC2, 0x7B, 0xFF, 0x40, 0x00, 0x02, 0x0A,
  0x00, 0x00, 0x6C, 0xFF, 0x35, 0x05, 0xD3, 0xC8, 0x4A, 0x52, 0xDE, 0xE4, 0x07, 0x00, 0x39, 0xBF,
  0xEF, 0xF3, 0xB9, 0x2B, 0x00, 0x20, 0xFF, 0x80, 0x00, 0x00, 0x00, 0x00, 0x00, 0x20, 0xFF, 0x80,
  0x00, 0x00, 0x00, 0x00, 0x00, 0x20, 0xFF, 0x86, 0xA6, 0xF5, 0xD7, 0x3C, 0x00, 0x20, 0xFF, 0xF0,
  0x88, 0x7D, 0xF8, 0xE0, 0x00, 0x20, 0xFF, 0xA2, 0x00, 0x00, 0xA5, 0xFF, 0x0F, 0x20, 0xFF, 0x88,
  0x00, 0x00, 0x94, 0xFF, 0x14, 0x20, 0xFF, 0x88, 0x00, 0x00, 0x94, 0xFF, 0x14, 0x20, 0xFF, 0x88,
  0x00, 0x00, 0x94, 0xFF, 0x14, 0x20, 0xFF, 0x88, 0x00, 0x00, 0x94, 0xFF, 0x14, 0x1F, 0xEB, 0x78,
  0x11, 0xA8, 0x4E, 0x20, 0xFF, 0x88, 0x20, 0xFF, 0x88, 0x20, 0xFF, 0x88, 0x20, 0xFF, 0x88, 0x20,
  0xFF, 0x88, 0x20, 0xFF, 0x88, 0x20, 0xFF, 0x88, 0x00, 0x21, 0xEC, 0x76, 0x00, 0x13, 0xA8, 0x4D,
  0x00, 0x20, 0xFF, 0x88, 0x00, 0x20, 0xFF, 0x88, 0x00, 0x20, 0xFF, 0x88, 0x00, 0x20, 0xFF, 0x88,
  0x00, 0x20, 0xFF, 0x88, 0x00, 0x20, 0xFF, 0x88, 0x00, 0x20, 0xFF, 0x88, 0x00, 0x22, 0xFF, 0x86,
  0x15, 0x91, 0xFF, 0x66, 0x44, 0xEA, 0xA4, 0x08, 0x20, 0xFF, 0x88, 0x00, 0x00, 0x00, 0x00, 0x00,
  0x20, 0xFF, 0x88, 0x00, 0x00, 0x00, 0x00, 0x00, 0x20, 0xFF, 0x88, 0x00, 0x44, 0xFA, 0xAE, 0x02,
  0x20, 0xFF, 0x88, 0x30, 0xF2, 0xC2, 0x08, 0x00, 0x20, 0xFF, 0xAE, 0xEA, 0xE4, 0x11, 0x00, 0x00,
  0x20, 0xFF, 0xFF, 0xFF, 0xD2, 0x01, 0x00, 0x00, 0x20, 0xFF, 0xD7, 0x8B, 0xFF, 0x75, 0x00, 0x00,
  0x20, 0xFF, 0x88, 0x04, 0xC4, 0xFA, 0x37, 0x00, 0x20, 0xFF, 0x88, 0x00, 0x1D, 0xED, 0xDF, 0x10,
  0x20, 0xFF, 0x88, 0x20, 0xFF, 0x88, 0x20, 0xFF, 0x88, 0x20, 0xFF, 0x88, 0x20, 0xFF, 0x88, 0x20,
  0xFF, 0x88, 0x20, 0xFF, 0x88, 0x20, 0xFF, 0x88, 0x20, 0xFF, 0x88, 0x20, 0xFF, 0x89, 0xC8, 0xF5,
  0xA6, 0x20, 0xB8, 0xF5, 0xCC, 0x24, 0x20, 0xFF, 0xE4, 0x5A, 0x82, 0xFF, 0xDE, 0x63, 0x6E, 0xFD,
  0xAE, 0x20, 0xFF, 0x95, 0x00, 0x00, 0xF7, 0xB1, 0x00, 0x00, 0xD9, 0xD2, 0x20, 0xFF, 0x88, 0x00,
  0x00, 0xF4, 0xA8, 0x00, 0x00, 0xD4, 0xD4, 0x20, 0xFF, 0x88, 0x00, 0x00, 0xF4, 0xA8, 0x00, 0x00,
  0xD4, 0xD4, 0x20, 0xFF, 0x88, 0x00, 0x00, 0xF4, 0xA8, 0x00, 0x00, 0xD4, 0xD4, 0x20, 0xFF, 0x88,
  0x00, 0x00, 0xF4, 0xA8, 0x00, 0x00, 0xD4, 0xD4, 0x20, 0xFF, 0x81, 0xB4, 0xF6, 0xD6, 0x3A, 0x00,
  0x20, 0xFF, 0xEF, 0x70, 0x66, 0xF4, 0xDE, 0x00, 0x20, 0xFF, 0x9D, 0x00, 0x00, 0xA1, 0xFF, 0x0F,
  0x20, 0xFF, 0x88, 0x00, 0x00, 0x94, 0xFF, 0x14, 0x20, 0xFF, 0x88, 0x00, 0x00, 0x94, 0xFF, 0x14,
  0x20, 0xFF, 0x88, 0x00, 0x00, 0x94, 0xFF, 0x14, 0x20, 0xFF, 0x88, 0x00, 0x00, 0x94, 0xFF, 0x14,
  0x00, 0x1F, 0xB1, 0xF2, 0xEF, 0xA6, 0x16, 0x00, 0x07, 0xDB, 0xF1, 0x69, 0x71, 0xF9, 0xC7, 0x00,
  0x4C, 0xFF, 0x75, 0x00, 0x00, 0x8B, 0xFF, 0x33, 0x69, 0xFF, 0x4A, 0x00, 0x00, 0x5F, 0xFF, 0x51,
  0x4D, 0xFF, 0x75, 0x00, 0x00, 0x8A, 0xFF, 0x33, 0x08, 0xDD, 0xF0, 0x65, 0x6D, 0xF8, 0xC9, 0x00,
  0x00, 0x20, 0xB1, 0xF3, 0xF0, 0xA6, 0x16, 0x00, 0x20, 0xFF, 0x8B, 0xB0, 0xF3, 0xD5, 0x47, 0x00,
  0x20, 0xFF, 0xF8, 0x6F, 0x4E, 0xDD, 0xF5, 0x1D, 0x20, 0xFF, 0xAC, 0x00, 0x00, 0x53, 0xFF, 0x6D,
  0x20, 0xFF, 0x8A, 0x00, 0x00, 0x2E, 0xFF, 0x86, 0x20, 0xFF, 0xB6, 0x00, 0x00, 0x5B, 0xFF, 0x6E,
  0x20, 0xFF, 0xF8, 0x88, 0x64, 0xE6, 0xF6, 0x1E, 0x20, 0xFF, 0x94, 0xAD, 0xF4, 0xD6, 0x49, 0x00,
  0x20, 0xFF, 0x88, 0x00, 0x00, 0x00, 0x00, 0x00, 0x20, 0xFF, 0x88, 0x00, 0x00, 0x00, 0x00, 0x00,
  0x20, 0xFF, 0x88, 0x00, 0x00, 0x00, 0x00, 0x00, 0x00, 0x35, 0xCB, 0xF4, 0xB8, 0x75, 0xFF, 0x40,
  0x0D, 0xE9, 0xF2, 0x6C, 0x77, 0xF0, 0xFF, 0x40, 0x52, 0xFF, 0x74, 0x00, 0x00, 0x96, 0xFF, 0x40,
  0x6A, 0xFF, 0x4A, 0x00, 0x00, 0x6B, 0xFF, 0x40, 0x52, 0xFF, 0x76, 0x00, 0x00, 0x97, 0xFF, 0x40,
  0x0E, 0xEA, 0xF2, 0x6C, 0x76, 0xF2, 0xFF, 0x40, 0x00, 0x37, 0xCD, 0xF5, 0xBA, 0x7D, 0xFF, 0x40,
  0x00, 0x00, 0x00, 0x00, 0x00, 0x68, 0xFF, 0x40, 0x00, 0x00, 0x00, 0x00, 0x00, 0x68, 0xFF, 0x40,
  0x00, 0x00, 0x00, 0x00, 0x00, 0x68, 0xFF, 0x40, 0x00, 0x00, 0x00, 0x00, 0x01, 0x20, 0xFF, 0x93,
  0xCD, 0xE6, 0x20, 0xFF, 0xF6, 0x84, 0x56, 0x20, 0xFF, 0xA1, 0x00, 0x00, 0x20, 0xFF, 0x88, 0x00,
  0x00, 0x20, 0xFF, 0x88, 0x00, 0x00, 0x20, 0xFF, 0x88, 0x00, 0x00, 0x20, 0xFF, 0x88, 0x00, 0x00,
  0x00, 0x5B, 0xCF, 0xF4, 0xD9, 0x70, 0x00, 0x21, 0xFD, 0xB7, 0x43, 0x88, 0xF1, 0x31, 0x26, 0xFF,
  0xBC, 0x35, 0x07, 0x01, 0x00, 0x00, 0x67, 0xDB, 0xFF, 0xF8, 0xAC, 0x14, 0x00, 0x1B, 0x09, 0x17,
  0x7B, 0xFF, 0x87, 0x43, 0xFF, 0xAD, 0x4B, 0x88, 0xFF, 0x70, 0x00, 0x64, 0xD6, 0xF8, 0xE4, 0x86,
  0x04, 0x00, 0x6E, 0x64, 0x00, 0x00, 0x00, 0xDC, 0xC8, 0x00, 0x00, 0xE0, 0xFF, 0xFF, 0xFF, 0x28,
  0x38, 0xFF, 0xFF, 0x40, 0x0A, 0x00, 0xDC, 0xC8, 0x00, 0x00, 0x00, 0xDC, 0xC8, 0x00, 0x00, 0x00,
  0xDC, 0xC8, 0x00, 0x00, 0x00, 0xCA, 0xED, 0x5C, 0x0D, 0x00, 0x47, 0xDF, 0xFA, 0x3D, 0x20, 0xFF,
  0x88, 0x00, 0x00, 0x94, 0xFF, 0x14, 0x20, 0xFF, 0x88, 0x00, 0x00, 0x94, 0xFF, 0x14, 0x20, 0xFF,
  0x88, 0x00, 0x00, 0x94, 0xFF, 0x14, 0x20, 0xFF, 0x88, 0x00, 0x00, 0x94, 0xFF, 0x14, 0x1B, 0xFF,
  0x98, 0x00, 0x00, 0xAF, 0xFF, 0x14, 0x03, 0xE9, 0xF4, 0x79, 0x8C, 0xF0, 0xFF, 0x14, 0x00, 0x44,
  0xDC, 0xF6, 0xA8, 0x86, 0xFF, 0x14, 0x90, 0xFF, 0x2F, 0x00, 0x00, 0x88, 0xFF, 0x32, 0x2F, 0xFF,
  0x86, 0x00, 0x00, 0xDE, 0xD1, 0x00, 0x00, 0xCF, 0xDD, 0x00, 0x37, 0xFF, 0x70, 0x00, 0x00, 0x6E,
  0xFF, 0x35, 0x8E, 0xFA, 0x15, 0x00, 0x00, 0x13, 0xF9, 0x81, 0xDB, 0xAE, 0x00, 0x00, 0x00, 0x00,
  0xAD, 0xE6, 0xFF, 0x4D, 0x00, 0x00, 0x00, 0x00, 0x4C, 0xFF, 0xE8, 0x04, 0x00, 0x00, 0x92, 0xFF,
  0x24, 0x00, 0x75, 0xFF, 0x60, 0x00, 0x41, 0xFF, 0x78, 0x44, 0xFF, 0x66, 0x00, 0xB7, 0xFF, 0xA2,
  0x00, 0x81, 0xFF, 0x2B, 0x05, 0xF1, 0xA8, 0x05, 0xF3, 0xB0, 0xE4, 0x00, 0xC1, 0xDE, 0x00, 0x00,
  0xAA, 0xE4, 0x3B, 0xFD, 0x39, 0xFF, 0x29, 0xF7, 0x91, 0x00, 0x00, 0x5D, 0xFF, 0x96, 0xCA, 0x00,
  0xE2, 0x96, 0xFF, 0x44, 0x00, 0x00, 0x13, 0xFC, 0xFF, 0x7F, 0x00, 0x98, 0xFF, 0xF1, 0x05, 0x00,
  0x00, 0x00, 0xC3, 0xFF, 0x35, 0x00, 0x4D, 0xFF, 0xAA, 0x00, 0x00, 0x3B, 0xFD, 0x92, 0x00, 0x27,
  0xF8, 0xA3, 0x00, 0x00, 0x93, 0xFD, 0x2D, 0xBA, 0xE9, 0x13, 0x00, 0x00, 0x0C, 0xE1, 0xF7, 0xFF,
  0x55, 0x00, 0x00, 0x00, 0x00, 0xAC, 0xFF, 0xFF, 0x01, 0x00, 0x00, 0x00, 0x1B, 0xF0, 0xC4, 0xFF,
  0x69, 0x00, 0x00, 0x00, 0xB4, 0xF0, 0x15, 0xA4, 0xF3, 0x20, 0x00, 0x5C, 0xFF, 0x69, 0x00, 0x18,
  0xEF, 0xBD, 0x01, 0x91, 0xFF, 0x2D, 0x00, 0x00, 0x84, 0xFF, 0x37, 0x33, 0xFF, 0x82, 0x00, 0x00,
  0xDA, 0xD8, 0x00, 0x00, 0xD4, 0xD6, 0x00, 0x33, 0xFF, 0x79, 0x00, 0x00, 0x77, 0xFF, 0x2A, 0x8A,
  0xFD, 0x1C, 0x00, 0x00, 0x1B, 0xFD, 0x74, 0xD8, 0xBA, 0x00, 0x00, 0x00, 0x00, 0xBB, 0xD2, 0xFF,
  0x5A, 0x00, 0x00, 0x00, 0x00, 0x5D, 0xFF, 0xF1, 0x09, 0x00, 0x00, 0x00, 0x00, 0x28, 0xFF, 0x9B,
  0x00, 0x00, 0x00, 0x00, 0x60, 0xB2, 0xFD, 0x2F, 0x00, 0x00, 0x00, 0x10, 0xF5, 0xE2, 0x64, 0x00,
  0x00, 0x00, 0x00, 0x1C, 0xFF, 0xFF, 0xFF, 0xFF, 0xFF, 0x78, 0x0A, 0x60, 0x60, 0x60, 0xE0, 0xF7,
  0x31, 0x00, 0x00, 0x00, 0x74, 0xFF, 0x64, 0x00, 0x00, 0x00, 0x43, 0xFC, 0x9F, 0x00, 0x00, 0x00,
  0x1F, 0xEB, 0xD0, 0x09, 0x00, 0x00, 0x08, 0xCD, 0xFF, 0x7F, 0x5C, 0x5C, 0x35, 0x38, 0xFF, 0xFF,
  0xFF, 0xFF, 0xFF, 0x94, 0x00, 0x00, 0x13, 0xB1, 0xEF, 0x37, 0x00, 0x00, 0x8B, 0xFC, 0x67, 0x0E,
  0x00, 0x00, 0xB0, 0xD8, 0x00, 0x00, 0x00, 0x00, 0xB7, 0xD3, 0x00, 0x00, 0x08, 0x63, 0xFA, 0xAA,
  0x00, 0x00, 0x3B, 0xFF, 0xFF, 0x15, 0x00, 0x00, 0x12, 0xC5, 0xFF, 0xA2, 0x00, 0x00, 0x00, 0x00,
  0xBA, 0xD3, 0x00, 0x00, 0x00, 0x00, 0xB3, 0xD6, 0x00, 0x00, 0x00, 0x00, 0xA0, 0xF6, 0x2C, 0x01,
  0x00, 0x00, 0x2B, 0xE4, 0xFF, 0x38, 0x00, 0x00, 0x00, 0x04, 0x26, 0x0A, 0x70, 0xFF, 0x18, 0x70,
  0xFF, 0x18, 0x70, 0xFF, 0x18, 0x70, 0xFF, 0x18, 0x70, 0xFF, 0x18, 0x70, 0xFF, 0x18, 0x70, 0xFF,
  0x18, 0x70, 0xFF, 0x18, 0x70, 0xFF, 0x18, 0x70, 0xFF, 0x18, 0x70, 0xFF, 0x18, 0x70, 0xFF, 0x18,
  0x70, 0xFF, 0x18, 0x70, 0xFF, 0x18, 0x70, 0xFF, 0x18, 0x4E, 0xEC, 0xA4, 0x09, 0x00, 0x00, 0x15,
  0x74, 0xFF, 0x70, 0x00, 0x00, 0x00, 0x00, 0xF0, 0x98, 0x00, 0x00, 0x00, 0x00, 0xEB, 0x9E, 0x00,
  0x00, 0x00, 0x00, 0xC3, 0xF0, 0x5C, 0x01, 0x00, 0x00, 0x21, 0xFF, 0xFF, 0x08, 0x00, 0x00, 0xBB,
  0xFF, 0xBD, 0x02, 0x00, 0x00, 0xEB, 0xA2, 0x00, 0x00, 0x00, 0x00, 0xEE, 0x9B, 0x00, 0x00, 0x02,
  0x3B, 0xFE, 0x86, 0x00, 0x00, 0x50, 0xFF, 0xDB, 0x1B, 0x00, 0x00, 0x0F, 0x23, 0x01, 0x00, 0x00,
  0x00, 0x00, 0x07, 0x03, 0x00, 0x00, 0x0C, 0x0E, 0x62, 0xF7, 0xF6, 0x92, 0x2B, 0xCC, 0xAC, 0xE4,
  0xAF, 0x64, 0xE0, 0xFF, 0xF9, 0x40, 0x42, 0x19, 0x00, 0x06, 0x35, 0x17, 0x00,
};
constexpr size_t NameVlwSize = sizeof(NameVlw);

// Tag: Inter-600, 11 px, 95 glyphs (chip tags, small captions).
alignas(4) const uint8_t TagVlw[] = {
  0x00, 0x00, 0x00, 0x5F, 0x00, 0x00, 0x00, 0x0B, 0x00, 0x00, 0x00, 0x0B, 0x00, 0x00, 0x00, 0x00,
  0x00, 0x00, 0x00, 0x0B, 0x00, 0x00, 0x00, 0x03, 0x00, 0x00, 0x00, 0x20, 0x00, 0x00, 0x00, 0x00,
  0x00, 0x00, 0x00, 0x00, 0x00, 0x00, 0x00, 0x03, 0x00, 0x00, 0x00, 0x00, 0x00, 0x00, 0x00, 0x00,
  0x00, 0x00, 0x00, 0x00, 0x00, 0x00, 0x00, 0x21, 0x00, 0x00, 0x00, 0x08, 0x00, 0x00, 0x00, 0x03,
  0x00, 0x00, 0x00, 0x04, 0x00, 0x00, 0x00, 0x08, 0x00, 0x00, 0x00, 0x00, 0x00, 0x00, 0x00, 0x00,
  0x00, 0x00, 0x00, 0x22, 0x00, 0x00, 0x00, 0x04, 0x00, 0x00, 0x00, 0x04, 0x00, 0x00, 0x00, 0x06,
  0x00, 0x00, 0x00, 0x08, 0x00, 0x00, 0x00, 0x01, 0x00, 0x00, 0x00, 0x00, 0x00, 0x00, 0x00, 0x23,
  0x00, 0x00, 0x00, 0x08, 0x00, 0x00, 0x00, 0x07, 0x00, 0x00, 0x00, 0x07, 0x00, 0x00, 0x00, 0x08,
  0x00, 0x00, 0x00, 0x00, 0x00, 0x00, 0x00, 0x00, 0x00, 0x00, 0x00, 0x24, 0x00, 0x00, 0x00, 0x0A,
  0x00, 0x00, 0x00, 0x07, 0x00, 0x00, 0x00, 0x07, 0x00, 0x00, 0x00, 0x09, 0x00, 0x00, 0x00, 0x00,
  0x00, 0x00, 0x00, 0x00, 0x00, 0x00, 0x00, 0x25, 0x00, 0x00, 0x00, 0x08, 0x00, 0x00, 0x00, 0x09,
  0x00, 0x00, 0x00, 0x0B, 0x00, 0x00, 0x00, 0x08, 0x00, 0x00, 0x00, 0x01, 0x00, 0x00, 0x00, 0x00,
  0x00, 0x00, 0x00, 0x26, 0x00, 0x00, 0x00, 0x08, 0x00, 0x00, 0x00, 0x08, 0x00, 0x00, 0x00, 0x07,
  0x00, 0x00, 0x00, 0x08, 0x00, 0x00, 0x00, 0x00, 0x00, 0x00, 0x00, 0x00, 0x00, 0x00, 0x00, 0x27,
  0x00, 0x00, 0x00, 0x04, 0x00, 0x00, 0x00, 0x02, 0x00, 0x00, 0x00, 0x04, 0x00, 0x00, 0x00, 0x08,
  0x00, 0x00, 0x00, 0x01, 0x00, 0x00, 0x00, 0x00, 0x00, 0x00, 0x00, 0x28, 0x00, 0x00, 0x00, 0x0A,
  0x00, 0x00, 0x00, 0x03, 0x00, 0x00, 0x00, 0x04, 0x00, 0x00, 0x00, 0x09, 0x00, 0x00, 0x00, 0x01,
  0x00, 0x00, 0x00, 0x00, 0x00, 0x00, 0x00, 0x29, 0x00, 0x00, 0x00, 0x0A, 0x00, 0x00, 0x00, 0x04,
  0x00, 0x00, 0x00, 0x04, 0x00, 0x00, 0x00, 0x09, 0x00, 0x00, 0x00, 0x00, 0x00, 0x00, 0x00, 0x00,
  0x00, 0x00, 0x00, 0x2A, 0x00, 0x00, 0x00, 0x05, 0x00, 0x00, 0x00, 0x06, 0x00, 0x00, 0x00, 0x06,
  0x00, 0x00, 0x00, 0x08, 0x00, 0x00, 0x00, 0x00, 0x00, 0x00, 0x00, 0x00, 0x00, 0x00, 0x00, 0x2B,
  0x00, 0x00, 0x00, 0x06, 0x00, 0x00, 0x00, 0x06, 0x00, 0x00, 0x00, 0x07, 0x00, 0x00, 0x00, 0x06,
  0x00, 0x00, 0x00, 0x01, 0x00, 0x00, 0x00, 0x00, 0x00, 0x00, 0x00, 0x2C, 0x00, 0x00, 0x00, 0x04,
  0x00, 0x00, 0x00, 0x03, 0x00, 0x00, 0x00, 0x04, 0x00, 0x00, 0x00, 0x02, 0x00, 0x00, 0x00, 0x00,
  0x00, 0x00, 0x00, 0x00, 0x00, 0x00, 0x00, 0x2D, 0x00, 0x00, 0x00, 0x02, 0x00, 0x00, 0x00, 0x05,
  0x00, 0x00, 0x00, 0x05, 0x00, 0x00, 0x00, 0x04, 0x00, 0x00, 0x00, 0x00, 0x00, 0x00, 0x00, 0x00,
  0x00, 0x00, 0x00, 0x2E, 0x00, 0x00, 0x00, 0x02, 0x00, 0x00, 0x00, 0x03, 0x00, 0x00, 0x00, 0x04,
  0x00, 0x00, 0x00, 0x02, 0x00, 0x00, 0x00, 0x00, 0x00, 0x00, 0x00, 0x00, 0x00, 0x00, 0x00, 0x2F,
  0x00, 0x00, 0x00, 0x0A, 0x00, 0x00, 0x00, 0x04, 0x00, 0x00, 0x00, 0x04, 0x00, 0x00, 0x00, 0x09,
  0x00, 0x00, 0x00, 0x00, 0x00, 0x00, 0x00, 0x00, 0x00, 0x00, 0x00, 0x30, 0x00, 0x00, 0x00, 0x08,
  0x00, 0x00, 0x00, 0x07, 0x00, 0x00, 0x00, 0x07, 0x00, 0x00, 0x00, 0x08, 0x00, 0x00, 0x00, 0x00,
  0x00, 0x00, 0x00, 0x00, 0x00, 0x00, 0x00, 0x31, 0x00, 0x00, 0x00, 0x08, 0x00, 0x00, 0x00, 0x04,
  0x00, 0x00, 0x00, 0x07, 0x00, 0x00, 0x00, 0x08, 0x00, 0x00, 0x00, 0x01, 0x00, 0x00, 0x00, 0x00,
  0x00, 0x00, 0x00, 0x32, 0x00, 0x00, 0x00, 0x08, 0x00, 0x00, 0x00, 0x07, 0x00, 0x00, 0x00, 0x07,
  0x00, 0x00, 0x00, 0x08, 0x00, 0x00, 0x00, 0x00, 0x00, 0x00, 0x00, 0x00, 0x00, 0x00, 0x00, 0x33,
  0x00, 0x00, 0x00, 0x08, 0x00, 0x00, 0x00, 0x07, 0x00, 0x00, 0x00, 0x07, 0x00, 0x00, 0x00, 0x08,
  0x00, 0x00, 0x00, 0x00, 0x00, 0x00, 0x00, 0x00, 0x00, 0x00, 0x00, 0x34, 0x00, 0x00, 0x00, 0x08,
  0x00, 0x00, 0x00, 0x07, 0x00, 0x00, 0x00, 0x07, 0x00, 0x00, 0x00, 0x08, 0x00, 0x00, 0x00, 0x00,
  0x00, 0x00, 0x00, 0x00, 0x00, 0x00, 0x00, 0x35, 0x00, 0x00, 0x00, 0x08, 0x00, 0x00, 0x00, 0x07,
  0x00, 0x00, 0x00, 0x07, 0x00, 0x00, 0x00, 0x08, 0x00, 0x00, 0x00, 0x00, 0x00, 0x00, 0x00, 0x00,
  0x00, 0x00, 0x00, 0x36, 0x00, 0x00, 0x00, 0x08, 0x00, 0x00, 0x00, 0x07, 0x00, 0x00, 0x00, 0x07,
  0x00, 0x00, 0x00, 0x08, 0x00, 0x00, 0x00, 0x00, 0x00, 0x00, 0x00, 0x00, 0x00, 0x00, 0x00, 0x37,
  0x00, 0x00, 0x00, 0x08, 0x00, 0x00, 0x00, 0x06, 0x00, 0x00, 0x00, 0x07, 0x00, 0x00, 0x00, 0x08,
  0x00, 0x00, 0x00, 0x00, 0x00, 0x00, 0x00, 0x00, 0x00, 0x00, 0x00, 0x38, 0x00, 0x00, 0x00, 0x08,
  0x00, 0x00, 0x00, 0x07, 0x00, 0x00, 0x00, 0x07, 0x00, 0x00, 0x00, 0x08, 0x00, 0x00, 0x00, 0x00,
  0x00, 0x00, 0x00, 0x00, 0x00, 0x00, 0x00, 0x39, 0x00, 0x00, 0x00, 0x08, 0x00, 0x00, 0x00, 0x07,
  0x00, 0x00, 0x00, 0x07, 0x00, 0x00, 0x00, 0x08, 0x00, 0x00, 0x00, 0x00, 0x00, 0x00, 0x00, 0x00,
  0x00, 0x00, 0x00, 0x3A, 0x00, 0x00, 0x00, 0x06, 0x00, 0x00, 0x00, 0x03, 0x00, 0x00, 0x00, 0x04,
  0x00, 0x00, 0x00, 0x06, 0x00, 0x00, 0x00, 0x00, 0x00, 0x00, 0x00, 0x00, 0x00, 0x00, 0x00, 0x3B,
  0x00, 0x00, 0x00, 0x08, 0x00, 0x00, 0x00, 0x03, 0x00, 0x00, 0x00, 0x04, 0x00, 0x00, 0x00, 0x06,
  0x00, 0x00, 0x00, 0x00, 0x00, 0x00, 0x00, 0x00, 0x00, 0x00, 0x00, 0x3C, 0x00, 0x00, 0x00, 0x07,
  0x00, 0x00, 0x00, 0x07, 0x00, 0x00, 0x00, 0x07, 0x00, 0x00, 0x00, 0x07, 0x00, 0x00, 0x00, 0x00,
  0x00, 0x00, 0x00, 0x00, 0x00, 0x00, 0x00, 0x3D, 0x00, 0x00, 0x00, 0x04, 0x00, 0x00, 0x00, 0x06,
  0x00, 0x00, 0x00, 0x07, 0x00, 0x00, 0x00, 0x05, 0x00, 0x00, 0x00, 0x01, 0x00, 0x00, 0x00, 0x00,
  0x00, 0x00, 0x00, 0x3E, 0x00, 0x00, 0x00, 0x07, 0x00, 0x00, 0x00, 0x06, 0x00, 0x00, 0x00, 0x07,
  0x00, 0x00, 0x00, 0x07, 0x00, 0x00, 0x00, 0x01, 0x00, 0x00, 0x00, 0x00, 0x00, 0x00, 0x00, 0x3F,
  0x00, 0x00, 0x00, 0x08, 0x00, 0x00, 0x00, 0x06, 0x00, 0x00, 0x00, 0x06, 0x00, 0x00, 0x00, 0x08,
  0x00, 0x00, 0x00, 0x00, 0x00, 0x00, 0x00, 0x00, 0x00, 0x00, 0x00, 0x40, 0x00, 0x00, 0x00, 0x0A,
  0x00, 0x00, 0x00, 0x0B, 0x00, 0x00, 0x00, 0x0B, 0x00, 0x00, 0x00, 0x08, 0x00, 0x00, 0x00, 0x00,
  0x00, 0x00, 0x00, 0x00, 0x00, 0x00, 0x00, 0x41, 0x00, 0x00, 0x00, 0x08, 0x00, 0x00, 0x00, 0x08,
  0x00, 0x00, 0x00, 0x08, 0x00, 0x00, 0x00, 0x08, 0x00, 0x00, 0x00, 0x00, 0x00, 0x00, 0x00, 0x00,
  0x00, 0x00, 0x00, 0x42, 0x00, 0x00, 0x00, 0x08, 0x00, 0x00, 0x00, 0x07, 0x00, 0x00, 0x00, 0x07,
  0x00, 0x00, 0x00, 0x08, 0x00, 0x00, 0x00, 0x00, 0x00, 0x00, 0x00, 0x00, 0x00, 0x00, 0x00, 0x43,
  0x00, 0x00, 0x00, 0x08, 0x00, 0x00, 0x00, 0x08, 0x00, 0x00, 0x00, 0x08, 0x00, 0x00, 0x00, 0x08,
  0x00, 0x00, 0x00, 0x00, 0x00, 0x00, 0x00, 0x00, 0x00, 0x00, 0x00, 0x44, 0x00, 0x00, 0x00, 0x08,
  0x00, 0x00, 0x00, 0x08, 0x00, 0x00, 0x00, 0x08, 0x00, 0x00, 0x00, 0x08, 0x00, 0x00, 0x00, 0x00,
  0x00, 0x00, 0x00, 0x00, 0x00, 0x00, 0x00, 0x45, 0x00, 0x00, 0x00, 0x08, 0x00, 0x00, 0x00, 0x07,
  0x00, 0x00, 0x00, 0x07, 0x00, 0x00, 0x00, 0x08, 0x00, 0x00, 0x00, 0x00, 0x00, 0x00, 0x00, 0x00,
  0x00, 0x00, 0x00, 0x46, 0x00, 0x00, 0x00, 0x08, 0x00, 0x00, 0x00, 0x06, 0x00, 0x00, 0x00, 0x06,
  0x00, 0x00, 0x00, 0x08, 0x00, 0x00, 0x00, 0x00, 0x00, 0x00, 0x00, 0x00, 0x00, 0x00, 0x00, 0x47,
  0x00, 0x00, 0x00, 0x08, 0x00, 0x00, 0x00, 0x08, 0x00, 0x00, 0x00, 0x08, 0x00, 0x00, 0x00, 0x08,
  0x00, 0x00, 0x00, 0x00, 0x00, 0x00, 0x00, 0x00, 0x00, 0x00, 0x00, 0x48, 0x00, 0x00, 0x00, 0x08,
  0x00, 0x00, 0x00, 0x08, 0x00, 0x00, 0x00, 0x08, 0x00, 0x00, 0x00, 0x08, 0x00, 0x00, 0x00, 0x00,
  0x00, 0x00, 0x00, 0x00, 0x00, 0x00, 0x00, 0x49, 0x00, 0x00, 0x00, 0x08, 0x00, 0x00, 0x00, 0x03,
  0x00, 0x00, 0x00, 0x03, 0x00, 0x00, 0x00, 0x08, 0x00, 0x00, 0x00, 0x00, 0x00, 0x00, 0x00, 0x00,
  0x00, 0x00, 0x00, 0x4A, 0x00, 0x00, 0x00, 0x08, 0x00, 0x00, 0x00, 0x06, 0x00, 0x00, 0x00, 0x06,
  0x00, 0x00, 0x00, 0x08, 0x00, 0x00, 0x00, 0x00, 0x00, 0x00, 0x00, 0x00, 0x00, 0x00, 0x00, 0x4B,
  0x00, 0x00, 0x00, 0x08, 0x00, 0x00, 0x00, 0x08, 0x00, 0x00, 0x00, 0x08, 0x00, 0x00, 0x00, 0x08,
  0x00, 0x00, 0x00, 0x00, 0x00, 0x00, 0x00, 0x00, 0x00, 0x00, 0x00, 0x4C, 0x00, 0x00, 0x00, 0x08,
  0x00, 0x00, 0x00, 0x06, 0x00, 0x00, 0x00, 0x06, 0x00, 0x00, 0x00, 0x08, 0x00, 0x00, 0x00, 0x00,
  0x00, 0x00, 0x00, 0x00, 0x00, 0x00, 0x00, 0x4D, 0x00, 0x00, 0x00, 0x08, 0x00, 0x00, 0x00, 0x0A,
  0x00, 0x00, 0x00, 0x0A, 0x00, 0x00, 0x00, 0x08, 0x00, 0x00, 0x00, 0x00, 0x00, 0x00, 0x00, 0x00,
  0x00, 0x00, 0x00, 0x4E, 0x00, 0x00, 0x00, 0x08, 0x00, 0x00, 0x00, 0x08, 0x00, 0x00, 0x00, 0x08,
  0x00, 0x00, 0x00, 0x08, 0x00, 0x00, 0x00, 0x00, 0x00, 0x00, 0x00, 0x00, 0x00, 0x00, 0x00, 0x4F,
  0x00, 0x00, 0x00, 0x08, 0x00, 0x00, 0x00, 0x08, 0x00, 0x00, 0x00, 0x08, 0x00, 0x00, 0x00, 0x08,
  0x00, 0x00, 0x00, 0x00, 0x00, 0x00, 0x00, 0x00, 0x00, 0x00, 0x00, 0x50, 0x00, 0x00, 0x00, 0x08,
  0x00, 0x00, 0x00, 0x07, 0x00, 0x00, 0x00, 0x07, 0x00, 0x00, 0x00, 0x08, 0x00, 0x00, 0x00, 0x00,
  0x00, 0x00, 0x00, 0x00, 0x00, 0x00, 0x00, 0x51, 0x00, 0x00, 0x00, 0x09, 0x00, 0x00, 0x00, 0x08,
  0x00, 0x00, 0x00, 0x09, 0x00, 0x00, 0x00, 0x08, 0x00, 0x00, 0x00, 0x00, 0x00, 0x00, 0x00, 0x00,
  0x00, 0x00, 0x00, 0x52, 0x00, 0x00, 0x00, 0x08, 0x00, 0x00, 0x00, 0x07, 0x00, 0x00, 0x00, 0x07,
  0x00, 0x00, 0x00, 0x08, 0x00, 0x00, 0x00, 0x00, 0x00, 0x00, 0x00, 0x00, 0x00, 0x00, 0x00, 0x53,
  0x00, 0x00, 0x00, 0x08, 0x00, 0x00, 0x00, 0x07, 0x00, 0x00, 0x00, 0x07, 0x00, 0x00, 0x00, 0x08,
  0x00, 0x00, 0x00, 0x00, 0x00, 0x00, 0x00, 0x00, 0x00, 0x00, 0x00, 0x54, 0x00, 0x00, 0x00, 0x08,
  0x00, 0x00, 0x00, 0x07, 0x00, 0x00, 0x00, 0x07, 0x00, 0x00, 0x00, 0x08, 0x00, 0x00, 0x00, 0x00,
  0x00, 0x00, 0x00, 0x00, 0x00, 0x00, 0x00, 0x55, 0x00, 0x00, 0x00, 0x08, 0x00, 0x00, 0x00, 0x08,
  0x00, 0x00, 0x00, 0x08, 0x00, 0x00, 0x00, 0x08, 0x00, 0x00, 0x00, 0x00, 0x00, 0x00, 0x00, 0x00,
  0x00, 0x00, 0x00, 0x56, 0x00, 0x00, 0x00, 0x08, 0x00, 0x00, 0x00, 0x08, 0x00, 0x00, 0x00, 0x08,
  0x00, 0x00, 0x00, 0x08, 0x00, 0x00, 0x00, 0x00, 0x00, 0x00, 0x00, 0x00, 0x00, 0x00, 0x00, 0x57,
  0x00, 0x00, 0x00, 0x08, 0x00, 0x00, 0x00, 0x0B, 0x00, 0x00, 0x00, 0x0B, 0x00, 0x00, 0x00, 0x08,
  0x00, 0x00, 0x00, 0x00, 0x00, 0x00, 0x00, 0x00, 0x00, 0x00, 0x00, 0x58, 0x00, 0x00, 0x00, 0x08,
  0x00, 0x00, 0x00, 0x08, 0x00, 0x00, 0x00, 0x08, 0x00, 0x00, 0x00, 0x08, 0x00, 0x00, 0x00, 0x00,
  0x00, 0x00, 0x00, 0x00, 0x00, 0x00, 0x00, 0x59, 0x00, 0x00, 0x00, 0x08, 0x00, 0x00, 0x00, 0x08,
  0x00, 0x00, 0x00, 0x08, 0x00, 0x00, 0x00, 0x08, 0x00, 0x00, 0x00, 0x00, 0x00, 0x00, 0x00, 0x00,
  0x00, 0x00, 0x00, 0x5A, 0x00, 0x00, 0x00, 0x08, 0x00, 0x00, 0x00, 0x07, 0x00, 0x00, 0x00, 0x07,
  0x00, 0x00, 0x00, 0x08, 0x00, 0x00, 0x00, 0x00, 0x00, 0x00, 0x00, 0x00, 0x00, 0x00, 0x00, 0x5B,
  0x00, 0x00, 0x00, 0x0B, 0x00, 0x00, 0x00, 0x03, 0x00, 0x00, 0x00, 0x04, 0x00, 0x00, 0x00, 0x09,
  0x00, 0x00, 0x00, 0x01, 0x00, 0x00, 0x00, 0x00, 0x00, 0x00, 0x00, 0x5C, 0x00, 0x00, 0x00, 0x0A,
  0x00, 0x00, 0x00, 0x04, 0x00, 0x00, 0x00, 0x04, 0x00, 0x00, 0x00, 0x09, 0x00, 0x00, 0x00, 0x00,
  0x00, 0x00, 0x00, 0x00, 0x00, 0x00, 0x00, 0x5D, 0x00, 0x00, 0x00, 0x0B, 0x00, 0x00, 0x00, 0x04,
  0x00, 0x00, 0x00, 0x04, 0x00, 0x00, 0x00, 0x09, 0x00, 0x00, 0x00, 0x00, 0x00, 0x00, 0x00, 0x00,
  0x00, 0x00, 0x00, 0x5E, 0x00, 0x00, 0x00, 0x05, 0x00, 0x00, 0x00, 0x05, 0x00, 0x00, 0x00, 0x05,
  0x00, 0x00, 0x00, 0x08, 0x00, 0x00, 0x00, 0x00, 0x00, 0x00, 0x00, 0x00, 0x00, 0x00, 0x00, 0x5F,
  0x00, 0x00, 0x00, 0x02, 0x00, 0x00, 0x00, 0x06, 0x00, 0x00, 0x00, 0x05, 0x00, 0x00, 0x00, 0x00,
  0x00, 0x00, 0x00, 0x00, 0x00, 0x00, 0x00, 0x00, 0x00, 0x00, 0x00, 0x60, 0x00, 0x00, 0x00, 0x02,
  0x00, 0x00, 0x00, 0x03, 0x00, 0x00, 0x00, 0x04, 0x00, 0x00, 0x00, 0x09, 0x00, 0x00, 0x00, 0x00,
  0x00, 0x00, 0x00, 0x00, 0x00, 0x00, 0x00, 0x61, 0x00, 0x00, 0x00, 0x06, 0x00, 0x00, 0x00, 0x06,
  0x00, 0x00, 0x00, 0x06, 0x00, 0x00, 0x00, 0x06, 0x00, 0x00, 0x00, 0x00, 0x00, 0x00, 0x00, 0x00,
  0x00, 0x00, 0x00, 0x62, 0x00, 0x00, 0x00, 0x08, 0x00, 0x00, 0x00, 0x07, 0x00, 0x00, 0x00, 0x07,
  0x00, 0x00, 0x00, 0x08, 0x00, 0x00, 0x00, 0x00, 0x00, 0x00, 0x00, 0x00, 0x00, 0x00, 0x00, 0x63,
  0x00, 0x00, 0x00, 0x06, 0x00, 0x00, 0x00, 0x06, 0x00, 0x00, 0x00, 0x06, 0x00, 0x00, 0x00, 0x06,
  0x00, 0x00, 0x00, 0x00, 0x00, 0x00, 0x00, 0x00, 0x00, 0x00, 0x00, 0x64, 0x00, 0x00, 0x00, 0x08,
  0x00, 0x00, 0x00, 0x07, 0x00, 0x00, 0x00, 0x07, 0x00, 0x00, 0x00, 0x08, 0x00, 0x00, 0x00, 0x00,
  0x00, 0x00, 0x00, 0x00, 0x00, 0x00, 0x00, 0x65, 0x00, 0x00, 0x00, 0x06, 0x00, 0x00, 0x00, 0x07,
  0x00, 0x00, 0x00, 0x07, 0x00, 0x00, 0x00, 0x06, 0x00, 0x00, 0x00, 0x00, 0x00, 0x00, 0x00, 0x00,
  0x00, 0x00, 0x00, 0x66, 0x00, 0x00, 0x00, 0x08, 0x00, 0x00, 0x00, 0x05, 0x00, 0x00, 0x00, 0x04,
  0x00, 0x00, 0x00, 0x08, 0x00, 0x00, 0x00, 0x00, 0x00, 0x00, 0x00, 0x00, 0x00, 0x00, 0x00, 0x67,
  0x00, 0x00, 0x00, 0x08, 0x00, 0x00, 0x00, 0x07, 0x00, 0x00, 0x00, 0x07, 0x00, 0x00, 0x00, 0x06,
  0x00, 0x00, 0x00, 0x00, 0x00, 0x00, 0x00, 0x00, 0x00, 0x00, 0x00, 0x68, 0x00, 0x00, 0x00, 0x08,
  0x00, 0x00, 0x00, 0x06, 0x00, 0x00, 0x00, 0x07, 0x00, 0x00, 0x00, 0x08, 0x00, 0x00, 0x00, 0x00,
  0x00, 0x00, 0x00, 0x00, 0x00, 0x00, 0x00, 0x69, 0x00, 0x00, 0x00, 0x08, 0x00, 0x00, 0x00, 0x03,
  0x00, 0x00, 0x00, 0x03, 0x00, 0x00, 0x00, 0x08, 0x00, 0x00, 0x00, 0x00, 0x00, 0x00, 0x00, 0x00,
  0x00, 0x00, 0x00, 0x6A, 0x00, 0x00, 0x00, 0x0A, 0x00, 0x00, 0x00, 0x04, 0x00, 0x00, 0x00, 0x03,
  0x00, 0x00, 0x00, 0x08, 0xFF, 0xFF, 0xFF, 0xFF, 0x00, 0x00, 0x00, 0x00, 0x00, 0x00, 0x00, 0x6B,
  0x00, 0x00, 0x00, 0x08, 0x00, 0x00, 0x00, 0x07, 0x00, 0x00, 0x00, 0x06, 0x00, 0x00, 0x00, 0x08,
  0x00, 0x00, 0x00, 0x00, 0x00, 0x00, 0x00, 0x00, 0x00, 0x00, 0x00, 0x6C, 0x00, 0x00, 0x00, 0x08,
  0x00, 0x00, 0x00, 0x03, 0x00, 0x00, 0x00, 0x03, 0x00, 0x00, 0x00, 0x08, 0x00, 0x00, 0x00, 0x00,
  0x00, 0x00, 0x00, 0x00, 0x00, 0x00, 0x00, 0x6D, 0x00, 0x00, 0x00, 0x06, 0x00, 0x00, 0x00, 0x0A,
  0x00, 0x00, 0x00, 0x0A, 0x00, 0x00, 0x00, 0x06, 0x00, 0x00, 0x00, 0x00, 0x00, 0x00, 0x00, 0x00,
  0x00, 0x00, 0x00, 0x6E, 0x00, 0x00, 0x00, 0x06, 0x00, 0x00, 0x00, 0x06, 0x00, 0x00, 0x00, 0x07,
  0x00, 0x00, 0x00, 0x06, 0x00, 0x00, 0x00, 0x00, 0x00, 0x00, 0x00, 0x00, 0x00, 0x00, 0x00, 0x6F,
  0x00, 0x00, 0x00, 0x06, 0x00, 0x00, 0x00, 0x07, 0x00, 0x00, 0x00, 0x07, 0x00, 0x00, 0x00, 0x06,
  0x00, 0x00, 0x00, 0x00, 0x00, 0x00, 0x00, 0x00, 0x00, 0x00, 0x00, 0x70, 0x00, 0x00, 0x00, 0x08,
  0x00, 0x00, 0x00, 0x07, 0x00, 0x00, 0x00, 0x07, 0x00, 0x00, 0x00, 0x06, 0x00, 0x00, 0x00, 0x00,
  0x00, 0x00, 0x00, 0x00, 0x00, 0x00, 0x00, 0x71, 0x00, 0x00, 0x00, 0x08, 0x00, 0x00, 0x00, 0x07,
  0x00, 0x00, 0x00, 0x07, 0x00, 0x00, 0x00, 0x06, 0x00, 0x00, 0x00, 0x00, 0x00, 0x00, 0x00, 0x00,
  0x00, 0x00, 0x00, 0x72, 0x00, 0x00, 0x00, 0x07, 0x00, 0x00, 0x00, 0x05, 0x00, 0x00, 0x00, 0x04,
  0x00, 0x00, 0x00, 0x07, 0x00, 0x00, 0x00, 0x00, 0x00, 0x00, 0x00, 0x00, 0x00, 0x00, 0x00, 0x73,
  0x00, 0x00, 0x00, 0x06, 0x00, 0x00, 0x00, 0x06, 0x00, 0x00, 0x00, 0x06, 0x00, 0x00, 0x00, 0x06,
  0x00, 0x00, 0x00, 0x00, 0x00, 0x00, 0x00, 0x00, 0x00, 0x00, 0x00, 0x74, 0x00, 0x00, 0x00, 0x08,
  0x00, 0x00, 0x00, 0x04, 0x00, 0x00, 0x00, 0x04, 0x00, 0x00, 0x00, 0x08, 0x00, 0x00, 0x00, 0x00,
  0x00, 0x00, 0x00, 0x00, 0x00, 0x00, 0x00, 0x75, 0x00, 0x00, 0x00, 0x06, 0x00, 0x00, 0x00, 0x06,
  0x00, 0x00, 0x00, 0x07, 0x00, 0x00, 0x00, 0x06, 0x00, 0x00, 0x00, 0x00, 0x00, 0x00, 0x00, 0x00,
  0x00, 0x00, 0x00, 0x76, 0x00, 0x00, 0x00, 0x06, 0x00, 0x00, 0x00, 0x07, 0x00, 0x00, 0x00, 0x06,
  0x00, 0x00, 0x00, 0x06, 0x00, 0x00, 0x00, 0x00, 0x00, 0x00, 0x00, 0x00, 0x00, 0x00, 0x00, 0x77,
  0x00, 0x00, 0x00, 0x06, 0x00, 0x00, 0x00, 0x09, 0x00, 0x00, 0x00, 0x09, 0x00, 0x00, 0x00, 0x06,
  0x00, 0x00, 0x00, 0x00, 0x00, 0x00, 0x00, 0x00, 0x00, 0x00, 0x00, 0x78, 0x00, 0x00, 0x00, 0x06,
  0x00, 0x00, 0x00, 0x06, 0x00, 0x00, 0x00, 0x06, 0x00, 0x00, 0x00, 0x06, 0x00, 0x00, 0x00, 0x00,
  0x00, 0x00, 0x00, 0x00, 0x00, 0x00, 0x00, 0x79, 0x00, 0x00, 0x00, 0x08, 0x00, 0x00, 0x00, 0x07,
  0x00, 0x00, 0x00, 0x06, 0x00, 0x00, 0x00, 0x06, 0x00, 0x00, 0x00, 0x00, 0x00, 0x00, 0x00, 0x00,
  0x00, 0x00, 0x00, 0x7A, 0x00, 0x00, 0x00, 0x06, 0x00, 0x00, 0x00, 0x06, 0x00, 0x00, 0x00, 0x06,
  0x00, 0x00, 0x00, 0x06, 0x00, 0x00, 0x00, 0x00, 0x00, 0x00, 0x00, 0x00, 0x00, 0x00, 0x00, 0x7B,
  0x00, 0x00, 0x00, 0x0B, 0x00, 0x00, 0x00, 0x05, 0x00, 0x00, 0x00, 0x05, 0x00, 0x00, 0x00, 0x08,
  0x00, 0x00, 0x00, 0x00, 0x00, 0x00, 0x00, 0x00, 0x00, 0x00, 0x00, 0x7C, 0x00, 0x00, 0x00, 0x0D,
  0x00, 0x00, 0x00, 0x02, 0x00, 0x00, 0x00, 0x04, 0x00, 0x00, 0x00, 0x0A, 0x00, 0x00, 0x00, 0x01,
  0x00, 0x00, 0x00, 0x00, 0x00, 0x00, 0x00, 0x7D, 0x00, 0x00, 0x00, 0x0B, 0x00, 0x00, 0x00, 0x05,
  0x00, 0x00, 0x00, 0x05, 0x00, 0x00, 0x00, 0x08, 0x00, 0x00, 0x00, 0x00, 0x00, 0x00, 0x00, 0x00,
  0x00, 0x00, 0x00, 0x7E, 0x00, 0x00, 0x00, 0x03, 0x00, 0x00, 0x00, 0x07, 0x00, 0x00, 0x00, 0x07,
  0x00, 0x00, 0x00, 0x04, 0x00, 0x00, 0x00, 0x00, 0x00, 0x00, 0x00, 0x00, 0x00, 0xFE, 0x84, 0x00,
  0xFA, 0x7F, 0x00, 0xF5, 0x7A, 0x00, 0xF1, 0x75, 0x00, 0xEC, 0x70, 0x00, 0x5B, 0x2A, 0x00, 0x88,
  0x3D, 0x06, 0xDC, 0x70, 0xE2, 0x75, 0xB6, 0xA1, 0xD6, 0x6A, 0xAA, 0x95, 0xC9, 0x5F, 0x9D, 0x88,
  0x27, 0x12, 0x1E, 0x1A, 0x00, 0x00, 0xD6, 0x3E, 0x08, 0xFC, 0x0F, 0x00, 0x04, 0xFA, 0x14, 0x30,
  0xE4, 0x00, 0x4B, 0xFF, 0xFF, 0xFF, 0xFF, 0xFF, 0xD9, 0x07, 0x68, 0xD4, 0x14, 0x98, 0xA4, 0x0F,
  0x00, 0x7E, 0x96, 0x00, 0xAE, 0x66, 0x00, 0xB5, 0xFF, 0xFF, 0xF0, 0xFF, 0xFF, 0x60, 0x1B, 0xF2,
  0x62, 0x26, 0xFF, 0x32, 0x09, 0x03, 0xF8, 0x18, 0x2B, 0xE8, 0x00, 0x00, 0x00, 0x00, 0x00, 0xA5,
  0x00, 0x00, 0x00, 0x00, 0x4A, 0xD0, 0xFF, 0xE2, 0x78, 0x00, 0x1A, 0xFA, 0xA7, 0xE7, 0x6D, 0xFE,
  0x56, 0x36, 0xFF, 0x58, 0xA8, 0x00, 0x39, 0x20, 0x03, 0xB4, 0xFB, 0xFF, 0x75, 0x18, 0x00, 0x00,
  0x00, 0x3B, 0xFF, 0xD9, 0xF2, 0x32, 0x30, 0x69, 0x02, 0xA8, 0x05, 0xE5, 0x93, 0x40, 0xFF, 0x90,
  0xEA, 0x73, 0xFD, 0x74, 0x00, 0x65, 0xDA, 0xFF, 0xE8, 0x8E, 0x04, 0x00, 0x00, 0x00, 0xA2, 0x00,
  0x00, 0x00, 0x5E, 0xDB, 0xC0, 0x10, 0x00, 0x00, 0xA1, 0x6B, 0x00, 0xDC, 0x2B, 0xA7, 0x62, 0x00,
  0x50, 0xBA, 0x01, 0x00, 0xD9, 0x2F, 0xAB, 0x5F, 0x16, 0xD9, 0x1C, 0x00, 0x00, 0x54, 0xD6, 0xB5,
  0x0D, 0xB0, 0x5B, 0x00, 0x00, 0x00, 0x00, 0x00, 0x00, 0x61, 0xAB, 0x09, 0xAC, 0xD7, 0x60, 0x00,
  0x00, 0x1E, 0xD9, 0x13, 0x54, 0xB6, 0x23, 0xE5, 0x00, 0x01, 0xBE, 0x4C, 0x00, 0x58, 0xAE, 0x20,
  0xE7, 0x00, 0x70, 0x9B, 0x00, 0x00, 0x0E, 0xBE, 0xDE, 0x69, 0x00, 0x31, 0xD1, 0xED, 0x8F, 0x01,
  0x00, 0x00, 0x00, 0xC3, 0xA3, 0x3E, 0xFA, 0x30, 0x00, 0x00, 0x00, 0xB6, 0x9C, 0x4B, 0xF6, 0x19,
  0x00, 0x00, 0x00, 0x47, 0xFF, 0xFF, 0x4A, 0x00, 0x00, 0x00, 0x10, 0xD3, 0xFF, 0xFF, 0x39, 0x76,
  0x8C, 0x00, 0x6F, 0xF1, 0x08, 0x8A, 0xEE, 0xF6, 0x80, 0x00, 0x5F, 0xFC, 0x4F, 0x36, 0xFF, 0xFF,
  0x2A, 0x00, 0x03, 0x90, 0xEE, 0xF0, 0xB1, 0xDD, 0xBF, 0x06, 0xE2, 0x75, 0xD6, 0x6A, 0xC9, 0x5F,
  0x27, 0x12, 0x00, 0xB2, 0x71, 0x3E, 0xFF, 0x25, 0x90, 0xD7, 0x00, 0xCF, 0x9A, 0x00, 0xED, 0x7C,
  0x00, 0xFA, 0x72, 0x00, 0xE4, 0x89, 0x00, 0xAF, 0xC4, 0x00, 0x58, 0xFC, 0x19, 0x04, 0xDA, 0x7C,
  0x5D, 0xC6, 0x04, 0x00, 0x14, 0xF9, 0x59, 0x00, 0x00, 0xC0, 0xA9, 0x00, 0x00, 0x83, 0xE7, 0x00,
  0x00, 0x64, 0xFF, 0x07, 0x00, 0x57, 0xFF, 0x15, 0x00, 0x71, 0xFA, 0x04, 0x00, 0xAC, 0xC8, 0x00,
  0x0A, 0xF1, 0x71, 0x00, 0x64, 0xEC, 0x0E, 0x00, 0x00, 0x17, 0x7A, 0x69, 0x17, 0x00, 0x0D, 0xD5,
  0xCA, 0xC7, 0xCF, 0x07, 0x06, 0x6F, 0xF8, 0xF4, 0x65, 0x03, 0x07, 0x83, 0x82, 0x76, 0x83, 0x03,
  0x00, 0x00, 0x38, 0x31, 0x00, 0x00, 0x00, 0x00, 0xE8, 0x50, 0x00, 0x00, 0x00, 0x00, 0xE8, 0x50,
  0x00, 0x00, 0xF8, 0xF8, 0xFF, 0xFF, 0xF8, 0x64, 0x28, 0x28, 0xFF, 0x78, 0x28, 0x10, 0x00, 0x00,
  0xE8, 0x50, 0x00, 0x00, 0x00, 0x00, 0x74, 0x28, 0x00, 0x00, 0x00, 0x2D, 0x1C, 0x01, 0xF5, 0x5E,
  0x1E, 0xFD, 0x16, 0x45, 0xC9, 0x00, 0x3F, 0xFC, 0xFC, 0xFC, 0x5A, 0x0A, 0x28, 0x28, 0x28, 0x0E,
  0x00, 0x8A, 0x39, 0x06, 0xDC, 0x68, 0x00, 0x00, 0x26, 0x75, 0x00, 0x00, 0x82, 0xB6, 0x00, 0x00,
  0xC7, 0x70, 0x00, 0x10, 0xFC, 0x2B, 0x00, 0x52, 0xE5, 0x00, 0x00, 0x98, 0xA0, 0x00, 0x00, 0xDD,
  0x5A, 0x00, 0x22, 0xFE, 0x16, 0x00, 0x68, 0xCF, 0x00, 0x00, 0xAD, 0x8A, 0x00, 0x00, 0x00, 0x29,
  0xC3, 0xF7, 0xD8, 0x50, 0x00, 0x05, 0xDB, 0xC2, 0x39, 0x93, 0xFB, 0x26, 0x43, 0xFF, 0x35, 0x00,
  0x05, 0xEF, 0x83, 0x6A, 0xFF, 0x07, 0x00, 0x00, 0xC4, 0xA9, 0x6B, 0xFF, 0x0F, 0x00, 0x00, 0xCD,
  0xA9, 0x45, 0xFF, 0x37, 0x00, 0x05, 0xF1, 0x84, 0x06, 0xDD, 0xC2, 0x3C, 0x94, 0xFC, 0x29, 0x00,
  0x2A, 0xC4, 0xF7, 0xDA, 0x52, 0x00, 0x01, 0x74, 0xF9, 0xD8, 0x74, 0xDB, 0xBF, 0xD8, 0x39, 0x0C,
  0x94, 0xD8, 0x00, 0x00, 0x94, 0xD8, 0x00, 0x00, 0x94, 0xD8, 0x00, 0x00, 0x94, 0xD8, 0x00, 0x00,
  0x94, 0xD8, 0x00, 0x00, 0x94, 0xD8, 0x00, 0x55, 0xDA, 0xF8, 0xCA, 0x33, 0x00, 0x20, 0xFC, 0x8A,
  0x36, 0xB9, 0xE3, 0x01, 0x24, 0x78, 0x0B, 0x00, 0x60, 0xFD, 0x08, 0x00, 0x00, 0x00, 0x07, 0xC9,
  0xB3, 0x00, 0x00, 0x00, 0x07, 0xB3, 0xDC, 0x16, 0x00, 0x00, 0x08, 0xB8, 0xDE, 0x1D, 0x00, 0x00,
  0x0A, 0xBD, 0xF4, 0x53, 0x34, 0x34, 0x09, 0x48, 0xFF, 0xFF, 0xFF, 0xFF, 0xFF, 0x30, 0x00, 0x49,
  0xD6, 0xF9, 0xDA, 0x53, 0x00, 0x21, 0xFD, 0x88, 0x33, 0x99, 0xF9, 0x11, 0x03, 0x0C, 0x01, 0x03,
  0x7C, 0xF2, 0x0E, 0x00, 0x00, 0x57, 0xFA, 0xF3, 0x4D, 0x00, 0x00, 0x00, 0x0C, 0x2E, 0x98, 0xF3,
  0x25, 0x25, 0x60, 0x07, 0x00, 0x1A, 0xFF, 0x67, 0x32, 0xFE, 0x94, 0x3C, 0x99, 0xFE, 0x35, 0x00,
  0x5B, 0xDA, 0xFA, 0xD9, 0x5A, 0x00, 0x00, 0x00, 0x00, 0x5E, 0xFF, 0xC4, 0x00, 0x00, 0x00, 0x1A,
  0xEE, 0xFF, 0xC4, 0x00, 0x00, 0x00, 0xB4, 0xBE, 0x99, 0xC4, 0x00, 0x00, 0x60, 0xF2, 0x1F, 0x98,
  0xC4, 0x00, 0x1B, 0xEF, 0x63, 0x00, 0x98, 0xC4, 0x00, 0x6B, 0xFF, 0xFF, 0xFF, 0xFF, 0xFF, 0xCC,
  0x14, 0x30, 0x30, 0x30, 0xCB, 0xF4, 0x26, 0x00, 0x00, 0x00, 0x00, 0x9C, 0xC4, 0x00, 0x00, 0xE9,
  0xFF, 0xFF, 0xFF, 0xC4, 0x00, 0x03, 0xFD, 0x6C, 0x30, 0x30, 0x24, 0x00, 0x1A, 0xFF, 0x33, 0x00,
  0x00, 0x00, 0x00, 0x32, 0xFF, 0xAC, 0xE6, 0xC4, 0x37, 0x00, 0x1B, 0x81, 0x56, 0x34, 0xB6, 0xE8,
  0x05, 0x0D, 0x1F, 0x00, 0x00, 0x46, 0xFF, 0x25, 0x47, 0xFF, 0x70, 0x37, 0xB7, 0xE6, 0x06, 0x00,
  0x69, 0xE4, 0xF8, 0xC5, 0x30, 0x00, 0x00, 0x1E, 0xB8, 0xF8, 0xDC, 0x48, 0x00, 0x00, 0xC8, 0xCB,
  0x46, 0x99, 0xFB, 0x26, 0x35, 0xFF, 0x34, 0x00, 0x09, 0x5C, 0x21, 0x5E, 0xFC, 0x60, 0xDB, 0xE1,
  0x65, 0x00, 0x6E, 0xFE, 0xA2, 0x31, 0x7D, 0xFF, 0x41, 0x51, 0xFF, 0x2B, 0x00, 0x02, 0xF8, 0x73,
  0x0B, 0xE8, 0xA8, 0x37, 0x84, 0xFF, 0x3A, 0x00, 0x2E, 0xC2, 0xF6, 0xDD, 0x61, 0x00, 0x8C, 0xFF,
  0xFF, 0xFF, 0xFF, 0xE4, 0x1E, 0x38, 0x38, 0x38, 0xD6, 0xBC, 0x00, 0x00, 0x00, 0x3D, 0xFF, 0x3F,
  0x00, 0x00, 0x00, 0xBE, 0xBE, 0x00, 0x00, 0x00, 0x3E, 0xFF, 0x3E, 0x00, 0x00, 0x00, 0xBF, 0xBD,
  0x00, 0x00, 0x00, 0x3F, 0xFF, 0x3D, 0x00, 0x00, 0x00, 0xC0, 0xBC, 0x00, 0x00, 0x00, 0x00, 0x55,
  0xCF, 0xF3, 0xD1, 0x5A, 0x00, 0x13, 0xFA, 0x96, 0x28, 0x8F, 0xFC, 0x19, 0x0D, 0xF3, 0x76, 0x01,
  0x6E, 0xF4, 0x11, 0x00, 0x52, 0xF8, 0xFA, 0xFA, 0x56, 0x00, 0x1E, 0xEF, 0x95, 0x30, 0x90, 0xF2,
  0x23, 0x65, 0xFF, 0x17, 0x00, 0x11, 0xFF, 0x6D, 0x3D, 0xFF, 0x84, 0x25, 0x81, 0xFF, 0x42, 0x00,
  0x60, 0xDA, 0xFA, 0xDC, 0x65, 0x00, 0x00, 0x56, 0xD8, 0xF5, 0xC2, 0x31, 0x00, 0x2E, 0xFC, 0x91,
  0x39, 0xA9, 0xEC, 0x0E, 0x6B, 0xFD, 0x07, 0x00, 0x21, 0xFF, 0x57, 0x48, 0xFF, 0x5E, 0x04, 0x7B,
  0xFF, 0x75, 0x00, 0x8C, 0xFD, 0xFC, 0x98, 0xF8, 0x64, 0x17, 0x44, 0x19, 0x11, 0x25, 0xFF, 0x3C,
  0x22, 0xFB, 0x9B, 0x43, 0xC0, 0xCE, 0x00, 0x00, 0x49, 0xDD, 0xF9, 0xBF, 0x23, 0x00, 0x00, 0x8E,
  0x3B, 0x06, 0xDA, 0x67, 0x00, 0x00, 0x00, 0x00, 0x00, 0x00, 0x00, 0x8A, 0x39, 0x06, 0xDC, 0x68,
  0x00, 0x7A, 0x4F, 0x00, 0xC3, 0x84, 0x00, 0x00, 0x00, 0x00, 0x00, 0x00, 0x00, 0x2D, 0x1C, 0x01,
  0xF5, 0x5E, 0x1E, 0xFD, 0x16, 0x45, 0xC9, 0x00, 0x00, 0x00, 0x00, 0x00, 0x00, 0x00, 0x04, 0x00,
  0x00, 0x00, 0x02, 0x52, 0xC7, 0x40, 0x00, 0x08, 0x67, 0xDA, 0xF1, 0x92, 0x13, 0x10, 0xE9, 0xE0,
  0x6A, 0x0C, 0x00, 0x00, 0x0A, 0xAE, 0xF8, 0xA9, 0x3D, 0x00, 0x00, 0x00, 0x00, 0x26, 0x99, 0xF7,
  0xD0, 0x23, 0x00, 0x00, 0x00, 0x00, 0x17, 0x84, 0x33, 0xE0, 0xFC, 0xFC, 0xFC, 0xFC, 0x4A, 0x27,
  0x2C, 0x2C, 0x2C, 0x2C, 0x0D, 0xE4, 0xFF, 0xFF, 0xFF, 0xFF, 0x4C, 0x2A, 0x30, 0x30, 0x30, 0x30,
  0x0E, 0x04, 0x00, 0x00, 0x00, 0x00, 0x00, 0xC4, 0x81, 0x15, 0x00, 0x00, 0x00, 0x5C, 0xD1, 0xF6,
  0x96, 0x24, 0x00, 0x00, 0x00, 0x3E, 0xAF, 0xFD, 0x64, 0x00, 0x17, 0x7D, 0xE4, 0xDA, 0x42, 0x92,
  0xF9, 0xC8, 0x53, 0x02, 0x00, 0x8F, 0x3E, 0x00, 0x00, 0x00, 0x00, 0x06, 0x92, 0xE9, 0xED, 0x8D,
  0x02, 0x6C, 0xF7, 0x46, 0x5F, 0xFF, 0x54, 0x1A, 0x27, 0x00, 0x24, 0xFF, 0x60, 0x00, 0x00, 0x32,
  0xE0, 0xB9, 0x0A, 0x00, 0x00, 0xCC, 0xAC, 0x03, 0x00, 0x00, 0x00, 0x78, 0x34, 0x00, 0x00, 0x00,
  0x01, 0x8B, 0x38, 0x00, 0x00, 0x00, 0x0A, 0xDF, 0x68, 0x00, 0x00, 0x00, 0x00, 0x28, 0xA1, 0xE4,
  0xFA, 0xEA, 0xAA, 0x2E, 0x00, 0x00, 0x00, 0x3F, 0xF4, 0xA3, 0x33, 0x15, 0x28, 0x86, 0xF3, 0x45,
  0x00, 0x05, 0xE0, 0x89, 0x1A, 0xBC, 0xE1, 0xA6, 0xBF, 0x68, 0xE5, 0x07, 0x42, 0xFA, 0x0B, 0xAC,
  0xA7, 0x32, 0xB8, 0xCC, 0x03, 0xEC, 0x48, 0x6A, 0xD7, 0x00, 0xF0, 0x28, 0x00, 0x4F, 0xCC, 0x00,
  0xC3, 0x69, 0x6B, 0xD6, 0x00, 0xE7, 0x23, 0x00, 0x55, 0xCC, 0x00, 0xC1, 0x5D, 0x47, 0xF9, 0x06,
  0xB5, 0x80, 0x06, 0xA8, 0xDC, 0x12, 0xEC, 0x25, 0x08, 0xE7, 0x74, 0x29, 0xD4, 0xE9, 0x89, 0xC9,
  0xF5, 0x83, 0x00, 0x00, 0x4B, 0xF8, 0xA1, 0x3E, 0x1B, 0x1C, 0x41, 0x00, 0x00, 0x00, 0x00, 0x00,
  0x2F, 0xA5, 0xE4, 0xFB, 0xF0, 0xBC, 0x12, 0x00, 0x00, 0x00, 0x00, 0x1E, 0xFF, 0xFF, 0x13, 0x00,
  0x00, 0x00, 0x00, 0x77, 0xE0, 0xEF, 0x68, 0x00, 0x00, 0x00, 0x00, 0xD0, 0x9A, 0xAC, 0xC4, 0x00,
  0x00, 0x00, 0x29, 0xFF, 0x51, 0x5D, 0xFE, 0x20, 0x00, 0x00, 0x83, 0xF6, 0x0B, 0x0F, 0xF8, 0x7B,
  0x00, 0x00, 0xF7, 0xFF, 0xF8, 0xF8, 0xFF, 0xF1, 0x00, 0x36, 0xFF, 0x7F, 0x28, 0x28, 0x80, 0xFF,
  0x32, 0x8F, 0xF6, 0x0B, 0x00, 0x00, 0x0B, 0xF5, 0x8E, 0x30, 0xFF, 0xFF, 0xFF, 0xEF, 0x9B, 0x06,
  0x30, 0xFF, 0x60, 0x31, 0x6A, 0xFF, 0x5D, 0x30, 0xFF, 0x3C, 0x00, 0x32, 0xFF, 0x44, 0x30, 0xFF,
  0xED, 0xEA, 0xFF, 0x90, 0x00, 0x30, 0xFF, 0x4E, 0x18, 0x52, 0xF7, 0x67, 0x30, 0xFF, 0x3C, 0x00,
  0x00, 0xBE, 0xB5, 0x30, 0xFF, 0x60, 0x30, 0x54, 0xF2, 0x95, 0x30, 0xFF, 0xFF, 0xFF, 0xF4, 0xAE,
  0x12, 0x00, 0x0B, 0x91, 0xE8, 0xF3, 0xBE, 0x39, 0x00, 0x00, 0xB7, 0xEC, 0x6A, 0x4F, 0xB5, 0xF4,
  0x26, 0x34, 0xFF, 0x53, 0x00, 0x00, 0x05, 0xAD, 0x55, 0x67, 0xFF, 0x0C, 0x00, 0x00, 0x00, 0x00,
  0x00, 0x67, 0xFF, 0x0B, 0x00, 0x00, 0x00, 0x00, 0x00, 0x34, 0xFF, 0x52, 0x00, 0x00, 0x06, 0xAD,
  0x55, 0x00, 0xB7, 0xED, 0x6B, 0x4F, 0xB6, 0xF1, 0x22, 0x00, 0x0B, 0x94, 0xE9, 0xF3, 0xBF, 0x34,
  0x00, 0x30, 0xFF, 0xFF, 0xFD, 0xE1, 0x87, 0x07, 0x00, 0x30, 0xFF, 0x78, 0x3F, 0x6D, 0xEE, 0xA9,
  0x00, 0x30, 0xFF, 0x3C, 0x00, 0x00, 0x57, 0xFF, 0x26, 0x30, 0xFF, 0x3C, 0x00, 0x00, 0x13, 0xFF,
  0x57, 0x30, 0xFF, 0x3C, 0x00, 0x00, 0x13, 0xFF, 0x56, 0x30, 0xFF, 0x3C, 0x00, 0x00, 0x55, 0xFF,
  0x26, 0x30, 0xFF, 0x74, 0x3B, 0x6A, 0xEC, 0xA9, 0x00, 0x30, 0xFF, 0xFF, 0xFC, 0xE0, 0x85, 0x07,
  0x00, 0x30, 0xFF, 0xFF, 0xFF, 0xFF, 0xFF, 0x00, 0x30, 0xFF, 0x63, 0x34, 0x34, 0x34, 0x00, 0x30,
  0xFF, 0x3C, 0x00, 0x00, 0x00, 0x00, 0x30, 0xFF, 0xFC, 0xFC, 0xFC, 0xB5, 0x00, 0x30, 0xFF, 0x5D,
  0x2C, 0x2C, 0x1F, 0x00, 0x30, 0xFF, 0x3C, 0x00, 0x00, 0x00, 0x00, 0x30, 0xFF, 0x60, 0x30, 0x30,
  0x30, 0x01, 0x30, 0xFF, 0xFF, 0xFF, 0xFF, 0xFF, 0x08, 0x30, 0xFF, 0xFF, 0xFF, 0xFF, 0xF0, 0x30,
  0xFF, 0x63, 0x34, 0x34, 0x30, 0x30, 0xFF, 0x3C, 0x00, 0x00, 0x00, 0x30, 0xFF, 0x3C, 0x00, 0x00,
  0x00, 0x30, 0xFF, 0xFF, 0xFF, 0xFF, 0x90, 0x30, 0xFF, 0x60, 0x30, 0x30, 0x1B, 0x30, 0xFF, 0x3C,
  0x00, 0x00, 0x00, 0x30, 0xFF, 0x3C, 0x00, 0x00, 0x00, 0x00, 0x0A, 0x8E, 0xE7, 0xF1, 0xBA, 0x33,
  0x00, 0x00, 0xB4, 0xED, 0x6B, 0x52, 0xBF, 0xEF, 0x1F, 0x34, 0xFF, 0x53, 0x00, 0x00, 0x0D, 0xB3,
  0x53, 0x67, 0xFF, 0x0C, 0x00, 0x00, 0x00, 0x00, 0x00, 0x67, 0xFF, 0x0C, 0x00, 0x8D, 0xF4, 0xF4,
  0xA0, 0x35, 0xFF, 0x54, 0x00, 0x14, 0x24, 0xE5, 0x94, 0x00, 0xB9, 0xED, 0x6B, 0x51, 0xA4, 0xFC,
  0x38, 0x00, 0x0B, 0x92, 0xE7, 0xF8, 0xCC, 0x4B, 0x00, 0x30, 0xFF, 0x3C, 0x00, 0x00, 0x08, 0xFF,
  0x64, 0x30, 0xFF, 0x3C, 0x00, 0x00, 0x08, 0xFF, 0x64, 0x30, 0xFF, 0x3C, 0x00, 0x00, 0x08, 0xFF,
  0x64, 0x30, 0xFF, 0xFF, 0xFF, 0xFF, 0xFF, 0xFF, 0x64, 0x30, 0xFF, 0x60, 0x30, 0x30, 0x36, 0xFF,
  0x64, 0x30, 0xFF, 0x3C, 0x00, 0x00, 0x08, 0xFF, 0x64, 0x30, 0xFF, 0x3C, 0x00, 0x00, 0x08, 0xFF,
  0x64, 0x30, 0xFF, 0x3C, 0x00, 0x00, 0x08, 0xFF, 0x64, 0x30, 0xFF, 0x3C, 0x30, 0xFF, 0x3C, 0x30,
  0xFF, 0x3C, 0x30, 0xFF, 0x3C, 0x30, 0xFF, 0x3C, 0x30, 0xFF, 0x3C, 0x30, 0xFF, 0x3C, 0x30, 0xFF,
  0x3C, 0x00, 0x00, 0x00, 0x00, 0xD8, 0x94, 0x00, 0x00, 0x00, 0x00, 0xD8, 0x94, 0x00, 0x00, 0x00,
  0x00, 0xD8, 0x94, 0x00, 0x00, 0x00, 0x00, 0xD8, 0x94, 0x00, 0x00, 0x00, 0x00, 0xD8, 0x94, 0x7F,
  0xC7, 0x00, 0x00, 0xDB, 0x8F, 0x61, 0xFD, 0x57, 0x54, 0xFC, 0x5F, 0x03, 0x94, 0xED, 0xED, 0x93,
  0x02, 0x30, 0xFF, 0x3C, 0x00, 0x09, 0xC9, 0xDC, 0x15, 0x30, 0xFF, 0x3C, 0x02, 0xAF, 0xEA, 0x24,
  0x00, 0x30, 0xFF, 0x3B, 0x90, 0xF5, 0x37, 0x00, 0x00, 0x30, 0xFF, 0x98, 0xFF, 0xA2, 0x00, 0x00,
  0x00, 0x30, 0xFF, 0xFF, 0xD4, 0xEE, 0x1A, 0x00, 0x00, 0x30, 0xFF, 0x92, 0x0D, 0xE0, 0xB8, 0x00,
  0x00, 0x30, 0xFF, 0x3C, 0x00, 0x41, 0xFE, 0x6A, 0x00, 0x30, 0xFF, 0x3C, 0x00, 0x00, 0x93, 0xF5,
  0x26, 0x30, 0xFF, 0x3C, 0x00, 0x00, 0x00, 0x30, 0xFF, 0x3C, 0x00, 0x00, 0x00, 0x30, 0xFF, 0x3C,
  0x00, 0x00, 0x00, 0x30, 0xFF, 0x3C, 0x00, 0x00, 0x00, 0x30, 0xFF, 0x3C, 0x00, 0x00, 0x00, 0x30,
  0xFF, 0x3C, 0x00, 0x00, 0x00, 0x30, 0xFF, 0x60, 0x30, 0x30, 0x25, 0x30, 0xFF, 0xFF, 0xFF, 0xFF,
  0xC8, 0x30, 0xFF, 0xFF, 0x26, 0x00, 0x00, 0x0C, 0xF5, 0xFF, 0x58, 0x30, 0xFF, 0xFC, 0x84, 0x00,
  0x00, 0x5F, 0xF5, 0xFF, 0x58, 0x30, 0xFF, 0xB6, 0xE0, 0x01, 0x00, 0xBC, 0xB4, 0xFF, 0x58, 0x30,
  0xFF, 0x68, 0xFF, 0x3F, 0x1B, 0xFD, 0x6A, 0xFF, 0x58, 0x30, 0xFF, 0x38, 0xD9, 0x96, 0x70, 0xF1,
  0x21, 0xFF, 0x58, 0x30, 0xFF, 0x38, 0x79, 0xDA, 0xB5, 0x9B, 0x18, 0xFF, 0x58, 0x30, 0xFF, 0x38,
  0x1B, 0xFE, 0xFF, 0x3D, 0x18, 0xFF, 0x58, 0x30, 0xFF, 0x38, 0x00, 0xB9, 0xE0, 0x01, 0x18, 0xFF,
  0x58, 0x30, 0xFF, 0xBB, 0x00, 0x00, 0x00, 0xE8, 0x8C, 0x30, 0xFF, 0xFF, 0x5F, 0x00, 0x00, 0xE8,
  0x8C, 0x30, 0xFF, 0xB1, 0xEC, 0x15, 0x00, 0xE8, 0x8C, 0x30, 0xFF, 0x4A, 0xE3, 0xA4, 0x00, 0xE8,
  0x8C, 0x30, 0xFF, 0x43, 0x4F, 0xFF, 0x44, 0xE5, 0x8C, 0x30, 0xFF, 0x44, 0x00, 0xAC, 0xD1, 0xDF,
  0x8C, 0x30, 0xFF, 0x44, 0x00, 0x19, 0xEF, 0xFF, 0x8C, 0x30, 0xFF, 0x44, 0x00, 0x00, 0x66, 0xFF,
  0x8C, 0x00, 0x0B, 0x91, 0xE7, 0xF5, 0xC4, 0x3D, 0x00, 0x00, 0xB7, 0xEC, 0x6A, 0x4F, 0xB5, 0xF9,
  0x31, 0x34, 0xFF, 0x53, 0x00, 0x00, 0x04, 0xDB, 0xA8, 0x67, 0xFF, 0x0C, 0x00, 0x00, 0x00, 0x98,
  0xDA, 0x67, 0xFF, 0x0C, 0x00, 0x00, 0x00, 0x98, 0xDA, 0x34, 0xFF, 0x53, 0x00, 0x00, 0x04, 0xDA,
  0xA8, 0x00, 0xB6, 0xEC, 0x6A, 0x4F, 0xB4, 0xF9, 0x31, 0x00, 0x0B, 0x92, 0xE8, 0xF6, 0xC4, 0x3D,
  0x00, 0x30, 0xFF, 0xFF, 0xFF, 0xE9, 0x85, 0x01, 0x30, 0xFF, 0x60, 0x34, 0x7D, 0xFF, 0x5F, 0x30,
  0xFF, 0x3C, 0x00, 0x00, 0xE7, 0x98, 0x30, 0xFF, 0x3C, 0x02, 0x46, 0xFD, 0x72, 0x30, 0xFF, 0xFF,
  0xFD, 0xFF, 0xB3, 0x09, 0x30, 0xFF, 0x68, 0x2B, 0x16, 0x00, 0x00, 0x30, 0xFF, 0x3C, 0x00, 0x00,
  0x00, 0x00, 0x30, 0xFF, 0x3C, 0x00, 0x00, 0x00, 0x00, 0x00, 0x0B, 0x91, 0xE7, 0xF5, 0xC4, 0x3D,
  0x00, 0x00, 0xB7, 0xEC, 0x6A, 0x4F, 0xB5, 0xF9, 0x31, 0x34, 0xFF, 0x53, 0x00, 0x00, 0x04, 0xDB,
  0xA8, 0x67, 0xFF, 0x0C, 0x00, 0x00, 0x00, 0x98, 0xDA, 0x67, 0xFF, 0x0C, 0x00, 0x00, 0x00, 0x98,
  0xDA, 0x34, 0xFF, 0x53, 0x07, 0xA4, 0x47, 0xDA, 0xA8, 0x00, 0xB6, 0xEC, 0x6A, 0x92, 0xFF, 0xFF,
  0x31, 0x00, 0x0B, 0x92, 0xE8, 0xF6, 0xFF, 0xFF, 0x0E, 0x00, 0x00, 0x00, 0x00, 0x00, 0x00, 0x6D,
  0x41, 0x30, 0xFF, 0xFF, 0xFF, 0xE9, 0x88, 0x01, 0x30, 0xFF, 0x60, 0x34, 0x79, 0xFF, 0x61, 0x30,
  0xFF, 0x3C, 0x00, 0x00, 0xE7, 0x98, 0x30, 0xFF, 0x3C, 0x02, 0x3F, 0xFD, 0x77, 0x30, 0xFF, 0xFF,
  0xFF, 0xFF, 0xC6, 0x0C, 0x30, 0xFF, 0x68, 0x4A, 0xFF, 0x7E, 0x00, 0x30, 0xFF, 0x3C, 0x00, 0x87,
  0xF4, 0x1A, 0x30, 0xFF, 0x3C, 0x00, 0x0E, 0xE9, 0x9F, 0x00, 0x4A, 0xD0, 0xF9, 0xE2, 0x78, 0x00,
  0x1A, 0xFA, 0xA7, 0x3F, 0x6D, 0xFE, 0x56, 0x36, 0xFF, 0x58, 0x00, 0x00, 0x39, 0x20, 0x03, 0xB4,
  0xFB, 0xB9, 0x75, 0x18, 0x00, 0x00, 0x00, 0x3B, 0x87, 0xD9, 0xF2, 0x32, 0x30, 0x69, 0x02, 0x00,
  0x05, 0xE5, 0x93, 0x40, 0xFF, 0x90, 0x42, 0x73, 0xFD, 0x74, 0x00, 0x65, 0xDA, 0xFA, 0xE8, 0x8E,
  0x04, 0x8C, 0xFF, 0xFF, 0xFF, 0xFF, 0xFF, 0xD0, 0x1C, 0x34, 0x43, 0xFF, 0x7A, 0x34, 0x2A, 0x00,
  0x00, 0x14, 0xFF, 0x58, 0x00, 0x00, 0x00, 0x00, 0x14, 0xFF, 0x58, 0x00, 0x00, 0x00, 0x00, 0x14,
  0xFF, 0x58, 0x00, 0x00, 0x00, 0x00, 0x14, 0xFF, 0x58, 0x00, 0x00, 0x00, 0x00, 0x14, 0xFF, 0x58,
  0x00, 0x00, 0x00, 0x00, 0x14, 0xFF, 0x58, 0x00, 0x00, 0x30, 0xFF, 0x3C, 0x00, 0x00, 0x24, 0xFF,
  0x4C, 0x30, 0xFF, 0x3C, 0x00, 0x00, 0x24, 0xFF, 0x4C, 0x30, 0xFF, 0x3C, 0x00, 0x00, 0x24, 0xFF,
  0x4C, 0x30, 0xFF, 0x3C, 0x00, 0x00, 0x24, 0xFF, 0x4C, 0x30, 0xFF, 0x3C, 0x00, 0x00, 0x24, 0xFF,
  0x4C, 0x24, 0xFF, 0x5A, 0x00, 0x00, 0x42, 0xFF, 0x40, 0x01, 0xD2, 0xE6, 0x64, 0x5E, 0xDA, 0xE4,
  0x08, 0x00, 0x1D, 0xAD, 0xF1, 0xF4, 0xB7, 0x28, 0x00, 0x8F, 0xF6, 0x0C, 0x00, 0x00, 0x09, 0xF4,
  0x8E, 0x33, 0xFF, 0x5B, 0x00, 0x00, 0x53, 0xFF, 0x35, 0x00, 0xD7, 0xB2, 0x00, 0x00, 0xA8, 0xDB,
  0x00, 0x00, 0x7C, 0xF9, 0x10, 0x08, 0xF3, 0x82, 0x00, 0x00, 0x21, 0xFF, 0x5D, 0x4D, 0xFF, 0x28,
  0x00, 0x00, 0x00, 0xC5, 0xA8, 0x98, 0xCF, 0x00, 0x00, 0x00, 0x00, 0x6A, 0xEC, 0xDF, 0x75, 0x00,
  0x00, 0x00, 0x00, 0x13, 0xFF, 0xFF, 0x1E, 0x00, 0x00, 0x9A, 0xED, 0x01, 0x00, 0x49, 0xFF, 0x7F,
  0x00, 0x00, 0xB8, 0xD0, 0x55, 0xFF, 0x2E, 0x00, 0x89, 0xFF, 0xC0, 0x00, 0x03, 0xF2, 0x8B, 0x12,
  0xFD, 0x6D, 0x00, 0xCA, 0xB5, 0xF8, 0x09, 0x34, 0xFF, 0x45, 0x00, 0xCB, 0xAC, 0x0E, 0xFC, 0x4A,
  0xFB, 0x42, 0x72, 0xF7, 0x08, 0x00, 0x86, 0xE7, 0x4A, 0xF6, 0x07, 0xC6, 0x80, 0xAE, 0xBA, 0x00,
  0x00, 0x41, 0xFF, 0x99, 0xBA, 0x00, 0x83, 0xB5, 0xE4, 0x75, 0x00, 0x00, 0x06, 0xF5, 0xF6, 0x77,
  0x00, 0x40, 0xFA, 0xFF, 0x2F, 0x00, 0x00, 0x00, 0xB7, 0xFF, 0x35, 0x00, 0x07, 0xFF, 0xEA, 0x01,
  0x00, 0x2C, 0xF9, 0x7F, 0x00, 0x00, 0x8A, 0xF3, 0x21, 0x00, 0x78, 0xFA, 0x2D, 0x37, 0xFC, 0x65,
  0x00, 0x00, 0x03, 0xC7, 0xBF, 0xCD, 0xB6, 0x00, 0x00, 0x00, 0x00, 0x26, 0xFF, 0xFF, 0x1A, 0x00,
  0x00, 0x00, 0x00, 0x44, 0xFF, 0xFF, 0x3E, 0x00, 0x00, 0x00, 0x12, 0xE4, 0x9D, 0xB2, 0xDE, 0x0C,
  0x00, 0x00, 0xAA, 0xE5, 0x11, 0x1E, 0xF1, 0x99, 0x00, 0x5E, 0xFF, 0x48, 0x00, 0x00, 0x63, 0xFF,
  0x49, 0x6F, 0xFF, 0x39, 0x00, 0x00, 0x5F, 0xFF, 0x47, 0x03, 0xD1, 0xC8, 0x01, 0x08, 0xE2, 0xAF,
  0x00, 0x00, 0x3C, 0xFE, 0x59, 0x76, 0xF6, 0x20, 0x00, 0x00, 0x00, 0xA1, 0xDD, 0xEC, 0x7E, 0x00,
  0x00, 0x00, 0x00, 0x16, 0xFB, 0xE3, 0x08, 0x00, 0x00, 0x00, 0x00, 0x00, 0xC8, 0xA8, 0x00, 0x00,
  0x00, 0x00, 0x00, 0x00, 0xC8, 0xA8, 0x00, 0x00, 0x00, 0x00, 0x00, 0x00, 0xC8, 0xA8, 0x00, 0x00,
  0x00, 0x60, 0xFF, 0xFF, 0xFF, 0xFF, 0xFF, 0x86, 0x12, 0x30, 0x30, 0x30, 0x97, 0xFF, 0x26, 0x00,
  0x00, 0x00, 0x31, 0xFA, 0x69, 0x00, 0x00, 0x00, 0x08, 0xD4, 0xB7, 0x00, 0x00, 0x00, 0x00, 0x8E,
  0xEC, 0x19, 0x00, 0x00, 0x00, 0x41, 0xFE, 0x54, 0x00, 0x00, 0x00, 0x0E, 0xE8, 0xC0, 0x30, 0x30,
  0x30, 0x1B, 0x5A, 0xFF, 0xFF, 0xFF, 0xFF, 0xFF, 0x90, 0xE4, 0xF0, 0x7B, 0xF4, 0x7B, 0x10, 0xF4,
  0x68, 0x00, 0xF4, 0x68, 0x00, 0xF4, 0x68, 0x00, 0xF4, 0x68, 0x00, 0xF4, 0x68, 0x00, 0xF4, 0x68,
  0x00, 0xF4, 0x68, 0x00, 0xF4, 0xF8, 0x7D, 0x1E, 0x20, 0x10, 0x5F, 0x3C, 0x00, 0x00, 0x8B, 0xAD,
  0x00, 0x00, 0x45, 0xEF, 0x03, 0x00, 0x08, 0xF7, 0x38, 0x00, 0x00, 0xBA, 0x7D, 0x00, 0x00, 0x75,
  0xC3, 0x00, 0x00, 0x2F, 0xFB, 0x0D, 0x00, 0x01, 0xE8, 0x4E, 0x00, 0x00, 0xA4, 0x93, 0x00, 0x00,
  0x5F, 0xD9, 0x65, 0xF0, 0xF0, 0x0B, 0x0D, 0x62, 0xFF, 0x0C, 0x00, 0x4C, 0xFF, 0x0C, 0x00, 0x4C,
  0xFF, 0x0C, 0x00, 0x4C, 0xFF, 0x0C, 0x00, 0x4C, 0xFF, 0x0C, 0x00, 0x4C, 0xFF, 0x0C, 0x00, 0x4C,
  0xFF, 0x0C, 0x00, 0x4C, 0xFF, 0x0C, 0x66, 0xF7, 0xFF, 0x0C, 0x0D, 0x20, 0x20, 0x01, 0x00, 0x03,
  0x4B, 0x19, 0x00, 0x00, 0x58, 0xFF, 0xA3, 0x00, 0x00, 0xCF, 0x52, 0xEA, 0x1F, 0x48, 0xD7, 0x01,
  0x8B, 0x93, 0x1D, 0x1E, 0x00, 0x0E, 0x2C, 0xF8, 0xF8, 0xF8, 0xF8, 0xF8, 0x26, 0x24, 0x24, 0x24,
  0x24, 0x24, 0x05, 0x04, 0x93, 0x37, 0x00, 0x69, 0xB8, 0x01, 0x87, 0xE7, 0xF4, 0xAD, 0x0C, 0x26,
  0xB2, 0x3B, 0x2B, 0xF0, 0x74, 0x00, 0x37, 0x76, 0x9B, 0xFA, 0x93, 0x56, 0xF8, 0x80, 0x4E, 0xD9,
  0x94, 0x8B, 0xE1, 0x19, 0x40, 0xF8, 0x94, 0x20, 0xC8, 0xF5, 0xAF, 0xCC, 0x94, 0x44, 0xFF, 0x24,
  0x00, 0x00, 0x00, 0x00, 0x44, 0xFF, 0x24, 0x00, 0x00, 0x00, 0x00, 0x44, 0xFF, 0x7B, 0xE8, 0xE5,
  0x5C, 0x00, 0x44, 0xFF, 0xAC, 0x34, 0xA5, 0xFA, 0x1C, 0x44, 0xFF, 0x30, 0x00, 0x20, 0xFF, 0x57,
  0x44, 0xFF, 0x30, 0x00, 0x21, 0xFF, 0x57, 0x44, 0xFF, 0xAF, 0x36, 0xA6, 0xF9, 0x1B, 0x44, 0xFF,
  0x77, 0xEA, 0xE6, 0x5D, 0x00, 0x00, 0x5A, 0xDC, 0xF6, 0xC0, 0x25, 0x2E, 0xFC, 0x87, 0x2C, 0xBC,
  0xB7, 0x76, 0xF9, 0x03, 0x00, 0x05, 0x00, 0x76, 0xF8, 0x03, 0x00, 0x0A, 0x03, 0x2E, 0xFD, 0x8B,
  0x2D, 0xBB, 0xC0, 0x00, 0x5A, 0xDD, 0xF7, 0xBF, 0x23, 0x00, 0x00, 0x00, 0x00, 0x44, 0xFF, 0x20,
  0x00, 0x00, 0x00, 0x00, 0x44, 0xFF, 0x20, 0x00, 0x74, 0xED, 0xDF, 0x84, 0xFF, 0x20, 0x37, 0xFF,
  0x89, 0x35, 0xC5, 0xFF, 0x20, 0x77, 0xF9, 0x03, 0x00, 0x52, 0xFF, 0x20, 0x78, 0xF8, 0x03, 0x00,
  0x53, 0xFF, 0x20, 0x38, 0xFF, 0x8B, 0x39, 0xC7, 0xFF, 0x20, 0x00, 0x76, 0xED, 0xE1, 0x7E, 0xFF,
  0x20, 0x00, 0x5A, 0xDD, 0xF4, 0xBC, 0x25, 0x00, 0x2C, 0xFC, 0x6A, 0x23, 0xAB, 0xCA, 0x00, 0x75,
  0xFF, 0xF0, 0xF0, 0xFF, 0xFC, 0x06, 0x76, 0xEB, 0x00, 0x00, 0x00, 0x00, 0x00, 0x2F, 0xFD, 0x6F,
  0x21, 0xAA, 0xA1, 0x00, 0x00, 0x5D, 0xDD, 0xF5, 0xC1, 0x2B, 0x00, 0x00, 0x43, 0xE1, 0xF0, 0x09,
  0x00, 0xBB, 0xC3, 0x29, 0x00, 0xE4, 0xFF, 0xFF, 0xE8, 0x00, 0x11, 0xE0, 0xAC, 0x12, 0x00, 0x00,
  0xCC, 0x98, 0x00, 0x00, 0x00, 0xCC, 0x98, 0x00, 0x00, 0x00, 0xCC, 0x98, 0x00, 0x00, 0x00, 0xCC,
  0x98, 0x00, 0x00, 0x00, 0x6F, 0xEC, 0xE2, 0x7F, 0xFF, 0x24, 0x32, 0xFE, 0x89, 0x34, 0xC9, 0xFF,
  0x24, 0x76, 0xFA, 0x04, 0x00, 0x55, 0xFF, 0x24, 0x79, 0xF7, 0x02, 0x00, 0x4F, 0xFF, 0x24, 0x3D,
  0xFF, 0x7A, 0x27, 0xBC, 0xFF, 0x24, 0x00, 0x7A, 0xEE, 0xE6, 0x84, 0xFF, 0x22, 0x10, 0x74, 0x33,
  0x1B, 0x8C, 0xF2, 0x09, 0x01, 0x87, 0xE5, 0xF4, 0xCC, 0x48, 0x00, 0x44, 0xFF, 0x1C, 0x00, 0x00,
  0x00, 0x44, 0xFF, 0x1C, 0x00, 0x00, 0x00, 0x44, 0xFF, 0x81, 0xED, 0xE6, 0x45, 0x44, 0xFF, 0xA2,
  0x39, 0xC4, 0xE2, 0x44, 0xFF, 0x2B, 0x00, 0x6B, 0xFF, 0x44, 0xFF, 0x24, 0x00, 0x68, 0xFF, 0x44,
  0xFF, 0x24, 0x00, 0x68, 0xFF, 0x44, 0xFF, 0x24, 0x00, 0x68, 0xFF, 0x38, 0xE7, 0x1E, 0x10, 0x6B,
  0x06, 0x44, 0xFF, 0x24, 0x44, 0xFF, 0x24, 0x44, 0xFF, 0x24, 0x44, 0xFF, 0x24, 0x44, 0xFF, 0x24,
  0x44, 0xFF, 0x24, 0x00, 0x38, 0xE6, 0x1D, 0x00, 0x10, 0x6B, 0x05, 0x00, 0x44, 0xFF, 0x24, 0x00,
  0x44, 0xFF, 0x24, 0x00, 0x44, 0xFF, 0x24, 0x00, 0x44, 0xFF, 0x24, 0x00, 0x44, 0xFF, 0x24, 0x00,
  0x44, 0xFF, 0x24, 0x07, 0x7D, 0xFD, 0x10, 0x38, 0xEB, 0x80, 0x00, 0x44, 0xFF, 0x24, 0x00, 0x00,
  0x00, 0x00, 0x44, 0xFF, 0x24, 0x00, 0x00, 0x00, 0x00, 0x44, 0xFF, 0x24, 0x20, 0xE8, 0x9A, 0x00,
  0x44, 0xFF, 0x36, 0xD7, 0xB4, 0x03, 0x00, 0x44, 0xFF, 0xF0, 0xFF, 0x0A, 0x00, 0x00, 0x44, 0xFF,
  0xFA, 0xFF, 0x58, 0x00, 0x00, 0x44, 0xFF, 0x26, 0x98, 0xF1, 0x23, 0x00, 0x44, 0xFF, 0x24, 0x09,
  0xD4, 0xCB, 0x06, 0x44, 0xFF, 0x24, 0x44, 0xFF, 0x24, 0x44, 0xFF, 0x24, 0x44, 0xFF, 0x24, 0x44,
  0xFF, 0x24, 0x44, 0xFF, 0x24, 0x44, 0xFF, 0x24, 0x44, 0xFF, 0x24, 0x44, 0xFF, 0x81, 0xF3, 0xCA,
  0x3D, 0xD1, 0xEC, 0x78, 0x00, 0x44, 0xFF, 0x80, 0x29, 0xE6, 0xD9, 0x27, 0x85, 0xFC, 0x0D, 0x44,
  0xFF, 0x26, 0x00, 0xBC, 0xA5, 0x00, 0x3C, 0xFF, 0x27, 0x44, 0xFF, 0x24, 0x00, 0xBC, 0xA4, 0x00,
  0x3C, 0xFF, 0x28, 0x44, 0xFF, 0x24, 0x00, 0xBC, 0xA4, 0x00, 0x3C, 0xFF, 0x28, 0x44, 0xFF, 0x24,
  0x00, 0xBC, 0xA4, 0x00, 0x3C, 0xFF, 0x28, 0x44, 0xFF, 0x73, 0xED, 0xE6, 0x45, 0x44, 0xFF, 0x8F,
  0x25, 0xBA, 0xD5, 0x44, 0xFF, 0x29, 0x00, 0x6A, 0xFA, 0x44, 0xFF, 0x24, 0x00, 0x68, 0xFC, 0x44,
  0xFF, 0x24, 0x00, 0x68, 0xFC, 0x44, 0xFF, 0x24, 0x00, 0x68, 0xFC, 0x00, 0x5A, 0xDC, 0xF7, 0xC4,
  0x2A, 0x00, 0x2E, 0xFC, 0x83, 0x28, 0xC1, 0xD9, 0x01, 0x76, 0xF9, 0x04, 0x00, 0x49, 0xFF, 0x29,
  0x76, 0xF8, 0x03, 0x00, 0x49, 0xFF, 0x29, 0x2E, 0xFD, 0x89, 0x35, 0xC2, 0xD9, 0x01, 0x00, 0x5A,
  0xDD, 0xF8, 0xC4, 0x2A, 0x00, 0x44, 0xFF, 0x7D, 0xEA, 0xE5, 0x5C, 0x00, 0x44, 0xFF, 0xA1, 0x20,
  0x96, 0xFA, 0x1C, 0x44, 0xFF, 0x2E, 0x00, 0x1E, 0xFF, 0x57, 0x44, 0xFF, 0x31, 0x00, 0x22, 0xFF,
  0x57, 0x44, 0xFF, 0xB0, 0x37, 0xA9, 0xF9, 0x1B, 0x44, 0xFF, 0x7F, 0xEA, 0xE6, 0x5D, 0x00, 0x44,
  0xFF, 0x24, 0x00, 0x00, 0x00, 0x00, 0x44, 0xFF, 0x24, 0x00, 0x00, 0x00, 0x00, 0x00, 0x74, 0xED,
  0xDF, 0x7C, 0xFF, 0x20, 0x37, 0xFF, 0x89, 0x35, 0xC5, 0xFF, 0x20, 0x77, 0xF9, 0x03, 0x00, 0x52,
  0xFF, 0x20, 0x78, 0xF8, 0x03, 0x00, 0x53, 0xFF, 0x20, 0x38, 0xFF, 0x8B, 0x39, 0xC8, 0xFF, 0x20,
  0x00, 0x76, 0xED, 0xE1, 0x86, 0xFF, 0x20, 0x00, 0x00, 0x00, 0x00, 0x44, 0xFF, 0x20, 0x00, 0x00,
  0x00, 0x00, 0x44, 0xFF, 0x20, 0x00, 0x00, 0x00, 0x00, 0x01, 0x44, 0xFF, 0x88, 0xF1, 0x28, 0x44,
  0xFF, 0xA2, 0x31, 0x08, 0x44, 0xFF, 0x2A, 0x00, 0x00, 0x44, 0xFF, 0x24, 0x00, 0x00, 0x44, 0xFF,
  0x24, 0x00, 0x00, 0x44, 0xFF, 0x24, 0x00, 0x00, 0x05, 0x8F, 0xE6, 0xED, 0x9E, 0x07, 0x4C, 0xFF,
  0x41, 0x29, 0xA9, 0x2E, 0x24, 0xF4, 0xCA, 0x80, 0x38, 0x00, 0x00, 0x1A, 0x67, 0xA8, 0xFF, 0x5F,
  0x46, 0xD0, 0x39, 0x2C, 0xF0, 0x82, 0x0A, 0x9E, 0xEC, 0xEA, 0xA8, 0x10, 0x04, 0x80, 0x2E, 0x00,
  0x08, 0xFF, 0x5C, 0x00, 0xEC, 0xFF, 0xFF, 0x84, 0x19, 0xFF, 0x70, 0x0A, 0x08, 0xFF, 0x5C, 0x00,
  0x08, 0xFF, 0x5C, 0x00, 0x03, 0xFB, 0x86, 0x12, 0x00, 0x89, 0xF5, 0x90, 0x44, 0xFF, 0x24, 0x00,
  0x68, 0xFF, 0x44, 0xFF, 0x24, 0x00, 0x68, 0xFF, 0x44, 0xFF, 0x24, 0x00, 0x68, 0xFF, 0x42, 0xFF,
  0x27, 0x00, 0x70, 0xFF, 0x1D, 0xFF, 0x92, 0x3C, 0xCD, 0xFF, 0x00, 0x7B, 0xF4, 0xD8, 0x81, 0xFF,
  0x9D, 0xDD, 0x00, 0x00, 0x67, 0xFA, 0x15, 0x3D, 0xFF, 0x34, 0x00, 0xBD, 0xAF, 0x00, 0x00, 0xDD,
  0x8A, 0x16, 0xFC, 0x4F, 0x00, 0x00, 0x7F, 0xDC, 0x64, 0xEA, 0x05, 0x00, 0x00, 0x20, 0xFE, 0xD0,
  0x8F, 0x00, 0x00, 0x00, 0x00, 0xC0, 0xFF, 0x2F, 0x00, 0x00, 0x9E, 0xD3, 0x00, 0x2D, 0xFF, 0x6B,
  0x00, 0x9D, 0xD9, 0x51, 0xFE, 0x15, 0x6D, 0xFF, 0xAA, 0x00, 0xDD, 0x8C, 0x0C, 0xF8, 0x54, 0xAE,
  0x97, 0xE8, 0x1D, 0xFF, 0x3F, 0x00, 0xB8, 0x91, 0xED, 0x27, 0xE9, 0x7F, 0xEF, 0x04, 0x00, 0x6B,
  0xEB, 0xDD, 0x00, 0xA2, 0xE9, 0xA6, 0x00, 0x00, 0x1E, 0xFF, 0x94, 0x00, 0x59, 0xFF, 0x5A, 0x00,
  0x4B, 0xFE, 0x39, 0x0A, 0xE0, 0x91, 0x00, 0xA8, 0xC7, 0x7E, 0xE1, 0x0C, 0x00, 0x17, 0xFF, 0xFF,
  0x49, 0x00, 0x00, 0x25, 0xFF, 0xFF, 0x59, 0x00, 0x01, 0xC1, 0xAC, 0x71, 0xEB, 0x15, 0x69, 0xF6,
  0x20, 0x05, 0xD3, 0xA8, 0x9B, 0xDF, 0x00, 0x00, 0x66, 0xFA, 0x16, 0x37, 0xFF, 0x39, 0x00, 0xC2,
  0xAB, 0x00, 0x00, 0xD2, 0x92, 0x1F, 0xFE, 0x46, 0x00, 0x00, 0x6F, 0xE4, 0x74, 0xDF, 0x02, 0x00,
  0x00, 0x12, 0xF8, 0xE9, 0x7C, 0x00, 0x00, 0x00, 0x00, 0xAA, 0xFF, 0x1B, 0x00, 0x00, 0x00, 0x2A,
  0xC9, 0xAD, 0x00, 0x00, 0x00, 0x2B, 0xF9, 0xC7, 0x1F, 0x00, 0x00, 0x00, 0x40, 0xFF, 0xFF, 0xFF,
  0xFF, 0x77, 0x0B, 0x2C, 0x2C, 0xA5, 0xED, 0x1F, 0x00, 0x00, 0x4B, 0xFC, 0x4B, 0x00, 0x00, 0x23,
  0xEF, 0x86, 0x00, 0x00, 0x09, 0xD0, 0xD8, 0x2F, 0x2C, 0x18, 0x56, 0xFF, 0xFF, 0xFF, 0xFF, 0x90,
  0x00, 0x00, 0x70, 0xE9, 0x6A, 0x00, 0x03, 0xF7, 0x79, 0x09, 0x00, 0x10, 0xFF, 0x3C, 0x00, 0x06,
  0x59, 0xFF, 0x29, 0x00, 0x87, 0xFF, 0x79, 0x00, 0x00, 0x1F, 0xC1, 0xFA, 0x19, 0x00, 0x00, 0x14,
  0xFF, 0x3B, 0x00, 0x00, 0x0F, 0xFF, 0x3D, 0x00, 0x00, 0x03, 0xF6, 0x6F, 0x00, 0x00, 0x00, 0x6F,
  0xF9, 0x68, 0x00, 0x00, 0x00, 0x08, 0x0B, 0xAC, 0xA0, 0xAC, 0xA0, 0xAC, 0xA0, 0xAC, 0xA0, 0xAC,
  0xA0, 0xAC, 0xA0, 0xAC, 0xA0, 0xAC, 0xA0, 0xAC, 0xA0, 0xAC, 0xA0, 0xAC, 0xA0, 0xAC, 0xA0, 0xAC,
  0xA0, 0x6A, 0xE8, 0x6D, 0x00, 0x00, 0x09, 0x79, 0xF4, 0x01, 0x00, 0x00, 0x3C, 0xFF, 0x0C, 0x00,
  0x00, 0x29, 0xFF, 0x56, 0x06, 0x00, 0x00, 0x7D, 0xFF, 0x87, 0x00, 0x19, 0xFB, 0xBF, 0x1F, 0x00,
  0x3B, 0xFF, 0x0F, 0x00, 0x00, 0x3D, 0xFF, 0x0B, 0x00, 0x00, 0x6F, 0xF4, 0x01, 0x00, 0x68, 0xF8,
  0x6C, 0x00, 0x00, 0x0B, 0x07, 0x00, 0x00, 0x00, 0x00, 0x84, 0xEC, 0xA8, 0x1E, 0xB9, 0x74, 0x0A,
  0xFE, 0x52, 0x99, 0xFF, 0xF0, 0x26, 0x05, 0x2C, 0x00, 0x00, 0x17, 0x09, 0x00,
};
constexpr size_t TagVlwSize = sizeof(TagVlw);

// Numerals: Inter-600, 30 px, 16 glyphs (life totals).
alignas(4) const uint8_t NumeralsVlw[] = {
  0x00, 0x00, 0x00, 0x10, 0x00, 0x00, 0x00, 0x0B, 0x00, 0x00, 0x00, 0x1E, 0x00, 0x00, 0x00, 0x00,
  0x00, 0x00, 0x00, 0x1E, 0x00, 0x00, 0x00, 0x08, 0x00, 0x00, 0x00, 0x2B, 0x00, 0x00, 0x00, 0x0F,
  0x00, 0x00, 0x00, 0x10, 0x00, 0x00, 0x00, 0x14, 0x00, 0x00, 0x00, 0x11, 0x00, 0x00, 0x00, 0x02,
  0x00, 0x00, 0x00, 0x00, 0x00, 0x00, 0x00, 0x2C, 0x00, 0x00, 0x00, 0x0A, 0x00, 0x00, 0x00, 0x07,
  0x00, 0x00, 0x00, 0x0A, 0x00, 0x00, 0x00, 0x04, 0x00, 0x00, 0x00, 0x01, 0x00, 0x00, 0x00, 0x00,
  0x00, 0x00, 0x00, 0x2D, 0x00, 0x00, 0x00, 0x04, 0x00, 0x00, 0x00, 0x0A, 0x00, 0x00, 0x00, 0x0E,
  0x00, 0x00, 0x00, 0x0C, 0x00, 0x00, 0x00, 0x02, 0x00, 0x00, 0x00, 0x00, 0x00, 0x00, 0x00, 0x2E,
  0x00, 0x00, 0x00, 0x05, 0x00, 0x00, 0x00, 0x06, 0x00, 0x00, 0x00, 0x0A, 0x00, 0x00, 0x00, 0x05,
  0x00, 0x00, 0x00, 0x02, 0x00, 0x00, 0x00, 0x00, 0x00, 0x00, 0x00, 0x2F, 0x00, 0x00, 0x00, 0x1B,
  0x00, 0x00, 0x00, 0x0B, 0x00, 0x00, 0x00, 0x0B, 0x00, 0x00, 0x00, 0x18, 0x00, 0x00, 0x00, 0x00,
  0x00, 0x00, 0x00, 0x00, 0x00, 0x00, 0x00, 0x30, 0x00, 0x00, 0x00, 0x16, 0x00, 0x00, 0x00, 0x12,
  0x00, 0x00, 0x00, 0x14, 0x00, 0x00, 0x00, 0x16, 0x00, 0x00, 0x00, 0x01, 0x00, 0x00, 0x00, 0x00,
  0x00, 0x00, 0x00, 0x31, 0x00, 0x00, 0x00, 0x16, 0x00, 0x00, 0x00, 0x0A, 0x00, 0x00, 0x00, 0x14,
  0x00, 0x00, 0x00, 0x16, 0x00, 0x00, 0x00, 0x04, 0x00, 0x00, 0x00, 0x00, 0x00, 0x00, 0x00, 0x32,
  0x00, 0x00, 0x00, 0x16, 0x00, 0x00, 0x00, 0x10, 0x00, 0x00, 0x00, 0x14, 0x00, 0x00, 0x00, 0x16,
  0x00, 0x00, 0x00, 0x01, 0x00, 0x00, 0x00, 0x00, 0x00, 0x00, 0x00, 0x33, 0x00, 0x00, 0x00, 0x16,
  0x00, 0x00, 0x00, 0x11, 0x00, 0x00, 0x00, 0x14, 0x00, 0x00, 0x00, 0x16, 0x00, 0x00, 0x00, 0x01,
  0x00, 0x00, 0x00, 0x00, 0x00, 0x00, 0x00, 0x34, 0x00, 0x00, 0x00, 0x16, 0x00, 0x00, 0x00, 0x12,
  0x00, 0x00, 0x00, 0x14, 0x00, 0x00, 0x00, 0x16, 0x00, 0x00, 0x00, 0x01, 0x00, 0x00, 0x00, 0x00,
  0x00, 0x00, 0x00, 0x35, 0x00, 0x00, 0x00, 0x16, 0x00, 0x00, 0x00, 0x10, 0x00, 0x00, 0x00, 0x14,
  0x00, 0x00, 0x00, 0x16, 0x00, 0x00, 0x00, 0x02, 0x00, 0x00, 0x00, 0x00, 0x00, 0x00, 0x00, 0x36,
  0x00, 0x00, 0x00, 0x16, 0x00, 0x00, 0x00, 0x11, 0x00, 0x00, 0x00, 0x14, 0x00, 0x00, 0x00, 0x16,
  0x00, 0x00, 0x00, 0x01, 0x00, 0x00, 0x00, 0x00, 0x00, 0x00, 0x00, 0x37, 0x00, 0x00, 0x00, 0x16,
  0x00, 0x00, 0x00, 0x10, 0x00, 0x00, 0x00, 0x14, 0x00, 0x00, 0x00, 0x16, 0x00, 0x00, 0x00, 0x02,
  0x00, 0x00, 0x00, 0x00, 0x00, 0x00, 0x00, 0x38, 0x00, 0x00, 0x00, 0x16, 0x00, 0x00, 0x00, 0x11,
  0x00, 0x00, 0x00, 0x14, 0x00, 0x00, 0x00, 0x16, 0x00, 0x00, 0x00, 0x01, 0x00, 0x00, 0x00, 0x00,
  0x00, 0x00, 0x00, 0x39, 0x00, 0x00, 0x00, 0x16, 0x00, 0x00, 0x00, 0x11, 0x00, 0x00, 0x00, 0x14,
  0x00, 0x00, 0x00, 0x16, 0x00, 0x00, 0x00, 0x01, 0x00, 0x00, 0x00, 0x00, 0x00, 0x00, 0x00, 0x3A,
  0x00, 0x00, 0x00, 0x10, 0x00, 0x00, 0x00, 0x06, 0x00, 0x00, 0x00, 0x0A, 0x00, 0x00, 0x00, 0x10,
  0x00, 0x00, 0x00, 0x02, 0x00, 0x00, 0x00, 0x00, 0x00, 0x00, 0x00, 0x00, 0x00, 0x00, 0x90, 0xFF,
  0xFF, 0xC0, 0x00, 0x00, 0x00, 0x00, 0x00, 0x00, 0x00, 0x00, 0x00, 0x00, 0x00, 0x00, 0x90, 0xFF,
  0xFF, 0xC0, 0x00, 0x00, 0x00, 0x00, 0x00, 0x00, 0x00, 0x00, 0x00, 0x00, 0x00, 0x00, 0x90, 0xFF,
  0xFF, 0xC0, 0x00, 0x00, 0x00, 0x00, 0x00, 0x00, 0x00, 0x00, 0x00, 0x00, 0x00, 0x00, 0x90, 0xFF,
  0xFF, 0xC0, 0x00, 0x00, 0x00, 0x00, 0x00, 0x00, 0x00, 0x00, 0x00, 0x00, 0x00, 0x00, 0x90, 0xFF,
  0xFF, 0xC0, 0x00, 0x00, 0x00, 0x00, 0x00, 0x00, 0x00, 0x00, 0x00, 0x00, 0x00, 0x00, 0x90, 0xFF,
  0xFF, 0xC0, 0x00, 0x00, 0x00, 0x00, 0x00, 0x00, 0x44, 0xFF, 0xFF, 0xFF, 0xFF, 0xFF, 0xFF, 0xFF,
  0xFF, 0xFF, 0xFF, 0xFF, 0xFF, 0xFF, 0xFF, 0x78, 0x44, 0xFF, 0xFF, 0xFF, 0xFF, 0xFF, 0xFF, 0xFF,
  0xFF, 0xFF, 0xFF, 0xFF, 0xFF, 0xFF, 0xFF, 0x78, 0x44, 0xFF, 0xFF, 0xFF, 0xFF, 0xFF, 0xFF, 0xFF,
  0xFF, 0xFF, 0xFF, 0xFF, 0xFF, 0xFF, 0xFF, 0x78, 0x0D, 0x34, 0x34, 0x34, 0x34, 0x34, 0xC4, 0xFF,
  0xFF, 0xF4, 0x34, 0x34, 0x34, 0x34, 0x34, 0x18, 0x00, 0x00, 0x00, 0x00, 0x00, 0x00, 0x90, 0xFF,
  0xFF, 0xC0, 0x00, 0x00, 0x00, 0x00, 0x00, 0x00, 0x00, 0x00, 0x00, 0x00, 0x00, 0x00, 0x90, 0xFF,
  0xFF, 0xC0, 0x00, 0x00, 0x00, 0x00, 0x00, 0x00, 0x00, 0x00, 0x00, 0x00, 0x00, 0x00, 0x90, 0xFF,
  0xFF, 0xC0, 0x00, 0x00, 0x00, 0x00, 0x00, 0x00, 0x00, 0x00, 0x00, 0x00, 0x00, 0x00, 0x90, 0xFF,
  0xFF, 0xC0, 0x00, 0x00, 0x00, 0x00, 0x00, 0x00, 0x00, 0x00, 0x00, 0x00, 0x00, 0x00, 0x90, 0xFF,
  0xFF, 0xC0, 0x00, 0x00, 0x00, 0x00, 0x00, 0x00, 0x00, 0x00, 0x0E, 0x10, 0x10, 0x0F, 0x00, 0x00,
  0x03, 0xF9, 0xFF, 0xFF, 0xDB, 0x00, 0x00, 0x21, 0xFF, 0xFF, 0xFF, 0x93, 0x00, 0x00, 0x46, 0xFF,
  0xFF, 0xFF, 0x4B, 0x00, 0x00, 0x6B, 0xFF, 0xFF, 0xF8, 0x0A, 0x00, 0x00, 0x8F, 0xFF, 0xFF, 0xBB,
  0x00, 0x00, 0x00, 0xB4, 0xFF, 0xFF, 0x73, 0x00, 0x00, 0x00, 0xD9, 0xFF, 0xFF, 0x2B, 0x00, 0x00,
  0x03, 0xF9, 0xFF, 0xE3, 0x00, 0x00, 0x00, 0x22, 0xFF, 0xFF, 0x9B, 0x00, 0x00, 0x00, 0x38, 0x3C,
  0x3C, 0x3C, 0x3C, 0x3C, 0x3C, 0x3C, 0x3C, 0x34, 0xF0, 0xFF, 0xFF, 0xFF, 0xFF, 0xFF, 0xFF, 0xFF,
  0xFF, 0xE0, 0xF0, 0xFF, 0xFF, 0xFF, 0xFF, 0xFF, 0xFF, 0xFF, 0xFF, 0xE0, 0xF0, 0xFF, 0xFF, 0xFF,
  0xFF, 0xFF, 0xFF, 0xFF, 0xFF, 0xE0, 0x00, 0x59, 0xB7, 0x9F, 0x1D, 0x00, 0x41, 0xFF, 0xFF, 0xFF,
  0xD2, 0x00, 0x84, 0xFF, 0xFF, 0xFF, 0xFF, 0x17, 0x5A, 0xFF, 0xFF, 0xFF, 0xE9, 0x03, 0x01, 0x91,
  0xF0, 0xD7, 0x3E, 0x00, 0x00, 0x00, 0x00, 0x00, 0x00, 0x00, 0x00, 0x9A, 0xFF, 0xFF, 0xBE, 0x00,
  0x00, 0x00, 0x00, 0x00, 0x00, 0x00, 0xDC, 0xFF, 0xFF, 0x7B, 0x00, 0x00, 0x00, 0x00, 0x00, 0x00,
  0x1F, 0xFF, 0xFF, 0xFF, 0x38, 0x00, 0x00, 0x00, 0x00, 0x00, 0x00, 0x62, 0xFF, 0xFF, 0xF2, 0x04,
  0x00, 0x00, 0x00, 0x00, 0x00, 0x00, 0xA4, 0xFF, 0xFF, 0xB3, 0x00, 0x00, 0x00, 0x00, 0x00, 0x00,
  0x00, 0xE6, 0xFF, 0xFF, 0x70, 0x00, 0x00, 0x00, 0x00, 0x00, 0x00, 0x2A, 0xFF, 0xFF, 0xFF, 0x2E,
  0x00, 0x00, 0x00, 0x00, 0x00, 0x00, 0x6C, 0xFF, 0xFF, 0xEA, 0x01, 0x00, 0x00, 0x00, 0x00, 0x00,
  0x00, 0xAF, 0xFF, 0xFF, 0xA8, 0x00, 0x00, 0x00, 0x00, 0x00, 0x00, 0x02, 0xEF, 0xFF, 0xFF, 0x66,
  0x00, 0x00, 0x00, 0x00, 0x00, 0x00, 0x34, 0xFF, 0xFF, 0xFF, 0x23, 0x00, 0x00, 0x00, 0x00, 0x00,
  0x00, 0x77, 0xFF, 0xFF, 0xE0, 0x00, 0x00, 0x00, 0x00, 0x00, 0x00, 0x00, 0xBA, 0xFF, 0xFF, 0x9E,
  0x00, 0x00, 0x00, 0x00, 0x00, 0x00, 0x06, 0xF5, 0xFF, 0xFF, 0x5B, 0x00, 0x00, 0x00, 0x00, 0x00,
  0x00, 0x3F, 0xFF, 0xFF, 0xFF, 0x19, 0x00, 0x00, 0x00, 0x00, 0x00, 0x00, 0x82, 0xFF, 0xFF, 0xD6,
  0x00, 0x00, 0x00, 0x00, 0x00, 0x00, 0x00, 0xC4, 0xFF, 0xFF, 0x93, 0x00, 0x00, 0x00, 0x00, 0x00,
  0x00, 0x0C, 0xFA, 0xFF, 0xFF, 0x50, 0x00, 0x00, 0x00, 0x00, 0x00, 0x00, 0x4A, 0xFF, 0xFF, 0xFD,
  0x10, 0x00, 0x00, 0x00, 0x00, 0x00, 0x00, 0x8C, 0xFF, 0xFF, 0xCB, 0x00, 0x00, 0x00, 0x00, 0x00,
  0x00, 0x00, 0xCF, 0xFF, 0xFF, 0x88, 0x00, 0x00, 0x00, 0x00, 0x00, 0x00, 0x13, 0xFE, 0xFF, 0xFF,
  0x46, 0x00, 0x00, 0x00, 0x00, 0x00, 0x00, 0x54, 0xFF, 0xFF, 0xF9, 0x0A, 0x00, 0x00, 0x00, 0x00,
  0x00, 0x00, 0x97, 0xFF, 0xFF, 0xC0, 0x00, 0x00, 0x00, 0x00, 0x00, 0x00, 0x00, 0xDA, 0xFF, 0xFF,
  0x7E, 0x00, 0x00, 0x00, 0x00, 0x00, 0x00, 0x1C, 0xFF, 0xFF, 0xFF, 0x3B, 0x00, 0x00, 0x00, 0x00,
  0x00, 0x00, 0x5F, 0xFF, 0xFF, 0xF4, 0x05, 0x00, 0x00, 0x00, 0x00, 0x00, 0x00, 0x00, 0x00, 0x00,
  0x00, 0x00, 0x4D, 0xAA, 0xE1, 0xF9, 0xF5, 0xD8, 0x9A, 0x35, 0x00, 0x00, 0x00, 0x00, 0x00, 0x00,
  0x00, 0x00, 0x15, 0xBD, 0xFF, 0xFF, 0xFF, 0xFF, 0xFF, 0xFF, 0xFF, 0xFE, 0x99, 0x06, 0x00, 0x00,
  0x00, 0x00, 0x00, 0x11, 0xD6, 0xFF, 0xFF, 0xFF, 0xFF, 0xFF, 0xFF, 0xFF, 0xFF, 0xFF, 0xFF, 0xB1,
  0x03, 0x00, 0x00, 0x00, 0x00, 0xA8, 0xFF, 0xFF, 0xFF, 0xFF, 0xAC, 0x6E, 0x77, 0xC4, 0xFF, 0xFF,
  0xFF, 0xFF, 0x74, 0x00, 0x00, 0x00, 0x35, 0xFF, 0xFF, 0xFF, 0xFE, 0x52, 0x00, 0x00, 0x00, 0x01,
  0x87, 0xFF, 0xFF, 0xFF, 0xF1, 0x0F, 0x00, 0x00, 0xA0, 0xFF, 0xFF, 0xFF, 0x92, 0x00, 0x00, 0x00,
  0x00, 0x00, 0x02, 0xC8, 0xFF, 0xFF, 0xFF, 0x6C, 0x00, 0x02, 0xEF, 0xFF, 0xFF, 0xFE, 0x22, 0x00,
  0x00, 0x00, 0x00, 0x00, 0x00, 0x59, 0xFF, 0xFF, 0xFF, 0xBC, 0x00, 0x2B, 0xFF, 0xFF, 0xFF, 0xD6,
  0x00, 0x00, 0x00, 0x00, 0x00, 0x00, 0x00, 0x10, 0xFE, 0xFF, 0xFF, 0xF4, 0x02, 0x52, 0xFF, 0xFF,
  0xFF, 0xA3, 0x00, 0x00, 0x00, 0x00, 0x00, 0x00, 0x00, 0x00, 0xD9, 0xFF, 0xFF, 0xFF, 0x1D, 0x6C,
  0xFF, 0xFF, 0xFF, 0x89, 0x00, 0x00, 0x00, 0x00, 0x00, 0x00, 0x00, 0x00, 0xBF, 0xFF, 0xFF, 0xFF,
  0x38, 0x77, 0xFF, 0xFF, 0xFF, 0x7B, 0x00, 0x00, 0x00, 0x00, 0x00, 0x00, 0x00, 0x00, 0xB0, 0xFF,
  0xFF, 0xFF, 0x42, 0x78, 0xFF, 0xFF, 0xFF, 0x7A, 0x00, 0x00, 0x00, 0x00, 0x00, 0x00, 0x00, 0x00,
  0xAF, 0xFF, 0xFF, 0xFF, 0x43, 0x6E, 0xFF, 0xFF, 0xFF, 0x89, 0x00, 0x00, 0x00, 0x00, 0x00, 0x00,
  0x00, 0x00, 0xBF, 0xFF, 0xFF, 0xFF, 0x38, 0x54, 0xFF, 0xFF, 0xFF, 0xA1, 0x00, 0x00, 0x00, 0x00,
  0x00, 0x00, 0x00, 0x00, 0xD8, 0xFF, 0xFF, 0xFF, 0x1E, 0x2E, 0xFF, 0xFF, 0xFF, 0xD2, 0x00, 0x00,
  0x00, 0x00, 0x00, 0x00, 0x00, 0x0F, 0xFE, 0xFF, 0xFF, 0xF5, 0x03, 0x03, 0xF2, 0xFF, 0xFF, 0xFD,
  0x1E, 0x00, 0x00, 0x00, 0x00, 0x00, 0x00, 0x57, 0xFF, 0xFF, 0xFF, 0xBF, 0x00, 0x00, 0xA7, 0xFF,
  0xFF, 0xFF, 0x8D, 0x00, 0x00, 0x00, 0x00, 0x00, 0x01, 0xC6, 0xFF, 0xFF, 0xFF, 0x6E, 0x00, 0x00,
  0x3D, 0xFF, 0xFF, 0xFF, 0xFD, 0x4E, 0x00, 0x00, 0x00, 0x00, 0x84, 0xFF, 0xFF, 0xFF, 0xF2, 0x11,
  0x00, 0x00, 0x00, 0xAE, 0xFF, 0xFF, 0xFF, 0xFE, 0xAA, 0x6D, 0x75, 0xC2, 0xFF, 0xFF, 0xFF, 0xFF,
  0x78, 0x00, 0x00, 0x00, 0x00, 0x14, 0xDA, 0xFF, 0xFF, 0xFF, 0xFF, 0xFF, 0xFF, 0xFF, 0xFF, 0xFF,
  0xFF, 0xB5, 0x03, 0x00, 0x00, 0x00, 0x00, 0x00, 0x18, 0xC1, 0xFF, 0xFF, 0xFF, 0xFF, 0xFF, 0xFF,
  0xFF, 0xFF, 0x9E, 0x07, 0x00, 0x00, 0x00, 0x00, 0x00, 0x00, 0x00, 0x00, 0x50, 0xAC, 0xE3, 0xFA,
  0xF7, 0xD9, 0x9C, 0x38, 0x00, 0x00, 0x00, 0x00, 0x00, 0x00, 0x00, 0x00, 0x04, 0x84, 0xFD, 0xFF,
  0xFF, 0xFF, 0x80, 0x00, 0x00, 0x21, 0xC7, 0xFF, 0xFF, 0xFF, 0xFF, 0xFF, 0x80, 0x00, 0x5B, 0xF1,
  0xFF, 0xFF, 0xFF, 0xFF, 0xFF, 0xFF, 0x80, 0x7B, 0xFF, 0xFF, 0xFF, 0xFC, 0xC6, 0xFF, 0xFF, 0xFF,
  0x80, 0xA0, 0xFF, 0xFF, 0xE0, 0x3B, 0x60, 0xFF, 0xFF, 0xFF, 0x80, 0xA0, 0xFF, 0xAA, 0x10, 0x00,
  0x60, 0xFF, 0xFF, 0xFF, 0x80, 0x95, 0x64, 0x00, 0x00, 0x00, 0x60, 0xFF, 0xFF, 0xFF, 0x80, 0x07,
  0x00, 0x00, 0x00, 0x00, 0x60, 0xFF, 0xFF, 0xFF, 0x80, 0x00, 0x00, 0x00, 0x00, 0x00, 0x60, 0xFF,
  0xFF, 0xFF, 0x80, 0x00, 0x00, 0x00, 0x00, 0x00, 0x60, 0xFF, 0xFF, 0xFF, 0x80, 0x00, 0x00, 0x00,
  0x00, 0x00, 0x60, 0xFF, 0xFF, 0xFF, 0x80, 0x00, 0x00, 0x00, 0x00, 0x00, 0x60, 0xFF, 0xFF, 0xFF,
  0x80, 0x00, 0x00, 0x00, 0x00, 0x00, 0x60, 0xFF, 0xFF, 0xFF, 0x80, 0x00, 0x00, 0x00, 0x00, 0x00,
  0x60, 0xFF, 0xFF, 0xFF, 0x80, 0x00, 0x00, 0x00, 0x00, 0x00, 0x60, 0xFF, 0xFF, 0xFF, 0x80, 0x00,
  0x00, 0x00, 0x00, 0x00, 0x60, 0xFF, 0xFF, 0xFF, 0x80, 0x00, 0x00, 0x00, 0x00, 0x00, 0x60, 0xFF,
  0xFF, 0xFF, 0x80, 0x00, 0x00, 0x00, 0x00, 0x00, 0x60, 0xFF, 0xFF, 0xFF, 0x80, 0x00, 0x00, 0x00,
  0x00, 0x00, 0x60, 0xFF, 0xFF, 0xFF, 0x80, 0x00, 0x00, 0x00, 0x00, 0x00, 0x60, 0xFF, 0xFF, 0xFF,
  0x80, 0x00, 0x00, 0x00, 0x00, 0x00, 0x60, 0xFF, 0xFF, 0xFF, 0x80, 0x00, 0x00, 0x00, 0x00, 0x00,
  0x60, 0xFF, 0xFF, 0xFF, 0x80, 0x00, 0x00, 0x00, 0x00, 0x2A, 0x89, 0xCF, 0xEB, 0xF7, 0xDF, 0xB4,
  0x5D, 0x08, 0x00, 0x00, 0x00, 0x00, 0x00, 0x05, 0x86, 0xFC, 0xFF, 0xFF, 0xFF, 0xFF, 0xFF, 0xFF,
  0xFF, 0xD9, 0x38, 0x00, 0x00, 0x00, 0x00, 0x9A, 0xFF, 0xFF, 0xFF, 0xFF, 0xFF, 0xFF, 0xFF, 0xFF,
  0xFF, 0xFF, 0xF4, 0x32, 0x00, 0x00, 0x50, 0xFF, 0xFF, 0xFF, 0xFE, 0xA5, 0x5C, 0x51, 0x81, 0xEA,
  0xFF, 0xFF, 0xFF, 0xD5, 0x01, 0x00, 0xBF, 0xFF, 0xFF, 0xFF, 0x5F, 0x00, 0x00, 0x00, 0x00, 0x18,
  0xE0, 0xFF, 0xFF, 0xFF, 0x44, 0x03, 0xFB, 0xFF, 0xFF, 0xCF, 0x00, 0x00, 0x00, 0x00, 0x00, 0x00,
  0x66, 0xFF, 0xFF, 0xFF, 0x74, 0x16, 0xD8, 0xD8, 0xD8, 0x86, 0x00, 0x00, 0x00, 0x00, 0x00, 0x00,
  0x3C, 0xFF, 0xFF, 0xFF, 0x88, 0x00, 0x00, 0x00, 0x00, 0x00, 0x00, 0x00, 0x00, 0x00, 0x00, 0x00,
  0x57, 0xFF, 0xFF, 0xFF, 0x6B, 0x00, 0x00, 0x00, 0x00, 0x00, 0x00, 0x00, 0x00, 0x00, 0x00, 0x00,
  0xB8, 0xFF, 0xFF, 0xFE, 0x25, 0x00, 0x00, 0x00, 0x00, 0x00, 0x00, 0x00, 0x00, 0x00, 0x00, 0x61,
  0xFF, 0xFF, 0xFF, 0xAB, 0x00, 0x00, 0x00, 0x00, 0x00, 0x00, 0x00, 0x00, 0x00, 0x00, 0x42, 0xF9,
  0xFF, 0xFF, 0xEC, 0x1A, 0x00, 0x00, 0x00, 0x00, 0x00, 0x00, 0x00, 0x00, 0x00, 0x3A, 0xF3, 0xFF,
  0xFF, 0xFB, 0x46, 0x00, 0x00, 0x00, 0x00, 0x00, 0x00, 0x00, 0x00, 0x00, 0x3E, 0xF3, 0xFF, 0xFF,
  0xFF, 0x61, 0x00, 0x00, 0x00, 0x00, 0x00, 0x00, 0x00, 0x00, 0x00, 0x44, 0xF5, 0xFF, 0xFF, 0xFF,
  0x6A, 0x00, 0x00, 0x00, 0x00, 0x00, 0x00, 0x00, 0x00, 0x00, 0x4A, 0xF7, 0xFF, 0xFF, 0xFE, 0x69,
  0x00, 0x00, 0x00, 0x00, 0x00, 0x00, 0x00, 0x00, 0x00, 0x50, 0xF9, 0xFF, 0xFF, 0xFF, 0x6B, 0x00,
  0x00, 0x00, 0x00, 0x00, 0x00, 0x00, 0x00, 0x00, 0x56, 0xFB, 0xFF, 0xFF, 0xFF, 0x70, 0x00, 0x00,
  0x00, 0x00, 0x00, 0x00, 0x00, 0x00, 0x00, 0x5D, 0xFC, 0xFF, 0xFF, 0xFF, 0x73, 0x00, 0x00, 0x00,
  0x00, 0x00, 0x00, 0x00, 0x00, 0x00, 0x64, 0xFD, 0xFF, 0xFF, 0xFF, 0xCF, 0x6C, 0x6C, 0x6C, 0x6C,
  0x6C, 0x6C, 0x6C, 0x6C, 0x60, 0x07, 0xFE, 0xFF, 0xFF, 0xFF, 0xFF, 0xFF, 0xFF, 0xFF, 0xFF, 0xFF,
  0xFF, 0xFF, 0xFF, 0xFF, 0xE4, 0x08, 0xFF, 0xFF, 0xFF, 0xFF, 0xFF, 0xFF, 0xFF, 0xFF, 0xFF, 0xFF,
  0xFF, 0xFF, 0xFF, 0xFF, 0xE4, 0x08, 0xFF, 0xFF, 0xFF, 0xFF, 0xFF, 0xFF, 0xFF, 0xFF, 0xFF, 0xFF,
  0xFF, 0xFF, 0xFF, 0xFF, 0xE4, 0x00, 0x00, 0x00, 0x00, 0x19, 0x74, 0xC1, 0xE4, 0xF9, 0xE9, 0xCD,
  0x85, 0x27, 0x00, 0x00, 0x00, 0x00, 0x00, 0x00, 0x00, 0x75, 0xF4, 0xFF, 0xFF, 0xFF, 0xFF, 0xFF,
  0xFF, 0xFF, 0xFA, 0x82, 0x01, 0x00, 0x00, 0x00, 0x00, 0x92, 0xFF, 0xFF, 0xFF, 0xFF, 0xFF, 0xFF,
  0xFF, 0xFF, 0xFF, 0xFF, 0xFF, 0x8C, 0x00, 0x00, 0x00, 0x48, 0xFF, 0xFF, 0xFF, 0xFF, 0xBA, 0x68,
  0x4E, 0x64, 0xBC, 0xFF, 0xFF, 0xFF, 0xFF, 0x32, 0x00, 0x00, 0xB9, 0xFF, 0xFF, 0xFF, 0x6F, 0x00,
  0x00, 0x00, 0x00, 0x00, 0x92, 0xFF, 0xFF, 0xFF, 0x96, 0x00, 0x00, 0xDD, 0xF4, 0xF4, 0xD7, 0x00,
  0x00, 0x00, 0x00, 0x00, 0x00, 0x1A, 0xFF, 0xFF, 0xFF, 0xBC, 0x00, 0x00, 0x00, 0x00, 0x00, 0x00,
  0x00, 0x00, 0x00, 0x00, 0x00, 0x00, 0x16, 0xFF, 0xFF, 0xFF, 0xB4, 0x00, 0x00, 0x00, 0x00, 0x00,
  0x00, 0x00, 0x00, 0x00, 0x00, 0x00, 0x00, 0x87, 0xFF, 0xFF, 0xFF, 0x6E, 0x00, 0x00, 0x00, 0x00,
  0x00, 0x00, 0x00, 0x13, 0x18, 0x1F, 0x45, 0xA7, 0xFF, 0xFF, 0xFF, 0xCB, 0x08, 0x00, 0x00, 0x00,
  0x00, 0x00, 0x00, 0x00, 0xCC, 0xFF, 0xFF, 0xFF, 0xFF, 0xFF, 0xF6, 0x98, 0x0A, 0x00, 0x00, 0x00,
  0x00, 0x00, 0x00, 0x00, 0x00, 0xCC, 0xFF, 0xFF, 0xFF, 0xFF, 0xF7, 0x78, 0x1F, 0x00, 0x00, 0x00,
  0x00, 0x00, 0x00, 0x00, 0x00, 0x00, 0xCC, 0xFF, 0xFF, 0xFF, 0xFF, 0xFF, 0xFF, 0xFB, 0x8E, 0x04,
  0x00, 0x00, 0x00, 0x00, 0x00, 0x00, 0x00, 0x00, 0x00, 0x08, 0x26, 0x77, 0xEF, 0xFF, 0xFF, 0xFF,
  0x98, 0x00, 0x00, 0x00, 0x00, 0x00, 0x00, 0x00, 0x00, 0x00, 0x00, 0x00, 0x00, 0x2C, 0xF5, 0xFF,
  0xFF, 0xFF, 0x28, 0x00, 0x00, 0x00, 0x00, 0x00, 0x00, 0x00, 0x00, 0x00, 0x00, 0x00, 0x00, 0x9C,
  0xFF, 0xFF, 0xFF, 0x72, 0x1D, 0x48, 0x48, 0x48, 0x27, 0x00, 0x00, 0x00, 0x00, 0x00, 0x00, 0x00,
  0x7D, 0xFF, 0xFF, 0xFF, 0x8D, 0x4E, 0xFF, 0xFF, 0xFF, 0xB6, 0x00, 0x00, 0x00, 0x00, 0x00, 0x00,
  0x00, 0xB3, 0xFF, 0xFF, 0xFF, 0x7D, 0x19, 0xFB, 0xFF, 0xFF, 0xFF, 0x60, 0x00, 0x00, 0x00, 0x00,
  0x00, 0x64, 0xFE, 0xFF, 0xFF, 0xFF, 0x3E, 0x00, 0x9B, 0xFF, 0xFF, 0xFF, 0xFF, 0xC3, 0x77, 0x61,
  0x76, 0xC1, 0xFF, 0xFF, 0xFF, 0xFF, 0xC5, 0x00, 0x00, 0x0F, 0xCC, 0xFF, 0xFF, 0xFF, 0xFF, 0xFF,
  0xFF, 0xFF, 0xFF, 0xFF, 0xFF, 0xFF, 0xDD, 0x1A, 0x00, 0x00, 0x00, 0x11, 0xA1, 0xFF, 0xFF, 0xFF,
  0xFF, 0xFF, 0xFF, 0xFF, 0xFF, 0xFF, 0xB2, 0x1C, 0x00, 0x00, 0x00, 0x00, 0x00, 0x00, 0x31, 0x88,
  0xCC, 0xE8, 0xFA, 0xE9, 0xD0, 0x90, 0x3B, 0x00, 0x00, 0x00, 0x00, 0x00, 0x00, 0x00, 0x00, 0x00,
  0x00, 0x00, 0x00, 0x00, 0x79, 0xFF, 0xFF, 0xFF, 0xFF, 0xB4, 0x00, 0x00, 0x00, 0x00, 0x00, 0x00,
  0x00, 0x00, 0x00, 0x00, 0x00, 0x22, 0xF6, 0xFF, 0xFF, 0xFF, 0xFF, 0xB4, 0x00, 0x00, 0x00, 0x00,
  0x00, 0x00, 0x00, 0x00, 0x00, 0x00, 0x00, 0xB9, 0xFF, 0xFF, 0xFF, 0xFF, 0xFF, 0xB4, 0x00, 0x00,
  0x00, 0x00, 0x00, 0x00, 0x00, 0x00, 0x00, 0x00, 0x5A, 0xFF, 0xFF, 0xFF, 0xFF, 0xFF, 0xFF, 0xB4,
  0x00, 0x00, 0x00, 0x00, 0x00, 0x00, 0x00, 0x00, 0x00, 0x11, 0xE9, 0xFF, 0xFF, 0xDE, 0xFF, 0xFF,
  0xFF, 0xB4, 0x00, 0x00, 0x00, 0x00, 0x00, 0x00, 0x00, 0x00, 0x00, 0x9B, 0xFF, 0xFF, 0xFF, 0x41,
  0xF8, 0xFF, 0xFF, 0xB4, 0x00, 0x00, 0x00, 0x00, 0x00, 0x00, 0x00, 0x00, 0x3D, 0xFE, 0xFF, 0xFF,
  0xA1, 0x00, 0xF8, 0xFF, 0xFF, 0xB4, 0x00, 0x00, 0x00, 0x00, 0x00, 0x00, 0x00, 0x06, 0xD6, 0xFF,
  0xFF, 0xEC, 0x14, 0x00, 0xF8, 0xFF, 0xFF, 0xB4, 0x00, 0x00, 0x00, 0x00, 0x00, 0x00, 0x00, 0x7D,
  0xFF, 0xFF, 0xFF, 0x60, 0x00, 0x00, 0xF8, 0xFF, 0xFF, 0xB4, 0x00, 0x00, 0x00, 0x00, 0x00, 0x00,
  0x25, 0xF7, 0xFF, 0xFF, 0xBF, 0x00, 0x00, 0x00, 0xF8, 0xFF, 0xFF, 0xB4, 0x00, 0x00, 0x00, 0x00,
  0x00, 0x00, 0xBD, 0xFF, 0xFF, 0xF8, 0x27, 0x00, 0x00, 0x00, 0xF8, 0xFF, 0xFF, 0xB4, 0x00, 0x00,
  0x00, 0x00, 0x00, 0x5F, 0xFF, 0xFF, 0xFF, 0x7F, 0x00, 0x00, 0x00, 0x00, 0xF8, 0xFF, 0xFF, 0xB4,
  0x00, 0x00, 0x00, 0x00, 0x13, 0xEB, 0xFF, 0xFF, 0xD8, 0x07, 0x00, 0x00, 0x00, 0x00, 0xF8, 0xFF,
  0xFF, 0xB4, 0x00, 0x00, 0x00, 0x00, 0xA0, 0xFF, 0xFF, 0xFF, 0x40, 0x00, 0x00, 0x00, 0x00, 0x00,
  0xF8, 0xFF, 0xFF, 0xB4, 0x00, 0x00, 0x00, 0x3D, 0xFF, 0xFF, 0xFF, 0xD9, 0x68, 0x68, 0x68, 0x68,
  0x68, 0x68, 0xFF, 0xFF, 0xFF, 0xFF, 0x68, 0x68, 0x35, 0x70, 0xFF, 0xFF, 0xFF, 0xFF, 0xFF, 0xFF,
  0xFF, 0xFF, 0xFF, 0xFF, 0xFF, 0xFF, 0xFF, 0xFF, 0xFF, 0xFF, 0x84, 0x70, 0xFF, 0xFF, 0xFF, 0xFF,
  0xFF, 0xFF, 0xFF, 0xFF, 0xFF, 0xFF, 0xFF, 0xFF, 0xFF, 0xFF, 0xFF, 0xFF, 0x84, 0x70, 0xFF, 0xFF,
  0xFF, 0xFF, 0xFF, 0xFF, 0xFF, 0xFF, 0xFF, 0xFF, 0xFF, 0xFF, 0xFF, 0xFF, 0xFF, 0xFF, 0x84, 0x00,
  0x00, 0x00, 0x00, 0x00, 0x00, 0x00, 0x00, 0x00, 0x00, 0x0C, 0xFF, 0xFF, 0xFF, 0xB4, 0x00, 0x00,
  0x00, 0x00, 0x00, 0x00, 0x00, 0x00, 0x00, 0x00, 0x00, 0x00, 0x00, 0x0C, 0xFF, 0xFF, 0xFF, 0xB4,
  0x00, 0x00, 0x00, 0x00, 0x00, 0x00, 0x00, 0x00, 0x00, 0x00, 0x00, 0x00, 0x00, 0x0C, 0xFF, 0xFF,
  0xFF, 0xB4, 0x00, 0x00, 0x00, 0x00, 0x00, 0x00, 0x00, 0x00, 0x00, 0x00, 0x00, 0x00, 0x00, 0x0C,
  0xFF, 0xFF, 0xFF, 0xB4, 0x00, 0x00, 0x00, 0x00, 0x00, 0xF5, 0xFF, 0xFF, 0xFF, 0xFF, 0xFF, 0xFF,
  0xFF, 0xFF, 0xFF, 0xFF, 0xFF, 0xB8, 0x00, 0x00, 0x10, 0xFF, 0xFF, 0xFF, 0xFF, 0xFF, 0xFF, 0xFF,
  0xFF, 0xFF, 0xFF, 0xFF, 0xFF, 0xB8, 0x00, 0x00, 0x2B, 0xFF, 0xFF, 0xFF, 0xFF, 0xFF, 0xFF, 0xFF,
  0xFF, 0xFF, 0xFF, 0xFF, 0xFF, 0xB8, 0x00, 0x00, 0x46, 0xFF, 0xFF, 0xFF, 0x8B, 0x5C, 0x5C, 0x5C,
  0x5C, 0x5C, 0x5C, 0x5C, 0x5C, 0x42, 0x00, 0x00, 0x61, 0xFF, 0xFF, 0xFF, 0x32, 0x00, 0x00, 0x00,
  0x00, 0x00, 0x00, 0x00, 0x00, 0x00, 0x00, 0x00, 0x7B, 0xFF, 0xFF, 0xFF, 0x14, 0x00, 0x00, 0x00,
  0x00, 0x00, 0x00, 0x00, 0x00, 0x00, 0x00, 0x00, 0x96, 0xFF, 0xFF, 0xF7, 0x00, 0x00, 0x00, 0x00,
  0x00, 0x00, 0x00, 0x00, 0x00, 0x00, 0x00, 0x00, 0xB1, 0xFF, 0xFF, 0xDA, 0x0A, 0x77, 0xCD, 0xF4,
  0xF2, 0xCF, 0x81, 0x12, 0x00, 0x00, 0x00, 0x00, 0xCC, 0xFF, 0xFF, 0xD8, 0xD7, 0xFF, 0xFF, 0xFF,
  0xFF, 0xFF, 0xFF, 0xEE, 0x44, 0x00, 0x00, 0x00, 0xE6, 0xFF, 0xFF, 0xFF, 0xFF, 0xFF, 0xFF, 0xFF,
  0xFF, 0xFF, 0xFF, 0xFF, 0xFA, 0x39, 0x00, 0x02, 0xF7, 0xFF, 0xFF, 0xFF, 0xC0, 0x58, 0x27, 0x2E,
  0x6F, 0xE9, 0xFF, 0xFF, 0xFF, 0xDC, 0x04, 0x00, 0x04, 0x29, 0x53, 0x5B, 0x00, 0x00, 0x00, 0x00,
  0x00, 0x1D, 0xE7, 0xFF, 0xFF, 0xFF, 0x56, 0x00, 0x00, 0x00, 0x00, 0x00, 0x00, 0x00, 0x00, 0x00,
  0x00, 0x00, 0x5F, 0xFF, 0xFF, 0xFF, 0xA1, 0x00, 0x00, 0x00, 0x00, 0x00, 0x00, 0x00, 0x00, 0x00,
  0x00, 0x00, 0x0E, 0xFF, 0xFF, 0xFF, 0xC8, 0x00, 0x00, 0x00, 0x00, 0x00, 0x00, 0x00, 0x00, 0x00,
  0x00, 0x00, 0x00, 0xF7, 0xFF, 0xFF, 0xD4, 0x26, 0x58, 0x58, 0x58, 0x21, 0x00, 0x00, 0x00, 0x00,
  0x00, 0x00, 0x11, 0xFF, 0xFF, 0xFF, 0xB9, 0x54, 0xFF, 0xFF, 0xFF, 0x8B, 0x00, 0x00, 0x00, 0x00,
  0x00, 0x00, 0x66, 0xFF, 0xFF, 0xFF, 0x90, 0x1D, 0xFC, 0xFF, 0xFF, 0xF3, 0x32, 0x00, 0x00, 0x00,
  0x00, 0x29, 0xED, 0xFF, 0xFF, 0xFF, 0x30, 0x00, 0xA2, 0xFF, 0xFF, 0xFF, 0xF7, 0x8E, 0x4E, 0x4E,
  0x89, 0xF2, 0xFF, 0xFF, 0xFF, 0xB2, 0x00, 0x00, 0x12, 0xD6, 0xFF, 0xFF, 0xFF, 0xFF, 0xFF, 0xFF,
  0xFF, 0xFF, 0xFF, 0xFF, 0xDD, 0x11, 0x00, 0x00, 0x00, 0x19, 0xB5, 0xFF, 0xFF, 0xFF, 0xFF, 0xFF,
  0xFF, 0xFF, 0xFF, 0xB7, 0x14, 0x00, 0x00, 0x00, 0x00, 0x00, 0x00, 0x45, 0x9E, 0xD8, 0xF2, 0xF3,
  0xD6, 0xA3, 0x41, 0x01, 0x00, 0x00, 0x00, 0x00, 0x00, 0x00, 0x00, 0x00, 0x2B, 0x8D, 0xD4, 0xF0,
  0xF4, 0xDB, 0xA4, 0x4C, 0x00, 0x00, 0x00, 0x00, 0x00, 0x00, 0x00, 0x04, 0x89, 0xFC, 0xFF, 0xFF,
  0xFF, 0xFF, 0xFF, 0xFF, 0xFF, 0xBF, 0x1D, 0x00, 0x00, 0x00, 0x00, 0x01, 0xA3, 0xFF, 0xFF, 0xFF,
  0xFF, 0xFF, 0xFF, 0xFF, 0xFF, 0xFF, 0xFF, 0xDD, 0x19, 0x00, 0x00, 0x00, 0x70, 0xFF, 0xFF, 0xFF,
  0xFF, 0xC6, 0x8D, 0x85, 0xB4, 0xFD, 0xFF, 0xFF, 0xFF, 0xAA, 0x00, 0x00, 0x15, 0xF0, 0xFF, 0xFF,
  0xFA, 0x55, 0x00, 0x00, 0x00, 0x00, 0x37, 0xF0, 0xFF, 0xFF, 0xFF, 0x23, 0x00, 0x73, 0xFF, 0xFF,
  0xFF, 0x6D, 0x00, 0x00, 0x00, 0x00, 0x00, 0x00, 0x61, 0xB4, 0xB4, 0xB4, 0x43, 0x00, 0xCE, 0xFF,
  0xFF, 0xE5, 0x05, 0x00, 0x00, 0x00, 0x00, 0x00, 0x00, 0x00, 0x00, 0x00, 0x00, 0x00, 0x0C, 0xFE,
  0xFF, 0xFF, 0x9E, 0x00, 0x18, 0x86, 0xD3, 0xF6, 0xEC, 0xC8, 0x6E, 0x0D, 0x00, 0x00, 0x00, 0x3C,
  0xFF, 0xFF, 0xFF, 0x6D, 0x46, 0xEE, 0xFF, 0xFF, 0xFF, 0xFF, 0xFF, 0xFF, 0xDE, 0x2D, 0x00, 0x00,
  0x5D, 0xFF, 0xFF, 0xFF, 0x82, 0xF6, 0xFF, 0xFF, 0xFF, 0xFF, 0xFF, 0xFF, 0xFF, 0xFF, 0xEE, 0x1D,
  0x00, 0x6C, 0xFF, 0xFF, 0xFF, 0xFB, 0xFF, 0xD7, 0x59, 0x1E, 0x29, 0x76, 0xF2, 0xFF, 0xFF, 0xFF,
  0xBA, 0x00, 0x78, 0xFF, 0xFF, 0xFF, 0xFF, 0xD3, 0x0D, 0x00, 0x00, 0x00, 0x00, 0x31, 0xF7, 0xFF,
  0xFF, 0xFF, 0x29, 0x6E, 0xFF, 0xFF, 0xFF, 0xFF, 0x39, 0x00, 0x00, 0x00, 0x00, 0x00, 0x00, 0x88,
  0xFF, 0xFF, 0xFF, 0x79, 0x5D, 0xFF, 0xFF, 0xFF, 0xDC, 0x00, 0x00, 0x00, 0x00, 0x00, 0x00, 0x00,
  0x38, 0xFF, 0xFF, 0xFF, 0x98, 0x42, 0xFF, 0xFF, 0xFF, 0xC7, 0x00, 0x00, 0x00, 0x00, 0x00, 0x00,
  0x00, 0x24, 0xFF, 0xFF, 0xFF, 0xA6, 0x0C, 0xFC, 0xFF, 0xFF, 0xE7, 0x01, 0x00, 0x00, 0x00, 0x00,
  0x00, 0x00, 0x44, 0xFF, 0xFF, 0xFF, 0x8B, 0x00, 0xC6, 0xFF, 0xFF, 0xFF, 0x47, 0x00, 0x00, 0x00,
  0x00, 0x00, 0x00, 0xA3, 0xFF, 0xFF, 0xFF, 0x5F, 0x00, 0x5A, 0xFF, 0xFF, 0xFF, 0xE0, 0x1F, 0x00,
  0x00, 0x00, 0x00, 0x5B, 0xFF, 0xFF, 0xFF, 0xF3, 0x0C, 0x00, 0x04, 0xCF, 0xFF, 0xFF, 0xFF, 0xED,
  0x82, 0x4B, 0x57, 0xA8, 0xFE, 0xFF, 0xFF, 0xFF, 0x80, 0x00, 0x00, 0x00, 0x24, 0xED, 0xFF, 0xFF,
  0xFF, 0xFF, 0xFF, 0xFF, 0xFF, 0xFF, 0xFF, 0xFF, 0xBB, 0x03, 0x00, 0x00, 0x00, 0x00, 0x24, 0xD1,
  0xFF, 0xFF, 0xFF, 0xFF, 0xFF, 0xFF, 0xFF, 0xFF, 0x96, 0x07, 0x00, 0x00, 0x00, 0x00, 0x00, 0x00,
  0x02, 0x56, 0xAB, 0xE1, 0xF8, 0xED, 0xD0, 0x91, 0x2D, 0x00, 0x00, 0x00, 0x00, 0xC8, 0xFF, 0xFF,
  0xFF, 0xFF, 0xFF, 0xFF, 0xFF, 0xFF, 0xFF, 0xFF, 0xFF, 0xFF, 0xFF, 0xFF, 0x10, 0xC8, 0xFF, 0xFF,
  0xFF, 0xFF, 0xFF, 0xFF, 0xFF, 0xFF, 0xFF, 0xFF, 0xFF, 0xFF, 0xFF, 0xFF, 0x10, 0xC8, 0xFF, 0xFF,
  0xFF, 0xFF, 0xFF, 0xFF, 0xFF, 0xFF, 0xFF, 0xFF, 0xFF, 0xFF, 0xFF, 0xFF, 0x10, 0x57, 0x70, 0x70,
  0x70, 0x70, 0x70, 0x70, 0x70, 0x70, 0x70, 0x84, 0xFF, 0xFF, 0xFF, 0xF4, 0x08, 0x00, 0x00, 0x00,
  0x00, 0x00, 0x00, 0x00, 0x00, 0x00, 0x00, 0x89, 0xFF, 0xFF, 0xFF, 0x89, 0x00, 0x00, 0x00, 0x00,
  0x00, 0x00, 0x00, 0x00, 0x00, 0x00, 0x14, 0xF3, 0xFF, 0xFF, 0xF4, 0x15, 0x00, 0x00, 0x00, 0x00,
  0x00, 0x00, 0x00, 0x00, 0x00, 0x00, 0x89, 0xFF, 0xFF, 0xFF, 0x89, 0x00, 0x00, 0x00, 0x00, 0x00,
  0x00, 0x00, 0x00, 0x00, 0x00, 0x14, 0xF4, 0xFF, 0xFF, 0xF4, 0x15, 0x00, 0x00, 0x00, 0x00, 0x00,
  0x00, 0x00, 0x00, 0x00, 0x00, 0x89, 0xFF, 0xFF, 0xFF, 0x89, 0x00, 0x00, 0x00, 0x00, 0x00, 0x00,
  0x00, 0x00, 0x00, 0x00, 0x15, 0xF4, 0xFF, 0xFF, 0xF4, 0x14, 0x00, 0x00, 0x00, 0x00, 0x00, 0x00,
  0x00, 0x00, 0x00, 0x00, 0x8A, 0xFF, 0xFF, 0xFF, 0x89, 0x00, 0x00, 0x00, 0x00, 0x00, 0x00, 0x00,
  0x00, 0x00, 0x00, 0x15, 0xF4, 0xFF, 0xFF, 0xF4, 0x14, 0x00, 0x00, 0x00, 0x00, 0x00, 0x00, 0x00,
  0x00, 0x00, 0x00, 0x8A, 0xFF, 0xFF, 0xFF, 0x88, 0x00, 0x00, 0x00, 0x00, 0x00, 0x00, 0x00, 0x00,
  0x00, 0x00, 0x15, 0xF4, 0xFF, 0xFF, 0xF3, 0x14, 0x00, 0x00, 0x00, 0x00, 0x00, 0x00, 0x00, 0x00,
  0x00, 0x00, 0x8B, 0xFF, 0xFF, 0xFF, 0x88, 0x00, 0x00, 0x00, 0x00, 0x00, 0x00, 0x00, 0x00, 0x00,
  0x00, 0x15, 0xF4, 0xFF, 0xFF, 0xF3, 0x14, 0x00, 0x00, 0x00, 0x00, 0x00, 0x00, 0x00, 0x00, 0x00,
  0x00, 0x8B, 0xFF, 0xFF, 0xFF, 0x88, 0x00, 0x00, 0x00, 0x00, 0x00, 0x00, 0x00, 0x00, 0x00, 0x00,
  0x16, 0xF5, 0xFF, 0xFF, 0xF3, 0x14, 0x00, 0x00, 0x00, 0x00, 0x00, 0x00, 0x00, 0x00, 0x00, 0x00,
  0x8C, 0xFF, 0xFF, 0xFF, 0x88, 0x00, 0x00, 0x00, 0x00, 0x00, 0x00, 0x00, 0x00, 0x00, 0x00, 0x16,
  0xF5, 0xFF, 0xFF, 0xF3, 0x14, 0x00, 0x00, 0x00, 0x00, 0x00, 0x00, 0x00, 0x00, 0x00, 0x00, 0x8C,
  0xFF, 0xFF, 0xFF, 0x88, 0x00, 0x00, 0x00, 0x00, 0x00, 0x00, 0x00, 0x00, 0x00, 0x00, 0x16, 0xF5,
  0xFF, 0xFF, 0xF3, 0x14, 0x00, 0x00, 0x00, 0x00, 0x00, 0x00, 0x00, 0x00, 0x00, 0x00, 0x00, 0x00,
  0x00, 0x1C, 0x79, 0xC4, 0xE6, 0xF9, 0xEA, 0xCD, 0x86, 0x2A, 0x00, 0x00, 0x00, 0x00, 0x00, 0x00,
  0x00, 0x76, 0xF5, 0xFF, 0xFF, 0xFF, 0xFF, 0xFF, 0xFF, 0xFF, 0xFC, 0x94, 0x05, 0x00, 0x00, 0x00,
  0x00, 0x87, 0xFF, 0xFF, 0xFF, 0xFF, 0xFF, 0xFF, 0xFF, 0xFF, 0xFF, 0xFF, 0xFF, 0xB1, 0x01, 0x00,
  0x00, 0x2D, 0xFE, 0xFF, 0xFF, 0xFF, 0xB0, 0x4D, 0x2E, 0x43, 0x99, 0xFD, 0xFF, 0xFF, 0xFF, 0x59,
  0x00, 0x00, 0x88, 0xFF, 0xFF, 0xFF, 0x9D, 0x00, 0x00, 0x00, 0x00, 0x00, 0x71, 0xFF, 0xFF, 0xFF,
  0xB7, 0x00, 0x00, 0xAB, 0xFF, 0xFF, 0xFF, 0x33, 0x00, 0x00, 0x00, 0x00, 0x00, 0x07, 0xFC, 0xFF,
  0xFF, 0xDB, 0x00, 0x00, 0x9B, 0xFF, 0xFF, 0xFF, 0x31, 0x00, 0x00, 0x00, 0x00, 0x00, 0x05, 0xFB,
  0xFF, 0xFF, 0xC9, 0x00, 0x00, 0x4D, 0xFF, 0xFF, 0xFF, 0x93, 0x00, 0x00, 0x00, 0x00, 0x00, 0x67,
  0xFF, 0xFF, 0xFF, 0x7A, 0x00, 0x00, 0x00, 0xAE, 0xFF, 0xFF, 0xFF, 0x98, 0x31, 0x11, 0x27, 0x81,
  0xFA, 0xFF, 0xFF, 0xD0, 0x0A, 0x00, 0x00, 0x00, 0x04, 0x8F, 0xF6, 0xFF, 0xFF, 0xFF, 0xFF, 0xFF,
  0xFF, 0xFF, 0xFC, 0xAB, 0x0F, 0x00, 0x00, 0x00, 0x00, 0x00, 0x1B, 0x86, 0xFD, 0xFF, 0xFF, 0xFF,
  0xFF, 0xFF, 0xFF, 0xA3, 0x2C, 0x00, 0x00, 0x00, 0x00, 0x00, 0x64, 0xF5, 0xFF, 0xFF, 0xFF, 0xFF,
  0xFF, 0xFF, 0xFF, 0xFF, 0xFF, 0xFD, 0x8B, 0x01, 0x00, 0x00, 0x58, 0xFF, 0xFF, 0xFF, 0xF6, 0x7E,
  0x24, 0x07, 0x1B, 0x6C, 0xEC, 0xFF, 0xFF, 0xFF, 0x89, 0x00, 0x07, 0xEA, 0xFF, 0xFF, 0xFD, 0x40,
  0x00, 0x00, 0x00, 0x00, 0x00, 0x25, 0xF0, 0xFF, 0xFF, 0xFD, 0x28, 0x4C, 0xFF, 0xFF, 0xFF, 0xB5,
  0x00, 0x00, 0x00, 0x00, 0x00, 0x00, 0x00, 0x8A, 0xFF, 0xFF, 0xFF, 0x83, 0x71, 0xFF, 0xFF, 0xFF,
  0x8C, 0x00, 0x00, 0x00, 0x00, 0x00, 0x00, 0x00, 0x61, 0xFF, 0xFF, 0xFF, 0xA9, 0x6D, 0xFF, 0xFF,
  0xFF, 0xAF, 0x00, 0x00, 0x00, 0x00, 0x00, 0x00, 0x00, 0x85, 0xFF, 0xFF, 0xFF, 0xA4, 0x36, 0xFF,
  0xFF, 0xFF, 0xFB, 0x3B, 0x00, 0x00, 0x00, 0x00, 0x00, 0x21, 0xED, 0xFF, 0xFF, 0xFF, 0x6C, 0x00,
  0xC4, 0xFF, 0xFF, 0xFF, 0xF7, 0x86, 0x36, 0x1D, 0x2E, 0x73, 0xEB, 0xFF, 0xFF, 0xFF, 0xE9, 0x0F,
  0x00, 0x1C, 0xDC, 0xFF, 0xFF, 0xFF, 0xFF, 0xFF, 0xFF, 0xFF, 0xFF, 0xFF, 0xFF, 0xFF, 0xF1, 0x39,
  0x00, 0x00, 0x00, 0x1A, 0xAD, 0xFF, 0xFF, 0xFF, 0xFF, 0xFF, 0xFF, 0xFF, 0xFF, 0xFF, 0xC7, 0x2F,
  0x00, 0x00, 0x00, 0x00, 0x00, 0x00, 0x35, 0x8A, 0xCC, 0xE7, 0xFA, 0xEB, 0xD3, 0x98, 0x48, 0x01,
  0x00, 0x00, 0x00, 0x00, 0x00, 0x00, 0x00, 0x25, 0x83, 0xCA, 0xE6, 0xF9, 0xE6, 0xB4, 0x65, 0x07,
  0x00, 0x00, 0x00, 0x00, 0x00, 0x00, 0x05, 0x84, 0xFD, 0xFF, 0xFF, 0xFF, 0xFF, 0xFF, 0xFF, 0xFF,
  0xE3, 0x3C, 0x00, 0x00, 0x00, 0x00, 0x01, 0xAB, 0xFF, 0xFF, 0xFF, 0xFF, 0xFF, 0xFF, 0xFF, 0xFF,
  0xFF, 0xFF, 0xFA, 0x47, 0x00, 0x00, 0x00, 0x71, 0xFF, 0xFF, 0xFF, 0xFF, 0xC1, 0x69, 0x54, 0x76,
  0xD9, 0xFF, 0xFF, 0xFF, 0xEC, 0x19, 0x00, 0x04, 0xE5, 0xFF, 0xFF, 0xFF, 0x77, 0x00, 0x00, 0x00,
  0x00, 0x07, 0xA8, 0xFF, 0xFF, 0xFF, 0x8D, 0x00, 0x42, 0xFF, 0xFF, 0xFF, 0xB9, 0x00, 0x00, 0x00,
  0x00, 0x00, 0x00, 0x08, 0xE7, 0xFF, 0xFF, 0xF2, 0x07, 0x65, 0xFF, 0xFF, 0xFF, 0x65, 0x00, 0x00,
  0x00, 0x00, 0x00, 0x00, 0x00, 0x9D, 0xFF, 0xFF, 0xFF, 0x3C, 0x71, 0xFF, 0xFF, 0xFF, 0x5C, 0x00,
  0x00, 0x00, 0x00, 0x00, 0x00, 0x00, 0x94, 0xFF, 0xFF, 0xFF, 0x76, 0x55, 0xFF, 0xFF, 0xFF, 0x9A,
  0x00, 0x00, 0x00, 0x00, 0x00, 0x00, 0x05, 0xDA, 0xFF, 0xFF, 0xFF, 0x90, 0x1A, 0xFB, 0xFF, 0xFF,
  0xF9, 0x3B, 0x00, 0x00, 0x00, 0x00, 0x00, 0x8D, 0xFF, 0xFF, 0xFF, 0xFF, 0xA1, 0x00, 0xAB, 0xFF,
  0xFF, 0xFF, 0xF7, 0x7F, 0x2D, 0x1A, 0x3F, 0xB9, 0xFF, 0xFB, 0xFF, 0xFF, 0xFF, 0xAB, 0x00, 0x17,
  0xE6, 0xFF, 0xFF, 0xFF, 0xFF, 0xFF, 0xFF, 0xFF, 0xFF, 0xFF, 0x7B, 0xFF, 0xFF, 0xFF, 0x9F, 0x00,
  0x00, 0x28, 0xD4, 0xFF, 0xFF, 0xFF, 0xFF, 0xFF, 0xFF, 0xFA, 0x6D, 0x36, 0xFF, 0xFF, 0xFF, 0x90,
  0x00, 0x00, 0x00, 0x09, 0x64, 0xC0, 0xE8, 0xF9, 0xDF, 0x9B, 0x2A, 0x00, 0x56, 0xFF, 0xFF, 0xFF,
  0x6F, 0x00, 0x00, 0x00, 0x00, 0x00, 0x00, 0x00, 0x00, 0x00, 0x00, 0x00, 0x00, 0x8F, 0xFF, 0xFF,
  0xFF, 0x3E, 0x15, 0x58, 0x58, 0x58, 0x38, 0x00, 0x00, 0x00, 0x00, 0x00, 0x00, 0x04, 0xE1, 0xFF,
  0xFF, 0xF5, 0x0B, 0x14, 0xFE, 0xFF, 0xFF, 0xE4, 0x05, 0x00, 0x00, 0x00, 0x00, 0x00, 0x64, 0xFF,
  0xFF, 0xFF, 0xA5, 0x00, 0x00, 0xC6, 0xFF, 0xFF, 0xFF, 0x9A, 0x04, 0x00, 0x00, 0x00, 0x46, 0xF7,
  0xFF, 0xFF, 0xFF, 0x3A, 0x00, 0x00, 0x47, 0xFF, 0xFF, 0xFF, 0xFF, 0xD8, 0x91, 0x86, 0xBA, 0xFF,
  0xFF, 0xFF, 0xFF, 0xA2, 0x00, 0x00, 0x00, 0x00, 0x8C, 0xFF, 0xFF, 0xFF, 0xFF, 0xFF, 0xFF, 0xFF,
  0xFF, 0xFF, 0xFF, 0xCB, 0x0D, 0x00, 0x00, 0x00, 0x00, 0x01, 0x7B, 0xFA, 0xFF, 0xFF, 0xFF, 0xFF,
  0xFF, 0xFF, 0xFF, 0xAC, 0x12, 0x00, 0x00, 0x00, 0x00, 0x00, 0x00, 0x00, 0x26, 0x88, 0xD1, 0xEE,
  0xF6, 0xDC, 0xA2, 0x43, 0x00, 0x00, 0x00, 0x00, 0x00, 0x01, 0x8E, 0xEF, 0xD6, 0x3C, 0x00, 0x59,
  0xFF, 0xFF, 0xFF, 0xE8, 0x03, 0x84, 0xFF, 0xFF, 0xFF, 0xFF, 0x17, 0x42, 0xFF, 0xFF, 0xFF, 0xD3,
  0x00, 0x00, 0x5D, 0xBC, 0xA3, 0x1F, 0x00, 0x00, 0x00, 0x00, 0x00, 0x00, 0x00, 0x00, 0x00, 0x00,
  0x00, 0x00, 0x00, 0x00, 0x00, 0x00, 0x00, 0x00, 0x00, 0x00, 0x00, 0x00, 0x00, 0x00, 0x00, 0x00,
  0x00, 0x00, 0x00, 0x00, 0x00, 0x00, 0x00, 0x00, 0x00, 0x00, 0x00, 0x00, 0x59, 0xB7, 0x9F, 0x1D,
  0x00, 0x41, 0xFF, 0xFF, 0xFF, 0xD2, 0x00, 0x84, 0xFF, 0xFF, 0xFF, 0xFF, 0x17, 0x5A, 0xFF, 0xFF,
  0xFF, 0xE9, 0x03, 0x01, 0x91, 0xF0, 0xD7, 0x3E, 0x00,
};
constexpr size_t NumeralsVlwSize = sizeof(NumeralsVlw);

// Clock: Inter-600, 15 px, 16 glyphs (the gauge's clock).
alignas(4) const uint8_t ClockVlw[] = {
  0x00, 0x00, 0x00, 0x10, 0x00, 0x00, 0x00, 0x0B, 0x00, 0x00, 0x00, 0x0F, 0x00, 0x00, 0x00, 0x00,
  0x00, 0x00, 0x00, 0x0F, 0x00, 0x00, 0x00, 0x04, 0x00, 0x00, 0x00, 0x2B, 0x00, 0x00, 0x00, 0x07,
  0x00, 0x00, 0x00, 0x08, 0x00, 0x00, 0x00, 0x0A, 0x00, 0x00, 0x00, 0x08, 0x00, 0x00, 0x00, 0x01,
  0x00, 0x00, 0x00, 0x00, 0x00, 0x00, 0x00, 0x2C, 0x00, 0x00, 0x00, 0x05, 0x00, 0x00, 0x00, 0x04,
  0x00, 0x00, 0x00, 0x05, 0x00, 0x00, 0x00, 0x02, 0x00, 0x00, 0x00, 0x00, 0x00, 0x00, 0x00, 0x00,
  0x00, 0x00, 0x00, 0x2D, 0x00, 0x00, 0x00, 0x02, 0x00, 0x00, 0x00, 0x05, 0x00, 0x00, 0x00, 0x07,
  0x00, 0x00, 0x00, 0x06, 0x00, 0x00, 0x00, 0x01, 0x00, 0x00, 0x00, 0x00, 0x00, 0x00, 0x00, 0x2E,
  0x00, 0x00, 0x00, 0x03, 0x00, 0x00, 0x00, 0x03, 0x00, 0x00, 0x00, 0x05, 0x00, 0x00, 0x00, 0x03,
  0x00, 0x00, 0x00, 0x01, 0x00, 0x00, 0x00, 0x00, 0x00, 0x00, 0x00, 0x2F, 0x00, 0x00, 0x00, 0x0D,
  0x00, 0x00, 0x00, 0x06, 0x00, 0x00, 0x00, 0x06, 0x00, 0x00, 0x00, 0x0B, 0x00, 0x00, 0x00, 0x00,
  0x00, 0x00, 0x00, 0x00, 0x00, 0x00, 0x00, 0x30, 0x00, 0x00, 0x00, 0x0B, 0x00, 0x00, 0x00, 0x0A,
  0x00, 0x00, 0x00, 0x0A, 0x00, 0x00, 0x00, 0x0B, 0x00, 0x00, 0x00, 0x00, 0x00, 0x00, 0x00, 0x00,
  0x00, 0x00, 0x00, 0x31, 0x00, 0x00, 0x00, 0x0B, 0x00, 0x00, 0x00, 0x06, 0x00, 0x00, 0x00, 0x0A,
  0x00, 0x00, 0x00, 0x0B, 0x00, 0x00, 0x00, 0x02, 0x00, 0x00, 0x00, 0x00, 0x00, 0x00, 0x00, 0x32,
  0x00, 0x00, 0x00, 0x0B, 0x00, 0x00, 0x00, 0x09, 0x00, 0x00, 0x00, 0x0A, 0x00, 0x00, 0x00, 0x0B,
  0x00, 0x00, 0x00, 0x00, 0x00, 0x00, 0x00, 0x00, 0x00, 0x00, 0x00, 0x33, 0x00, 0x00, 0x00, 0x0B,
  0x00, 0x00, 0x00, 0x09, 0x00, 0x00, 0x00, 0x0A, 0x00, 0x00, 0x00, 0x0B, 0x00, 0x00, 0x00, 0x00,
  0x00, 0x00, 0x00, 0x00, 0x00, 0x00, 0x00, 0x34, 0x00, 0x00, 0x00, 0x0B, 0x00, 0x00, 0x00, 0x0A,
  0x00, 0x00, 0x00, 0x0A, 0x00, 0x00, 0x00, 0x0B, 0x00, 0x00, 0x00, 0x00, 0x00, 0x00, 0x00, 0x00,
  0x00, 0x00, 0x00, 0x35, 0x00, 0x00, 0x00, 0x0B, 0x00, 0x00, 0x00, 0x09, 0x00, 0x00, 0x00, 0x0A,
  0x00, 0x00, 0x00, 0x0B, 0x00, 0x00, 0x00, 0x00, 0x00, 0x00, 0x00, 0x00, 0x00, 0x00, 0x00, 0x36,
  0x00, 0x00, 0x00, 0x0B, 0x00, 0x00, 0x00, 0x09, 0x00, 0x00, 0x00, 0x0A, 0x00, 0x00, 0x00, 0x0B,
  0x00, 0x00, 0x00, 0x00, 0x00, 0x00, 0x00, 0x00, 0x00, 0x00, 0x00, 0x37, 0x00, 0x00, 0x00, 0x0B,
  0x00, 0x00, 0x00, 0x09, 0x00, 0x00, 0x00, 0x0A, 0x00, 0x00, 0x00, 0x0B, 0x00, 0x00, 0x00, 0x00,
  0x00, 0x00, 0x00, 0x00, 0x00, 0x00, 0x00, 0x38, 0x00, 0x00, 0x00, 0x0B, 0x00, 0x00, 0x00, 0x09,
  0x00, 0x00, 0x00, 0x0A, 0x00, 0x00, 0x00, 0x0B, 0x00, 0x00, 0x00, 0x00, 0x00, 0x00, 0x00, 0x00,
  0x00, 0x00, 0x00, 0x39, 0x00, 0x00, 0x00, 0x0B, 0x00, 0x00, 0x00, 0x09, 0x00, 0x00, 0x00, 0x0A,
  0x00, 0x00, 0x00, 0x0B, 0x00, 0x00, 0x00, 0x00, 0x00, 0x00, 0x00, 0x00, 0x00, 0x00, 0x00, 0x3A,
  0x00, 0x00, 0x00, 0x08, 0x00, 0x00, 0x00, 0x03, 0x00, 0x00, 0x00, 0x05, 0x00, 0x00, 0x00, 0x08,
  0x00, 0x00, 0x00, 0x01, 0x00, 0x00, 0x00, 0x00, 0x00, 0x00, 0x00, 0xC8, 0xE0, 0x00, 0x00, 0x00,
  0x00, 0x00, 0x00, 0xC8, 0xE0, 0x00, 0x00, 0x00, 0x00, 0x00, 0x00, 0xC8, 0xE0, 0x00, 0x00, 0x00,
  0xA0, 0xFF, 0xFF, 0xFF, 0xFF, 0xFF, 0xFF, 0xBC, 0x50, 0x80, 0x80, 0xFF, 0xFF, 0x80, 0x80, 0x5E,
  0x00, 0x00, 0x00, 0xC8, 0xE0, 0x00, 0x00, 0x00, 0x00, 0x00, 0x00, 0xC8, 0xE0, 0x00, 0x00, 0x00,
  0x00, 0x1E, 0x40, 0x1E, 0x00, 0x91, 0xFF, 0x49, 0x00, 0xB8, 0xF4, 0x08, 0x00, 0xDE, 0xAF, 0x00,
  0x07, 0xFD, 0x62, 0x00, 0x7F, 0x84, 0x84, 0x84, 0x7B, 0xF8, 0xFF, 0xFF, 0xFF, 0xF0, 0x08, 0x32,
  0x00, 0xA8, 0xFF, 0x6F, 0x7F, 0xF2, 0x4C, 0x00, 0x00, 0x00, 0x27, 0x80, 0x2E, 0x00, 0x00, 0x00,
  0x85, 0xFF, 0x27, 0x00, 0x00, 0x00, 0xCD, 0xDF, 0x00, 0x00, 0x00, 0x16, 0xFE, 0x97, 0x00, 0x00,
  0x00, 0x5D, 0xFF, 0x4F, 0x00, 0x00, 0x00, 0xA5, 0xFA, 0x0D, 0x00, 0x00, 0x01, 0xEA, 0xBF, 0x00,
  0x00, 0x00, 0x35, 0xFF, 0x77, 0x00, 0x00, 0x00, 0x7D, 0xFF, 0x2F, 0x00, 0x00, 0x00, 0xC5, 0xE6,
  0x00, 0x00, 0x00, 0x10, 0xFC, 0x9F, 0x00, 0x00, 0x00, 0x55, 0xFF, 0x57, 0x00, 0x00, 0x00, 0x9C,
  0xFD, 0x12, 0x00, 0x00, 0x00, 0x00, 0x00, 0x31, 0xB7, 0xF0, 0xEC, 0xAB, 0x23, 0x00, 0x00, 0x00,
  0x2A, 0xF2, 0xFC, 0xA9, 0xB2, 0xFF, 0xE7, 0x1A, 0x00, 0x00, 0xB3, 0xFF, 0x68, 0x00, 0x00, 0x83,
  0xFF, 0x97, 0x00, 0x0A, 0xF9, 0xF3, 0x05, 0x00, 0x00, 0x15, 0xFF, 0xE7, 0x00, 0x2C, 0xFF, 0xC8,
  0x00, 0x00, 0x00, 0x00, 0xE5, 0xFF, 0x0F, 0x3B, 0xFF, 0xBB, 0x00, 0x00, 0x00, 0x00, 0xD8, 0xFF,
  0x1E, 0x2D, 0xFF, 0xC7, 0x00, 0x00, 0x00, 0x00, 0xE5, 0xFF, 0x10, 0x0B, 0xF9, 0xF0, 0x04, 0x00,
  0x00, 0x15, 0xFF, 0xE7, 0x00, 0x00, 0xB3, 0xFF, 0x68, 0x00, 0x00, 0x85, 0xFF, 0x97, 0x00, 0x00,
  0x2C, 0xF2, 0xFC, 0xAD, 0xB6, 0xFF, 0xE9, 0x1B, 0x00, 0x00, 0x00, 0x31, 0xB8, 0xF0, 0xED, 0xAE,
  0x25, 0x00, 0x00, 0x00, 0x08, 0x94, 0xFF, 0xFF, 0x40, 0x1E, 0xD2, 0xFE, 0xF1, 0xFF, 0x40, 0x50,
  0xEA, 0x4A, 0xB0, 0xFF, 0x40, 0x27, 0x19, 0x00, 0xB0, 0xFF, 0x40, 0x00, 0x00, 0x00, 0xB0, 0xFF,
  0x40, 0x00, 0x00, 0x00, 0xB0, 0xFF, 0x40, 0x00, 0x00, 0x00, 0xB0, 0xFF, 0x40, 0x00, 0x00, 0x00,
  0xB0, 0xFF, 0x40, 0x00, 0x00, 0x00, 0xB0, 0xFF, 0x40, 0x00, 0x00, 0x00, 0xB0, 0xFF, 0x40, 0x00,
  0x00, 0x00, 0xB0, 0xFF, 0x40, 0x00, 0x02, 0x71, 0xD8, 0xF9, 0xE5, 0x91, 0x0E, 0x00, 0x00, 0x82,
  0xFF, 0xDD, 0x97, 0xCB, 0xFF, 0xBD, 0x00, 0x01, 0xF1, 0xF7, 0x13, 0x00, 0x04, 0xD1, 0xFF, 0x2C,
  0x05, 0x5C, 0x4C, 0x00, 0x00, 0x00, 0xAA, 0xFF, 0x36, 0x00, 0x00, 0x00, 0x00, 0x00, 0x1F, 0xF1,
  0xED, 0x08, 0x00, 0x00, 0x00, 0x00, 0x0F, 0xD1, 0xFF, 0x5C, 0x00, 0x00, 0x00, 0x00, 0x0F, 0xC9,
  0xFF, 0x84, 0x00, 0x00, 0x00, 0x00, 0x10, 0xCA, 0xFF, 0x8C, 0x00, 0x00, 0x00, 0x00, 0x11, 0xCC,
  0xFF, 0x8F, 0x00, 0x00, 0x00, 0x00, 0x01, 0xCD, 0xFF, 0xF3, 0x9C, 0x9C, 0x9C, 0x9C, 0x44, 0x04,
  0xFF, 0xFF, 0xFF, 0xFF, 0xFF, 0xFF, 0xFF, 0x70, 0x00, 0x00, 0x59, 0xCA, 0xF6, 0xEC, 0xA1, 0x19,
  0x00, 0x00, 0x69, 0xFF, 0xE8, 0x99, 0xBA, 0xFF, 0xD7, 0x06, 0x00, 0xE0, 0xFE, 0x22, 0x00, 0x00,
  0xB6, 0xFF, 0x4C, 0x00, 0x1F, 0x1D, 0x00, 0x00, 0x00, 0x9D, 0xFF, 0x52, 0x00, 0x00, 0x00, 0x0E,
  0x28, 0x65, 0xF5, 0xDC, 0x0B, 0x00, 0x00, 0x00, 0x64, 0xFF, 0xFF, 0xD5, 0x27, 0x00, 0x00, 0x00,
  0x00, 0x20, 0x58, 0x81, 0xF1, 0xF4, 0x39, 0x00, 0x00, 0x00, 0x00, 0x00, 0x00, 0x52, 0xFF, 0xB7,
  0x1F, 0xF3, 0xE0, 0x0C, 0x00, 0x00, 0x71, 0xFF, 0xB5, 0x00, 0xAE, 0xFF, 0xE1, 0xA0, 0xB8, 0xFE,
  0xFB, 0x43, 0x00, 0x07, 0x7C, 0xD7, 0xF8, 0xEF, 0xB6, 0x3A, 0x00, 0x00, 0x00, 0x00, 0x00, 0x08,
  0xDB, 0xFF, 0xDC, 0x00, 0x00, 0x00, 0x00, 0x00, 0x00, 0x82, 0xFF, 0xFF, 0xDC, 0x00, 0x00, 0x00,
  0x00, 0x00, 0x27, 0xF8, 0xB6, 0xFF, 0xDC, 0x00, 0x00, 0x00, 0x00, 0x00, 0xBD, 0xF8, 0x23, 0xFC,
  0xDC, 0x00, 0x00, 0x00, 0x00, 0x5D, 0xFF, 0x83, 0x00, 0xFC, 0xDC, 0x00, 0x00, 0x00, 0x11, 0xE9,
  0xE0, 0x09, 0x00, 0xFC, 0xDC, 0x00, 0x00, 0x00, 0x9A, 0xFF, 0x52, 0x00, 0x00, 0xFC, 0xDC, 0x00,
  0x00, 0x25, 0xFE, 0xF5, 0x98, 0x98, 0x98, 0xFF, 0xFF, 0x98, 0x28, 0x38, 0xFF, 0xFF, 0xFF, 0xFF,
  0xFF, 0xFF, 0xFF, 0xFF, 0x44, 0x00, 0x00, 0x00, 0x00, 0x00, 0x04, 0xFF, 0xDC, 0x00, 0x00, 0x00,
  0x00, 0x00, 0x00, 0x00, 0x04, 0xFF, 0xDC, 0x00, 0x00, 0x00, 0x81, 0xFF, 0xFF, 0xFF, 0xFF, 0xFF,
  0xDC, 0x00, 0x00, 0x9B, 0xFF, 0xA4, 0x94, 0x94, 0x94, 0x7F, 0x00, 0x00, 0xB5, 0xFF, 0x14, 0x00,
  0x00, 0x00, 0x00, 0x00, 0x00, 0xCF, 0xF9, 0x00, 0x0D, 0x15, 0x00, 0x00, 0x00, 0x00, 0xE9, 0xEE,
  0xB7, 0xFE, 0xFF, 0xC1, 0x23, 0x00, 0x01, 0xC8, 0xEB, 0x92, 0x5E, 0xA8, 0xFF, 0xD5, 0x06, 0x00,
  0x00, 0x00, 0x00, 0x00, 0x00, 0xB5, 0xFF, 0x50, 0x00, 0x04, 0x02, 0x00, 0x00, 0x00, 0x7F, 0xFF,
  0x67, 0x23, 0xFF, 0xDB, 0x06, 0x00, 0x07, 0xC9, 0xFF, 0x3C, 0x00, 0xB2, 0xFF, 0xD2, 0x92, 0xCD,
  0xFF, 0xB6, 0x00, 0x00, 0x0A, 0x88, 0xE0, 0xF9, 0xDF, 0x83, 0x07, 0x00, 0x00, 0x00, 0x24, 0xAF,
  0xF1, 0xF3, 0xB9, 0x30, 0x00, 0x00, 0x1D, 0xE9, 0xFE, 0xBB, 0xB7, 0xFD, 0xF2, 0x25, 0x00, 0xA0,
  0xFF, 0x65, 0x00, 0x00, 0x73, 0xFF, 0x96, 0x03, 0xF4, 0xE5, 0x01, 0x02, 0x17, 0x05, 0x0C, 0x08,
  0x28, 0xFF, 0xB5, 0x74, 0xF1, 0xFF, 0xEC, 0x6B, 0x00, 0x3B, 0xFF, 0xEF, 0xDC, 0x66, 0x6D, 0xEF,
  0xFF, 0x51, 0x35, 0xFF, 0xFE, 0x21, 0x00, 0x00, 0x4B, 0xFF, 0xB8, 0x16, 0xFF, 0xE9, 0x00, 0x00,
  0x00, 0x18, 0xFF, 0xCE, 0x00, 0xCB, 0xFF, 0x42, 0x00, 0x00, 0x72, 0xFF, 0xA1, 0x00, 0x40, 0xFB,
  0xF3, 0x9A, 0xA7, 0xFE, 0xF3, 0x28, 0x00, 0x00, 0x3D, 0xBF, 0xF6, 0xF0, 0xB1, 0x2B, 0x00, 0x64,
  0xFF, 0xFF, 0xFF, 0xFF, 0xFF, 0xFF, 0xFF, 0x08, 0x3C, 0x9C, 0x9C, 0x9C, 0x9C, 0xA5, 0xFF, 0xF9,
  0x05, 0x00, 0x00, 0x00, 0x00, 0x00, 0x71, 0xFF, 0x97, 0x00, 0x00, 0x00, 0x00, 0x00, 0x08, 0xE6,
  0xFA, 0x1E, 0x00, 0x00, 0x00, 0x00, 0x00, 0x6E, 0xFF, 0x9A, 0x00, 0x00, 0x00, 0x00, 0x00, 0x07,
  0xE4, 0xFB, 0x20, 0x00, 0x00, 0x00, 0x00, 0x00, 0x6B, 0xFF, 0x9D, 0x00, 0x00, 0x00, 0x00, 0x00,
  0x06, 0xE2, 0xFB, 0x23, 0x00, 0x00, 0x00, 0x00, 0x00, 0x68, 0xFF, 0xA0, 0x00, 0x00, 0x00, 0x00,
  0x00, 0x05, 0xE0, 0xFC, 0x25, 0x00, 0x00, 0x00, 0x00, 0x00, 0x65, 0xFF, 0xA3, 0x00, 0x00, 0x00,
  0x00, 0x00, 0x00, 0x00, 0x56, 0xCB, 0xF7, 0xEC, 0xA6, 0x1F, 0x00, 0x00, 0x5A, 0xFF, 0xE9, 0x8D,
  0xAC, 0xFF, 0xE2, 0x0D, 0x00, 0xC4, 0xFF, 0x41, 0x00, 0x00, 0xAA, 0xFF, 0x5B, 0x00, 0xC3, 0xFF,
  0x26, 0x00, 0x00, 0x90, 0xFF, 0x5A, 0x00, 0x56, 0xFE, 0xB3, 0x30, 0x51, 0xEF, 0xDF, 0x0C, 0x00,
  0x00, 0x85, 0xFF, 0xFF, 0xFF, 0xE6, 0x35, 0x00, 0x00, 0x90, 0xFF, 0xBA, 0x5E, 0x73, 0xEC, 0xF2,
  0x30, 0x25, 0xFF, 0xE6, 0x02, 0x00, 0x00, 0x4A, 0xFF, 0xB9, 0x2E, 0xFF, 0xEA, 0x07, 0x00, 0x00,
  0x5A, 0xFF, 0xC6, 0x00, 0xBE, 0xFF, 0xD1, 0x84, 0x95, 0xF5, 0xFE, 0x57, 0x00, 0x0A, 0x81, 0xD7,
  0xF8, 0xF0, 0xBC, 0x48, 0x00, 0x00, 0x00, 0x61, 0xD0, 0xF7, 0xE6, 0x92, 0x0E, 0x00, 0x00, 0x7A,
  0xFF, 0xE6, 0x96, 0xC2, 0xFF, 0xCA, 0x05, 0x0D, 0xF5, 0xF0, 0x22, 0x00, 0x01, 0xAE, 0xFF, 0x5E,
  0x36, 0xFF, 0xB1, 0x00, 0x00, 0x00, 0x4E, 0xFF, 0xAA, 0x28, 0xFF, 0xD0, 0x00, 0x00, 0x00, 0x75,
  0xFF, 0xCB, 0x00, 0xD1, 0xFF, 0x97, 0x2A, 0x5A, 0xEC, 0xFF, 0xD2, 0x00, 0x28, 0xDA, 0xFF, 0xFF,
  0xF0, 0x6D, 0xFF, 0xC0, 0x00, 0x00, 0x03, 0x39, 0x41, 0x0F, 0x4A, 0xFF, 0x90, 0x09, 0xE9, 0xE3,
  0x14, 0x00, 0x04, 0xC0, 0xFF, 0x39, 0x00, 0x89, 0xFF, 0xE5, 0xA9, 0xDA, 0xFF, 0xA0, 0x00, 0x00,
  0x02, 0x75, 0xDA, 0xF9, 0xDF, 0x7B, 0x04, 0x00, 0x7F, 0xF2, 0x4C, 0xA9, 0xFF, 0x70, 0x09, 0x33,
  0x01, 0x00, 0x00, 0x00, 0x00, 0x00, 0x00, 0x08, 0x32, 0x00, 0xA8, 0xFF, 0x6F, 0x7F, 0xF2, 0x4C,
};
constexpr size_t ClockVlwSize = sizeof(ClockVlw);

// Code: Inter-600, 44 px, 17 glyphs (presence code digits).
alignas(4) const uint8_t CodeVlw[] = {
  0x00, 0x00, 0x00, 0x11, 0x00, 0x00, 0x00, 0x0B, 0x00, 0x00, 0x00, 0x2C, 0x00, 0x00, 0x00, 0x00,
  0x00, 0x00, 0x00, 0x2B, 0x00, 0x00, 0x00, 0x0B, 0x00, 0x00, 0x00, 0x20, 0x00, 0x00, 0x00, 0x00,
  0x00, 0x00, 0x00, 0x00, 0x00, 0x00, 0x00, 0x0B, 0x00, 0x00, 0x00, 0x00, 0x00, 0x00, 0x00, 0x00,
  0x00, 0x00, 0x00, 0x00, 0x00, 0x00, 0x00, 0x2B, 0x00, 0x00, 0x00, 0x16, 0x00, 0x00, 0x00, 0x16,
  0x00, 0x00, 0x00, 0x1E, 0x00, 0x00, 0x00, 0x17, 0x00, 0x00, 0x00, 0x04, 0x00, 0x00, 0x00, 0x00,
  0x00, 0x00, 0x00, 0x2C, 0x00, 0x00, 0x00, 0x0D, 0x00, 0x00, 0x00, 0x09, 0x00, 0x00, 0x00, 0x0E,
  0x00, 0x00, 0x00, 0x05, 0x00, 0x00, 0x00, 0x02, 0x00, 0x00, 0x00, 0x00, 0x00, 0x00, 0x00, 0x2D,
  0x00, 0x00, 0x00, 0x05, 0x00, 0x00, 0x00, 0x0F, 0x00, 0x00, 0x00, 0x14, 0x00, 0x00, 0x00, 0x10,
  0x00, 0x00, 0x00, 0x03, 0x00, 0x00, 0x00, 0x00, 0x00, 0x00, 0x00, 0x2E, 0x00, 0x00, 0x00, 0x07,
  0x00, 0x00, 0x00, 0x08, 0x00, 0x00, 0x00, 0x0E, 0x00, 0x00, 0x00, 0x07, 0x00, 0x00, 0x00, 0x03,
  0x00, 0x00, 0x00, 0x00, 0x00, 0x00, 0x00, 0x2F, 0x00, 0x00, 0x00, 0x26, 0x00, 0x00, 0x00, 0x10,
  0x00, 0x00, 0x00, 0x11, 0x00, 0x00, 0x00, 0x21, 0x00, 0x00, 0x00, 0x00, 0x00, 0x00, 0x00, 0x00,
  0x00, 0x00, 0x00, 0x30, 0x00, 0x00, 0x00, 0x20, 0x00, 0x00, 0x00, 0x19, 0x00, 0x00, 0x00, 0x1D,
  0x00, 0x00, 0x00, 0x20, 0x00, 0x00, 0x00, 0x02, 0x00, 0x00, 0x00, 0x00, 0x00, 0x00, 0x00, 0x31,
  0x00, 0x00, 0x00, 0x20, 0x00, 0x00, 0x00, 0x0E, 0x00, 0x00, 0x00, 0x1D, 0x00, 0x00, 0x00, 0x20,
  0x00, 0x00, 0x00, 0x07, 0x00, 0x00, 0x00, 0x00, 0x00, 0x00, 0x00, 0x32, 0x00, 0x00, 0x00, 0x20,
  0x00, 0x00, 0x00, 0x17, 0x00, 0x00, 0x00, 0x1D, 0x00, 0x00, 0x00, 0x20, 0x00, 0x00, 0x00, 0x03,
  0x00, 0x00, 0x00, 0x00, 0x00, 0x00, 0x00, 0x33, 0x00, 0x00, 0x00, 0x20, 0x00, 0x00, 0x00, 0x18,
  0x00, 0x00, 0x00, 0x1D, 0x00, 0x00, 0x00, 0x20, 0x00, 0x00, 0x00, 0x02, 0x00, 0x00, 0x00, 0x00,
  0x00, 0x00, 0x00, 0x34, 0x00, 0x00, 0x00, 0x20, 0x00, 0x00, 0x00, 0x1A, 0x00, 0x00, 0x00, 0x1D,
  0x00, 0x00, 0x00, 0x20, 0x00, 0x00, 0x00, 0x02, 0x00, 0x00, 0x00, 0x00, 0x00, 0x00, 0x00, 0x35,
  0x00, 0x00, 0x00, 0x20, 0x00, 0x00, 0x00, 0x17, 0x00, 0x00, 0x00, 0x1D, 0x00, 0x00, 0x00, 0x20,
  0x00, 0x00, 0x00, 0x03, 0x00, 0x00, 0x00, 0x00, 0x00, 0x00, 0x00, 0x36, 0x00, 0x00, 0x00, 0x20,
  0x00, 0x00, 0x00, 0x18, 0x00, 0x00, 0x00, 0x1D, 0x00, 0x00, 0x00, 0x20, 0x00, 0x00, 0x00, 0x02,
  0x00, 0x00, 0x00, 0x00, 0x00, 0x00, 0x00, 0x37, 0x00, 0x00, 0x00, 0x20, 0x00, 0x00, 0x00, 0x17,
  0x00, 0x00, 0x00, 0x1D, 0x00, 0x00, 0x00, 0x20, 0x00, 0x00, 0x00, 0x03, 0x00, 0x00, 0x00, 0x00,
  0x00, 0x00, 0x00, 0x38, 0x00, 0x00, 0x00, 0x20, 0x00, 0x00, 0x00, 0x18, 0x00, 0x00, 0x00, 0x1D,
  0x00, 0x00, 0x00, 0x20, 0x00, 0x00, 0x00, 0x02, 0x00, 0x00, 0x00, 0x00, 0x00, 0x00, 0x00, 0x39,
  0x00, 0x00, 0x00, 0x20, 0x00, 0x00, 0x00, 0x18, 0x00, 0x00, 0x00, 0x1D, 0x00, 0x00, 0x00, 0x20,
  0x00, 0x00, 0x00, 0x02, 0x00, 0x00, 0x00, 0x00, 0x00, 0x00, 0x00, 0x3A, 0x00, 0x00, 0x00, 0x17,
  0x00, 0x00, 0x00, 0x08, 0x00, 0x00, 0x00, 0x0E, 0x00, 0x00, 0x00, 0x17, 0x00, 0x00, 0x00, 0x03,
  0x00, 0x00, 0x00, 0x00, 0x00, 0x00, 0x00, 0x00, 0x00, 0x00, 0x00, 0x00, 0xA0, 0xFF, 0xFF, 0xFF,
  0xFF, 0x3C, 0x00, 0x00, 0x00, 0x00, 0x00, 0x00, 0x00, 0x00, 0x00, 0x00, 0x00, 0x00, 0x00, 0x00,
  0x00, 0x00, 0xA0, 0xFF, 0xFF, 0xFF, 0xFF, 0x3C, 0x00, 0x00, 0x00, 0x00, 0x00, 0x00, 0x00, 0x00,
  0x00, 0x00, 0x00, 0x00, 0x00, 0x00, 0x00, 0x00, 0xA0, 0xFF, 0xFF, 0xFF, 0xFF, 0x3C, 0x00, 0x00,
  0x00, 0x00, 0x00, 0x00, 0x00, 0x00, 0x00, 0x00, 0x00, 0x00, 0x00, 0x00, 0x00, 0x00, 0xA0, 0xFF,
  0xFF, 0xFF, 0xFF, 0x3C, 0x00, 0x00, 0x00, 0x00, 0x00, 0x00, 0x00, 0x00, 0x00, 0x00, 0x00, 0x00,
  0x00, 0x00, 0x00, 0x00, 0xA0, 0xFF, 0xFF, 0xFF, 0xFF, 0x3C, 0x00, 0x00, 0x00, 0x00, 0x00, 0x00,
  0x00, 0x00, 0x00, 0x00, 0x00, 0x00, 0x00, 0x00, 0x00, 0x00, 0xA0, 0xFF, 0xFF, 0xFF, 0xFF, 0x3C,
  0x00, 0x00, 0x00, 0x00, 0x00, 0x00, 0x00, 0x00, 0x00, 0x00, 0x00, 0x00, 0x00, 0x00, 0x00, 0x00,
  0xA0, 0xFF, 0xFF, 0xFF, 0xFF, 0x3C, 0x00, 0x00, 0x00, 0x00, 0x00, 0x00, 0x00, 0x00, 0x00, 0x00,
  0x00, 0x00, 0x00, 0x00, 0x00, 0x00, 0xA0, 0xFF, 0xFF, 0xFF, 0xFF, 0x3C, 0x00, 0x00, 0x00, 0x00,
  0x00, 0x00, 0x00, 0x00, 0x81, 0x84, 0x84, 0x84, 0x84, 0x84, 0x84, 0x84, 0xFF, 0xFF, 0xFF, 0xFF,
  0xFF, 0xC0, 0x84, 0x84, 0x84, 0x84, 0x84, 0x84, 0x84, 0x50, 0xFC, 0xFF, 0xFF, 0xFF, 0xFF, 0xFF,
  0xFF, 0xFF, 0xFF, 0xFF, 0xFF, 0xFF, 0xFF, 0xFF, 0xFF, 0xFF, 0xFF, 0xFF, 0xFF, 0xFF, 0xFF, 0x9C,
  0xFC, 0xFF, 0xFF, 0xFF, 0xFF, 0xFF, 0xFF, 0xFF, 0xFF, 0xFF, 0xFF, 0xFF, 0xFF, 0xFF, 0xFF, 0xFF,
  0xFF, 0xFF, 0xFF, 0xFF, 0xFF, 0x9C, 0xFC, 0xFF, 0xFF, 0xFF, 0xFF, 0xFF, 0xFF, 0xFF, 0xFF, 0xFF,
  0xFF, 0xFF, 0xFF, 0xFF, 0xFF, 0xFF, 0xFF, 0xFF, 0xFF, 0xFF, 0xFF, 0x9C, 0xFC, 0xFF, 0xFF, 0xFF,
  0xFF, 0xFF, 0xFF, 0xFF, 0xFF, 0xFF, 0xFF, 0xFF, 0xFF, 0xFF, 0xFF, 0xFF, 0xFF, 0xFF, 0xFF, 0xFF,
  0xFF, 0x9C, 0x00, 0x00, 0x00, 0x00, 0x00, 0x00, 0x00, 0x00, 0xA0, 0xFF, 0xFF, 0xFF, 0xFF, 0x3C,
  0x00, 0x00, 0x00, 0x00, 0x00, 0x00, 0x00, 0x00, 0x00, 0x00, 0x00, 0x00, 0x00, 0x00, 0x00, 0x00,
  0xA0, 0xFF, 0xFF, 0xFF, 0xFF, 0x3C, 0x00, 0x00, 0x00, 0x00, 0x00, 0x00, 0x00, 0x00, 0x00, 0x00,
  0x00, 0x00, 0x00, 0x00, 0x00, 0x00, 0xA0, 0xFF, 0xFF, 0xFF, 0xFF, 0x3C, 0x00, 0x00, 0x00, 0x00,
  0x00, 0x00, 0x00, 0x00, 0x00, 0x00, 0x00, 0x00, 0x00, 0x00, 0x00, 0x00, 0xA0, 0xFF, 0xFF, 0xFF,
  0xFF, 0x3C, 0x00, 0x00, 0x00, 0x00, 0x00, 0x00, 0x00, 0x00, 0x00, 0x00, 0x00, 0x00, 0x00, 0x00,
  0x00, 0x00, 0xA0, 0xFF, 0xFF, 0xFF, 0xFF, 0x3C, 0x00, 0x00, 0x00, 0x00, 0x00, 0x00, 0x00, 0x00,
  0x00, 0x00, 0x00, 0x00, 0x00, 0x00, 0x00, 0x00, 0xA0, 0xFF, 0xFF, 0xFF, 0xFF, 0x3C, 0x00, 0x00,
  0x00, 0x00, 0x00, 0x00, 0x00, 0x00, 0x00, 0x00, 0x00, 0x00, 0x00, 0x00, 0x00, 0x00, 0xA0, 0xFF,
  0xFF, 0xFF, 0xFF, 0x3C, 0x00, 0x00, 0x00, 0x00, 0x00, 0x00, 0x00, 0x00, 0x00, 0x00, 0x00, 0x00,
  0x00, 0x00, 0x00, 0x00, 0xA0, 0xFF, 0xFF, 0xFF, 0xFF, 0x3C, 0x00, 0x00, 0x00, 0x00, 0x00, 0x00,
  0x00, 0x00, 0x00, 0x00, 0x00, 0x00, 0x00, 0x00, 0x00, 0x00, 0x50, 0x80, 0x80, 0x80, 0x80, 0x1E,
  0x00, 0x00, 0x00, 0x00, 0x00, 0x00, 0x00, 0x00, 0x00, 0x00, 0x69, 0xC8, 0xC8, 0xC8, 0xC8, 0xC8,
  0x24, 0x00, 0x00, 0xA9, 0xFF, 0xFF, 0xFF, 0xFF, 0xE9, 0x01, 0x00, 0x00, 0xCF, 0xFF, 0xFF, 0xFF,
  0xFF, 0xA0, 0x00, 0x00, 0x00, 0xF3, 0xFF, 0xFF, 0xFF, 0xFF, 0x55, 0x00, 0x00, 0x1B, 0xFF, 0xFF,
  0xFF, 0xFF, 0xFA, 0x0F, 0x00, 0x00, 0x40, 0xFF, 0xFF, 0xFF, 0xFF, 0xBE, 0x00, 0x00, 0x00, 0x66,
  0xFF, 0xFF, 0xFF, 0xFF, 0x73, 0x00, 0x00, 0x00, 0x8C, 0xFF, 0xFF, 0xFF, 0xFF, 0x28, 0x00, 0x00,
  0x00, 0xB2, 0xFF, 0xFF, 0xFF, 0xDD, 0x00, 0x00, 0x00, 0x00, 0xD8, 0xFF, 0xFF, 0xFF, 0x92, 0x00,
  0x00, 0x00, 0x03, 0xF9, 0xFF, 0xFF, 0xFF, 0x47, 0x00, 0x00, 0x00, 0x24, 0xFF, 0xFF, 0xFF, 0xF4,
  0x07, 0x00, 0x00, 0x00, 0x49, 0xFF, 0xFF, 0xFF, 0xB1, 0x00, 0x00, 0x00, 0x00, 0x8B, 0x90, 0x90,
  0x90, 0x90, 0x90, 0x90, 0x90, 0x90, 0x90, 0x90, 0x90, 0x90, 0x90, 0x3C, 0xF8, 0xFF, 0xFF, 0xFF,
  0xFF, 0xFF, 0xFF, 0xFF, 0xFF, 0xFF, 0xFF, 0xFF, 0xFF, 0xFF, 0x6C, 0xF8, 0xFF, 0xFF, 0xFF, 0xFF,
  0xFF, 0xFF, 0xFF, 0xFF, 0xFF, 0xFF, 0xFF, 0xFF, 0xFF, 0x6C, 0xF8, 0xFF, 0xFF, 0xFF, 0xFF, 0xFF,
  0xFF, 0xFF, 0xFF, 0xFF, 0xFF, 0xFF, 0xFF, 0xFF, 0x6C, 0xF8, 0xFF, 0xFF, 0xFF, 0xFF, 0xFF, 0xFF,
  0xFF, 0xFF, 0xFF, 0xFF, 0xFF, 0xFF, 0xFF, 0x6C, 0x00, 0x00, 0x60, 0xAB, 0xAC, 0x64, 0x01, 0x00,
  0x00, 0x9D, 0xFF, 0xFF, 0xFF, 0xFF, 0xA4, 0x00, 0x34, 0xFF, 0xFF, 0xFF, 0xFF, 0xFF, 0xFF, 0x3B,
  0x63, 0xFF, 0xFF, 0xFF, 0xFF, 0xFF, 0xFF, 0x6B, 0x45, 0xFF, 0xFF, 0xFF, 0xFF, 0xFF, 0xFF, 0x4C,
  0x03, 0xC9, 0xFF, 0xFF, 0xFF, 0xFF, 0xCF, 0x05, 0x00, 0x13, 0x9F, 0xE9, 0xE9, 0xA2, 0x16, 0x00,
  0x00, 0x00, 0x00, 0x00, 0x00, 0x00, 0x00, 0x00, 0x00, 0x00, 0x17, 0xFF, 0xFF, 0xFF, 0xFF, 0xCC,
  0x00, 0x00, 0x00, 0x00, 0x00, 0x00, 0x00, 0x00, 0x00, 0x00, 0x5C, 0xFF, 0xFF, 0xFF, 0xFF, 0x87,
  0x00, 0x00, 0x00, 0x00, 0x00, 0x00, 0x00, 0x00, 0x00, 0x00, 0xA2, 0xFF, 0xFF, 0xFF, 0xFF, 0x42,
  0x00, 0x00, 0x00, 0x00, 0x00, 0x00, 0x00, 0x00, 0x00, 0x00, 0xE6, 0xFF, 0xFF, 0xFF, 0xF5, 0x07,
  0x00, 0x00, 0x00, 0x00, 0x00, 0x00, 0x00, 0x00, 0x00, 0x2D, 0xFF, 0xFF, 0xFF, 0xFF, 0xB7, 0x00,
  0x00, 0x00, 0x00, 0x00, 0x00, 0x00, 0x00, 0x00, 0x00, 0x72, 0xFF, 0xFF, 0xFF, 0xFF, 0x71, 0x00,
  0x00, 0x00, 0x00, 0x00, 0x00, 0x00, 0x00, 0x00, 0x00, 0xB8, 0xFF, 0xFF, 0xFF, 0xFF, 0x2C, 0x00,
  0x00, 0x00, 0x00, 0x00, 0x00, 0x00, 0x00, 0x00, 0x07, 0xF5, 0xFF, 0xFF, 0xFF, 0xE6, 0x00, 0x00,
  0x00, 0x00, 0x00, 0x00, 0x00, 0x00, 0x00, 0x00, 0x43, 0xFF, 0xFF, 0xFF, 0xFF, 0xA1, 0x00, 0x00,
  0x00, 0x00, 0x00, 0x00, 0x00, 0x00, 0x00, 0x00, 0x88, 0xFF, 0xFF, 0xFF, 0xFF, 0x5B, 0x00, 0x00,
  0x00, 0x00, 0x00, 0x00, 0x00, 0x00, 0x00, 0x00, 0xCE, 0xFF, 0xFF, 0xFF, 0xFE, 0x17, 0x00, 0x00,
  0x00, 0x00, 0x00, 0x00, 0x00, 0x00, 0x00, 0x14, 0xFE, 0xFF, 0xFF, 0xFF, 0xD0, 0x00, 0x00, 0x00,
  0x00, 0x00, 0x00, 0x00, 0x00, 0x00, 0x00, 0x59, 0xFF, 0xFF, 0xFF, 0xFF, 0x8B, 0x00, 0x00, 0x00,
  0x00, 0x00, 0x00, 0x00, 0x00, 0x00, 0x00, 0x9E, 0xFF, 0xFF, 0xFF, 0xFF, 0x45, 0x00, 0x00, 0x00,
  0x00, 0x00, 0x00, 0x00, 0x00, 0x00, 0x00, 0xE3, 0xFF, 0xFF, 0xFF, 0xF7, 0x08, 0x00, 0x00, 0x00,
  0x00, 0x00, 0x00, 0x00, 0x00, 0x00, 0x29, 0xFF, 0xFF, 0xFF, 0xFF, 0xBA, 0x00, 0x00, 0x00, 0x00,
  0x00, 0x00, 0x00, 0x00, 0x00, 0x00, 0x6F, 0xFF, 0xFF, 0xFF, 0xFF, 0x75, 0x00, 0x00, 0x00, 0x00,
  0x00, 0x00, 0x00, 0x00, 0x00, 0x00, 0xB4, 0xFF, 0xFF, 0xFF, 0xFF, 0x2F, 0x00, 0x00, 0x00, 0x00,
  0x00, 0x00, 0x00, 0x00, 0x00, 0x05, 0xF3, 0xFF, 0xFF, 0xFF, 0xE9, 0x01, 0x00, 0x00, 0x00, 0x00,
  0x00, 0x00, 0x00, 0x00, 0x00, 0x3F, 0xFF, 0xFF, 0xFF, 0xFF, 0xA4, 0x00, 0x00, 0x00, 0x00, 0x00,
  0x00, 0x00, 0x00, 0x00, 0x00, 0x84, 0xFF, 0xFF, 0xFF, 0xFF, 0x5F, 0x00, 0x00, 0x00, 0x00, 0x00,
  0x00, 0x00, 0x00, 0x00, 0x00, 0xCA, 0xFF, 0xFF, 0xFF, 0xFF, 0x1A, 0x00, 0x00, 0x00, 0x00, 0x00,
  0x00, 0x00, 0x00, 0x00, 0x11, 0xFD, 0xFF, 0xFF, 0xFF, 0xD4, 0x00, 0x00, 0x00, 0x00, 0x00, 0x00,
  0x00, 0x00, 0x00, 0x00, 0x55, 0xFF, 0xFF, 0xFF, 0xFF, 0x8F, 0x00, 0x00, 0x00, 0x00, 0x00, 0x00,
  0x00, 0x00, 0x00, 0x00, 0x9A, 0xFF, 0xFF, 0xFF, 0xFF, 0x49, 0x00, 0x00, 0x00, 0x00, 0x00, 0x00,
  0x00, 0x00, 0x00, 0x00, 0xDF, 0xFF, 0xFF, 0xFF, 0xF9, 0x0B, 0x00, 0x00, 0x00, 0x00, 0x00, 0x00,
  0x00, 0x00, 0x00, 0x25, 0xFF, 0xFF, 0xFF, 0xFF, 0xBE, 0x00, 0x00, 0x00, 0x00, 0x00, 0x00, 0x00,
  0x00, 0x00, 0x00, 0x6B, 0xFF, 0xFF, 0xFF, 0xFF, 0x79, 0x00, 0x00, 0x00, 0x00, 0x00, 0x00, 0x00,
  0x00, 0x00, 0x00, 0xB0, 0xFF, 0xFF, 0xFF, 0xFF, 0x33, 0x00, 0x00, 0x00, 0x00, 0x00, 0x00, 0x00,
  0x00, 0x00, 0x04, 0xF1, 0xFF, 0xFF, 0xFF, 0xEC, 0x02, 0x00, 0x00, 0x00, 0x00, 0x00, 0x00, 0x00,
  0x00, 0x00, 0x3B, 0xFF, 0xFF, 0xFF, 0xFF, 0xA8, 0x00, 0x00, 0x00, 0x00, 0x00, 0x00, 0x00, 0x00,
  0x00, 0x00, 0x81, 0xFF, 0xFF, 0xFF, 0xFF, 0x63, 0x00, 0x00, 0x00, 0x00, 0x00, 0x00, 0x00, 0x00,
  0x00, 0x00, 0xC6, 0xFF, 0xFF, 0xFF, 0xFF, 0x1D, 0x00, 0x00, 0x00, 0x00, 0x00, 0x00, 0x00, 0x00,
  0x00, 0x0F, 0xFC, 0xFF, 0xFF, 0xFF, 0xD8, 0x00, 0x00, 0x00, 0x00, 0x00, 0x00, 0x00, 0x00, 0x00,
  0x00, 0x51, 0xFF, 0xFF, 0xFF, 0xFF, 0x92, 0x00, 0x00, 0x00, 0x00, 0x00, 0x00, 0x00, 0x00, 0x00,
  0x00, 0x97, 0xFF, 0xFF, 0xFF, 0xFF, 0x4D, 0x00, 0x00, 0x00, 0x00, 0x00, 0x00, 0x00, 0x00, 0x00,
  0x00, 0xDC, 0xFF, 0xFF, 0xFF, 0xFA, 0x0D, 0x00, 0x00, 0x00, 0x00, 0x00, 0x00, 0x00, 0x00, 0x00,
  0x21, 0xFF, 0xFF, 0xFF, 0xFF, 0xC2, 0x00, 0x00, 0x00, 0x00, 0x00, 0x00, 0x00, 0x00, 0x00, 0x00,
  0x00, 0x00, 0x00, 0x00, 0x00, 0x00, 0x00, 0x0A, 0x5D, 0xA4, 0xD7, 0xEF, 0xFB, 0xEF, 0xD7, 0xA5,
  0x5F, 0x0B, 0x00, 0x00, 0x00, 0x00, 0x00, 0x00, 0x00, 0x00, 0x00, 0x00, 0x00, 0x00, 0x04, 0x71,
  0xEF, 0xFF, 0xFF, 0xFF, 0xFF, 0xFF, 0xFF, 0xFF, 0xFF, 0xFF, 0xF1, 0x75, 0x06, 0x00, 0x00, 0x00,
  0x00, 0x00, 0x00, 0x00, 0x00, 0x00, 0x14, 0xC0, 0xFF, 0xFF, 0xFF, 0xFF, 0xFF, 0xFF, 0xFF, 0xFF,
  0xFF, 0xFF, 0xFF, 0xFF, 0xFF, 0xC5, 0x17, 0x00, 0x00, 0x00, 0x00, 0x00, 0x00, 0x00, 0x0E, 0xD1,
  0xFF, 0xFF, 0xFF, 0xFF, 0xFF, 0xFF, 0xFF, 0xFF, 0xFF, 0xFF, 0xFF, 0xFF, 0xFF, 0xFF, 0xFF, 0xD6,
  0x12, 0x00, 0x00, 0x00, 0x00, 0x00, 0x00, 0xB2, 0xFF, 0xFF, 0xFF, 0xFF, 0xFF, 0xFF, 0xFE, 0xD4,
  0xBD, 0xD2, 0xFD, 0xFF, 0xFF, 0xFF, 0xFF, 0xFF, 0xFF, 0xBB, 0x00, 0x00, 0x00, 0x00, 0x00, 0x5B,
  0xFF, 0xFF, 0xFF, 0xFF, 0xFF, 0xFF, 0xA9, 0x1F, 0x00, 0x00, 0x00, 0x1C, 0xA4, 0xFF, 0xFF, 0xFF,
  0xFF, 0xFF, 0xFF, 0x64, 0x00, 0x00, 0x00, 0x04, 0xDE, 0xFF, 0xFF, 0xFF, 0xFF, 0xFF, 0x91, 0x00,
  0x00, 0x00, 0x00, 0x00, 0x00, 0x00, 0x8A, 0xFF, 0xFF, 0xFF, 0xFF, 0xFF, 0xE3, 0x06, 0x00, 0x00,
  0x57, 0xFF, 0xFF, 0xFF, 0xFF, 0xFF, 0xCE, 0x04, 0x00, 0x00, 0x00, 0x00, 0x00, 0x00, 0x00, 0x02,
  0xC8, 0xFF, 0xFF, 0xFF, 0xFF, 0xFF, 0x5E, 0x00, 0x00, 0xB2, 0xFF, 0xFF, 0xFF, 0xFF, 0xFF, 0x4A,
  0x00, 0x00, 0x00, 0x00, 0x00, 0x00, 0x00, 0x00, 0x00, 0x45, 0xFF, 0xFF, 0xFF, 0xFF, 0xFF, 0xB8,
  0x00, 0x08, 0xF8, 0xFF, 0xFF, 0xFF, 0xFF, 0xE3, 0x02, 0x00, 0x00, 0x00, 0x00, 0x00, 0x00, 0x00,
  0x00, 0x00, 0x01, 0xE0, 0xFF, 0xFF, 0xFF, 0xFF, 0xFB, 0x0C, 0x3B, 0xFF, 0xFF, 0xFF, 0xFF, 0xFF,
  0x9A, 0x00, 0x00, 0x00, 0x00, 0x00, 0x00, 0x00, 0x00, 0x00, 0x00, 0x00, 0x97, 0xFF, 0xFF, 0xFF,
  0xFF, 0xFF, 0x41, 0x6D, 0xFF, 0xFF, 0xFF, 0xFF, 0xFF, 0x61, 0x00, 0x00, 0x00, 0x00, 0x00, 0x00,
  0x00, 0x00, 0x00, 0x00, 0x00, 0x5C, 0xFF, 0xFF, 0xFF, 0xFF, 0xFF, 0x75, 0x8F, 0xFF, 0xFF, 0xFF,
  0xFF, 0xFF, 0x38, 0x00, 0x00, 0x00, 0x00, 0x00, 0x00, 0x00, 0x00, 0x00, 0x00, 0x00, 0x32, 0xFF,
  0xFF, 0xFF, 0xFF, 0xFF, 0x95, 0xAC, 0xFF, 0xFF, 0xFF, 0xFF, 0xFF, 0x1D, 0x00, 0x00, 0x00, 0x00,
  0x00, 0x00, 0x00, 0x00, 0x00, 0x00, 0x00, 0x17, 0xFF, 0xFF, 0xFF, 0xFF, 0xFF, 0xB3, 0xBA, 0xFF,
  0xFF, 0xFF, 0xFF, 0xFF, 0x0B, 0x00, 0x00, 0x00, 0x00, 0x00, 0x00, 0x00, 0x00, 0x00, 0x00, 0x00,
  0x04, 0xFF, 0xFF, 0xFF, 0xFF, 0xFF, 0xC0, 0xC3, 0xFF, 0xFF, 0xFF, 0xFF, 0xFF, 0x03, 0x00, 0x00,
  0x00, 0x00, 0x00, 0x00, 0x00, 0x00, 0x00, 0x00, 0x00, 0x00, 0xFC, 0xFF, 0xFF, 0xFF, 0xFF, 0xCA,
  0xC3, 0xFF, 0xFF, 0xFF, 0xFF, 0xFF, 0x02, 0x00, 0x00, 0x00, 0x00, 0x00, 0x00, 0x00, 0x00, 0x00,
  0x00, 0x00, 0x00, 0xFB, 0xFF, 0xFF, 0xFF, 0xFF, 0xCB, 0xBA, 0xFF, 0xFF, 0xFF, 0xFF, 0xFF, 0x0A,
  0x00, 0x00, 0x00, 0x00, 0x00, 0x00, 0x00, 0x00, 0x00, 0x00, 0x00, 0x03, 0xFF, 0xFF, 0xFF, 0xFF,
  0xFF, 0xC1, 0xAD, 0xFF, 0xFF, 0xFF, 0xFF, 0xFF, 0x1C, 0x00, 0x00, 0x00, 0x00, 0x00, 0x00, 0x00,
  0x00, 0x00, 0x00, 0x00, 0x16, 0xFF, 0xFF, 0xFF, 0xFF, 0xFF, 0xB4, 0x91, 0xFF, 0xFF, 0xFF, 0xFF,
  0xFF, 0x37, 0x00, 0x00, 0x00, 0x00, 0x00, 0x00, 0x00, 0x00, 0x00, 0x00, 0x00, 0x31, 0xFF, 0xFF,
  0xFF, 0xFF, 0xFF, 0x97, 0x70, 0xFF, 0xFF, 0xFF, 0xFF, 0xFF, 0x60, 0x00, 0x00, 0x00, 0x00, 0x00,
  0x00, 0x00, 0x00, 0x00, 0x00, 0x00, 0x5B, 0xFF, 0xFF, 0xFF, 0xFF, 0xFF, 0x77, 0x3F, 0xFF, 0xFF,
  0xFF, 0xFF, 0xFF, 0x99, 0x00, 0x00, 0x00, 0x00, 0x00, 0x00, 0x00, 0x00, 0x00, 0x00, 0x00, 0x95,
  0xFF, 0xFF, 0xFF, 0xFF, 0xFF, 0x45, 0x0A, 0xFB, 0xFF, 0xFF, 0xFF, 0xFF, 0xE1, 0x01, 0x00, 0x00,
  0x00, 0x00, 0x00, 0x00, 0x00, 0x00, 0x00, 0x01, 0xDE, 0xFF, 0xFF, 0xFF, 0xFF, 0xFD, 0x0F, 0x00,
  0xB8, 0xFF, 0xFF, 0xFF, 0xFF, 0xFF, 0x46, 0x00, 0x00, 0x00, 0x00, 0x00, 0x00, 0x00, 0x00, 0x00,
  0x44, 0xFF, 0xFF, 0xFF, 0xFF, 0xFF, 0xBF, 0x00, 0x00, 0x5F, 0xFF, 0xFF, 0xFF, 0xFF, 0xFF, 0xCB,
  0x03, 0x00, 0x00, 0x00, 0x00, 0x00, 0x00, 0x00, 0x02, 0xC8, 0xFF, 0xFF, 0xFF, 0xFF, 0xFF, 0x66,
  0x00, 0x00, 0x07, 0xE4, 0xFF, 0xFF, 0xFF, 0xFF, 0xFF, 0x8D, 0x00, 0x00, 0x00, 0x00, 0x00, 0x00,
  0x00, 0x89, 0xFF, 0xFF, 0xFF, 0xFF, 0xFF, 0xEA, 0x09, 0x00, 0x00, 0x00, 0x65, 0xFF, 0xFF, 0xFF,
  0xFF, 0xFF, 0xFF, 0xAA, 0x23, 0x00, 0x00, 0x00, 0x20, 0xA7, 0xFF, 0xFF, 0xFF, 0xFF, 0xFF, 0xFF,
  0x6E, 0x00, 0x00, 0x00, 0x00, 0x01, 0xBB, 0xFF, 0xFF, 0xFF, 0xFF, 0xFF, 0xFF, 0xFF, 0xDB, 0xC4,
  0xD9, 0xFF, 0xFF, 0xFF, 0xFF, 0xFF, 0xFF, 0xFF, 0xC4, 0x02, 0x00, 0x00, 0x00, 0x00, 0x00, 0x12,
  0xD7, 0xFF, 0xFF, 0xFF, 0xFF, 0xFF, 0xFF, 0xFF, 0xFF, 0xFF, 0xFF, 0xFF, 0xFF, 0xFF, 0xFF, 0xFF,
  0xDD, 0x17, 0x00, 0x00, 0x00, 0x00, 0x00, 0x00, 0x00, 0x18, 0xC5, 0xFF, 0xFF, 0xFF, 0xFF, 0xFF,
  0xFF, 0xFF, 0xFF, 0xFF, 0xFF, 0xFF, 0xFF, 0xFF, 0xCC, 0x1C, 0x00, 0x00, 0x00, 0x00, 0x00, 0x00,
  0x00, 0x00, 0x00, 0x05, 0x76, 0xF1, 0xFF, 0xFF, 0xFF, 0xFF, 0xFF, 0xFF, 0xFF, 0xFF, 0xFF, 0xF3,
  0x7C, 0x08, 0x00, 0x00, 0x00, 0x00, 0x00, 0x00, 0x00, 0x00, 0x00, 0x00, 0x00, 0x00, 0x0C, 0x5F,
  0xA6, 0xD8, 0xF0, 0xFC, 0xF1, 0xD9, 0xA8, 0x62, 0x0D, 0x00, 0x00, 0x00, 0x00, 0x00, 0x00, 0x00,
  0x00, 0x00, 0x00, 0x00, 0x00, 0x0B, 0x9B, 0xFF, 0xFF, 0xFF, 0xFF, 0xFF, 0xFF, 0x68, 0x00, 0x00,
  0x00, 0x00, 0x33, 0xD9, 0xFF, 0xFF, 0xFF, 0xFF, 0xFF, 0xFF, 0xFF, 0x68, 0x00, 0x00, 0x01, 0x75,
  0xFA, 0xFF, 0xFF, 0xFF, 0xFF, 0xFF, 0xFF, 0xFF, 0xFF, 0x68, 0x00, 0x1B, 0xBD, 0xFF, 0xFF, 0xFF,
  0xFF, 0xFF, 0xFF, 0xFF, 0xFF, 0xFF, 0xFF, 0x68, 0x50, 0xEC, 0xFF, 0xFF, 0xFF, 0xFF, 0xFF, 0xFF,
  0xFF, 0xFF, 0xFF, 0xFF, 0xFF, 0x68, 0xFB, 0xFF, 0xFF, 0xFF, 0xFF, 0xFF, 0xCD, 0x73, 0xFF, 0xFF,
  0xFF, 0xFF, 0xFF, 0x68, 0xFC, 0xFF, 0xFF, 0xFF, 0xFE, 0x8C, 0x06, 0x48, 0xFF, 0xFF, 0xFF, 0xFF,
  0xFF, 0x68, 0xFC, 0xFF, 0xFF, 0xE6, 0x45, 0x00, 0x00, 0x48, 0xFF, 0xFF, 0xFF, 0xFF, 0xFF, 0x68,
  0xFC, 0xFF, 0xB2, 0x14, 0x00, 0x00, 0x00, 0x48, 0xFF, 0xFF, 0xFF, 0xFF, 0xFF, 0x68, 0xF3, 0x6C,
  0x00, 0x00, 0x00, 0x00, 0x00, 0x48, 0xFF, 0xFF, 0xFF, 0xFF, 0xFF, 0x68, 0x29, 0x00, 0x00, 0x00,
  0x00, 0x00, 0x00, 0x48, 0xFF, 0xFF, 0xFF, 0xFF, 0xFF, 0x68, 0x00, 0x00, 0x00, 0x00, 0x00, 0x00,
  0x00, 0x48, 0xFF, 0xFF, 0xFF, 0xFF, 0xFF, 0x68, 0x00, 0x00, 0x00, 0x00, 0x00, 0x00, 0x00, 0x48,
  0xFF, 0xFF, 0xFF, 0xFF, 0xFF, 0x68, 0x00, 0x00, 0x00, 0x00, 0x00, 0x00, 0x00, 0x48, 0xFF, 0xFF,
  0xFF, 0xFF, 0xFF, 0x68, 0x00, 0x00, 0x00, 0x00, 0x00, 0x00, 0x00, 0x48, 0xFF, 0xFF, 0xFF, 0xFF,
  0xFF, 0x68, 0x00, 0x00, 0x00, 0x00, 0x00, 0x00, 0x00, 0x48, 0xFF, 0xFF, 0xFF, 0xFF, 0xFF, 0x68,
  0x00, 0x00, 0x00, 0x00, 0x00, 0x00, 0x00, 0x48, 0xFF, 0xFF, 0xFF, 0xFF, 0xFF, 0x68, 0x00, 0x00,
  0x00, 0x00, 0x00, 0x00, 0x00, 0x48, 0xFF, 0xFF, 0xFF, 0xFF, 0xFF, 0x68, 0x00, 0x00, 0x00, 0x00,
  0x00, 0x00, 0x00, 0x48, 0xFF, 0xFF, 0xFF, 0xFF, 0xFF, 0x68, 0x00, 0x00, 0x00, 0x00, 0x00, 0x00,
  0x00, 0x48, 0xFF, 0xFF, 0xFF, 0xFF, 0xFF, 0x68, 0x00, 0x00, 0x00, 0x00, 0x00, 0x00, 0x00, 0x48,
  0xFF, 0xFF, 0xFF, 0xFF, 0xFF, 0x68, 0x00, 0x00, 0x00, 0x00, 0x00, 0x00, 0x00, 0x48, 0xFF, 0xFF,
  0xFF, 0xFF, 0xFF, 0x68, 0x00, 0x00, 0x00, 0x00, 0x00, 0x00, 0x00, 0x48, 0xFF, 0xFF, 0xFF, 0xFF,
  0xFF, 0x68, 0x00, 0x00, 0x00, 0x00, 0x00, 0x00, 0x00, 0x48, 0xFF, 0xFF, 0xFF, 0xFF, 0xFF, 0x68,
  0x00, 0x00, 0x00, 0x00, 0x00, 0x00, 0x00, 0x48, 0xFF, 0xFF, 0xFF, 0xFF, 0xFF, 0x68, 0x00, 0x00,
  0x00, 0x00, 0x00, 0x00, 0x00, 0x48, 0xFF, 0xFF, 0xFF, 0xFF, 0xFF, 0x68, 0x00, 0x00, 0x00, 0x00,
  0x00, 0x00, 0x00, 0x48, 0xFF, 0xFF, 0xFF, 0xFF, 0xFF, 0x68, 0x00, 0x00, 0x00, 0x00, 0x00, 0x00,
  0x00, 0x48, 0xFF, 0xFF, 0xFF, 0xFF, 0xFF, 0x68, 0x00, 0x00, 0x00, 0x00, 0x00, 0x00, 0x00, 0x48,
  0xFF, 0xFF, 0xFF, 0xFF, 0xFF, 0x68, 0x00, 0x00, 0x00, 0x00, 0x00, 0x00, 0x00, 0x48, 0xFF, 0xFF,
  0xFF, 0xFF, 0xFF, 0x68, 0x00, 0x00, 0x00, 0x00, 0x00, 0x00, 0x00, 0x48, 0xFF, 0xFF, 0xFF, 0xFF,
  0xFF, 0x68, 0x00, 0x00, 0x00, 0x00, 0x00, 0x00, 0x00, 0x48, 0xFF, 0xFF, 0xFF, 0xFF, 0xFF, 0x68,
  0x00, 0x00, 0x00, 0x00, 0x00, 0x00, 0x10, 0x65, 0xAB, 0xD8, 0xF2, 0xFC, 0xF3, 0xDB, 0xB1, 0x6D,
  0x17, 0x00, 0x00, 0x00, 0x00, 0x00, 0x00, 0x00, 0x00, 0x00, 0x00, 0x0C, 0x88, 0xF5, 0xFF, 0xFF,
  0xFF, 0xFF, 0xFF, 0xFF, 0xFF, 0xFF, 0xFF, 0xF9, 0x99, 0x15, 0x00, 0x00, 0x00, 0x00, 0x00, 0x00,
  0x00, 0x26, 0xD8, 0xFF, 0xFF, 0xFF, 0xFF, 0xFF, 0xFF, 0xFF, 0xFF, 0xFF, 0xFF, 0xFF, 0xFF, 0xFF,
  0xE7, 0x3C, 0x00, 0x00, 0x00, 0x00, 0x00, 0x1E, 0xE5, 0xFF, 0xFF, 0xFF, 0xFF, 0xFF, 0xFF, 0xFF,
  0xFF, 0xFF, 0xFF, 0xFF, 0xFF, 0xFF, 0xFF, 0xFF, 0xF4, 0x37, 0x00, 0x00, 0x00, 0x01, 0xC4, 0xFF,
  0xFF, 0xFF, 0xFF, 0xFF, 0xFF, 0xEB, 0xB6, 0xA2, 0xB7, 0xEF, 0xFF, 0xFF, 0xFF, 0xFF, 0xFF, 0xFF,
  0xE2, 0x0C, 0x00, 0x00, 0x57, 0xFF, 0xFF, 0xFF, 0xFF, 0xFF, 0xF3, 0x63, 0x05, 0x00, 0x00, 0x00,
  0x07, 0x6A, 0xF3, 0xFF, 0xFF, 0xFF, 0xFF, 0xFF, 0x7D, 0x00, 0x00, 0xBF, 0xFF, 0xFF, 0xFF, 0xFF,
  0xFD, 0x42, 0x00, 0x00, 0x00, 0x00, 0x00, 0x00, 0x00, 0x41, 0xFB, 0xFF, 0xFF, 0xFF, 0xFF, 0xE0,
  0x00, 0x0A, 0xFC, 0xFF, 0xFF, 0xFF, 0xFF, 0xAA, 0x00, 0x00, 0x00, 0x00, 0x00, 0x00, 0x00, 0x00,
  0x00, 0xA3, 0xFF, 0xFF, 0xFF, 0xFF, 0xFF, 0x1F, 0x33, 0xFF, 0xFF, 0xFF, 0xFF, 0xFF, 0x58, 0x00,
  0x00, 0x00, 0x00, 0x00, 0x00, 0x00, 0x00, 0x00, 0x56, 0xFF, 0xFF, 0xFF, 0xFF, 0xFF, 0x3F, 0x3C,
  0xE0, 0xE0, 0xE0, 0xE0, 0xE0, 0x34, 0x00, 0x00, 0x00, 0x00, 0x00, 0x00, 0x00, 0x00, 0x00, 0x3F,
  0xFF, 0xFF, 0xFF, 0xFF, 0xFF, 0x43, 0x00, 0x00, 0x00, 0x00, 0x00, 0x00, 0x00, 0x00, 0x00, 0x00,
  0x00, 0x00, 0x00, 0x00, 0x00, 0x00, 0x57, 0xFF, 0xFF, 0xFF, 0xFF, 0xFF, 0x2B, 0x00, 0x00, 0x00,
  0x00, 0x00, 0x00, 0x00, 0x00, 0x00, 0x00, 0x00, 0x00, 0x00, 0x00, 0x00, 0x00, 0x9E, 0xFF, 0xFF,
  0xFF, 0xFF, 0xF1, 0x05, 0x00, 0x00, 0x00, 0x00, 0x00, 0x00, 0x00, 0x00, 0x00, 0x00, 0x00, 0x00,
  0x00, 0x00, 0x00, 0x1F, 0xF7, 0xFF, 0xFF, 0xFF, 0xFF, 0xA7, 0x00, 0x00, 0x00, 0x00, 0x00, 0x00,
  0x00, 0x00, 0x00, 0x00, 0x00, 0x00, 0x00, 0x00, 0x00, 0x02, 0xBA, 0xFF, 0xFF, 0xFF, 0xFF, 0xFF,
  0x39, 0x00, 0x00, 0x00, 0x00, 0x00, 0x00, 0x00, 0x00, 0x00, 0x00, 0x00, 0x00, 0x00, 0x00, 0x00,
  0x8A, 0xFF, 0xFF, 0xFF, 0xFF, 0xFF, 0xA6, 0x00, 0x00, 0x00, 0x00, 0x00, 0x00, 0x00, 0x00, 0x00,
  0x00, 0x00, 0x00, 0x00, 0x00, 0x00, 0x71, 0xFF, 0xFF, 0xFF, 0xFF, 0xFF, 0xE4, 0x13, 0x00, 0x00,
  0x00, 0x00, 0x00, 0x00, 0x00, 0x00, 0x00, 0x00, 0x00, 0x00, 0x00, 0x00, 0x66, 0xFF, 0xFF, 0xFF,
  0xFF, 0xFF, 0xF8, 0x3A, 0x00, 0x00, 0x00, 0x00, 0x00, 0x00, 0x00, 0x00, 0x00, 0x00, 0x00, 0x00,
  0x00, 0x00, 0x65, 0xFE, 0xFF, 0xFF, 0xFF, 0xFF, 0xFE, 0x5A, 0x00, 0x00, 0x00, 0x00, 0x00, 0x00,
  0x00, 0x00, 0x00, 0x00, 0x00, 0x00, 0x00, 0x00, 0x6B, 0xFE, 0xFF, 0xFF, 0xFF, 0xFF, 0xFF, 0x6E,
  0x00, 0x00, 0x00, 0x00, 0x00, 0x00, 0x00, 0x00, 0x00, 0x00, 0x00, 0x00, 0x00, 0x00, 0x72, 0xFF,
  0xFF, 0xFF, 0xFF, 0xFF, 0xFF, 0x76, 0x00, 0x00, 0x00, 0x00, 0x00, 0x00, 0x00, 0x00, 0x00, 0x00,
  0x00, 0x00, 0x00, 0x00, 0x79, 0xFF, 0xFF, 0xFF, 0xFF, 0xFF, 0xFF, 0x75, 0x00, 0x00, 0x00, 0x00,
  0x00, 0x00, 0x00, 0x00, 0x00, 0x00, 0x00, 0x00, 0x00, 0x00, 0x7F, 0xFF, 0xFF, 0xFF, 0xFF, 0xFF,
  0xFF, 0x6E, 0x00, 0x00, 0x00, 0x00, 0x00, 0x00, 0x00, 0x00, 0x00, 0x00, 0x00, 0x00, 0x00, 0x00,
  0x87, 0xFF, 0xFF, 0xFF, 0xFF, 0xFF, 0xFF, 0x70, 0x00, 0x00, 0x00, 0x00, 0x00, 0x00, 0x00, 0x00,
  0x00, 0x00, 0x00, 0x00, 0x00, 0x00, 0x8E, 0xFF, 0xFF, 0xFF, 0xFF, 0xFF, 0xFF, 0x73, 0x00, 0x00,
  0x00, 0x00, 0x00, 0x00, 0x00, 0x00, 0x00, 0x00, 0x00, 0x00, 0x00, 0x01, 0x95, 0xFF, 0xFF, 0xFF,
  0xFF, 0xFF, 0xFF, 0x76, 0x00, 0x00, 0x00, 0x00, 0x00, 0x00, 0x00, 0x00, 0x00, 0x00, 0x00, 0x00,
  0x00, 0x02, 0x9B, 0xFF, 0xFF, 0xFF, 0xFF, 0xFF, 0xFF, 0x7A, 0x00, 0x00, 0x00, 0x00, 0x00, 0x00,
  0x00, 0x00, 0x00, 0x00, 0x00, 0x00, 0x00, 0x03, 0xA1, 0xFF, 0xFF, 0xFF, 0xFF, 0xFF, 0xFF, 0x7D,
  0x00, 0x00, 0x00, 0x00, 0x00, 0x00, 0x00, 0x00, 0x00, 0x00, 0x00, 0x00, 0x00, 0x03, 0xA8, 0xFF,
  0xFF, 0xFF, 0xFF, 0xFF, 0xFF, 0xFC, 0xD4, 0xD4, 0xD4, 0xD4, 0xD4, 0xD4, 0xD4, 0xD4, 0xD4, 0xD4,
  0xD4, 0xD4, 0xD4, 0xA2, 0x20, 0xFF, 0xFF, 0xFF, 0xFF, 0xFF, 0xFF, 0xFF, 0xFF, 0xFF, 0xFF, 0xFF,
  0xFF, 0xFF, 0xFF, 0xFF, 0xFF, 0xFF, 0xFF, 0xFF, 0xFF, 0xFF, 0xC4, 0x20, 0xFF, 0xFF, 0xFF, 0xFF,
  0xFF, 0xFF, 0xFF, 0xFF, 0xFF, 0xFF, 0xFF, 0xFF, 0xFF, 0xFF, 0xFF, 0xFF, 0xFF, 0xFF, 0xFF, 0xFF,
  0xFF, 0xC4, 0x20, 0xFF, 0xFF, 0xFF, 0xFF, 0xFF, 0xFF, 0xFF, 0xFF, 0xFF, 0xFF, 0xFF, 0xFF, 0xFF,
  0xFF, 0xFF, 0xFF, 0xFF, 0xFF, 0xFF, 0xFF, 0xFF, 0xC4, 0x20, 0xFF, 0xFF, 0xFF, 0xFF, 0xFF, 0xFF,
  0xFF, 0xFF, 0xFF, 0xFF, 0xFF, 0xFF, 0xFF, 0xFF, 0xFF, 0xFF, 0xFF, 0xFF, 0xFF, 0xFF, 0xFF, 0xC4,
  0x00, 0x00, 0x00, 0x00, 0x00, 0x00, 0x02, 0x45, 0x8F, 0xC6, 0xE8, 0xF8, 0xFA, 0xEC, 0xCC, 0x9A,
  0x4F, 0x04, 0x00, 0x00, 0x00, 0x00, 0x00, 0x00, 0x00, 0x00, 0x00, 0x00, 0x00, 0x53, 0xDE, 0xFF,
  0xFF, 0xFF, 0xFF, 0xFF, 0xFF, 0xFF, 0xFF, 0xFF, 0xFF, 0xE4, 0x63, 0x01, 0x00, 0x00, 0x00, 0x00,
  0x00, 0x00, 0x00, 0x11, 0xBC, 0xFF, 0xFF, 0xFF, 0xFF, 0xFF, 0xFF, 0xFF, 0xFF, 0xFF, 0xFF, 0xFF,
  0xFF, 0xFF, 0xFF, 0xB5, 0x0C, 0x00, 0x00, 0x00, 0x00, 0x00, 0x12, 0xCE, 0xFF, 0xFF, 0xFF, 0xFF,
  0xFF, 0xFF, 0xFF, 0xFF, 0xFF, 0xFF, 0xFF, 0xFF, 0xFF, 0xFF, 0xFF, 0xFF, 0xC1, 0x05, 0x00, 0x00,
  0x00, 0x01, 0xBF, 0xFF, 0xFF, 0xFF, 0xFF, 0xFF, 0xFF, 0xFB, 0xC7, 0xA8, 0xA7, 0xC7, 0xFD, 0xFF,
  0xFF, 0xFF, 0xFF, 0xFF, 0xFF, 0x83, 0x00, 0x00, 0x00, 0x52, 0xFF, 0xFF, 0xFF, 0xFF, 0xFF, 0xFC,
  0x86, 0x12, 0x00, 0x00, 0x00, 0x00, 0x1A, 0xAA, 0xFF, 0xFF, 0xFF, 0xFF, 0xFF, 0xF6, 0x11, 0x00,
  0x00, 0xB3, 0xFF, 0xFF, 0xFF, 0xFF, 0xFF, 0x56, 0x00, 0x00, 0x00, 0x00, 0x00, 0x00, 0x00, 0x01,
  0xAF, 0xFF, 0xFF, 0xFF, 0xFF, 0xFF, 0x5F, 0x00, 0x00, 0xEC, 0xFF, 0xFF, 0xFF, 0xFF, 0xBC, 0x00,
  0x00, 0x00, 0x00, 0x00, 0x00, 0x00, 0x00, 0x00, 0x2F, 0xFF, 0xFF, 0xFF, 0xFF, 0xFF, 0x8E, 0x00,
  0x01, 0x97, 0x98, 0x98, 0x98, 0x98, 0x52, 0x00, 0x00, 0x00, 0x00, 0x00, 0x00, 0x00, 0x00, 0x00,
  0x04, 0xFE, 0xFF, 0xFF, 0xFF, 0xFF, 0x9A, 0x00, 0x00, 0x00, 0x00, 0x00, 0x00, 0x00, 0x00, 0x00,
  0x00, 0x00, 0x00, 0x00, 0x00, 0x00, 0x00, 0x00, 0x15, 0xFF, 0xFF, 0xFF, 0xFF, 0xFF, 0x83, 0x00,
  0x00, 0x00, 0x00, 0x00, 0x00, 0x00, 0x00, 0x00, 0x00, 0x00, 0x00, 0x00, 0x00, 0x00, 0x00, 0x00,
  0x70, 0xFF, 0xFF, 0xFF, 0xFF, 0xFF, 0x44, 0x00, 0x00, 0x00, 0x00, 0x00, 0x00, 0x00, 0x00, 0x00,
  0x00, 0x00, 0x00, 0x00, 0x00, 0x00, 0x00, 0x41, 0xF4, 0xFF, 0xFF, 0xFF, 0xFF, 0xD0, 0x01, 0x00,
  0x00, 0x00, 0x00, 0x00, 0x00, 0x00, 0x00, 0x00, 0x00, 0x00, 0x00, 0x03, 0x17, 0x48, 0xA2, 0xFD,
  0xFF, 0xFF, 0xFF, 0xFF, 0xEF, 0x2B, 0x00, 0x00, 0x00, 0x00, 0x00, 0x00, 0x00, 0x00, 0x00, 0x00,
  0x6C, 0xFF, 0xFF, 0xFF, 0xFF, 0xFF, 0xFF, 0xFF, 0xFF, 0xFF, 0xFF, 0xD3, 0x2C, 0x00, 0x00, 0x00,
  0x00, 0x00, 0x00, 0x00, 0x00, 0x00, 0x00, 0x00, 0x6C, 0xFF, 0xFF, 0xFF, 0xFF, 0xFF, 0xFF, 0xFF,
  0xFA, 0xB5, 0x5B, 0x05, 0x00, 0x00, 0x00, 0x00, 0x00, 0x00, 0x00, 0x00, 0x00, 0x00, 0x00, 0x00,
  0x6C, 0xFF, 0xFF, 0xFF, 0xFF, 0xFF, 0xFF, 0xFF, 0xF9, 0xB3, 0x76, 0x1A, 0x00, 0x00, 0x00, 0x00,
  0x00, 0x00, 0x00, 0x00, 0x00, 0x00, 0x00, 0x00, 0x6C, 0xFF, 0xFF, 0xFF, 0xFF, 0xFF, 0xFF, 0xFF,
  0xFF, 0xFF, 0xFF, 0xF8, 0x8D, 0x05, 0x00, 0x00, 0x00, 0x00, 0x00, 0x00, 0x00, 0x00, 0x00, 0x00,
  0x26, 0x5C, 0x5C, 0x5F, 0x74, 0x97, 0xE1, 0xFF, 0xFF, 0xFF, 0xFF, 0xFF, 0xFF, 0xBE, 0x09, 0x00,
  0x00, 0x00, 0x00, 0x00, 0x00, 0x00, 0x00, 0x00, 0x00, 0x00, 0x00, 0x00, 0x00, 0x00, 0x00, 0x5E,
  0xEE, 0xFF, 0xFF, 0xFF, 0xFF, 0xFF, 0x90, 0x00, 0x00, 0x00, 0x00, 0x00, 0x00, 0x00, 0x00, 0x00,
  0x00, 0x00, 0x00, 0x00, 0x00, 0x00, 0x00, 0x00, 0x36, 0xF6, 0xFF, 0xFF, 0xFF, 0xFF, 0xFE, 0x1E,
  0x00, 0x00, 0x00, 0x00, 0x00, 0x00, 0x00, 0x00, 0x00, 0x00, 0x00, 0x00, 0x00, 0x00, 0x00, 0x00,
  0x00, 0x90, 0xFF, 0xFF, 0xFF, 0xFF, 0xFF, 0x77, 0x00, 0x00, 0x00, 0x00, 0x00, 0x00, 0x00, 0x00,
  0x00, 0x00, 0x00, 0x00, 0x00, 0x00, 0x00, 0x00, 0x00, 0x40, 0xFF, 0xFF, 0xFF, 0xFF, 0xFF, 0xA7,
  0x10, 0x18, 0x18, 0x18, 0x18, 0x18, 0x02, 0x00, 0x00, 0x00, 0x00, 0x00, 0x00, 0x00, 0x00, 0x00,
  0x00, 0x29, 0xFF, 0xFF, 0xFF, 0xFF, 0xFF, 0xC0, 0xA5, 0xFF, 0xFF, 0xFF, 0xFF, 0xFF, 0x34, 0x00,
  0x00, 0x00, 0x00, 0x00, 0x00, 0x00, 0x00, 0x00, 0x00, 0x4A, 0xFF, 0xFF, 0xFF, 0xFF, 0xFF, 0xB8,
  0x7E, 0xFF, 0xFF, 0xFF, 0xFF, 0xFF, 0x8C, 0x00, 0x00, 0x00, 0x00, 0x00, 0x00, 0x00, 0x00, 0x00,
  0x00, 0xAE, 0xFF, 0xFF, 0xFF, 0xFF, 0xFF, 0x90, 0x37, 0xFF, 0xFF, 0xFF, 0xFF, 0xFF, 0xF9, 0x49,
  0x00, 0x00, 0x00, 0x00, 0x00, 0x00, 0x00, 0x00, 0x6A, 0xFF, 0xFF, 0xFF, 0xFF, 0xFF, 0xFF, 0x47,
  0x00, 0xC9, 0xFF, 0xFF, 0xFF, 0xFF, 0xFF, 0xFB, 0x93, 0x26, 0x00, 0x00, 0x00, 0x00, 0x30, 0xA8,
  0xFF, 0xFF, 0xFF, 0xFF, 0xFF, 0xFF, 0xD3, 0x01, 0x00, 0x34, 0xFA, 0xFF, 0xFF, 0xFF, 0xFF, 0xFF,
  0xFF, 0xFF, 0xE5, 0xCA, 0xCC, 0xE8, 0xFF, 0xFF, 0xFF, 0xFF, 0xFF, 0xFF, 0xFF, 0xFB, 0x3A, 0x00,
  0x00, 0x00, 0x5F, 0xFD, 0xFF, 0xFF, 0xFF, 0xFF, 0xFF, 0xFF, 0xFF, 0xFF, 0xFF, 0xFF, 0xFF, 0xFF,
  0xFF, 0xFF, 0xFF, 0xFF, 0xFD, 0x61, 0x00, 0x00, 0x00, 0x00, 0x00, 0x50, 0xEE, 0xFF, 0xFF, 0xFF,
  0xFF, 0xFF, 0xFF, 0xFF, 0xFF, 0xFF, 0xFF, 0xFF, 0xFF, 0xFF, 0xFF, 0xEC, 0x4F, 0x00, 0x00, 0x00,
  0x00, 0x00, 0x00, 0x00, 0x19, 0x97, 0xF7, 0xFF, 0xFF, 0xFF, 0xFF, 0xFF, 0xFF, 0xFF, 0xFF, 0xFF,
  0xFF, 0xF6, 0x93, 0x17, 0x00, 0x00, 0x00, 0x00, 0x00, 0x00, 0x00, 0x00, 0x00, 0x00, 0x10, 0x61,
  0xA2, 0xD0, 0xEE, 0xFB, 0xFA, 0xED, 0xCE, 0xA0, 0x5E, 0x0E, 0x00, 0x00, 0x00, 0x00, 0x00, 0x00,
  0x00, 0x00, 0x00, 0x00, 0x00, 0x00, 0x00, 0x00, 0x00, 0x00, 0x00, 0x00, 0x00, 0x6A, 0xFF, 0xFF,
  0xFF, 0xFF, 0xFF, 0xFF, 0xFF, 0x08, 0x00, 0x00, 0x00, 0x00, 0x00, 0x00, 0x00, 0x00, 0x00, 0x00,
  0x00, 0x00, 0x00, 0x00, 0x00, 0x00, 0x1A, 0xF1, 0xFF, 0xFF, 0xFF, 0xFF, 0xFF, 0xFF, 0xFF, 0x08,
  0x00, 0x00, 0x00, 0x00, 0x00, 0x00, 0x00, 0x00, 0x00, 0x00, 0x00, 0x00, 0x00, 0x00, 0x00, 0x00,
  0xAE, 0xFF, 0xFF, 0xFF, 0xFF, 0xFF, 0xFF, 0xFF, 0xFF, 0x08, 0x00, 0x00, 0x00, 0x00, 0x00, 0x00,
  0x00, 0x00, 0x00, 0x00, 0x00, 0x00, 0x00, 0x00, 0x00, 0x4F, 0xFF, 0xFF, 0xFF, 0xFF, 0xFF, 0xFF,
  0xFF, 0xFF, 0xFF, 0x08, 0x00, 0x00, 0x00, 0x00, 0x00, 0x00, 0x00, 0x00, 0x00, 0x00, 0x00, 0x00,
  0x00, 0x00, 0x0D, 0xE3, 0xFF, 0xFF, 0xFF, 0xFF, 0xFF, 0xFF, 0xFF, 0xFF, 0xFF, 0x08, 0x00, 0x00,
  0x00, 0x00, 0x00, 0x00, 0x00, 0x00, 0x00, 0x00, 0x00, 0x00, 0x00, 0x00, 0x94, 0xFF, 0xFF, 0xFF,
  0xFF, 0xFF, 0xFF, 0xFF, 0xFF, 0xFF, 0xFF, 0x08, 0x00, 0x00, 0x00, 0x00, 0x00, 0x00, 0x00, 0x00,
  0x00, 0x00, 0x00, 0x00, 0x00, 0x37, 0xFD, 0xFF, 0xFF, 0xFF, 0xFF, 0xE8, 0xFF, 0xFF, 0xFF, 0xFF,
  0xFF, 0x08, 0x00, 0x00, 0x00, 0x00, 0x00, 0x00, 0x00, 0x00, 0x00, 0x00, 0x00, 0x00, 0x05, 0xD2,
  0xFF, 0xFF, 0xFF, 0xFF, 0xB6, 0x5C, 0xFF, 0xFF, 0xFF, 0xFF, 0xFF, 0x08, 0x00, 0x00, 0x00, 0x00,
  0x00, 0x00, 0x00, 0x00, 0x00, 0x00, 0x00, 0x00, 0x7A, 0xFF, 0xFF, 0xFF, 0xFF, 0xF5, 0x21, 0x5C,
  0xFF, 0xFF, 0xFF, 0xFF, 0xFF, 0x08, 0x00, 0x00, 0x00, 0x00, 0x00, 0x00, 0x00, 0x00, 0x00, 0x00,
  0x00, 0x24, 0xF7, 0xFF, 0xFF, 0xFF, 0xFF, 0x77, 0x00, 0x5C, 0xFF, 0xFF, 0xFF, 0xFF, 0xFF, 0x08,
  0x00, 0x00, 0x00, 0x00, 0x00, 0x00, 0x00, 0x00, 0x00, 0x00, 0x00, 0xBC, 0xFF, 0xFF, 0xFF, 0xFF,
  0xD3, 0x05, 0x00, 0x5C, 0xFF, 0xFF, 0xFF, 0xFF, 0xFF, 0x08, 0x00, 0x00, 0x00, 0x00, 0x00, 0x00,
  0x00, 0x00, 0x00, 0x00, 0x60, 0xFF, 0xFF, 0xFF, 0xFF, 0xFE, 0x3A, 0x00, 0x00, 0x5C, 0xFF, 0xFF,
  0xFF, 0xFF, 0xFF, 0x08, 0x00, 0x00, 0x00, 0x00, 0x00, 0x00, 0x00, 0x00, 0x00, 0x15, 0xEC, 0xFF,
  0xFF, 0xFF, 0xFF, 0x99, 0x00, 0x00, 0x00, 0x5C, 0xFF, 0xFF, 0xFF, 0xFF, 0xFF, 0x08, 0x00, 0x00,
  0x00, 0x00, 0x00, 0x00, 0x00, 0x00, 0x00, 0xA4, 0xFF, 0xFF, 0xFF, 0xFF, 0xE8, 0x10, 0x00, 0x00,
  0x00, 0x5C, 0xFF, 0xFF, 0xFF, 0xFF, 0xFF, 0x08, 0x00, 0x00, 0x00, 0x00, 0x00, 0x00, 0x00, 0x00,
  0x46, 0xFF, 0xFF, 0xFF, 0xFF, 0xFF, 0x5A, 0x00, 0x00, 0x00, 0x00, 0x5C, 0xFF, 0xFF, 0xFF, 0xFF,
  0xFF, 0x08, 0x00, 0x00, 0x00, 0x00, 0x00, 0x00, 0x00, 0x09, 0xDD, 0xFF, 0xFF, 0xFF, 0xFF, 0xBB,
  0x00, 0x00, 0x00, 0x00, 0x00, 0x5C, 0xFF, 0xFF, 0xFF, 0xFF, 0xFF, 0x08, 0x00, 0x00, 0x00, 0x00,
  0x00, 0x00, 0x00, 0x8A, 0xFF, 0xFF, 0xFF, 0xFF, 0xF7, 0x24, 0x00, 0x00, 0x00, 0x00, 0x00, 0x5C,
  0xFF, 0xFF, 0xFF, 0xFF, 0xFF, 0x08, 0x00, 0x00, 0x00, 0x00, 0x00, 0x00, 0x30, 0xFB, 0xFF, 0xFF,
  0xFF, 0xFF, 0x7C, 0x00, 0x00, 0x00, 0x00, 0x00, 0x00, 0x5C, 0xFF, 0xFF, 0xFF, 0xFF, 0xFF, 0x08,
  0x00, 0x00, 0x00, 0x00, 0x00, 0x02, 0xCA, 0xFF, 0xFF, 0xFF, 0xFF, 0xD6, 0x06, 0x00, 0x00, 0x00,
  0x00, 0x00, 0x00, 0x5C, 0xFF, 0xFF, 0xFF, 0xFF, 0xFF, 0x08, 0x00, 0x00, 0x00, 0x00, 0x00, 0x70,
  0xFF, 0xFF, 0xFF, 0xFF, 0xFF, 0x3E, 0x00, 0x00, 0x00, 0x00, 0x00, 0x00, 0x00, 0x5C, 0xFF, 0xFF,
  0xFF, 0xFF, 0xFF, 0x08, 0x00, 0x00, 0x00, 0x00, 0x1E, 0xF3, 0xFF, 0xFF, 0xFF, 0xFF, 0x9E, 0x00,
  0x00, 0x00, 0x00, 0x00, 0x00, 0x00, 0x00, 0x5C, 0xFF, 0xFF, 0xFF, 0xFF, 0xFF, 0x08, 0x00, 0x00,
  0x00, 0x00, 0x9F, 0xFF, 0xFF, 0xFF, 0xFF, 0xFF, 0xD5, 0xC8, 0xC8, 0xC8, 0xC8, 0xC8, 0xC8, 0xC8,
  0xC8, 0xFF, 0xFF, 0xFF, 0xFF, 0xFF, 0xFF, 0xD0, 0xC8, 0xC8, 0xC8, 0x1F, 0xB4, 0xFF, 0xFF, 0xFF,
  0xFF, 0xFF, 0xFF, 0xFF, 0xFF, 0xFF, 0xFF, 0xFF, 0xFF, 0xFF, 0xFF, 0xFF, 0xFF, 0xFF, 0xFF, 0xFF,
  0xFF, 0xFF, 0xFF, 0xFF, 0xFF, 0x28, 0xB4, 0xFF, 0xFF, 0xFF, 0xFF, 0xFF, 0xFF, 0xFF, 0xFF, 0xFF,
  0xFF, 0xFF, 0xFF, 0xFF, 0xFF, 0xFF, 0xFF, 0xFF, 0xFF, 0xFF, 0xFF, 0xFF, 0xFF, 0xFF, 0xFF, 0x28,
  0xB4, 0xFF, 0xFF, 0xFF, 0xFF, 0xFF, 0xFF, 0xFF, 0xFF, 0xFF, 0xFF, 0xFF, 0xFF, 0xFF, 0xFF, 0xFF,
  0xFF, 0xFF, 0xFF, 0xFF, 0xFF, 0xFF, 0xFF, 0xFF, 0xFF, 0x28, 0xB4, 0xFF, 0xFF, 0xFF, 0xFF, 0xFF,
  0xFF, 0xFF, 0xFF, 0xFF, 0xFF, 0xFF, 0xFF, 0xFF, 0xFF, 0xFF, 0xFF, 0xFF, 0xFF, 0xFF, 0xFF, 0xFF,
  0xFF, 0xFF, 0xFF, 0x28, 0x00, 0x00, 0x00, 0x00, 0x00, 0x00, 0x00, 0x00, 0x00, 0x00, 0x00, 0x00,
  0x00, 0x00, 0x00, 0x78, 0xFF, 0xFF, 0xFF, 0xFF, 0xFF, 0x08, 0x00, 0x00, 0x00, 0x00, 0x00, 0x00,
  0x00, 0x00, 0x00, 0x00, 0x00, 0x00, 0x00, 0x00, 0x00, 0x00, 0x00, 0x00, 0x00, 0x78, 0xFF, 0xFF,
  0xFF, 0xFF, 0xFF, 0x08, 0x00, 0x00, 0x00, 0x00, 0x00, 0x00, 0x00, 0x00, 0x00, 0x00, 0x00, 0x00,
  0x00, 0x00, 0x00, 0x00, 0x00, 0x00, 0x00, 0x78, 0xFF, 0xFF, 0xFF, 0xFF, 0xFF, 0x08, 0x00, 0x00,
  0x00, 0x00, 0x00, 0x00, 0x00, 0x00, 0x00, 0x00, 0x00, 0x00, 0x00, 0x00, 0x00, 0x00, 0x00, 0x00,
  0x00, 0x78, 0xFF, 0xFF, 0xFF, 0xFF, 0xFF, 0x08, 0x00, 0x00, 0x00, 0x00, 0x00, 0x00, 0x00, 0x00,
  0x00, 0x00, 0x00, 0x00, 0x00, 0x00, 0x00, 0x00, 0x00, 0x00, 0x00, 0x78, 0xFF, 0xFF, 0xFF, 0xFF,
  0xFF, 0x08, 0x00, 0x00, 0x00, 0x00, 0x00, 0x00, 0x00, 0x00, 0x00, 0x00, 0x00, 0x00, 0x00, 0x00,
  0x00, 0x00, 0x00, 0x00, 0x00, 0x78, 0xFF, 0xFF, 0xFF, 0xFF, 0xFF, 0x08, 0x00, 0x00, 0x00, 0x00,
  0x00, 0x00, 0x86, 0xFF, 0xFF, 0xFF, 0xFF, 0xFF, 0xFF, 0xFF, 0xFF, 0xFF, 0xFF, 0xFF, 0xFF, 0xFF,
  0xFF, 0xFF, 0xFF, 0xFF, 0xFF, 0x0C, 0x00, 0x00, 0x00, 0xA0, 0xFF, 0xFF, 0xFF, 0xFF, 0xFF, 0xFF,
  0xFF, 0xFF, 0xFF, 0xFF, 0xFF, 0xFF, 0xFF, 0xFF, 0xFF, 0xFF, 0xFF, 0xFF, 0x0C, 0x00, 0x00, 0x00,
  0xBB, 0xFF, 0xFF, 0xFF, 0xFF, 0xFF, 0xFF, 0xFF, 0xFF, 0xFF, 0xFF, 0xFF, 0xFF, 0xFF, 0xFF, 0xFF,
  0xFF, 0xFF, 0xFF, 0x0C, 0x00, 0x00, 0x00, 0xD5, 0xFF, 0xFF, 0xFF, 0xFF, 0xFF, 0xFF, 0xFF, 0xFF,
  0xFF, 0xFF, 0xFF, 0xFF, 0xFF, 0xFF, 0xFF, 0xFF, 0xFF, 0xFF, 0x0C, 0x00, 0x00, 0x00, 0xF0, 0xFF,
  0xFF, 0xFF, 0xFF, 0xD1, 0xC0, 0xC0, 0xC0, 0xC0, 0xC0, 0xC0, 0xC0, 0xC0, 0xC0, 0xC0, 0xC0, 0xC0,
  0xC0, 0x09, 0x00, 0x00, 0x0A, 0xFF, 0xFF, 0xFF, 0xFF, 0xFF, 0x32, 0x00, 0x00, 0x00, 0x00, 0x00,
  0x00, 0x00, 0x00, 0x00, 0x00, 0x00, 0x00, 0x00, 0x00, 0x00, 0x00, 0x25, 0xFF, 0xFF, 0xFF, 0xFF,
  0xFF, 0x16, 0x00, 0x00, 0x00, 0x00, 0x00, 0x00, 0x00, 0x00, 0x00, 0x00, 0x00, 0x00, 0x00, 0x00,
  0x00, 0x00, 0x3F, 0xFF, 0xFF, 0xFF, 0xFF, 0xF9, 0x01, 0x00, 0x00, 0x00, 0x00, 0x00, 0x00, 0x00,
  0x00, 0x00, 0x00, 0x00, 0x00, 0x00, 0x00, 0x00, 0x00, 0x5A, 0xFF, 0xFF, 0xFF, 0xFF, 0xDE, 0x00,
  0x00, 0x00, 0x00, 0x00, 0x00, 0x00, 0x00, 0x00, 0x00, 0x00, 0x00, 0x00, 0x00, 0x00, 0x00, 0x00,
  0x74, 0xFF, 0xFF, 0xFF, 0xFF, 0xC2, 0x00, 0x00, 0x00, 0x00, 0x00, 0x00, 0x00, 0x00, 0x00, 0x00,
  0x00, 0x00, 0x00, 0x00, 0x00, 0x00, 0x00, 0x8F, 0xFF, 0xFF, 0xFF, 0xFF, 0xA5, 0x00, 0x00, 0x00,
  0x22, 0x49, 0x5D, 0x4F, 0x34, 0x04, 0x00, 0x00, 0x00, 0x00, 0x00, 0x00, 0x00, 0x00, 0xA9, 0xFF,
  0xFF, 0xFF, 0xFF, 0x89, 0x06, 0x6A, 0xD7, 0xFF, 0xFF, 0xFF, 0xFF, 0xFF, 0xEF, 0xA2, 0x28, 0x00,
  0x00, 0x00, 0x00, 0x00, 0x00, 0xC4, 0xFF, 0xFF, 0xFF, 0xFF, 0x86, 0xCD, 0xFF, 0xFF, 0xFF, 0xFF,
  0xFF, 0xFF, 0xFF, 0xFF, 0xFF, 0xFC, 0x89, 0x02, 0x00, 0x00, 0x00, 0x00, 0xDE, 0xFF, 0xFF, 0xFF,
  0xFF, 0xFF, 0xFF, 0xFF, 0xFF, 0xFF, 0xFF, 0xFF, 0xFF, 0xFF, 0xFF, 0xFF, 0xFF, 0xFF, 0xB2, 0x05,
  0x00, 0x00, 0x00, 0xF8, 0xFF, 0xFF, 0xFF, 0xFF, 0xFF, 0xFF, 0xFF, 0xFF, 0xFF, 0xFF, 0xFF, 0xFF,
  0xFF, 0xFF, 0xFF, 0xFF, 0xFF, 0xFF, 0x91, 0x00, 0x00, 0x13, 0xFF, 0xFF, 0xFF, 0xFF, 0xFF, 0xFF,
  0xE5, 0x7B, 0x32, 0x0F, 0x0C, 0x2C, 0x7F, 0xEA, 0xFF, 0xFF, 0xFF, 0xFF, 0xFF, 0xFF, 0x3F, 0x00,
  0x05, 0x3E, 0x67, 0x90, 0xB8, 0xE1, 0x9A, 0x08, 0x00, 0x00, 0x00, 0x00, 0x00, 0x00, 0x1A, 0xC9,
  0xFF, 0xFF, 0xFF, 0xFF, 0xFF, 0xBF, 0x00, 0x00, 0x00, 0x00, 0x00, 0x00, 0x00, 0x00, 0x00, 0x00,
  0x00, 0x00, 0x00, 0x00, 0x00, 0x00, 0x18, 0xEA, 0xFF, 0xFF, 0xFF, 0xFF, 0xFF, 0x20, 0x00, 0x00,
  0x00, 0x00, 0x00, 0x00, 0x00, 0x00, 0x00, 0x00, 0x00, 0x00, 0x00, 0x00, 0x00, 0x00, 0x71, 0xFF,
  0xFF, 0xFF, 0xFF, 0xFF, 0x69, 0x00, 0x00, 0x00, 0x00, 0x00, 0x00, 0x00, 0x00, 0x00, 0x00, 0x00,
  0x00, 0x00, 0x00, 0x00, 0x00, 0x14, 0xFF, 0xFF, 0xFF, 0xFF, 0xFF, 0x97, 0x00, 0x00, 0x00, 0x00,
  0x00, 0x00, 0x00, 0x00, 0x00, 0x00, 0x00, 0x00, 0x00, 0x00, 0x00, 0x00, 0x00, 0xEB, 0xFF, 0xFF,
  0xFF, 0xFF, 0xAD, 0x00, 0x00, 0x00, 0x00, 0x00, 0x00, 0x00, 0x00, 0x00, 0x00, 0x00, 0x00, 0x00,
  0x00, 0x00, 0x00, 0x00, 0xDD, 0xFF, 0xFF, 0xFF, 0xFF, 0xB5, 0x08, 0x0C, 0x0C, 0x0C, 0x0C, 0x0A,
  0x00, 0x00, 0x00, 0x00, 0x00, 0x00, 0x00, 0x00, 0x00, 0x00, 0x00, 0xF7, 0xFF, 0xFF, 0xFF, 0xFF,
  0xA4, 0xB2, 0xFF, 0xFF, 0xFF, 0xFF, 0xF1, 0x01, 0x00, 0x00, 0x00, 0x00, 0x00, 0x00, 0x00, 0x00,
  0x00, 0x39, 0xFF, 0xFF, 0xFF, 0xFF, 0xFF, 0x7B, 0x8C, 0xFF, 0xFF, 0xFF, 0xFF, 0xFF, 0x40, 0x00,
  0x00, 0x00, 0x00, 0x00, 0x00, 0x00, 0x00, 0x00, 0xA8, 0xFF, 0xFF, 0xFF, 0xFF, 0xFF, 0x3B, 0x47,
  0xFF, 0xFF, 0xFF, 0xFF, 0xFF, 0xD3, 0x11, 0x00, 0x00, 0x00, 0x00, 0x00, 0x00, 0x00, 0x61, 0xFF,
  0xFF, 0xFF, 0xFF, 0xFF, 0xDD, 0x01, 0x02, 0xDB, 0xFF, 0xFF, 0xFF, 0xFF, 0xFF, 0xD6, 0x3E, 0x00,
  0x00, 0x00, 0x00, 0x12, 0x89, 0xFE, 0xFF, 0xFF, 0xFF, 0xFF, 0xFF, 0x60, 0x00, 0x00, 0x48, 0xFE,
  0xFF, 0xFF, 0xFF, 0xFF, 0xFF, 0xFF, 0xDC, 0xAB, 0xA0, 0xBD, 0xF7, 0xFF, 0xFF, 0xFF, 0xFF, 0xFF,
  0xFF, 0xBC, 0x01, 0x00, 0x00, 0x00, 0x7E, 0xFF, 0xFF, 0xFF, 0xFF, 0xFF, 0xFF, 0xFF, 0xFF, 0xFF,
  0xFF, 0xFF, 0xFF, 0xFF, 0xFF, 0xFF, 0xFF, 0xD7, 0x13, 0x00, 0x00, 0x00, 0x00, 0x00, 0x72, 0xFB,
  0xFF, 0xFF, 0xFF, 0xFF, 0xFF, 0xFF, 0xFF, 0xFF, 0xFF, 0xFF, 0xFF, 0xFF, 0xFF, 0xC1, 0x14, 0x00,
  0x00, 0x00, 0x00, 0x00, 0x00, 0x00, 0x32, 0xBE, 0xFF, 0xFF, 0xFF, 0xFF, 0xFF, 0xFF, 0xFF, 0xFF,
  0xFF, 0xFF, 0xE7, 0x6C, 0x02, 0x00, 0x00, 0x00, 0x00, 0x00, 0x00, 0x00, 0x00, 0x00, 0x00, 0x2C,
  0x80, 0xBC, 0xE3, 0xF7, 0xFC, 0xEF, 0xD1, 0x9F, 0x54, 0x07, 0x00, 0x00, 0x00, 0x00, 0x00, 0x00,
  0x00, 0x00, 0x00, 0x00, 0x00, 0x00, 0x00, 0x00, 0x3F, 0x91, 0xCA, 0xEC, 0xFB, 0xF5, 0xE1, 0xB7,
  0x75, 0x1C, 0x00, 0x00, 0x00, 0x00, 0x00, 0x00, 0x00, 0x00, 0x00, 0x00, 0x00, 0x00, 0x40, 0xD0,
  0xFF, 0xFF, 0xFF, 0xFF, 0xFF, 0xFF, 0xFF, 0xFF, 0xFF, 0xFC, 0x96, 0x0E, 0x00, 0x00, 0x00, 0x00,
  0x00, 0x00, 0x00, 0x00, 0x00, 0x84, 0xFE, 0xFF, 0xFF, 0xFF, 0xFF, 0xFF, 0xFF, 0xFF, 0xFF, 0xFF,
  0xFF, 0xFF, 0xFF, 0xE3, 0x39, 0x00, 0x00, 0x00, 0x00, 0x00, 0x00, 0x00, 0x95, 0xFF, 0xFF, 0xFF,
  0xFF, 0xFF, 0xFF, 0xFF, 0xFF, 0xFF, 0xFF, 0xFF, 0xFF, 0xFF, 0xFF, 0xFF, 0xEF, 0x30, 0x00, 0x00,
  0x00, 0x00, 0x00, 0x69, 0xFF, 0xFF, 0xFF, 0xFF, 0xFF, 0xFF, 0xFF, 0xFC, 0xEA, 0xF2, 0xFF, 0xFF,
  0xFF, 0xFF, 0xFF, 0xFF, 0xFF, 0xE7, 0x13, 0x00, 0x00, 0x00, 0x18, 0xF1, 0xFF, 0xFF, 0xFF, 0xFF,
  0xFF, 0xCA, 0x4D, 0x09, 0x00, 0x00, 0x21, 0x88, 0xFA, 0xFF, 0xFF, 0xFF, 0xFF, 0xFF, 0x96, 0x00,
  0x00, 0x00, 0xA2, 0xFF, 0xFF, 0xFF, 0xFF, 0xFF, 0x9A, 0x03, 0x00, 0x00, 0x00, 0x00, 0x00, 0x00,
  0x51, 0xFC, 0xFF, 0xFF, 0xFF, 0xFF, 0xF8, 0x11, 0x00, 0x1A, 0xFC, 0xFF, 0xFF, 0xFF, 0xFF, 0xBD,
  0x02, 0x00, 0x00, 0x00, 0x00, 0x00, 0x00, 0x00, 0x00, 0x8C, 0xFF, 0xFF, 0xFF, 0xFF, 0xFF, 0x5B,
  0x00, 0x76, 0xFF, 0xFF, 0xFF, 0xFF, 0xFD, 0x28, 0x00, 0x00, 0x00, 0x00, 0x00, 0x00, 0x00, 0x00,
  0x00, 0x1F, 0xC0, 0xC0, 0xC0, 0xC0, 0xC0, 0x69, 0x00, 0xD3, 0xFF, 0xFF, 0xFF, 0xFF, 0xB4, 0x00,
  0x00, 0x00, 0x00, 0x00, 0x00, 0x00, 0x00, 0x00, 0x00, 0x00, 0x00, 0x00, 0x00, 0x00, 0x00, 0x00,
  0x11, 0xFF, 0xFF, 0xFF, 0xFF, 0xFF, 0x6C, 0x00, 0x00, 0x00, 0x00, 0x00, 0x00, 0x00, 0x00, 0x00,
  0x00, 0x00, 0x00, 0x00, 0x00, 0x00, 0x00, 0x00, 0x42, 0xFF, 0xFF, 0xFF, 0xFF, 0xFF, 0x30, 0x00,
  0x00, 0x05, 0x59, 0xA7, 0xDE, 0xF5, 0xF7, 0xE1, 0xB1, 0x63, 0x0A, 0x00, 0x00, 0x00, 0x00, 0x00,
  0x74, 0xFF, 0xFF, 0xFF, 0xFF, 0xFB, 0x02, 0x00, 0x4D, 0xE3, 0xFF, 0xFF, 0xFF, 0xFF, 0xFF, 0xFF,
  0xFF, 0xFF, 0xE8, 0x55, 0x00, 0x00, 0x00, 0x00, 0x96, 0xFF, 0xFF, 0xFF, 0xFF, 0xEA, 0x00, 0x7B,
  0xFF, 0xFF, 0xFF, 0xFF, 0xFF, 0xFF, 0xFF, 0xFF, 0xFF, 0xFF, 0xFF, 0xFF, 0x8E, 0x03, 0x00, 0x00,
  0xA5, 0xFF, 0xFF, 0xFF, 0xFF, 0xDA, 0x5E, 0xFF, 0xFF, 0xFF, 0xFF, 0xFF, 0xFF, 0xFF, 0xFF, 0xFF,
  0xFF, 0xFF, 0xFF, 0xFF, 0xFF, 0x88, 0x00, 0x00, 0xB4, 0xFF, 0xFF, 0xFF, 0xFF, 0xEE, 0xF1, 0xFF,
  0xFF, 0xFB, 0xB0, 0x71, 0x5F, 0x7A, 0xBB, 0xFF, 0xFF, 0xFF, 0xFF, 0xFF, 0xFF, 0xFE, 0x4A, 0x00,
  0xC2, 0xFF, 0xFF, 0xFF, 0xFF, 0xFF, 0xFF, 0xFF, 0xCE, 0x27, 0x00, 0x00, 0x00, 0x00, 0x00, 0x34,
  0xDE, 0xFF, 0xFF, 0xFF, 0xFF, 0xFF, 0xDE, 0x04, 0xC4, 0xFF, 0xFF, 0xFF, 0xFF, 0xFF, 0xFF, 0xD2,
  0x0C, 0x00, 0x00, 0x00, 0x00, 0x00, 0x00, 0x00, 0x18, 0xE8, 0xFF, 0xFF, 0xFF, 0xFF, 0xFF, 0x4F,
  0xBB, 0xFF, 0xFF, 0xFF, 0xFF, 0xFF, 0xFE, 0x31, 0x00, 0x00, 0x00, 0x00, 0x00, 0x00, 0x00, 0x00,
  0x00, 0x55, 0xFF, 0xFF, 0xFF, 0xFF, 0xFF, 0x9C, 0xAA, 0xFF, 0xFF, 0xFF, 0xFF, 0xFF, 0xC1, 0x00,
  0x00, 0x00, 0x00, 0x00, 0x00, 0x00, 0x00, 0x00, 0x00, 0x04, 0xE8, 0xFF, 0xFF, 0xFF, 0xFF, 0xCC,
  0x8F, 0xFF, 0xFF, 0xFF, 0xFF, 0xFF, 0x85, 0x00, 0x00, 0x00, 0x00, 0x00, 0x00, 0x00, 0x00, 0x00,
  0x00, 0x00, 0xBA, 0xFF, 0xFF, 0xFF, 0xFF, 0xE5, 0x67, 0xFF, 0xFF, 0xFF, 0xFF, 0xFF, 0x77, 0x00,
  0x00, 0x00, 0x00, 0x00, 0x00, 0x00, 0x00, 0x00, 0x00, 0x00, 0xA9, 0xFF, 0xFF, 0xFF, 0xFF, 0xEA,
  0x34, 0xFF, 0xFF, 0xFF, 0xFF, 0xFF, 0x93, 0x00, 0x00, 0x00, 0x00, 0x00, 0x00, 0x00, 0x00, 0x00,
  0x00, 0x00, 0xC5, 0xFF, 0xFF, 0xFF, 0xFF, 0xDA, 0x02, 0xEA, 0xFF, 0xFF, 0xFF, 0xFF, 0xD9, 0x00,
  0x00, 0x00, 0x00, 0x00, 0x00, 0x00, 0x00, 0x00, 0x00, 0x14, 0xF8, 0xFF, 0xFF, 0xFF, 0xFF, 0xB2,
  0x00, 0x95, 0xFF, 0xFF, 0xFF, 0xFF, 0xFF, 0x51, 0x00, 0x00, 0x00, 0x00, 0x00, 0x00, 0x00, 0x00,
  0x00, 0x85, 0xFF, 0xFF, 0xFF, 0xFF, 0xFF, 0x73, 0x00, 0x2B, 0xFE, 0xFF, 0xFF, 0xFF, 0xFF, 0xED,
  0x27, 0x00, 0x00, 0x00, 0x00, 0x00, 0x00, 0x00, 0x49, 0xFD, 0xFF, 0xFF, 0xFF, 0xFF, 0xFB, 0x1C,
  0x00, 0x00, 0xA3, 0xFF, 0xFF, 0xFF, 0xFF, 0xFF, 0xF0, 0x5F, 0x05, 0x00, 0x00, 0x00, 0x0E, 0x7D,
  0xFC, 0xFF, 0xFF, 0xFF, 0xFF, 0xFF, 0x9A, 0x00, 0x00, 0x00, 0x15, 0xE8, 0xFF, 0xFF, 0xFF, 0xFF,
  0xFF, 0xFF, 0xE8, 0xB4, 0xA0, 0xBB, 0xF3, 0xFF, 0xFF, 0xFF, 0xFF, 0xFF, 0xFF, 0xE5, 0x11, 0x00,
  0x00, 0x00, 0x00, 0x37, 0xF2, 0xFF, 0xFF, 0xFF, 0xFF, 0xFF, 0xFF, 0xFF, 0xFF, 0xFF, 0xFF, 0xFF,
  0xFF, 0xFF, 0xFF, 0xFF, 0xF2, 0x32, 0x00, 0x00, 0x00, 0x00, 0x00, 0x00, 0x2A, 0xDA, 0xFF, 0xFF,
  0xFF, 0xFF, 0xFF, 0xFF, 0xFF, 0xFF, 0xFF, 0xFF, 0xFF, 0xFF, 0xFF, 0xDF, 0x2E, 0x00, 0x00, 0x00,
  0x00, 0x00, 0x00, 0x00, 0x00, 0x0F, 0x87, 0xF2, 0xFF, 0xFF, 0xFF, 0xFF, 0xFF, 0xFF, 0xFF, 0xFF,
  0xFF, 0xF5, 0x8C, 0x0C, 0x00, 0x00, 0x00, 0x00, 0x00, 0x00, 0x00, 0x00, 0x00, 0x00, 0x00, 0x11,
  0x61, 0xA3, 0xD6, 0xEC, 0xFC, 0xF2, 0xD8, 0xAB, 0x65, 0x12, 0x00, 0x00, 0x00, 0x00, 0x00, 0x00,
  0x38, 0xFF, 0xFF, 0xFF, 0xFF, 0xFF, 0xFF, 0xFF, 0xFF, 0xFF, 0xFF, 0xFF, 0xFF, 0xFF, 0xFF, 0xFF,
  0xFF, 0xFF, 0xFF, 0xFF, 0xFF, 0xFF, 0x90, 0x38, 0xFF, 0xFF, 0xFF, 0xFF, 0xFF, 0xFF, 0xFF, 0xFF,
  0xFF, 0xFF, 0xFF, 0xFF, 0xFF, 0xFF, 0xFF, 0xFF, 0xFF, 0xFF, 0xFF, 0xFF, 0xFF, 0x90, 0x38, 0xFF,
  0xFF, 0xFF, 0xFF, 0xFF, 0xFF, 0xFF, 0xFF, 0xFF, 0xFF, 0xFF, 0xFF, 0xFF, 0xFF, 0xFF, 0xFF, 0xFF,
  0xFF, 0xFF, 0xFF, 0xFF, 0x90, 0x38, 0xFF, 0xFF, 0xFF, 0xFF, 0xFF, 0xFF, 0xFF, 0xFF, 0xFF, 0xFF,
  0xFF, 0xFF, 0xFF, 0xFF, 0xFF, 0xFF, 0xFF, 0xFF, 0xFF, 0xFF, 0xFF, 0x90, 0x30, 0xDC, 0xDC, 0xDC,
  0xDC, 0xDC, 0xDC, 0xDC, 0xDC, 0xDC, 0xDC, 0xDC, 0xDC, 0xDC, 0xDC, 0xDC, 0xEB, 0xFF, 0xFF, 0xFF,
  0xFF, 0xFF, 0x8E, 0x00, 0x00, 0x00, 0x00, 0x00, 0x00, 0x00, 0x00, 0x00, 0x00, 0x00, 0x00, 0x00,
  0x00, 0x00, 0x00, 0xBB, 0xFF, 0xFF, 0xFF, 0xFF, 0xFF, 0x3F, 0x00, 0x00, 0x00, 0x00, 0x00, 0x00,
  0x00, 0x00, 0x00, 0x00, 0x00, 0x00, 0x00, 0x00, 0x00, 0x3B, 0xFF, 0xFF, 0xFF, 0xFF, 0xFF, 0xBF,
  0x00, 0x00, 0x00, 0x00, 0x00, 0x00, 0x00, 0x00, 0x00, 0x00, 0x00, 0x00, 0x00, 0x00, 0x00, 0x00,
  0xBC, 0xFF, 0xFF, 0xFF, 0xFF, 0xFF, 0x3F, 0x00, 0x00, 0x00, 0x00, 0x00, 0x00, 0x00, 0x00, 0x00,
  0x00, 0x00, 0x00, 0x00, 0x00, 0x00, 0x3C, 0xFF, 0xFF, 0xFF, 0xFF, 0xFF, 0xBE, 0x00, 0x00, 0x00,
  0x00, 0x00, 0x00, 0x00, 0x00, 0x00, 0x00, 0x00, 0x00, 0x00, 0x00, 0x00, 0x00, 0xBD, 0xFF, 0xFF,
  0xFF, 0xFF, 0xFF, 0x3E, 0x00, 0x00, 0x00, 0x00, 0x00, 0x00, 0x00, 0x00, 0x00, 0x00, 0x00, 0x00,
  0x00, 0x00, 0x00, 0x3D, 0xFF, 0xFF, 0xFF, 0xFF, 0xFF, 0xBD, 0x00, 0x00, 0x00, 0x00, 0x00, 0x00,
  0x00, 0x00, 0x00, 0x00, 0x00, 0x00, 0x00, 0x00, 0x00, 0x00, 0xBE, 0xFF, 0xFF, 0xFF, 0xFF, 0xFF,
  0x3D, 0x00, 0x00, 0x00, 0x00, 0x00, 0x00, 0x00, 0x00, 0x00, 0x00, 0x00, 0x00, 0x00, 0x00, 0x00,
  0x3E, 0xFF, 0xFF, 0xFF, 0xFF, 0xFF, 0xBC, 0x00, 0x00, 0x00, 0x00, 0x00, 0x00, 0x00, 0x00, 0x00,
  0x00, 0x00, 0x00, 0x00, 0x00, 0x00, 0x00, 0xBF, 0xFF, 0xFF, 0xFF, 0xFF, 0xFF, 0x3C, 0x00, 0x00,
  0x00, 0x00, 0x00, 0x00, 0x00, 0x00, 0x00, 0x00, 0x00, 0x00, 0x00, 0x00, 0x00, 0x3F, 0xFF, 0xFF,
  0xFF, 0xFF, 0xFF, 0xBB, 0x00, 0x00, 0x00, 0x00, 0x00, 0x00, 0x00, 0x00, 0x00, 0x00, 0x00, 0x00,
  0x00, 0x00, 0x00, 0x00, 0xC0, 0xFF, 0xFF, 0xFF, 0xFF, 0xFF, 0x3B, 0x00, 0x00, 0x00, 0x00, 0x00,
  0x00, 0x00, 0x00, 0x00, 0x00, 0x00, 0x00, 0x00, 0x00, 0x00, 0x40, 0xFF, 0xFF, 0xFF, 0xFF, 0xFF,
  0xBA, 0x00, 0x00, 0x00, 0x00, 0x00, 0x00, 0x00, 0x00, 0x00, 0x00, 0x00, 0x00, 0x00, 0x00, 0x00,
  0x00, 0xC0, 0xFF, 0xFF, 0xFF, 0xFF, 0xFF, 0x3A, 0x00, 0x00, 0x00, 0x00, 0x00, 0x00, 0x00, 0x00,
  0x00, 0x00, 0x00, 0x00, 0x00, 0x00, 0x00, 0x41, 0xFF, 0xFF, 0xFF, 0xFF, 0xFF, 0xB9, 0x00, 0x00,
  0x00, 0x00, 0x00, 0x00, 0x00, 0x00, 0x00, 0x00, 0x00, 0x00, 0x00, 0x00, 0x00, 0x00, 0xC1, 0xFF,
  0xFF, 0xFF, 0xFF, 0xFF, 0x39, 0x00, 0x00, 0x00, 0x00, 0x00, 0x00, 0x00, 0x00, 0x00, 0x00, 0x00,
  0x00, 0x00, 0x00, 0x00, 0x42, 0xFF, 0xFF, 0xFF, 0xFF, 0xFF, 0xB8, 0x00, 0x00, 0x00, 0x00, 0x00,
  0x00, 0x00, 0x00, 0x00, 0x00, 0x00, 0x00, 0x00, 0x00, 0x00, 0x00, 0xC2, 0xFF, 0xFF, 0xFF, 0xFF,
  0xFF, 0x38, 0x00, 0x00, 0x00, 0x00, 0x00, 0x00, 0x00, 0x00, 0x00, 0x00, 0x00, 0x00, 0x00, 0x00,
  0x00, 0x43, 0xFF, 0xFF, 0xFF, 0xFF, 0xFF, 0xB7, 0x00, 0x00, 0x00, 0x00, 0x00, 0x00, 0x00, 0x00,
  0x00, 0x00, 0x00, 0x00, 0x00, 0x00, 0x00, 0x00, 0xC3, 0xFF, 0xFF, 0xFF, 0xFF, 0xFF, 0x37, 0x00,
  0x00, 0x00, 0x00, 0x00, 0x00, 0x00, 0x00, 0x00, 0x00, 0x00, 0x00, 0x00, 0x00, 0x00, 0x44, 0xFF,
  0xFF, 0xFF, 0xFF, 0xFF, 0xB7, 0x00, 0x00, 0x00, 0x00, 0x00, 0x00, 0x00, 0x00, 0x00, 0x00, 0x00,
  0x00, 0x00, 0x00, 0x00, 0x00, 0xC4, 0xFF, 0xFF, 0xFF, 0xFF, 0xFF, 0x37, 0x00, 0x00, 0x00, 0x00,
  0x00, 0x00, 0x00, 0x00, 0x00, 0x00, 0x00, 0x00, 0x00, 0x00, 0x00, 0x45, 0xFF, 0xFF, 0xFF, 0xFF,
  0xFF, 0xB6, 0x00, 0x00, 0x00, 0x00, 0x00, 0x00, 0x00, 0x00, 0x00, 0x00, 0x00, 0x00, 0x00, 0x00,
  0x00, 0x00, 0xC5, 0xFF, 0xFF, 0xFF, 0xFF, 0xFF, 0x36, 0x00, 0x00, 0x00, 0x00, 0x00, 0x00, 0x00,
  0x00, 0x00, 0x00, 0x00, 0x00, 0x00, 0x00, 0x00, 0x46, 0xFF, 0xFF, 0xFF, 0xFF, 0xFF, 0xB5, 0x00,
  0x00, 0x00, 0x00, 0x00, 0x00, 0x00, 0x00, 0x00, 0x00, 0x00, 0x00, 0x00, 0x00, 0x00, 0x00, 0xC6,
  0xFF, 0xFF, 0xFF, 0xFF, 0xFF, 0x35, 0x00, 0x00, 0x00, 0x00, 0x00, 0x00, 0x00, 0x00, 0x00, 0x00,
  0x00, 0x00, 0x00, 0x00, 0x00, 0x47, 0xFF, 0xFF, 0xFF, 0xFF, 0xFF, 0xB4, 0x00, 0x00, 0x00, 0x00,
  0x00, 0x00, 0x00, 0x00, 0x00, 0x00, 0x00, 0x00, 0x00, 0x00, 0x00, 0x00, 0xC7, 0xFF, 0xFF, 0xFF,
  0xFF, 0xFF, 0x34, 0x00, 0x00, 0x00, 0x00, 0x00, 0x00, 0x00, 0x00, 0x00, 0x00, 0x00, 0x00, 0x00,
  0x00, 0x00, 0x00, 0x00, 0x00, 0x00, 0x03, 0x48, 0x92, 0xC7, 0xE9, 0xF9, 0xFA, 0xED, 0xCD, 0x9A,
  0x53, 0x07, 0x00, 0x00, 0x00, 0x00, 0x00, 0x00, 0x00, 0x00, 0x00, 0x00, 0x01, 0x64, 0xE1, 0xFF,
  0xFF, 0xFF, 0xFF, 0xFF, 0xFF, 0xFF, 0xFF, 0xFF, 0xFF, 0xEB, 0x75, 0x05, 0x00, 0x00, 0x00, 0x00,
  0x00, 0x00, 0x00, 0x12, 0xBD, 0xFF, 0xFF, 0xFF, 0xFF, 0xFF, 0xFF, 0xFF, 0xFF, 0xFF, 0xFF, 0xFF,
  0xFF, 0xFF, 0xFF, 0xD0, 0x1E, 0x00, 0x00, 0x00, 0x00, 0x00, 0x0D, 0xCF, 0xFF, 0xFF, 0xFF, 0xFF,
  0xFF, 0xFF, 0xFF, 0xFF, 0xFF, 0xFF, 0xFF, 0xFF, 0xFF, 0xFF, 0xFF, 0xFF, 0xE1, 0x1A, 0x00, 0x00,
  0x00, 0x00, 0x9B, 0xFF, 0xFF, 0xFF, 0xFF, 0xFF, 0xFF, 0xEE, 0xA5, 0x82, 0x7E, 0x9E, 0xE7, 0xFF,
  0xFF, 0xFF, 0xFF, 0xFF, 0xFF, 0xBB, 0x00, 0x00, 0x00, 0x1F, 0xFD, 0xFF, 0xFF, 0xFF, 0xFF, 0xFF,
  0x92, 0x0A, 0x00, 0x00, 0x00, 0x00, 0x05, 0x7B, 0xFE, 0xFF, 0xFF, 0xFF, 0xFF, 0xFF, 0x3F, 0x00,
  0x00, 0x6D, 0xFF, 0xFF, 0xFF, 0xFF, 0xFF, 0xA2, 0x00, 0x00, 0x00, 0x00, 0x00, 0x00, 0x00, 0x00,
  0x81, 0xFF, 0xFF, 0xFF, 0xFF, 0xFF, 0x90, 0x00, 0x00, 0x95, 0xFF, 0xFF, 0xFF, 0xFF, 0xFF, 0x2C,
  0x00, 0x00, 0x00, 0x00, 0x00, 0x00, 0x00, 0x00, 0x0D, 0xFA, 0xFF, 0xFF, 0xFF, 0xFF, 0xB7, 0x00,
  0x00, 0x97, 0xFF, 0xFF, 0xFF, 0xFF, 0xFF, 0x05, 0x00, 0x00, 0x00, 0x00, 0x00, 0x00, 0x00, 0x00,
  0x00, 0xDE, 0xFF, 0xFF, 0xFF, 0xFF, 0xBA, 0x00, 0x00, 0x77, 0xFF, 0xFF, 0xFF, 0xFF, 0xFF, 0x18,
  0x00, 0x00, 0x00, 0x00, 0x00, 0x00, 0x00, 0x00, 0x00, 0xF1, 0xFF, 0xFF, 0xFF, 0xFF, 0x9A, 0x00,
  0x00, 0x2F, 0xFF, 0xFF, 0xFF, 0xFF, 0xFF, 0x6E, 0x00, 0x00, 0x00, 0x00, 0x00, 0x00, 0x00, 0x00,
  0x4D, 0xFF, 0xFF, 0xFF, 0xFF, 0xFF, 0x50, 0x00, 0x00, 0x00, 0xB6, 0xFF, 0xFF, 0xFF, 0xFF, 0xF2,
  0x33, 0x00, 0x00, 0x00, 0x00, 0x00, 0x00, 0x23, 0xE6, 0xFF, 0xFF, 0xFF, 0xFF, 0xD2, 0x02, 0x00,
  0x00, 0x00, 0x1D, 0xE5, 0xFF, 0xFF, 0xFF, 0xFF, 0xF9, 0x8C, 0x34, 0x0D, 0x0A, 0x2C, 0x7F, 0xF3,
  0xFF, 0xFF, 0xFF, 0xFF, 0xF0, 0x2E, 0x00, 0x00, 0x00, 0x00, 0x00, 0x25, 0xD1, 0xFF, 0xFF, 0xFF,
  0xFF, 0xFF, 0xFF, 0xFF, 0xFF, 0xFF, 0xFF, 0xFF, 0xFF, 0xFF, 0xFF, 0xDD, 0x33, 0x00, 0x00, 0x00,
  0x00, 0x00, 0x00, 0x00, 0x04, 0x5E, 0xBA, 0xFF, 0xFF, 0xFF, 0xFF, 0xFF, 0xFF, 0xFF, 0xFF, 0xFF,
  0xFF, 0xC5, 0x67, 0x07, 0x00, 0x00, 0x00, 0x00, 0x00, 0x00, 0x00, 0x00, 0x25, 0x96, 0xE1, 0xFF,
  0xFF, 0xFF, 0xFF, 0xFF, 0xFF, 0xFF, 0xFF, 0xFF, 0xFF, 0xEE, 0xA5, 0x39, 0x00, 0x00, 0x00, 0x00,
  0x00, 0x00, 0x00, 0x7F, 0xF9, 0xFF, 0xFF, 0xFF, 0xFF, 0xFF, 0xFF, 0xFF, 0xFF, 0xFF, 0xFF, 0xFF,
  0xFF, 0xFF, 0xFF, 0xFE, 0x9D, 0x06, 0x00, 0x00, 0x00, 0x00, 0x9A, 0xFF, 0xFF, 0xFF, 0xFF, 0xFF,
  0xFF, 0xCA, 0x79, 0x58, 0x53, 0x71, 0xBE, 0xFD, 0xFF, 0xFF, 0xFF, 0xFF, 0xFF, 0xB9, 0x07, 0x00,
  0x00, 0x61, 0xFF, 0xFF, 0xFF, 0xFF, 0xFF, 0xE9, 0x4C, 0x00, 0x00, 0x00, 0x00, 0x00, 0x00, 0x39,
  0xDD, 0xFF, 0xFF, 0xFF, 0xFF, 0xFF, 0x87, 0x00, 0x09, 0xEE, 0xFF, 0xFF, 0xFF, 0xFF, 0xF6, 0x33,
  0x00, 0x00, 0x00, 0x00, 0x00, 0x00, 0x00, 0x00, 0x21, 0xEB, 0xFF, 0xFF, 0xFF, 0xFF, 0xFC, 0x23,
  0x5A, 0xFF, 0xFF, 0xFF, 0xFF, 0xFF, 0x90, 0x00, 0x00, 0x00, 0x00, 0x00, 0x00, 0x00, 0x00, 0x00,
  0x00, 0x73, 0xFF, 0xFF, 0xFF, 0xFF, 0xFF, 0x83, 0x9C, 0xFF, 0xFF, 0xFF, 0xFF, 0xFF, 0x3C, 0x00,
  0x00, 0x00, 0x00, 0x00, 0x00, 0x00, 0x00, 0x00, 0x00, 0x1E, 0xFF, 0xFF, 0xFF, 0xFF, 0xFF, 0xC7,
  0xB9, 0xFF, 0xFF, 0xFF, 0xFF, 0xFF, 0x20, 0x00, 0x00, 0x00, 0x00, 0x00, 0x00, 0x00, 0x00, 0x00,
  0x00, 0x02, 0xFE, 0xFF, 0xFF, 0xFF, 0xFF, 0xE5, 0xBF, 0xFF, 0xFF, 0xFF, 0xFF, 0xFF, 0x35, 0x00,
  0x00, 0x00, 0x00, 0x00, 0x00, 0x00, 0x00, 0x00, 0x00, 0x17, 0xFF, 0xFF, 0xFF, 0xFF, 0xFF, 0xE9,
  0xA0, 0xFF, 0xFF, 0xFF, 0xFF, 0xFF, 0x7E, 0x00, 0x00, 0x00, 0x00, 0x00, 0x00, 0x00, 0x00, 0x00,
  0x00, 0x60, 0xFF, 0xFF, 0xFF, 0xFF, 0xFF, 0xCA, 0x5D, 0xFF, 0xFF, 0xFF, 0xFF, 0xFF, 0xEE, 0x24,
  0x00, 0x00, 0x00, 0x00, 0x00, 0x00, 0x00, 0x00, 0x15, 0xDE, 0xFF, 0xFF, 0xFF, 0xFF, 0xFF, 0x87,
  0x09, 0xE8, 0xFF, 0xFF, 0xFF, 0xFF, 0xFF, 0xE1, 0x43, 0x00, 0x00, 0x00, 0x00, 0x00, 0x00, 0x30,
  0xD2, 0xFF, 0xFF, 0xFF, 0xFF, 0xFF, 0xF9, 0x20, 0x00, 0x55, 0xFF, 0xFF, 0xFF, 0xFF, 0xFF, 0xFF,
  0xFF, 0xCE, 0x86, 0x69, 0x65, 0x7F, 0xC1, 0xFD, 0xFF, 0xFF, 0xFF, 0xFF, 0xFF, 0xFF, 0x7C, 0x00,
  0x00, 0x00, 0x7D, 0xFF, 0xFF, 0xFF, 0xFF, 0xFF, 0xFF, 0xFF, 0xFF, 0xFF, 0xFF, 0xFF, 0xFF, 0xFF,
  0xFF, 0xFF, 0xFF, 0xFF, 0xFF, 0xA3, 0x01, 0x00, 0x00, 0x00, 0x00, 0x63, 0xF4, 0xFF, 0xFF, 0xFF,
  0xFF, 0xFF, 0xFF, 0xFF, 0xFF, 0xFF, 0xFF, 0xFF, 0xFF, 0xFF, 0xFF, 0xFB, 0x80, 0x01, 0x00, 0x00,
  0x00, 0x00, 0x00, 0x00, 0x1F, 0x9D, 0xF9, 0xFF, 0xFF, 0xFF, 0xFF, 0xFF, 0xFF, 0xFF, 0xFF, 0xFF,
  0xFF, 0xFD, 0xAF, 0x2E, 0x00, 0x00, 0x00, 0x00, 0x00, 0x00, 0x00, 0x00, 0x00, 0x00, 0x12, 0x62,
  0xA1, 0xCE, 0xED, 0xFA, 0xFB, 0xF0, 0xD4, 0xA9, 0x6C, 0x1B, 0x00, 0x00, 0x00, 0x00, 0x00, 0x00,
  0x00, 0x00, 0x00, 0x00, 0x00, 0x00, 0x07, 0x54, 0x9E, 0xCE, 0xED, 0xFB, 0xF0, 0xDA, 0xAE, 0x6A,
  0x1B, 0x00, 0x00, 0x00, 0x00, 0x00, 0x00, 0x00, 0x00, 0x00, 0x00, 0x00, 0x03, 0x70, 0xE8, 0xFF,
  0xFF, 0xFF, 0xFF, 0xFF, 0xFF, 0xFF, 0xFF, 0xFF, 0xF9, 0x96, 0x19, 0x00, 0x00, 0x00, 0x00, 0x00,
  0x00, 0x00, 0x00, 0x1A, 0xC8, 0xFF, 0xFF, 0xFF, 0xFF, 0xFF, 0xFF, 0xFF, 0xFF, 0xFF, 0xFF, 0xFF,
  0xFF, 0xFF, 0xE8, 0x3B, 0x00, 0x00, 0x00, 0x00, 0x00, 0x00, 0x1A, 0xDF, 0xFF, 0xFF, 0xFF, 0xFF,
  0xFF, 0xFF, 0xFF, 0xFF, 0xFF, 0xFF, 0xFF, 0xFF, 0xFF, 0xFF, 0xFF, 0xF9, 0x50, 0x00, 0x00, 0x00,
  0x00, 0x03, 0xC8, 0xFF, 0xFF, 0xFF, 0xFF, 0xFF, 0xFF, 0xFD, 0xCE, 0xAE, 0xBC, 0xE6, 0xFF, 0xFF,
  0xFF, 0xFF, 0xFF, 0xFF, 0xF6, 0x2B, 0x00, 0x00, 0x00, 0x70, 0xFF, 0xFF, 0xFF, 0xFF, 0xFF, 0xFF,
  0xA6, 0x23, 0x00, 0x00, 0x00, 0x03, 0x51, 0xE3, 0xFF, 0xFF, 0xFF, 0xFF, 0xFF, 0xC8, 0x00, 0x00,
  0x05, 0xE8, 0xFF, 0xFF, 0xFF, 0xFF, 0xFF, 0x7E, 0x00, 0x00, 0x00, 0x00, 0x00, 0x00, 0x00, 0x16,
  0xD7, 0xFF, 0xFF, 0xFF, 0xFF, 0xFF, 0x4E, 0x00, 0x49, 0xFF, 0xFF, 0xFF, 0xFF, 0xFF, 0xB5, 0x00,
  0x00, 0x00, 0x00, 0x00, 0x00, 0x00, 0x00, 0x00, 0x2E, 0xFC, 0xFF, 0xFF, 0xFF, 0xFF, 0xBB, 0x00,
  0x89, 0xFF, 0xFF, 0xFF, 0xFF, 0xFF, 0x3B, 0x00, 0x00, 0x00, 0x00, 0x00, 0x00, 0x00, 0x00, 0x00,
  0x00, 0xAF, 0xFF, 0xFF, 0xFF, 0xFF, 0xFD, 0x15, 0xB2, 0xFF, 0xFF, 0xFF, 0xFF, 0xF1, 0x00, 0x00,
  0x00, 0x00, 0x00, 0x00, 0x00, 0x00, 0x00, 0x00, 0x00, 0x64, 0xFF, 0xFF, 0xFF, 0xFF, 0xFF, 0x5A,
  0xC2, 0xFF, 0xFF, 0xFF, 0xFF, 0xD4, 0x00, 0x00, 0x00, 0x00, 0x00, 0x00, 0x00, 0x00, 0x00, 0x00,
  0x00, 0x48, 0xFF, 0xFF, 0xFF, 0xFF, 0xFF, 0x8D, 0xBF, 0xFF, 0xFF, 0xFF, 0xFF, 0xE5, 0x00, 0x00,
  0x00, 0x00, 0x00, 0x00, 0x00, 0x00, 0x00, 0x00, 0x00, 0x57, 0xFF, 0xFF, 0xFF, 0xFF, 0xFF, 0xB6,
  0xA7, 0xFF, 0xFF, 0xFF, 0xFF, 0xFD, 0x18, 0x00, 0x00, 0x00, 0x00, 0x00, 0x00, 0x00, 0x00, 0x00,
  0x00, 0x95, 0xFF, 0xFF, 0xFF, 0xFF, 0xFF, 0xD0, 0x76, 0xFF, 0xFF, 0xFF, 0xFF, 0xFF, 0x7D, 0x00,
  0x00, 0x00, 0x00, 0x00, 0x00, 0x00, 0x00, 0x00, 0x13, 0xF1, 0xFF, 0xFF, 0xFF, 0xFF, 0xFF, 0xE2,
  0x2B, 0xFF, 0xFF, 0xFF, 0xFF, 0xFF, 0xF7, 0x30, 0x00, 0x00, 0x00, 0x00, 0x00, 0x00, 0x00, 0x02,
  0xB3, 0xFF, 0xFF, 0xFF, 0xFF, 0xFF, 0xFF, 0xEA, 0x00, 0xC1, 0xFF, 0xFF, 0xFF, 0xFF, 0xFF, 0xED,
  0x48, 0x00, 0x00, 0x00, 0x00, 0x00, 0x18, 0xB4, 0xFF, 0xFF, 0xFF, 0xFF, 0xFF, 0xFF, 0xFF, 0xE9,
  0x00, 0x2F, 0xF7, 0xFF, 0xFF, 0xFF, 0xFF, 0xFF, 0xFF, 0xC9, 0x7D, 0x60, 0x6B, 0xA2, 0xF3, 0xFF,
  0xFF, 0xFE, 0xE3, 0xFF, 0xFF, 0xFF, 0xFF, 0xDA, 0x00, 0x00, 0x68, 0xFF, 0xFF, 0xFF, 0xFF, 0xFF,
  0xFF, 0xFF, 0xFF, 0xFF, 0xFF, 0xFF, 0xFF, 0xFF, 0xFF, 0x8C, 0xAF, 0xFF, 0xFF, 0xFF, 0xFF, 0xCC,
  0x00, 0x00, 0x00, 0x75, 0xFC, 0xFF, 0xFF, 0xFF, 0xFF, 0xFF, 0xFF, 0xFF, 0xFF, 0xFF, 0xFF, 0xFF,
  0xA1, 0x03, 0xC0, 0xFF, 0xFF, 0xFF, 0xFF, 0xBD, 0x00, 0x00, 0x00, 0x00, 0x3F, 0xDE, 0xFF, 0xFF,
  0xFF, 0xFF, 0xFF, 0xFF, 0xFF, 0xFF, 0xF0, 0x68, 0x01, 0x00, 0xD3, 0xFF, 0xFF, 0xFF, 0xFF, 0x98,
  0x00, 0x00, 0x00, 0x00, 0x00, 0x04, 0x55, 0xA7, 0xDC, 0xF6, 0xF9, 0xE4, 0xB4, 0x6B, 0x0D, 0x00,
  0x00, 0x0A, 0xFB, 0xFF, 0xFF, 0xFF, 0xFF, 0x66, 0x00, 0x00, 0x00, 0x00, 0x00, 0x00, 0x00, 0x00,
  0x00, 0x00, 0x00, 0x00, 0x00, 0x00, 0x00, 0x00, 0x00, 0x42, 0xFF, 0xFF, 0xFF, 0xFF, 0xFF, 0x34,
  0x00, 0x00, 0x00, 0x00, 0x00, 0x00, 0x00, 0x00, 0x00, 0x00, 0x00, 0x00, 0x00, 0x00, 0x00, 0x00,
  0x00, 0x8A, 0xFF, 0xFF, 0xFF, 0xFF, 0xEF, 0x06, 0x51, 0xC8, 0xC8, 0xC8, 0xC8, 0xC8, 0x45, 0x00,
  0x00, 0x00, 0x00, 0x00, 0x00, 0x00, 0x00, 0x00, 0x0D, 0xEB, 0xFF, 0xFF, 0xFF, 0xFF, 0x98, 0x00,
  0x35, 0xFF, 0xFF, 0xFF, 0xFF, 0xFF, 0xBA, 0x00, 0x00, 0x00, 0x00, 0x00, 0x00, 0x00, 0x00, 0x00,
  0x92, 0xFF, 0xFF, 0xFF, 0xFF, 0xFF, 0x39, 0x00, 0x01, 0xE0, 0xFF, 0xFF, 0xFF, 0xFF, 0xFF, 0x79,
  0x00, 0x00, 0x00, 0x00, 0x00, 0x00, 0x00, 0x6E, 0xFF, 0xFF, 0xFF, 0xFF, 0xFF, 0xC4, 0x00, 0x00,
  0x00, 0x6E, 0xFF, 0xFF, 0xFF, 0xFF, 0xFF, 0xFF, 0x9F, 0x2E, 0x01, 0x00, 0x04, 0x3B, 0xAF, 0xFF,
  0xFF, 0xFF, 0xFF, 0xFF, 0xFC, 0x2F, 0x00, 0x00, 0x00, 0x04, 0xCE, 0xFF, 0xFF, 0xFF, 0xFF, 0xFF,
  0xFF, 0xFF, 0xF5, 0xE8, 0xF9, 0xFF, 0xFF, 0xFF, 0xFF, 0xFF, 0xFF, 0xFF, 0x8C, 0x00, 0x00, 0x00,
  0x00, 0x00, 0x1A, 0xDD, 0xFF, 0xFF, 0xFF, 0xFF, 0xFF, 0xFF, 0xFF, 0xFF, 0xFF, 0xFF, 0xFF, 0xFF,
  0xFF, 0xFF, 0xFF, 0xB6, 0x04, 0x00, 0x00, 0x00, 0x00, 0x00, 0x00, 0x21, 0xD1, 0xFF, 0xFF, 0xFF,
  0xFF, 0xFF, 0xFF, 0xFF, 0xFF, 0xFF, 0xFF, 0xFF, 0xFF, 0xFF, 0xA4, 0x06, 0x00, 0x00, 0x00, 0x00,
  0x00, 0x00, 0x00, 0x00, 0x05, 0x7B, 0xF5, 0xFF, 0xFF, 0xFF, 0xFF, 0xFF, 0xFF, 0xFF, 0xFF, 0xFF,
  0xE2, 0x5A, 0x00, 0x00, 0x00, 0x00, 0x00, 0x00, 0x00, 0x00, 0x00, 0x00, 0x00, 0x00, 0x11, 0x68,
  0xAE, 0xDB, 0xF5, 0xFC, 0xF1, 0xD2, 0x9E, 0x51, 0x04, 0x00, 0x00, 0x00, 0x00, 0x00, 0x00, 0x00,
  0x00, 0x11, 0x9C, 0xE7, 0xE8, 0xA0, 0x14, 0x00, 0x03, 0xC7, 0xFF, 0xFF, 0xFF, 0xFF, 0xCD, 0x05,
  0x45, 0xFF, 0xFF, 0xFF, 0xFF, 0xFF, 0xFF, 0x4C, 0x63, 0xFF, 0xFF, 0xFF, 0xFF, 0xFF, 0xFF, 0x6A,
  0x34, 0xFF, 0xFF, 0xFF, 0xFF, 0xFF, 0xFF, 0x3B, 0x00, 0x9F, 0xFF, 0xFF, 0xFF, 0xFF, 0xA7, 0x00,
  0x00, 0x01, 0x63, 0xAD, 0xAD, 0x66, 0x02, 0x00, 0x00, 0x00, 0x00, 0x00, 0x00, 0x00, 0x00, 0x00,
  0x00, 0x00, 0x00, 0x00, 0x00, 0x00, 0x00, 0x00, 0x00, 0x00, 0x00, 0x00, 0x00, 0x00, 0x00, 0x00,
  0x00, 0x00, 0x00, 0x00, 0x00, 0x00, 0x00, 0x00, 0x00, 0x00, 0x00, 0x00, 0x00, 0x00, 0x00, 0x00,
  0x00, 0x00, 0x00, 0x00, 0x00, 0x00, 0x00, 0x00, 0x00, 0x00, 0x00, 0x00, 0x00, 0x00, 0x00, 0x00,
  0x00, 0x00, 0x00, 0x00, 0x00, 0x00, 0x00, 0x00, 0x00, 0x00, 0x00, 0x00, 0x00, 0x00, 0x00, 0x00,
  0x00, 0x00, 0x60, 0xAB, 0xAC, 0x64, 0x01, 0x00, 0x00, 0x9D, 0xFF, 0xFF, 0xFF, 0xFF, 0xA4, 0x00,
  0x34, 0xFF, 0xFF, 0xFF, 0xFF, 0xFF, 0xFF, 0x3B, 0x63, 0xFF, 0xFF, 0xFF, 0xFF, 0xFF, 0xFF, 0x6B,
  0x45, 0xFF, 0xFF, 0xFF, 0xFF, 0xFF, 0xFF, 0x4C, 0x03, 0xC9, 0xFF, 0xFF, 0xFF, 0xFF, 0xCF, 0x05,
  0x00, 0x13, 0x9F, 0xE9, 0xE9, 0xA2, 0x16, 0x00,
};
constexpr size_t CodeVlwSize = sizeof(CodeVlw);

// Wordmark: Inter-600, 34 px, 8 glyphs (splash wordmark TURNHUB).
alignas(4) const uint8_t WordmarkVlw[] = {
  0x00, 0x00, 0x00, 0x08, 0x00, 0x00, 0x00, 0x0B, 0x00, 0x00, 0x00, 0x22, 0x00, 0x00, 0x00, 0x00,
  0x00, 0x00, 0x00, 0x21, 0x00, 0x00, 0x00, 0x09, 0x00, 0x00, 0x00, 0x20, 0x00, 0x00, 0x00, 0x00,
  0x00, 0x00, 0x00, 0x00, 0x00, 0x00, 0x00, 0x09, 0x00, 0x00, 0x00, 0x00, 0x00, 0x00, 0x00, 0x00,
  0x00, 0x00, 0x00, 0x00, 0x00, 0x00, 0x00, 0x41, 0x00, 0x00, 0x00, 0x19, 0x00, 0x00, 0x00, 0x18,
  0x00, 0x00, 0x00, 0x19, 0x00, 0x00, 0x00, 0x19, 0x00, 0x00, 0x00, 0x00, 0x00, 0x00, 0x00, 0x00,
  0x00, 0x00, 0x00, 0x42, 0x00, 0x00, 0x00, 0x19, 0x00, 0x00, 0x00, 0x13, 0x00, 0x00, 0x00, 0x16,
  0x00, 0x00, 0x00, 0x19, 0x00, 0x00, 0x00, 0x02, 0x00, 0x00, 0x00, 0x00, 0x00, 0x00, 0x00, 0x48,
  0x00, 0x00, 0x00, 0x19, 0x00, 0x00, 0x00, 0x15, 0x00, 0x00, 0x00, 0x19, 0x00, 0x00, 0x00, 0x19,
  0x00, 0x00, 0x00, 0x02, 0x00, 0x00, 0x00, 0x00, 0x00, 0x00, 0x00, 0x4E, 0x00, 0x00, 0x00, 0x19,
  0x00, 0x00, 0x00, 0x16, 0x00, 0x00, 0x00, 0x1A, 0x00, 0x00, 0x00, 0x19, 0x00, 0x00, 0x00, 0x02,
  0x00, 0x00, 0x00, 0x00, 0x00, 0x00, 0x00, 0x52, 0x00, 0x00, 0x00, 0x19, 0x00, 0x00, 0x00, 0x14,
  0x00, 0x00, 0x00, 0x16, 0x00, 0x00, 0x00, 0x19, 0x00, 0x00, 0x00, 0x02, 0x00, 0x00, 0x00, 0x00,
  0x00, 0x00, 0x00, 0x54, 0x00, 0x00, 0x00, 0x19, 0x00, 0x00, 0x00, 0x15, 0x00, 0x00, 0x00, 0x16,
  0x00, 0x00, 0x00, 0x19, 0x00, 0x00, 0x00, 0x01, 0x00, 0x00, 0x00, 0x00, 0x00, 0x00, 0x00, 0x55,
  0x00, 0x00, 0x00, 0x19, 0x00, 0x00, 0x00, 0x15, 0x00, 0x00, 0x00, 0x19, 0x00, 0x00, 0x00, 0x19,
  0x00, 0x00, 0x00, 0x02, 0x00, 0x00, 0x00, 0x00, 0x00, 0x00, 0x00, 0x00, 0x00, 0x00, 0x00, 0x00,
  0x00, 0xB5, 0xFF, 0xFF, 0xFF, 0xFF, 0xFF, 0x44, 0x00, 0x00, 0x00, 0x00, 0x00, 0x00, 0x00, 0x00,
  0x00, 0x00, 0x00, 0x00, 0x00, 0x00, 0x00, 0x00, 0x12, 0xFA, 0xFF, 0xFF, 0xFF, 0xFF, 0xFF, 0x9F,
  0x00, 0x00, 0x00, 0x00, 0x00, 0x00, 0x00, 0x00, 0x00, 0x00, 0x00, 0x00, 0x00, 0x00, 0x00, 0x00,
  0x65, 0xFF, 0xFF, 0xFF, 0xFF, 0xFF, 0xFF, 0xF1, 0x08, 0x00, 0x00, 0x00, 0x00, 0x00, 0x00, 0x00,
  0x00, 0x00, 0x00, 0x00, 0x00, 0x00, 0x00, 0x00, 0xBE, 0xFF, 0xFF, 0xFF, 0xFE, 0xFF, 0xFF, 0xFF,
  0x54, 0x00, 0x00, 0x00, 0x00, 0x00, 0x00, 0x00, 0x00, 0x00, 0x00, 0x00, 0x00, 0x00, 0x00, 0x19,
  0xFD, 0xFF, 0xFF, 0xF6, 0x82, 0xFF, 0xFF, 0xFF, 0xAE, 0x00, 0x00, 0x00, 0x00, 0x00, 0x00, 0x00,
  0x00, 0x00, 0x00, 0x00, 0x00, 0x00, 0x00, 0x6F, 0xFF, 0xFF, 0xFF, 0xBA, 0x38, 0xFF, 0xFF, 0xFF,
  0xF8, 0x10, 0x00, 0x00, 0x00, 0x00, 0x00, 0x00, 0x00, 0x00, 0x00, 0x00, 0x00, 0x00, 0x00, 0xC7,
  0xFF, 0xFF, 0xFF, 0x78, 0x03, 0xEF, 0xFF, 0xFF, 0xFF, 0x63, 0x00, 0x00, 0x00, 0x00, 0x00, 0x00,
  0x00, 0x00, 0x00, 0x00, 0x00, 0x00, 0x20, 0xFF, 0xFF, 0xFF, 0xFF, 0x35, 0x00, 0xAD, 0xFF, 0xFF,
  0xFF, 0xBD, 0x00, 0x00, 0x00, 0x00, 0x00, 0x00, 0x00, 0x00, 0x00, 0x00, 0x00, 0x00, 0x78, 0xFF,
  0xFF, 0xFF, 0xED, 0x02, 0x00, 0x65, 0xFF, 0xFF, 0xFF, 0xFD, 0x1A, 0x00, 0x00, 0x00, 0x00, 0x00,
  0x00, 0x00, 0x00, 0x00, 0x00, 0x00, 0xD1, 0xFF, 0xFF, 0xFF, 0xAA, 0x00, 0x00, 0x1C, 0xFF, 0xFF,
  0xFF, 0xFF, 0x72, 0x00, 0x00, 0x00, 0x00, 0x00, 0x00, 0x00, 0x00, 0x00, 0x00, 0x29, 0xFF, 0xFF,
  0xFF, 0xFF, 0x60, 0x00, 0x00, 0x00, 0xD0, 0xFF, 0xFF, 0xFF, 0xCC, 0x00, 0x00, 0x00, 0x00, 0x00,
  0x00, 0x00, 0x00, 0x00, 0x00, 0x82, 0xFF, 0xFF, 0xFF, 0xFD, 0x16, 0x00, 0x00, 0x00, 0x82, 0xFF,
  0xFF, 0xFF, 0xFF, 0x27, 0x00, 0x00, 0x00, 0x00, 0x00, 0x00, 0x00, 0x00, 0x00, 0xD9, 0xFF, 0xFF,
  0xFF, 0xC4, 0x00, 0x00, 0x00, 0x00, 0x2F, 0xFF, 0xFF, 0xFF, 0xFF, 0x81, 0x00, 0x00, 0x00, 0x00,
  0x00, 0x00, 0x00, 0x00, 0x33, 0xFF, 0xFF, 0xFF, 0xFF, 0x70, 0x00, 0x00, 0x00, 0x00, 0x00, 0xD8,
  0xFF, 0xFF, 0xFF, 0xDB, 0x00, 0x00, 0x00, 0x00, 0x00, 0x00, 0x00, 0x00, 0x8B, 0xFF, 0xFF, 0xFF,
  0xFE, 0x1D, 0x00, 0x00, 0x00, 0x00, 0x00, 0x81, 0xFF, 0xFF, 0xFF, 0xFF, 0x36, 0x00, 0x00, 0x00,
  0x00, 0x00, 0x00, 0x01, 0xE2, 0xFF, 0xFF, 0xFF, 0xFF, 0x9C, 0x9C, 0x9C, 0x9C, 0x9C, 0x9C, 0xC6,
  0xFF, 0xFF, 0xFF, 0xFF, 0x90, 0x00, 0x00, 0x00, 0x00, 0x00, 0x00, 0x3C, 0xFF, 0xFF, 0xFF, 0xFF,
  0xFF, 0xFF, 0xFF, 0xFF, 0xFF, 0xFF, 0xFF, 0xFF, 0xFF, 0xFF, 0xFF, 0xFF, 0xE8, 0x03, 0x00, 0x00,
  0x00, 0x00, 0x00, 0x95, 0xFF, 0xFF, 0xFF, 0xFF, 0xFF, 0xFF, 0xFF, 0xFF, 0xFF, 0xFF, 0xFF, 0xFF,
  0xFF, 0xFF, 0xFF, 0xFF, 0xFF, 0x45, 0x00, 0x00, 0x00, 0x00, 0x03, 0xE9, 0xFF, 0xFF, 0xFF, 0xFF,
  0xFF, 0xFF, 0xFF, 0xFF, 0xFF, 0xFF, 0xFF, 0xFF, 0xFF, 0xFF, 0xFF, 0xFF, 0xFF, 0xA0, 0x00, 0x00,
  0x00, 0x00, 0x46, 0xFF, 0xFF, 0xFF, 0xFF, 0x79, 0x00, 0x00, 0x00, 0x00, 0x00, 0x00, 0x00, 0x00,
  0x00, 0xCE, 0xFF, 0xFF, 0xFF, 0xF1, 0x08, 0x00, 0x00, 0x00, 0x9E, 0xFF, 0xFF, 0xFF, 0xFF, 0x25,
  0x00, 0x00, 0x00, 0x00, 0x00, 0x00, 0x00, 0x00, 0x00, 0x77, 0xFF, 0xFF, 0xFF, 0xFF, 0x54, 0x00,
  0x00, 0x06, 0xEF, 0xFF, 0xFF, 0xFF, 0xD1, 0x00, 0x00, 0x00, 0x00, 0x00, 0x00, 0x00, 0x00, 0x00,
  0x00, 0x21, 0xFF, 0xFF, 0xFF, 0xFF, 0xAF, 0x00, 0x00, 0x4F, 0xFF, 0xFF, 0xFF, 0xFF, 0x7D, 0x00,
  0x00, 0x00, 0x00, 0x00, 0x00, 0x00, 0x00, 0x00, 0x00, 0x00, 0xC9, 0xFF, 0xFF, 0xFF, 0xF8, 0x10,
  0x00, 0xA8, 0xFF, 0xFF, 0xFF, 0xFF, 0x29, 0x00, 0x00, 0x00, 0x00, 0x00, 0x00, 0x00, 0x00, 0x00,
  0x00, 0x00, 0x72, 0xFF, 0xFF, 0xFF, 0xFF, 0x64, 0x0A, 0xF4, 0xFF, 0xFF, 0xFF, 0xD5, 0x00, 0x00,
  0x00, 0x00, 0x00, 0x00, 0x00, 0x00, 0x00, 0x00, 0x00, 0x00, 0x1C, 0xFE, 0xFF, 0xFF, 0xFF, 0xBE,
  0x84, 0xFF, 0xFF, 0xFF, 0xFF, 0xFF, 0xFF, 0xFF, 0xFF, 0xFF, 0xF3, 0xDC, 0xBB, 0x6D, 0x18, 0x00,
  0x00, 0x00, 0x00, 0x84, 0xFF, 0xFF, 0xFF, 0xFF, 0xFF, 0xFF, 0xFF, 0xFF, 0xFF, 0xFF, 0xFF, 0xFF,
  0xFF, 0xF2, 0x6A, 0x00, 0x00, 0x00, 0x84, 0xFF, 0xFF, 0xFF, 0xFF, 0xFF, 0xFF, 0xFF, 0xFF, 0xFF,
  0xFF, 0xFF, 0xFF, 0xFF, 0xFF, 0xFF, 0x76, 0x00, 0x00, 0x84, 0xFF, 0xFF, 0xFF, 0xFA, 0xB8, 0xB8,
  0xB8, 0xB8, 0xBC, 0xDB, 0xFC, 0xFF, 0xFF, 0xFF, 0xFF, 0xFD, 0x2C, 0x00, 0x84, 0xFF, 0xFF, 0xFF,
  0xEC, 0x00, 0x00, 0x00, 0x00, 0x00, 0x00, 0x23, 0xBA, 0xFF, 0xFF, 0xFF, 0xFF, 0x96, 0x00, 0x84,
  0xFF, 0xFF, 0xFF, 0xEC, 0x00, 0x00, 0x00, 0x00, 0x00, 0x00, 0x00, 0x08, 0xE0, 0xFF, 0xFF, 0xFF,
  0xCE, 0x00, 0x84, 0xFF, 0xFF, 0xFF, 0xEC, 0x00, 0x00, 0x00, 0x00, 0x00, 0x00, 0x00, 0x00, 0x92,
  0xFF, 0xFF, 0xFF, 0xE8, 0x00, 0x84, 0xFF, 0xFF, 0xFF, 0xEC, 0x00, 0x00, 0x00, 0x00, 0x00, 0x00,
  0x00, 0x00, 0x8D, 0xFF, 0xFF, 0xFF, 0xD7, 0x00, 0x84, 0xFF, 0xFF, 0xFF, 0xEC, 0x00, 0x00, 0x00,
  0x00, 0x00, 0x00, 0x00, 0x00, 0xCB, 0xFF, 0xFF, 0xFF, 0x9B, 0x00, 0x84, 0xFF, 0xFF, 0xFF, 0xEC,
  0x00, 0x00, 0x00, 0x00, 0x00, 0x00, 0x00, 0x72, 0xFF, 0xFF, 0xFF, 0xF8, 0x2B, 0x00, 0x84, 0xFF,
  0xFF, 0xFF, 0xF0, 0x3C, 0x3C, 0x3C, 0x3C, 0x40, 0x5F, 0xB7, 0xFF, 0xFF, 0xFF, 0xF9, 0x57, 0x00,
  0x00, 0x84, 0xFF, 0xFF, 0xFF, 0xFF, 0xFF, 0xFF, 0xFF, 0xFF, 0xFF, 0xFF, 0xFF, 0xFF, 0xF2, 0xA0,
  0x27, 0x00, 0x00, 0x00, 0x84, 0xFF, 0xFF, 0xFF, 0xFF, 0xFF, 0xFF, 0xFF, 0xFF, 0xFF, 0xFF, 0xFF,
  0xFF, 0xEC, 0xAB, 0x53, 0x02, 0x00, 0x00, 0x84, 0xFF, 0xFF, 0xFF, 0xFF, 0xFF, 0xFF, 0xFF, 0xFF,
  0xFF, 0xFF, 0xFF, 0xFF, 0xFF, 0xFF, 0xFF, 0xBA, 0x11, 0x00, 0x84, 0xFF, 0xFF, 0xFF, 0xEC, 0x00,
  0x00, 0x00, 0x00, 0x00, 0x0F, 0x3D, 0xAB, 0xFF, 0xFF, 0xFF, 0xFF, 0xB7, 0x01, 0x84, 0xFF, 0xFF,
  0xFF, 0xEC, 0x00, 0x00, 0x00, 0x00, 0x00, 0x00, 0x00, 0x00, 0x7F, 0xFF, 0xFF, 0xFF, 0xFF, 0x4E,
  0x84, 0xFF, 0xFF, 0xFF, 0xEC, 0x00, 0x00, 0x00, 0x00, 0x00, 0x00, 0x00, 0x00, 0x03, 0xE0, 0xFF,
  0xFF, 0xFF, 0xAB, 0x84, 0xFF, 0xFF, 0xFF, 0xEC, 0x00, 0x00, 0x00, 0x00, 0x00, 0x00, 0x00, 0x00,
  0x00, 0xA5, 0xFF, 0xFF, 0xFF, 0xD2, 0x84, 0xFF, 0xFF, 0xFF, 0xEC, 0x00, 0x00, 0x00, 0x00, 0x00,
  0x00, 0x00, 0x00, 0x00, 0xAC, 0xFF, 0xFF, 0xFF, 0xDD, 0x84, 0xFF, 0xFF, 0xFF, 0xEC, 0x00, 0x00,
  0x00, 0x00, 0x00, 0x00, 0x00, 0x00, 0x17, 0xF1, 0xFF, 0xFF, 0xFF, 0xBE, 0x84, 0xFF, 0xFF, 0xFF,
  0xEC, 0x00, 0x00, 0x00, 0x00, 0x00, 0x00, 0x00, 0x35, 0xD0, 0xFF, 0xFF, 0xFF, 0xFF, 0x7D, 0x84,
  0xFF, 0xFF, 0xFF, 0xFA, 0xBC, 0xBC, 0xBC, 0xBC, 0xBC, 0xC5, 0xE6, 0xFF, 0xFF, 0xFF, 0xFF, 0xFF,
  0xF4, 0x17, 0x84, 0xFF, 0xFF, 0xFF, 0xFF, 0xFF, 0xFF, 0xFF, 0xFF, 0xFF, 0xFF, 0xFF, 0xFF, 0xFF,
  0xFF, 0xFF, 0xFD, 0x4F, 0x00, 0x84, 0xFF, 0xFF, 0xFF, 0xFF, 0xFF, 0xFF, 0xFF, 0xFF, 0xFF, 0xFF,
  0xFF, 0xFF, 0xFF, 0xFF, 0xDF, 0x46, 0x00, 0x00, 0x84, 0xFF, 0xFF, 0xFF, 0xFF, 0xFF, 0xFF, 0xFF,
  0xFF, 0xFF, 0xFD, 0xEA, 0xD4, 0xA5, 0x56, 0x09, 0x00, 0x00, 0x00, 0x84, 0xFF, 0xFF, 0xFF, 0xEC,
  0x00, 0x00, 0x00, 0x00, 0x00, 0x00, 0x00, 0x00, 0x00, 0x00, 0x00, 0x94, 0xFF, 0xFF, 0xFF, 0xDC,
  0x84, 0xFF, 0xFF, 0xFF, 0xEC, 0x00, 0x00, 0x00, 0x00, 0x00, 0x00, 0x00, 0x00, 0x00, 0x00, 0x00,
  0x94, 0xFF, 0xFF, 0xFF, 0xDC, 0x84, 0xFF, 0xFF, 0xFF, 0xEC, 0x00, 0x00, 0x00, 0x00, 0x00, 0x00,
  0x00, 0x00, 0x00, 0x00, 0x00, 0x94, 0xFF, 0xFF, 0xFF, 0xDC, 0x84, 0xFF, 0xFF, 0xFF, 0xEC, 0x00,
  0x00, 0x00, 0x00, 0x00, 0x00, 0x00, 0x00, 0x00, 0x00, 0x00, 0x94, 0xFF, 0xFF, 0xFF, 0xDC, 0x84,
  0xFF, 0xFF, 0xFF, 0xEC, 0x00, 0x00, 0x00, 0x00, 0x00, 0x00, 0x00, 0x00, 0x00, 0x00, 0x00, 0x94,
  0xFF, 0xFF, 0xFF, 0xDC, 0x84, 0xFF, 0xFF, 0xFF, 0xEC, 0x00, 0x00, 0x00, 0x00, 0x00, 0x00, 0x00,
  0x00, 0x00, 0x00, 0x00, 0x94, 0xFF, 0xFF, 0xFF, 0xDC, 0x84, 0xFF, 0xFF, 0xFF, 0xEC, 0x00, 0x00,
  0x00, 0x00, 0x00, 0x00, 0x00, 0x00, 0x00, 0x00, 0x00, 0x94, 0xFF, 0xFF, 0xFF, 0xDC, 0x84, 0xFF,
  0xFF, 0xFF, 0xEC, 0x00, 0x00, 0x00, 0x00, 0x00, 0x00, 0x00, 0x00, 0x00, 0x00, 0x00, 0x94, 0xFF,
  0xFF, 0xFF, 0xDC, 0x84, 0xFF, 0xFF, 0xFF, 0xEC, 0x00, 0x00, 0x00, 0x00, 0x00, 0x00, 0x00, 0x00,
  0x00, 0x00, 0x00, 0x94, 0xFF, 0xFF, 0xFF, 0xDC, 0x84, 0xFF, 0xFF, 0xFF, 0xEC, 0x00, 0x00, 0x00,
  0x00, 0x00, 0x00, 0x00, 0x00, 0x00, 0x00, 0x00, 0x94, 0xFF, 0xFF, 0xFF, 0xDC, 0x84, 0xFF, 0xFF,
  0xFF, 0xFB, 0xC8, 0xC8, 0xC8, 0xC8, 0xC8, 0xC8, 0xC8, 0xC8, 0xC8, 0xC8, 0xC8, 0xE8, 0xFF, 0xFF,
  0xFF, 0xDC, 0x84, 0xFF, 0xFF, 0xFF, 0xFF, 0xFF, 0xFF, 0xFF, 0xFF, 0xFF, 0xFF, 0xFF, 0xFF, 0xFF,
  0xFF, 0xFF, 0xFF, 0xFF, 0xFF, 0xFF, 0xDC, 0x84, 0xFF, 0xFF, 0xFF, 0xFF, 0xFF, 0xFF, 0xFF, 0xFF,
  0xFF, 0xFF, 0xFF, 0xFF, 0xFF, 0xFF, 0xFF, 0xFF, 0xFF, 0xFF, 0xFF, 0xDC, 0x84, 0xFF, 0xFF, 0xFF,
  0xFF, 0xFF, 0xFF, 0xFF, 0xFF, 0xFF, 0xFF, 0xFF, 0xFF, 0xFF, 0xFF, 0xFF, 0xFF, 0xFF, 0xFF, 0xFF,
  0xDC, 0x84, 0xFF, 0xFF, 0xFF, 0xEC, 0x00, 0x00, 0x00, 0x00, 0x00, 0x00, 0x00, 0x00, 0x00, 0x00,
  0x00, 0x94, 0xFF, 0xFF, 0xFF, 0xDC, 0x84, 0xFF, 0xFF, 0xFF, 0xEC, 0x00, 0x00, 0x00, 0x00, 0x00,
  0x00, 0x00, 0x00, 0x00, 0x00, 0x00, 0x94, 0xFF, 0xFF, 0xFF, 0xDC, 0x84, 0xFF, 0xFF, 0xFF, 0xEC,
  0x00, 0x00, 0x00, 0x00, 0x00, 0x00, 0x00, 0x00, 0x00, 0x00, 0x00, 0x94, 0xFF, 0xFF, 0xFF, 0xDC,
  0x84, 0xFF, 0xFF, 0xFF, 0xEC, 0x00, 0x00, 0x00, 0x00, 0x00, 0x00, 0x00, 0x00, 0x00, 0x00, 0x00,
  0x94, 0xFF, 0xFF, 0xFF, 0xDC, 0x84, 0xFF, 0xFF, 0xFF, 0xEC, 0x00, 0x00, 0x00, 0x00, 0x00, 0x00,
  0x00, 0x00, 0x00, 0x00, 0x00, 0x94, 0xFF, 0xFF, 0xFF, 0xDC, 0x84, 0xFF, 0xFF, 0xFF, 0xEC, 0x00,
  0x00, 0x00, 0x00, 0x00, 0x00, 0x00, 0x00, 0x00, 0x00, 0x00, 0x94, 0xFF, 0xFF, 0xFF, 0xDC, 0x84,
  0xFF, 0xFF, 0xFF, 0xEC, 0x00, 0x00, 0x00, 0x00, 0x00, 0x00, 0x00, 0x00, 0x00, 0x00, 0x00, 0x94,
  0xFF, 0xFF, 0xFF, 0xDC, 0x84, 0xFF, 0xFF, 0xFF, 0xEC, 0x00, 0x00, 0x00, 0x00, 0x00, 0x00, 0x00,
  0x00, 0x00, 0x00, 0x00, 0x94, 0xFF, 0xFF, 0xFF, 0xDC, 0x84, 0xFF, 0xFF, 0xFF, 0xEC, 0x00, 0x00,
  0x00, 0x00, 0x00, 0x00, 0x00, 0x00, 0x00, 0x00, 0x00, 0x94, 0xFF, 0xFF, 0xFF, 0xDC, 0x84, 0xFF,
  0xFF, 0xFF, 0xEC, 0x00, 0x00, 0x00, 0x00, 0x00, 0x00, 0x00, 0x00, 0x00, 0x00, 0x00, 0x94, 0xFF,
  0xFF, 0xFF, 0xDC, 0x84, 0xFF, 0xFF, 0xFF, 0xEC, 0x00, 0x00, 0x00, 0x00, 0x00, 0x00, 0x00, 0x00,
  0x00, 0x00, 0x00, 0x94, 0xFF, 0xFF, 0xFF, 0xDC, 0x84, 0xFF, 0xFF, 0xFF, 0xFF, 0xCB, 0x02, 0x00,
  0x00, 0x00, 0x00, 0x00, 0x00, 0x00, 0x00, 0x00, 0x2C, 0xFF, 0xFF, 0xFF, 0xFF, 0x54, 0x84, 0xFF,
  0xFF, 0xFF, 0xFF, 0xFF, 0x6D, 0x00, 0x00, 0x00, 0x00, 0x00, 0x00, 0x00, 0x00, 0x00, 0x2C, 0xFF,
  0xFF, 0xFF, 0xFF, 0x54, 0x84, 0xFF, 0xFF, 0xFF, 0xFF, 0xFF, 0xF1, 0x1A, 0x00, 0x00, 0x00, 0x00,
  0x00, 0x00, 0x00, 0x00, 0x2C, 0xFF, 0xFF, 0xFF, 0xFF, 0x54, 0x84, 0xFF, 0xFF, 0xFF, 0xFF, 0xFF,
  0xFF, 0xAB, 0x00, 0x00, 0x00, 0x00, 0x00, 0x00, 0x00, 0x00, 0x2C, 0xFF, 0xFF, 0xFF, 0xFF, 0x54,
  0x84, 0xFF, 0xFF, 0xFF, 0xFF, 0xFF, 0xFF, 0xFF, 0x4A, 0x00, 0x00, 0x00, 0x00, 0x00, 0x00, 0x00,
  0x2C, 0xFF, 0xFF, 0xFF, 0xFF, 0x54, 0x84, 0xFF, 0xFF, 0xFF, 0xFB, 0xFF, 0xFF, 0xFF, 0xDE, 0x09,
  0x00, 0x00, 0x00, 0x00, 0x00, 0x00, 0x2C, 0xFF, 0xFF, 0xFF, 0xFF, 0x54, 0x84, 0xFF, 0xFF, 0xFF,
  0xBD, 0xC7, 0xFF, 0xFF, 0xFF, 0x87, 0x00, 0x00, 0x00, 0x00, 0x00, 0x00, 0x2C, 0xFF, 0xFF, 0xFF,
  0xFF, 0x54, 0x84, 0xFF, 0xFF, 0xFF, 0xCA, 0x45, 0xFF, 0xFF, 0xFF, 0xFA, 0x2B, 0x00, 0x00, 0x00,
  0x00, 0x00, 0x2C, 0xFF, 0xFF, 0xFF, 0xFF, 0x54, 0x84, 0xFF, 0xFF, 0xFF, 0xD8, 0x00, 0xC1, 0xFF,
  0xFF, 0xFF, 0xC3, 0x01, 0x00, 0x00, 0x00, 0x00, 0x2C, 0xFF, 0xFF, 0xFF, 0xFF, 0x54, 0x84, 0xFF,
  0xFF, 0xFF, 0xE4, 0x00, 0x38, 0xFF, 0xFF, 0xFF, 0xFF, 0x63, 0x00, 0x00, 0x00, 0x00, 0x2C, 0xFF,
  0xFF, 0xFF, 0xFF, 0x54, 0x84, 0xFF, 0xFF, 0xFF, 0xEF, 0x00, 0x00, 0xAA, 0xFF, 0xFF, 0xFF, 0xED,
  0x15, 0x00, 0x00, 0x00, 0x2C, 0xFF, 0xFF, 0xFF, 0xFF, 0x54, 0x84, 0xFF, 0xFF, 0xFF, 0xF9, 0x00,
  0x00, 0x1D, 0xF5, 0xFF, 0xFF, 0xFF, 0xA1, 0x00, 0x00, 0x00, 0x2C, 0xFF, 0xFF, 0xFF, 0xFF, 0x54,
  0x84, 0xFF, 0xFF, 0xFF, 0xFF, 0x00, 0x00, 0x00, 0x7A, 0xFF, 0xFF, 0xFF, 0xFF, 0x40, 0x00, 0x00,
  0x2C, 0xFF, 0xFF, 0xFF, 0xFF, 0x54, 0x84, 0xFF, 0xFF, 0xFF, 0xFF, 0x00, 0x00, 0x00, 0x06, 0xD6,
  0xFF, 0xFF, 0xFF, 0xD8, 0x06, 0x00, 0x2B, 0xFF, 0xFF, 0xFF, 0xFF, 0x54, 0x84, 0xFF, 0xFF, 0xFF,
  0xFF, 0x00, 0x00, 0x00, 0x00, 0x3E, 0xFE, 0xFF, 0xFF, 0xFF, 0x76, 0x00, 0x28, 0xFF, 0xFF, 0xFF,
  0xFF, 0x54, 0x84, 0xFF, 0xFF, 0xFF, 0xFF, 0x00, 0x00, 0x00, 0x00, 0x00, 0x9D, 0xFF, 0xFF, 0xFF,
  0xF2, 0x18, 0x22, 0xFF, 0xFF, 0xFF, 0xFF, 0x54, 0x84, 0xFF, 0xFF, 0xFF, 0xFF, 0x00, 0x00, 0x00,
  0x00, 0x00, 0x13, 0xEB, 0xFF, 0xFF, 0xFF, 0x97, 0x16, 0xFF, 0xFF, 0xFF, 0xFF, 0x54, 0x84, 0xFF,
  0xFF, 0xFF, 0xFF, 0x00, 0x00, 0x00, 0x00, 0x00, 0x00, 0x5F, 0xFF, 0xFF, 0xFF, 0xFA, 0x29, 0xFF,
  0xFF, 0xFF, 0xFF, 0x54, 0x84, 0xFF, 0xFF, 0xFF, 0xFF, 0x00, 0x00, 0x00, 0x00, 0x00, 0x00, 0x00,
  0xBE, 0xFF, 0xFF, 0xFF, 0x96, 0xFA, 0xFF, 0xFF, 0xFF, 0x54, 0x84, 0xFF, 0xFF, 0xFF, 0xFF, 0x00,
  0x00, 0x00, 0x00, 0x00, 0x00, 0x00, 0x27, 0xF9, 0xFF, 0xFF, 0xF6, 0xFD, 0xFF, 0xFF, 0xFF, 0x54,
  0x84, 0xFF, 0xFF, 0xFF, 0xFF, 0x00, 0x00, 0x00, 0x00, 0x00, 0x00, 0x00, 0x00, 0x81, 0xFF, 0xFF,
  0xFF, 0xFF, 0xFF, 0xFF, 0xFF, 0x54, 0x84, 0xFF, 0xFF, 0xFF, 0xFF, 0x00, 0x00, 0x00, 0x00, 0x00,
  0x00, 0x00, 0x00, 0x07, 0xD9, 0xFF, 0xFF, 0xFF, 0xFF, 0xFF, 0xFF, 0x54, 0x84, 0xFF, 0xFF, 0xFF,
  0xFF, 0x00, 0x00, 0x00, 0x00, 0x00, 0x00, 0x00, 0x00, 0x00, 0x43, 0xFF, 0xFF, 0xFF, 0xFF, 0xFF,
  0xFF, 0x54, 0x84, 0xFF, 0xFF, 0xFF, 0xFF, 0x00, 0x00, 0x00, 0x00, 0x00, 0x00, 0x00, 0x00, 0x00,
  0x00, 0xA3, 0xFF, 0xFF, 0xFF, 0xFF, 0xFF, 0x54, 0x84, 0xFF, 0xFF, 0xFF, 0xFF, 0x00, 0x00, 0x00,
  0x00, 0x00, 0x00, 0x00, 0x00, 0x00, 0x00, 0x15, 0xED, 0xFF, 0xFF, 0xFF, 0xFF, 0x54, 0x84, 0xFF,
  0xFF, 0xFF, 0xFF, 0xFF, 0xFF, 0xFF, 0xFF, 0xFF, 0xED, 0xD4, 0xAE, 0x59, 0x0B, 0x00, 0x00, 0x00,
  0x00, 0x00, 0x84, 0xFF, 0xFF, 0xFF, 0xFF, 0xFF, 0xFF, 0xFF, 0xFF, 0xFF, 0xFF, 0xFF, 0xFF, 0xFF,
  0xEA, 0x4F, 0x00, 0x00, 0x00, 0x00, 0x84, 0xFF, 0xFF, 0xFF, 0xFF, 0xFF, 0xFF, 0xFF, 0xFF, 0xFF,
  0xFF, 0xFF, 0xFF, 0xFF, 0xFF, 0xFF, 0x71, 0x00, 0x00, 0x00, 0x84, 0xFF, 0xFF, 0xFF, 0xFB, 0xC0,
  0xC0, 0xC0, 0xC0, 0xC9, 0xE2, 0xFF, 0xFF, 0xFF, 0xFF, 0xFF, 0xFB, 0x3B, 0x00, 0x00, 0x84, 0xFF,
  0xFF, 0xFF, 0xEC, 0x00, 0x00, 0x00, 0x00, 0x00, 0x00, 0x29, 0xB4, 0xFF, 0xFF, 0xFF, 0xFF, 0xB9,
  0x00, 0x00, 0x84, 0xFF, 0xFF, 0xFF, 0xEC, 0x00, 0x00, 0x00, 0x00, 0x00, 0x00, 0x00, 0x03, 0xC0,
  0xFF, 0xFF, 0xFF, 0xFD, 0x1C, 0x00, 0x84, 0xFF, 0xFF, 0xFF, 0xEC, 0x00, 0x00, 0x00, 0x00, 0x00,
  0x00, 0x00, 0x00, 0x4D, 0xFF, 0xFF, 0xFF, 0xFF, 0x49, 0x00, 0x84, 0xFF, 0xFF, 0xFF, 0xEC, 0x00,
  0x00, 0x00, 0x00, 0x00, 0x00, 0x00, 0x00, 0x20, 0xFF, 0xFF, 0xFF, 0xFF, 0x66, 0x00, 0x84, 0xFF,
  0xFF, 0xFF, 0xEC, 0x00, 0x00, 0x00, 0x00, 0x00, 0x00, 0x00, 0x00, 0x24, 0xFF, 0xFF, 0xFF, 0xFF,
  0x6B, 0x00, 0x84, 0xFF, 0xFF, 0xFF, 0xEC, 0x00, 0x00, 0x00, 0x00, 0x00, 0x00, 0x00, 0x00, 0x58,
  0xFF, 0xFF, 0xFF, 0xFF, 0x50, 0x00, 0x84, 0xFF, 0xFF, 0xFF, 0xEC, 0x00, 0x00, 0x00, 0x00, 0x00,
  0x00, 0x00, 0x0C, 0xD4, 0xFF, 0xFF, 0xFF, 0xFD, 0x18, 0x00, 0x84, 0xFF, 0xFF, 0xFF, 0xEC, 0x00,
  0x00, 0x00, 0x00, 0x07, 0x1F, 0x60, 0xDB, 0xFF, 0xFF, 0xFF, 0xFF, 0xB4, 0x00, 0x00, 0x84, 0xFF,
  0xFF, 0xFF, 0xFF, 0xFF, 0xFF, 0xFF, 0xFF, 0xFF, 0xFF, 0xFF, 0xFF, 0xFF, 0xFF, 0xFF, 0xF0, 0x26,
  0x00, 0x00, 0x84, 0xFF, 0xFF, 0xFF, 0xFF, 0xFF, 0xFF, 0xFF, 0xFF, 0xFF, 0xFF, 0xFF, 0xFF, 0xFF,
  0xFF, 0xF3, 0x49, 0x00, 0x00, 0x00, 0x84, 0xFF, 0xFF, 0xFF, 0xFF, 0xFF, 0xFF, 0xFF, 0xFF, 0xFF,
  0xFF, 0xFF, 0xFF, 0xFF, 0xB7, 0x21, 0x00, 0x00, 0x00, 0x00, 0x84, 0xFF, 0xFF, 0xFF, 0xFF, 0xB8,
  0xB8, 0xB8, 0xB8, 0xFF, 0xFF, 0xFF, 0xFF, 0xFF, 0x46, 0x00, 0x00, 0x00, 0x00, 0x00, 0x84, 0xFF,
  0xFF, 0xFF, 0xEC, 0x00, 0x00, 0x00, 0x00, 0x19, 0xF5, 0xFF, 0xFF, 0xFF, 0xCE, 0x01, 0x00, 0x00,
  0x00, 0x00, 0x84, 0xFF, 0xFF, 0xFF, 0xEC, 0x00, 0x00, 0x00, 0x00, 0x00, 0x89, 0xFF, 0xFF, 0xFF,
  0xFF, 0x58, 0x00, 0x00, 0x00, 0x00, 0x84, 0xFF, 0xFF, 0xFF, 0xEC, 0x00, 0x00, 0x00, 0x00, 0x00,
  0x12, 0xF0, 0xFF, 0xFF, 0xFF, 0xDC, 0x05, 0x00, 0x00, 0x00, 0x84, 0xFF, 0xFF, 0xFF, 0xEC, 0x00,
  0x00, 0x00, 0x00, 0x00, 0x00, 0x7C, 0xFF, 0xFF, 0xFF, 0xFF, 0x6A, 0x00, 0x00, 0x00, 0x84, 0xFF,
  0xFF, 0xFF, 0xEC, 0x00, 0x00, 0x00, 0x00, 0x00, 0x00, 0x0C, 0xE9, 0xFF, 0xFF, 0xFF, 0xE8, 0x0B,
  0x00, 0x00, 0x84, 0xFF, 0xFF, 0xFF, 0xEC, 0x00, 0x00, 0x00, 0x00, 0x00, 0x00, 0x00, 0x6F, 0xFF,
  0xFF, 0xFF, 0xFF, 0x7C, 0x00, 0x00, 0x84, 0xFF, 0xFF, 0xFF, 0xEC, 0x00, 0x00, 0x00, 0x00, 0x00,
  0x00, 0x00, 0x07, 0xE1, 0xFF, 0xFF, 0xFF, 0xF1, 0x13, 0x00, 0x84, 0xFF, 0xFF, 0xFF, 0xEC, 0x00,
  0x00, 0x00, 0x00, 0x00, 0x00, 0x00, 0x00, 0x62, 0xFF, 0xFF, 0xFF, 0xFF, 0x8E, 0x00, 0x84, 0xFF,
  0xFF, 0xFF, 0xEC, 0x00, 0x00, 0x00, 0x00, 0x00, 0x00, 0x00, 0x00, 0x03, 0xD7, 0xFF, 0xFF, 0xFF,
  0xF8, 0x1E, 0xA0, 0xFF, 0xFF, 0xFF, 0xFF, 0xFF, 0xFF, 0xFF, 0xFF, 0xFF, 0xFF, 0xFF, 0xFF, 0xFF,
  0xFF, 0xFF, 0xFF, 0xFF, 0xFF, 0xFF, 0x10, 0xA0, 0xFF, 0xFF, 0xFF, 0xFF, 0xFF, 0xFF, 0xFF, 0xFF,
  0xFF, 0xFF, 0xFF, 0xFF, 0xFF, 0xFF, 0xFF, 0xFF, 0xFF, 0xFF, 0xFF, 0x10, 0xA0, 0xFF, 0xFF, 0xFF,
  0xFF, 0xFF, 0xFF, 0xFF, 0xFF, 0xFF, 0xFF, 0xFF, 0xFF, 0xFF, 0xFF, 0xFF, 0xFF, 0xFF, 0xFF, 0xFF,
  0x10, 0x7A, 0xC4, 0xC4, 0xC4, 0xC4, 0xC4, 0xC4, 0xC4, 0xFF, 0xFF, 0xFF, 0xFF, 0xDF, 0xC4, 0xC4,
  0xC4, 0xC4, 0xC4, 0xC4, 0xC4, 0x0C, 0x00, 0x00, 0x00, 0x00, 0x00, 0x00, 0x00, 0x00, 0xFC, 0xFF,
  0xFF, 0xFF, 0x74, 0x00, 0x00, 0x00, 0x00, 0x00, 0x00, 0x00, 0x00, 0x00, 0x00, 0x00, 0x00, 0x00,
  0x00, 0x00, 0x00, 0xFC, 0xFF, 0xFF, 0xFF, 0x74, 0x00, 0x00, 0x00, 0x00, 0x00, 0x00, 0x00, 0x00,
  0x00, 0x00, 0x00, 0x00, 0x00, 0x00, 0x00, 0x00, 0xFC, 0xFF, 0xFF, 0xFF, 0x74, 0x00, 0x00, 0x00,
  0x00, 0x00, 0x00, 0x00, 0x00, 0x00, 0x00, 0x00, 0x00, 0x00, 0x00, 0x00, 0x00, 0xFC, 0xFF, 0xFF,
  0xFF, 0x74, 0x00, 0x00, 0x00, 0x00, 0x00, 0x00, 0x00, 0x00, 0x00, 0x00, 0x00, 0x00, 0x00, 0x00,
  0x00, 0x00, 0xFC, 0xFF, 0xFF, 0xFF, 0x74, 0x00, 0x00, 0x00, 0x00, 0x00, 0x00, 0x00, 0x00, 0x00,
  0x00, 0x00, 0x00, 0x00, 0x00, 0x00, 0x00, 0xFC, 0xFF, 0xFF, 0xFF, 0x74, 0x00, 0x00, 0x00, 0x00,
  0x00, 0x00, 0x00, 0x00, 0x00, 0x00, 0x00, 0x00, 0x00, 0x00, 0x00, 0x00, 0xFC, 0xFF, 0xFF, 0xFF,
  0x74, 0x00, 0x00, 0x00, 0x00, 0x00, 0x00, 0x00, 0x00, 0x00, 0x00, 0x00, 0x00, 0x00, 0x00, 0x00,
  0x00, 0xFC, 0xFF, 0xFF, 0xFF, 0x74, 0x00, 0x00, 0x00, 0x00, 0x00, 0x00, 0x00, 0x00, 0x00, 0x00,
  0x00, 0x00, 0x00, 0x00, 0x00, 0x00, 0xFC, 0xFF, 0xFF, 0xFF, 0x74, 0x00, 0x00, 0x00, 0x00, 0x00,
  0x00, 0x00, 0x00, 0x00, 0x00, 0x00, 0x00, 0x00, 0x00, 0x00, 0x00, 0xFC, 0xFF, 0xFF, 0xFF, 0x74,
  0x00, 0x00, 0x00, 0x00, 0x00, 0x00, 0x00, 0x00, 0x00, 0x00, 0x00, 0x00, 0x00, 0x00, 0x00, 0x00,
  0xFC, 0xFF, 0xFF, 0xFF, 0x74, 0x00, 0x00, 0x00, 0x00, 0x00, 0x00, 0x00, 0x00, 0x00, 0x00, 0x00,
  0x00, 0x00, 0x00, 0x00, 0x00, 0xFC, 0xFF, 0xFF, 0xFF, 0x74, 0x00, 0x00, 0x00, 0x00, 0x00, 0x00,
  0x00, 0x00, 0x00, 0x00, 0x00, 0x00, 0x00, 0x00, 0x00, 0x00, 0xFC, 0xFF, 0xFF, 0xFF, 0x74, 0x00,
  0x00, 0x00, 0x00, 0x00, 0x00, 0x00, 0x00, 0x00, 0x00, 0x00, 0x00, 0x00, 0x00, 0x00, 0x00, 0xFC,
  0xFF, 0xFF, 0xFF, 0x74, 0x00, 0x00, 0x00, 0x00, 0x00, 0x00, 0x00, 0x00, 0x00, 0x00, 0x00, 0x00,
  0x00, 0x00, 0x00, 0x00, 0xFC, 0xFF, 0xFF, 0xFF, 0x74, 0x00, 0x00, 0x00, 0x00, 0x00, 0x00, 0x00,
  0x00, 0x00, 0x00, 0x00, 0x00, 0x00, 0x00, 0x00, 0x00, 0xFC, 0xFF, 0xFF, 0xFF, 0x74, 0x00, 0x00,
  0x00, 0x00, 0x00, 0x00, 0x00, 0x00, 0x00, 0x00, 0x00, 0x00, 0x00, 0x00, 0x00, 0x00, 0xFC, 0xFF,
  0xFF, 0xFF, 0x74, 0x00, 0x00, 0x00, 0x00, 0x00, 0x00, 0x00, 0x00, 0x00, 0x00, 0x00, 0x00, 0x00,
  0x00, 0x00, 0x00, 0xFC, 0xFF, 0xFF, 0xFF, 0x74, 0x00, 0x00, 0x00, 0x00, 0x00, 0x00, 0x00, 0x00,
  0x00, 0x00, 0x00, 0x00, 0x00, 0x00, 0x00, 0x00, 0xFC, 0xFF, 0xFF, 0xFF, 0x74, 0x00, 0x00, 0x00,
  0x00, 0x00, 0x00, 0x00, 0x00, 0x00, 0x00, 0x00, 0x00, 0x00, 0x00, 0x00, 0x00, 0xFC, 0xFF, 0xFF,
  0xFF, 0x74, 0x00, 0x00, 0x00, 0x00, 0x00, 0x00, 0x00, 0x00, 0x00, 0x00, 0x00, 0x00, 0x00, 0x00,
  0x00, 0x00, 0xFC, 0xFF, 0xFF, 0xFF, 0x74, 0x00, 0x00, 0x00, 0x00, 0x00, 0x00, 0x00, 0x00, 0x84,
  0xFF, 0xFF, 0xFF, 0xEC, 0x00, 0x00, 0x00, 0x00, 0x00, 0x00, 0x00, 0x00, 0x00, 0x00, 0x00, 0xE4,
  0xFF, 0xFF, 0xFF, 0x8C, 0x84, 0xFF, 0xFF, 0xFF, 0xEC, 0x00, 0x00, 0x00, 0x00, 0x00, 0x00, 0x00,
  0x00, 0x00, 0x00, 0x00, 0xE4, 0xFF, 0xFF, 0xFF, 0x8C, 0x84, 0xFF, 0xFF, 0xFF, 0xEC, 0x00, 0x00,
  0x00, 0x00, 0x00, 0x00, 0x00, 0x00, 0x00, 0x00, 0x00, 0xE4, 0xFF, 0xFF, 0xFF, 0x8C, 0x84, 0xFF,
  0xFF, 0xFF, 0xEC, 0x00, 0x00, 0x00, 0x00, 0x00, 0x00, 0x00, 0x00, 0x00, 0x00, 0x00, 0xE4, 0xFF,
  0xFF, 0xFF, 0x8C, 0x84, 0xFF, 0xFF, 0xFF, 0xEC, 0x00, 0x00, 0x00, 0x00, 0x00, 0x00, 0x00, 0x00,
  0x00, 0x00, 0x00, 0xE4, 0xFF, 0xFF, 0xFF, 0x8C, 0x84, 0xFF, 0xFF, 0xFF, 0xEC, 0x00, 0x00, 0x00,
  0x00, 0x00, 0x00, 0x00, 0x00, 0x00, 0x00, 0x00, 0xE4, 0xFF, 0xFF, 0xFF, 0x8C, 0x84, 0xFF, 0xFF,
  0xFF, 0xEC, 0x00, 0x00, 0x00, 0x00, 0x00, 0x00, 0x00, 0x00, 0x00, 0x00, 0x00, 0xE4, 0xFF, 0xFF,
  0xFF, 0x8C, 0x84, 0xFF, 0xFF, 0xFF, 0xEC, 0x00, 0x00, 0x00, 0x00, 0x00, 0x00, 0x00, 0x00, 0x00,
  0x00, 0x00, 0xE4, 0xFF, 0xFF, 0xFF, 0x8C, 0x84, 0xFF, 0xFF, 0xFF, 0xEC, 0x00, 0x00, 0x00, 0x00,
  0x00, 0x00, 0x00, 0x00, 0x00, 0x00, 0x00, 0xE4, 0xFF, 0xFF, 0xFF, 0x8C, 0x84, 0xFF, 0xFF, 0xFF,
  0xEC, 0x00, 0x00, 0x00, 0x00, 0x00, 0x00, 0x00, 0x00, 0x00, 0x00, 0x00, 0xE4, 0xFF, 0xFF, 0xFF,
  0x8C, 0x84, 0xFF, 0xFF, 0xFF, 0xEC, 0x00, 0x00, 0x00, 0x00, 0x00, 0x00, 0x00, 0x00, 0x00, 0x00,
  0x00, 0xE4, 0xFF, 0xFF, 0xFF, 0x8C, 0x84, 0xFF, 0xFF, 0xFF, 0xEC, 0x00, 0x00, 0x00, 0x00, 0x00,
  0x00, 0x00, 0x00, 0x00, 0x00, 0x00, 0xE4, 0xFF, 0xFF, 0xFF, 0x8C, 0x84, 0xFF, 0xFF, 0xFF, 0xEC,
  0x00, 0x00, 0x00, 0x00, 0x00, 0x00, 0x00, 0x00, 0x00, 0x00, 0x00, 0xE4, 0xFF, 0xFF, 0xFF, 0x8C,
  0x84, 0xFF, 0xFF, 0xFF, 0xEC, 0x00, 0x00, 0x00, 0x00, 0x00, 0x00, 0x00, 0x00, 0x00, 0x00, 0x00,
  0xE4, 0xFF, 0xFF, 0xFF, 0x8C, 0x84, 0xFF, 0xFF, 0xFF, 0xEC, 0x00, 0x00, 0x00, 0x00, 0x00, 0x00,
  0x00, 0x00, 0x00, 0x00, 0x00, 0xE4, 0xFF, 0xFF, 0xFF, 0x8C, 0x84, 0xFF, 0xFF, 0xFF, 0xED, 0x00,
  0x00, 0x00, 0x00, 0x00, 0x00, 0x00, 0x00, 0x00, 0x00, 0x00, 0xE5, 0xFF, 0xFF, 0xFF, 0x8C, 0x7D,
  0xFF, 0xFF, 0xFF, 0xFE, 0x06, 0x00, 0x00, 0x00, 0x00, 0x00, 0x00, 0x00, 0x00, 0x00, 0x02, 0xFA,
  0xFF, 0xFF, 0xFF, 0x85, 0x67, 0xFF, 0xFF, 0xFF, 0xFF, 0x3E, 0x00, 0x00, 0x00, 0x00, 0x00, 0x00,
  0x00, 0x00, 0x00, 0x37, 0xFF, 0xFF, 0xFF, 0xFF, 0x6D, 0x33, 0xFF, 0xFF, 0xFF, 0xFF, 0xB3, 0x00,
  0x00, 0x00, 0x00, 0x00, 0x00, 0x00, 0x00, 0x00, 0xAB, 0xFF, 0xFF, 0xFF, 0xFF, 0x3A, 0x00, 0xDC,
  0xFF, 0xFF, 0xFF, 0xFF, 0x82, 0x01, 0x00, 0x00, 0x00, 0x00, 0x00, 0x00, 0x7B, 0xFF, 0xFF, 0xFF,
  0xFF, 0xE1, 0x02, 0x00, 0x5E, 0xFF, 0xFF, 0xFF, 0xFF, 0xFF, 0xC0, 0x56, 0x1E, 0x0A, 0x1E, 0x53,
  0xBD, 0xFF, 0xFF, 0xFF, 0xFF, 0xFF, 0x62, 0x00, 0x00, 0x00, 0x9C, 0xFF, 0xFF, 0xFF, 0xFF, 0xFF,
  0xFF, 0xFF, 0xFF, 0xFF, 0xFF, 0xFF, 0xFF, 0xFF, 0xFF, 0xFF, 0x9F, 0x00, 0x00, 0x00, 0x00, 0x05,
  0xAB, 0xFF, 0xFF, 0xFF, 0xFF, 0xFF, 0xFF, 0xFF, 0xFF, 0xFF, 0xFF, 0xFF, 0xFF, 0xFF, 0xAE, 0x06,
  0x00, 0x00, 0x00, 0x00, 0x00, 0x00, 0x5D, 0xEC, 0xFF, 0xFF, 0xFF, 0xFF, 0xFF, 0xFF, 0xFF, 0xFF,
  0xFF, 0xEE, 0x60, 0x00, 0x00, 0x00, 0x00, 0x00, 0x00, 0x00, 0x00, 0x00, 0x0A, 0x5F, 0xA8, 0xD8,
  0xF3, 0xFD, 0xF4, 0xD9, 0xAA, 0x61, 0x0B, 0x00, 0x00, 0x00, 0x00, 0x00,
};
constexpr size_t WordmarkVlwSize = sizeof(WordmarkVlw);

}  // namespace ModernFonts
